method,split,seed,episode,success,lifted_height,final_xy_error,slip,drop,collision,unsafe_force,max_contact_force,energy,task_satisfied,rollout_score,sampled_candidates,object_energy,contact_energy,task_energy,collision_energy,feasibility_energy,shape,task,friction,jaw_width,angle
full_ebm_transformer_compositional_v5,combined_composition_shift,0,0,0,-0.00206,0.05950,0.11156,1,1,0,6.07011,0.67733,0,-1.18660,1,0.23137,0.13513,0.00000,0.00000,0.17311,t_shape,clutter_safe,0.3800,0.18000,-0.17400
full_ebm_transformer_compositional_v5,combined_composition_shift,0,1,0,-0.00206,0.03027,0.08232,1,1,0,48.19055,2.55113,0,-1.15151,1,0.21430,0.13590,0.00000,0.00000,0.12750,t_shape,clutter_safe,0.3800,0.18000,-2.80327
full_ebm_transformer_compositional_v5,combined_composition_shift,0,2,0,-0.00206,0.08314,0.13520,1,1,0,24.92182,0.69450,0,-1.20556,1,0.14071,0.12769,0.00000,0.00000,0.14878,t_shape,clutter_safe,0.3800,0.18000,-0.03426
full_ebm_transformer_compositional_v5,combined_composition_shift,0,3,0,-0.00268,0.03195,0.08464,1,1,0,48.93279,2.25074,0,-1.15633,1,0.20211,0.12872,0.00000,0.00000,0.12418,t_shape,clutter_safe,0.3800,0.18000,3.07098
full_ebm_transformer_compositional_v5,combined_composition_shift,0,4,0,0.12445,0.12819,0.12819,0,1,0,104.34923,7.28199,0,-0.68000,1,0.24554,0.13658,0.00000,0.00000,0.13388,t_shape,clutter_safe,0.3800,0.18000,0.21859
full_ebm_transformer_compositional_v5,combined_composition_shift,0,5,0,0.16105,0.04649,0.04649,0,1,0,53.27801,3.65323,0,-0.52684,1,0.19738,0.12619,0.00000,0.00000,0.10545,t_shape,clutter_safe,0.3800,0.18000,-2.84338
full_ebm_transformer_compositional_v5,combined_composition_shift,0,6,0,0.02497,0.06234,0.08737,1,1,0,59.76247,2.63434,0,-1.16201,1,0.19018,0.12878,0.00000,0.00000,0.10237,t_shape,clutter_safe,0.3800,0.18000,-0.07133
full_ebm_transformer_compositional_v5,combined_composition_shift,0,7,0,0.15585,0.04666,0.04666,0,1,0,79.42570,6.51815,0,-0.52720,1,0.13834,0.13059,0.00000,0.00000,0.12064,t_shape,clutter_safe,0.3800,0.18000,-0.18608
full_ebm_transformer_compositional_v5,combined_composition_shift,0,8,0,0.16237,0.04416,0.04416,0,1,0,78.99225,6.46736,0,-0.52199,1,0.18319,0.13100,0.00000,0.00000,0.12147,t_shape,clutter_safe,0.3800,0.18000,-0.15975
full_ebm_transformer_compositional_v5,combined_composition_shift,0,9,0,-0.00206,0.11897,0.17102,1,0,0,0.00000,0.57088,1,-0.84567,1,0.18078,0.13247,0.00000,0.00000,0.14818,t_shape,clutter_safe,0.3800,0.18000,-0.19011
full_ebm_transformer_compositional_v5,combined_composition_shift,0,10,0,0.15803,0.03941,0.03941,0,1,0,62.01786,5.10277,0,-0.51211,1,0.14894,0.13028,0.00000,0.00000,0.11157,t_shape,clutter_safe,0.3800,0.17677,-0.09988
full_ebm_transformer_compositional_v5,combined_composition_shift,0,11,0,0.15599,0.06480,0.06480,0,1,0,62.75170,5.05414,0,-0.56499,1,0.09891,0.13239,0.00000,0.00000,0.13359,t_shape,clutter_safe,0.3800,0.18000,-0.14212
full_ebm_transformer_compositional_v5,combined_composition_shift,0,12,0,-0.00206,0.04882,0.10087,1,1,0,40.60075,1.06895,0,-1.19016,1,0.17109,0.13171,0.00000,0.00000,0.13256,t_shape,clutter_safe,0.3800,0.18000,0.11040
full_ebm_transformer_compositional_v5,combined_composition_shift,0,13,0,-0.00206,0.10030,0.15236,1,1,0,0.00000,0.57374,0,-1.19590,1,0.05325,0.13422,0.03752,0.06253,0.13716,t_shape,clutter_safe,0.3800,0.18000,-0.33395
full_ebm_transformer_compositional_v5,combined_composition_shift,0,14,0,0.10718,0.10804,0.10804,0,1,0,64.69163,3.35461,0,-0.65509,1,0.16599,0.13394,0.00000,0.00000,0.11570,t_shape,clutter_safe,0.3800,0.18000,0.04509
full_ebm_transformer_compositional_v5,combined_composition_shift,1,0,0,-0.00206,0.14017,0.19223,1,0,0,6.62857,0.69632,1,-0.85571,1,0.09001,0.13289,0.01275,0.02125,0.11468,t_shape,clutter_safe,0.3800,0.18000,-0.14042
full_ebm_transformer_compositional_v5,combined_composition_shift,1,1,0,0.03135,0.08195,0.10060,1,1,0,22.88799,1.13171,0,-1.18959,1,0.21078,0.13707,0.00000,0.00000,0.12581,t_shape,clutter_safe,0.3800,0.18000,0.01506
full_ebm_transformer_compositional_v5,combined_composition_shift,1,2,0,0.12214,0.09428,0.09428,0,1,0,64.93723,3.86713,0,-0.62643,1,0.18712,0.13388,0.00000,0.00000,0.09203,t_shape,clutter_safe,0.3800,0.18000,-0.24677
full_ebm_transformer_compositional_v5,combined_composition_shift,1,3,0,0.15207,0.08374,0.08374,0,1,0,78.36885,6.20217,0,-0.60446,1,0.14027,0.13588,0.00000,0.00000,0.14024,t_shape,clutter_safe,0.3800,0.18000,-0.41589
full_ebm_transformer_compositional_v5,combined_composition_shift,1,4,0,0.10488,0.05183,0.05183,0,1,0,66.76216,4.43658,0,-0.53799,1,0.18272,0.13319,0.00000,0.00000,0.04796,t_shape,clutter_safe,0.3800,0.16617,0.13147
full_ebm_transformer_compositional_v5,combined_composition_shift,1,5,0,0.02532,0.04415,0.06883,1,1,0,70.32359,2.43086,0,-1.12341,1,0.23206,0.13584,0.00000,0.00000,0.15861,t_shape,clutter_safe,0.3800,0.18000,-0.05428
full_ebm_transformer_compositional_v5,combined_composition_shift,1,6,0,0.15229,0.10920,0.10920,0,1,0,64.88427,4.11311,0,-0.65749,1,0.13738,0.13441,0.00000,0.00000,0.13740,t_shape,clutter_safe,0.3800,0.18000,-2.71569
full_ebm_transformer_compositional_v5,combined_composition_shift,1,7,0,0.15248,0.08546,0.08546,0,1,0,77.43383,5.96858,0,-0.60805,1,0.19064,0.13635,0.00000,0.00000,0.11374,t_shape,clutter_safe,0.3800,0.18000,-3.11439
full_ebm_transformer_compositional_v5,combined_composition_shift,1,8,0,0.04551,0.07449,0.07897,1,1,0,41.88359,2.08795,0,-1.14453,1,0.17687,0.16744,0.14878,0.24796,0.03625,t_shape,clutter_safe,0.3800,0.15253,-1.48185
full_ebm_transformer_compositional_v5,combined_composition_shift,1,9,0,0.15661,0.02098,0.02098,0,1,0,65.68034,5.40301,0,-0.47371,1,0.11407,0.13017,0.00000,0.00000,0.11004,t_shape,clutter_safe,0.3800,0.18000,-0.22406
full_ebm_transformer_compositional_v5,combined_composition_shift,1,10,0,0.07478,0.04915,0.04915,0,1,0,43.03046,3.07127,0,-0.53239,1,0.24224,0.12673,0.00000,0.00000,0.19945,t_shape,clutter_safe,0.3800,0.18000,0.92198
full_ebm_transformer_compositional_v5,combined_composition_shift,1,11,0,0.13911,0.03779,0.03779,0,1,0,33.92264,1.49767,0,-0.50874,1,0.21569,0.13126,0.00000,0.00000,0.17109,t_shape,clutter_safe,0.3800,0.18000,-0.61747
full_ebm_transformer_compositional_v5,combined_composition_shift,1,12,0,-0.00206,0.28360,0.33566,1,1,0,76.01779,3.24118,0,-1.23000,1,0.15359,0.13368,0.00000,0.00000,0.14743,t_shape,clutter_safe,0.3800,0.18000,0.16658
full_ebm_transformer_compositional_v5,combined_composition_shift,1,13,0,0.04351,0.03594,0.04244,1,1,0,69.56404,2.91088,0,-1.06841,1,0.14389,0.12796,0.00000,0.00000,0.13768,t_shape,clutter_safe,0.3800,0.18000,0.22019
full_ebm_transformer_compositional_v5,combined_composition_shift,1,14,0,0.15265,0.05437,0.05437,0,1,0,52.54414,3.22277,0,-0.54326,1,0.14302,0.13635,0.00000,0.00000,0.11225,t_shape,clutter_safe,0.3800,0.18000,-3.01901
full_ebm_transformer_compositional_v5,combined_composition_shift,2,0,0,-0.00206,0.08362,0.13567,1,1,0,8.73122,0.62869,0,-1.20029,1,0.18394,0.13173,0.00000,0.00000,0.14616,t_shape,clutter_safe,0.3800,0.18000,-0.12917
full_ebm_transformer_compositional_v5,combined_composition_shift,2,1,0,-0.00206,0.12917,0.18123,1,0,0,5.25122,0.61781,1,-0.84942,1,0.20191,0.12735,0.00000,0.00000,0.12394,t_shape,clutter_safe,0.3800,0.18000,-0.01161
full_ebm_transformer_compositional_v5,combined_composition_shift,2,2,0,0.15367,0.12275,0.12275,0,1,0,79.04538,6.38958,0,-0.68000,1,0.17185,0.13770,0.00000,0.00000,0.09329,t_shape,clutter_safe,0.3800,0.18000,-0.16413
full_ebm_transformer_compositional_v5,combined_composition_shift,2,3,0,0.16187,0.06126,0.06126,0,1,0,69.79301,5.78850,0,-0.55761,1,0.12431,0.13223,0.00000,0.00000,0.12246,t_shape,clutter_safe,0.3800,0.18000,-0.24204
full_ebm_transformer_compositional_v5,combined_composition_shift,2,4,0,0.15679,0.03721,0.03721,0,1,0,83.62037,6.81686,0,-0.50752,1,0.18293,0.13093,0.00000,0.00000,0.12522,t_shape,clutter_safe,0.3800,0.18000,3.05367
full_ebm_transformer_compositional_v5,combined_composition_shift,2,5,0,0.11662,0.07952,0.07952,0,1,0,74.05417,4.18879,0,-0.59566,1,0.14425,0.13515,0.00000,0.00000,0.11874,t_shape,clutter_safe,0.3800,0.18000,-3.12515
full_ebm_transformer_compositional_v5,combined_composition_shift,2,6,0,0.01799,0.16960,0.20162,1,1,0,54.46593,2.77670,0,-1.23000,1,0.16940,0.13729,0.00000,0.00000,0.13302,t_shape,clutter_safe,0.3800,0.18000,0.13926
full_ebm_transformer_compositional_v5,combined_composition_shift,2,7,0,0.09176,0.06996,0.06996,0,1,0,44.07757,2.69223,0,-0.57574,1,0.19322,0.13378,0.00000,0.00000,0.11633,t_shape,clutter_safe,0.3800,0.18000,-0.15182
full_ebm_transformer_compositional_v5,combined_composition_shift,2,8,0,0.10420,0.07102,0.07102,0,1,0,70.83359,4.84312,0,-0.57795,1,0.16693,0.13648,0.00000,0.00000,0.13310,t_shape,clutter_safe,0.3800,0.18000,-0.05792
full_ebm_transformer_compositional_v5,combined_composition_shift,2,9,0,0.16209,0.10427,0.10427,0,1,0,67.83111,5.62892,0,-0.64723,1,0.14236,0.13671,0.00000,0.00000,0.07197,t_shape,clutter_safe,0.3800,0.17150,-0.25205
full_ebm_transformer_compositional_v5,combined_composition_shift,2,10,0,0.16105,0.04901,0.04901,0,1,0,55.61889,3.18327,0,-0.53210,1,0.17118,0.12848,0.00000,0.00000,0.12084,t_shape,clutter_safe,0.3800,0.18000,2.66828
full_ebm_transformer_compositional_v5,combined_composition_shift,2,11,1,0.15929,0.05153,0.05153,0,0,0,77.28512,6.42312,1,0.81264,1,0.15559,0.12988,0.00000,0.00000,0.11789,t_shape,clutter_safe,0.3800,0.18000,-0.24313
full_ebm_transformer_compositional_v5,combined_composition_shift,2,12,0,0.02167,0.05313,0.08145,1,1,0,61.05946,2.60980,0,-1.14969,1,0.19480,0.13019,0.00000,0.00000,0.13319,t_shape,clutter_safe,0.3800,0.18000,0.13699
full_ebm_transformer_compositional_v5,combined_composition_shift,2,13,0,0.16246,0.03487,0.03487,0,1,0,58.80931,4.74396,0,-0.50264,1,0.06077,0.12669,0.01842,0.03071,0.09500,t_shape,clutter_safe,0.3800,0.18000,-0.14131
full_ebm_transformer_compositional_v5,combined_composition_shift,2,14,0,0.15761,0.03793,0.03793,0,1,0,77.26244,6.26709,0,-0.50903,1,0.15847,0.13127,0.00000,0.00000,0.12627,t_shape,clutter_safe,0.3800,0.18000,-0.04404
full_ebm_transformer_compositional_v5,combined_composition_shift,3,0,0,0.16147,0.10678,0.10678,0,1,0,83.09347,6.85513,0,-0.65246,1,0.16886,0.13719,0.00000,0.00000,0.10775,t_shape,clutter_safe,0.3800,0.18000,3.01660
full_ebm_transformer_compositional_v5,combined_composition_shift,3,1,0,0.14831,0.04905,0.04905,0,1,0,49.76320,2.20002,0,-0.53220,1,0.21167,0.13133,0.07090,0.11817,0.15243,t_shape,clutter_safe,0.3800,0.18000,-0.08444
full_ebm_transformer_compositional_v5,combined_composition_shift,3,2,0,0.16008,0.11978,0.11978,0,1,0,79.62082,6.65179,0,-0.67954,1,0.14547,0.13734,0.00000,0.00000,0.10387,t_shape,clutter_safe,0.3800,0.18000,3.02732
full_ebm_transformer_compositional_v5,combined_composition_shift,3,3,0,0.15141,0.07701,0.07701,0,1,0,77.19109,5.93062,0,-0.59045,1,0.08999,0.13640,0.00000,0.00000,0.12700,t_shape,clutter_safe,0.3800,0.18000,0.00247
full_ebm_transformer_compositional_v5,combined_composition_shift,3,4,0,0.14283,0.11949,0.11949,0,1,0,71.74284,4.34078,0,-0.67893,1,0.19131,0.13524,0.03040,0.05066,0.10538,t_shape,clutter_safe,0.3800,0.18000,0.33040
full_ebm_transformer_compositional_v5,combined_composition_shift,3,5,0,-0.00206,0.05252,0.10458,1,1,0,61.98242,1.98952,0,-1.19787,1,0.05600,0.13667,0.00000,0.00000,0.12889,t_shape,clutter_safe,0.3800,0.18000,-0.13361
full_ebm_transformer_compositional_v5,combined_composition_shift,3,6,0,0.13963,0.00400,0.00400,0,1,0,49.97724,2.56368,0,-0.43833,1,0.13189,0.12799,0.00000,0.00000,0.14785,t_shape,clutter_safe,0.3800,0.18000,-0.21916
full_ebm_transformer_compositional_v5,combined_composition_shift,3,7,0,-0.00206,0.05064,0.10269,1,1,0,20.15492,1.15148,0,-1.19395,1,0.11761,0.12758,0.00000,0.00000,0.11845,t_shape,clutter_safe,0.3800,0.18000,-0.28168
full_ebm_transformer_compositional_v5,combined_composition_shift,3,8,1,0.16317,0.05168,0.05168,0,0,0,57.83583,4.67974,1,0.81233,1,0.04125,0.12736,0.00000,0.00000,0.11136,t_shape,clutter_safe,0.3800,0.18000,-0.14973
full_ebm_transformer_compositional_v5,combined_composition_shift,3,9,0,0.12605,0.05515,0.05515,0,1,0,50.30861,2.89874,0,-0.54489,1,0.26951,0.32151,0.00000,0.00000,0.16439,t_shape,clutter_safe,0.3800,0.18000,-2.67237
full_ebm_transformer_compositional_v5,combined_composition_shift,3,10,0,-0.00206,0.08743,0.13949,1,1,0,25.56317,0.71134,0,-1.20691,1,0.18309,0.12762,0.00000,0.00000,0.15861,t_shape,clutter_safe,0.3800,0.18000,3.03623
full_ebm_transformer_compositional_v5,combined_composition_shift,3,11,0,0.16109,0.00136,0.00136,0,1,0,71.78514,5.94232,0,-0.43283,1,0.08986,0.12846,0.00000,0.00000,0.09334,t_shape,clutter_safe,0.3800,0.18000,-0.02295
full_ebm_transformer_compositional_v5,combined_composition_shift,3,12,0,0.11107,0.03426,0.03426,0,1,0,72.19879,5.02470,0,-0.50137,1,0.23107,0.13233,0.00000,0.00000,0.12027,t_shape,clutter_safe,0.3800,0.18000,0.15347
full_ebm_transformer_compositional_v5,combined_composition_shift,3,13,1,0.13955,0.07571,0.07571,0,0,0,100.52664,5.95284,1,0.76227,1,0.16496,0.12903,0.00000,0.00000,0.11340,t_shape,clutter_safe,0.3800,0.18000,0.17932
full_ebm_transformer_compositional_v5,combined_composition_shift,3,14,0,-0.00206,0.11353,0.16558,1,0,0,2.01346,0.54021,1,-0.84322,1,0.14667,0.12810,0.00000,0.00000,0.10284,t_shape,clutter_safe,0.3800,0.18000,-0.02451
full_ebm_transformer_compositional_v5,combined_composition_shift,4,0,0,-0.00206,0.11772,0.16978,1,1,0,6.05373,0.61339,0,-1.19907,1,0.15318,0.12774,0.13763,0.22938,0.15565,t_shape,clutter_safe,0.3800,0.18000,1.82152
full_ebm_transformer_compositional_v5,combined_composition_shift,4,1,0,0.15308,0.12157,0.12157,0,1,0,60.42230,5.01803,0,-0.68000,1,0.08276,0.13737,0.00000,0.00000,0.11601,t_shape,clutter_safe,0.3800,0.18000,0.13456
full_ebm_transformer_compositional_v5,combined_composition_shift,4,2,0,0.04034,0.03733,0.04698,1,1,0,49.12908,2.23802,0,-1.07788,1,0.16149,0.12689,0.00000,0.00000,0.12729,t_shape,clutter_safe,0.3800,0.18000,-0.13388
full_ebm_transformer_compositional_v5,combined_composition_shift,4,3,0,-0.00206,0.06409,0.11615,1,0,0,3.23070,0.57552,1,-0.83802,1,0.22262,0.12806,0.18933,0.31556,0.14307,t_shape,clutter_safe,0.3800,0.18000,0.07773
full_ebm_transformer_compositional_v5,combined_composition_shift,4,4,0,0.03834,0.19447,0.20613,1,1,0,77.30420,5.13844,0,-1.23000,1,0.10546,0.13702,0.00000,0.00000,0.10692,t_shape,clutter_safe,0.3800,0.18000,3.12566
full_ebm_transformer_compositional_v5,combined_composition_shift,4,5,0,-0.00206,0.06603,0.11809,1,1,0,56.68586,2.01621,0,-1.22603,1,0.06349,0.13724,0.00000,0.00000,0.10225,t_shape,clutter_safe,0.3800,0.18000,-2.91910
full_ebm_transformer_compositional_v5,combined_composition_shift,4,6,0,0.15334,0.08397,0.08397,0,1,0,79.93759,6.50163,0,-0.60494,1,0.23589,0.13363,0.00000,0.00000,0.12530,t_shape,clutter_safe,0.3800,0.18000,-2.96722
full_ebm_transformer_compositional_v5,combined_composition_shift,4,7,0,-0.00206,0.08087,0.13293,1,1,0,10.35388,0.62080,0,-1.19966,1,0.14190,0.12664,0.11171,0.18619,0.14273,t_shape,clutter_safe,0.3800,0.18000,0.02426
full_ebm_transformer_compositional_v5,combined_composition_shift,4,8,1,0.16226,0.02109,0.02109,0,0,0,67.75522,5.62361,1,0.87606,1,0.12553,0.12914,0.00000,0.00000,0.16256,t_shape,clutter_safe,0.3800,0.18000,-0.19572
full_ebm_transformer_compositional_v5,combined_composition_shift,4,9,0,0.01715,0.03283,0.06568,1,1,0,33.10875,2.17163,0,-1.11684,1,0.23800,0.12687,0.00000,0.00000,0.16971,t_shape,clutter_safe,0.3800,0.18000,-0.09728
full_ebm_transformer_compositional_v5,combined_composition_shift,4,10,0,0.04306,0.02864,0.03558,1,1,0,65.96508,3.01824,0,-1.05413,1,0.13873,0.12700,0.00000,0.00000,0.12007,t_shape,clutter_safe,0.3800,0.18000,-3.14034
full_ebm_transformer_compositional_v5,combined_composition_shift,4,11,0,0.03902,0.05026,0.06124,1,1,0,37.46900,1.67933,0,-1.10759,1,0.10923,0.13241,0.00000,0.00000,0.12767,t_shape,clutter_safe,0.3800,0.18000,0.00289
full_ebm_transformer_compositional_v5,combined_composition_shift,4,12,0,0.13503,0.06678,0.06678,0,1,0,38.38137,2.18319,0,-0.56913,1,0.15613,0.13454,0.00000,0.00000,0.11827,t_shape,clutter_safe,0.3800,0.18000,-0.30060
full_ebm_transformer_compositional_v5,combined_composition_shift,4,13,0,-0.00206,0.17180,0.22386,1,0,0,4.74625,0.68483,1,-0.85479,1,0.15040,0.13582,0.00000,0.00000,0.10391,t_shape,clutter_safe,0.3800,0.18000,0.15094
full_ebm_transformer_compositional_v5,combined_composition_shift,4,14,0,0.15595,0.02255,0.02255,0,1,0,63.94204,5.18773,0,-0.47698,1,0.07719,0.13027,0.00000,0.00000,0.11422,t_shape,clutter_safe,0.3800,0.18000,-0.11666
full_ebm_transformer_compositional_v5,combined_composition_shift,5,0,0,0.03112,0.05161,0.07049,1,1,0,58.05105,2.44173,0,-1.12685,1,0.18982,0.13146,0.00000,0.00000,0.15407,t_shape,clutter_safe,0.3800,0.18000,-0.17476
full_ebm_transformer_compositional_v5,combined_composition_shift,5,1,0,-0.00206,0.06066,0.11272,1,1,0,64.21726,2.87208,0,-1.21484,1,0.19591,0.13726,0.00000,0.00000,0.12995,t_shape,clutter_safe,0.3800,0.18000,2.88770
full_ebm_transformer_compositional_v5,combined_composition_shift,5,2,0,-0.00206,0.05047,0.10253,1,1,0,36.87813,1.39132,0,-1.19360,1,0.09293,0.13376,0.00000,0.00000,0.14525,t_shape,clutter_safe,0.3800,0.18000,0.02970
full_ebm_transformer_compositional_v5,combined_composition_shift,5,3,0,-0.00206,0.08444,0.13650,1,0,0,6.61588,0.57898,1,-0.84632,1,0.14410,0.13018,0.17711,0.29518,0.11640,t_shape,clutter_safe,0.3800,0.18000,2.84752
full_ebm_transformer_compositional_v5,combined_composition_shift,5,4,0,-0.00206,0.10472,0.15678,1,1,0,49.52804,1.14313,0,-1.23000,1,0.05845,0.13455,0.05087,0.08478,0.14212,t_shape,clutter_safe,0.3800,0.18000,-0.16529
full_ebm_transformer_compositional_v5,combined_composition_shift,5,5,0,0.16102,0.07640,0.07640,0,1,0,66.96709,5.14008,0,-0.58917,1,0.10757,0.13579,0.00000,0.00000,0.14340,t_shape,clutter_safe,0.3800,0.18000,0.23330
full_ebm_transformer_compositional_v5,combined_composition_shift,5,6,0,0.16147,0.08742,0.08742,0,1,0,66.80594,5.47559,0,-0.61212,1,0.11467,0.13644,0.00000,0.00000,0.13508,t_shape,clutter_safe,0.3800,0.17980,-0.14283
full_ebm_transformer_compositional_v5,combined_composition_shift,5,7,1,0.16088,0.02757,0.02757,0,0,0,75.93071,6.25225,1,0.86257,1,0.18102,0.12812,0.00000,0.00000,0.11661,t_shape,clutter_safe,0.3800,0.18000,-0.14079
full_ebm_transformer_compositional_v5,combined_composition_shift,5,8,0,-0.00206,0.08981,0.14187,1,1,0,46.42120,1.27548,0,-1.23000,1,0.22640,0.13194,0.00000,0.00000,0.13615,t_shape,clutter_safe,0.3800,0.18000,-0.39387
full_ebm_transformer_compositional_v5,combined_composition_shift,5,9,0,0.07206,0.01534,0.01534,0,1,0,44.31264,2.86956,0,-0.46196,1,0.18548,0.12720,0.00000,0.00000,0.09752,t_shape,clutter_safe,0.3800,0.17973,0.06751
full_ebm_transformer_compositional_v5,combined_composition_shift,5,10,0,0.12032,0.09964,0.09964,0,1,0,80.68085,5.25573,0,-0.63758,1,0.15119,0.13420,0.00000,0.00000,0.12195,t_shape,clutter_safe,0.3800,0.18000,0.25001
full_ebm_transformer_compositional_v5,combined_composition_shift,5,11,0,0.10239,0.07656,0.07656,0,1,0,60.53128,3.51628,0,-0.58950,1,0.15480,0.13352,0.00000,0.00000,0.13355,t_shape,clutter_safe,0.3800,0.18000,0.12220
full_ebm_transformer_compositional_v5,combined_composition_shift,5,12,0,0.14982,0.09174,0.09174,0,1,0,80.30170,6.07054,0,-0.62112,1,0.15474,0.13687,0.00000,0.00000,0.11274,t_shape,clutter_safe,0.3800,0.18000,2.99239
full_ebm_transformer_compositional_v5,combined_composition_shift,5,13,0,0.12081,0.06553,0.06553,0,1,0,79.09265,4.74513,0,-0.56652,1,0.21114,0.13092,0.00000,0.00000,0.12144,t_shape,clutter_safe,0.3800,0.18000,-0.06808
full_ebm_transformer_compositional_v5,combined_composition_shift,5,14,0,-0.00206,0.02260,0.07466,1,1,0,58.29651,2.73738,0,-1.13554,1,0.20933,0.13542,0.00000,0.00000,0.12936,t_shape,clutter_safe,0.3800,0.18000,3.08306
full_ebm_transformer_compositional_v5,combined_composition_shift,6,0,0,-0.00206,0.00924,0.06130,1,1,0,60.21938,2.60420,0,-1.10771,1,0.16661,0.13364,0.01443,0.02404,0.10827,t_shape,clutter_safe,0.3800,0.18000,-0.40294
full_ebm_transformer_compositional_v5,combined_composition_shift,6,1,1,0.15957,0.09845,0.09845,0,0,0,56.61927,4.71021,1,0.71490,1,0.02628,0.14309,0.02169,0.03615,0.11376,t_shape,clutter_safe,0.3800,0.18000,-0.01275
full_ebm_transformer_compositional_v5,combined_composition_shift,6,2,0,-0.00206,0.10807,0.16013,1,1,0,8.29337,0.64384,0,-1.20151,1,0.20862,0.13089,0.00000,0.00000,0.14967,t_shape,clutter_safe,0.3800,0.18000,-0.01650
full_ebm_transformer_compositional_v5,combined_composition_shift,6,3,0,-0.00206,0.03486,0.08692,1,1,0,48.33065,2.12394,0,-1.16109,1,0.20697,0.13767,0.00000,0.00000,0.11027,t_shape,clutter_safe,0.3800,0.18000,-0.14877
full_ebm_transformer_compositional_v5,combined_composition_shift,6,4,0,-0.00206,0.08679,0.13885,1,1,0,12.33526,0.76294,0,-1.21104,1,0.25751,0.12917,0.00000,0.00000,0.15066,t_shape,clutter_safe,0.3800,0.18000,-2.82089
full_ebm_transformer_compositional_v5,combined_composition_shift,6,5,1,0.16226,0.00314,0.00314,0,0,0,65.22219,5.40384,1,0.91345,1,0.10573,0.12618,0.00000,0.00000,0.06593,t_shape,clutter_safe,0.3800,0.16949,3.05047
full_ebm_transformer_compositional_v5,combined_composition_shift,6,6,0,0.16220,0.02096,0.02096,0,1,0,65.86310,5.36444,0,-0.47366,1,0.12699,0.13051,0.00000,0.00000,0.11497,t_shape,clutter_safe,0.3800,0.18000,-0.00074
full_ebm_transformer_compositional_v5,combined_composition_shift,6,7,0,0.15668,0.09398,0.09398,0,1,0,48.52034,3.24643,0,-0.62580,1,0.08001,0.13175,0.00000,0.00000,0.16862,t_shape,clutter_safe,0.3800,0.18000,0.25922
full_ebm_transformer_compositional_v5,combined_composition_shift,6,8,0,-0.00206,0.08481,0.13687,1,1,0,81.83576,2.88070,0,-1.23000,1,0.20587,0.13697,0.00000,0.00000,0.17841,t_shape,clutter_safe,0.3800,0.18000,-0.13612
full_ebm_transformer_compositional_v5,combined_composition_shift,6,9,0,0.15543,0.06715,0.06715,0,1,0,49.11875,3.49760,0,-0.56989,1,0.10572,0.12883,0.00000,0.00000,0.11312,t_shape,clutter_safe,0.3800,0.18000,0.19317
full_ebm_transformer_compositional_v5,combined_composition_shift,6,10,0,0.12294,0.04963,0.04963,0,1,0,70.99468,3.94302,0,-0.53340,1,0.18942,0.12607,0.00000,0.00000,0.10553,t_shape,clutter_safe,0.3800,0.18000,3.05082
full_ebm_transformer_compositional_v5,combined_composition_shift,6,11,0,0.10913,0.05604,0.05604,0,1,0,57.86432,3.74523,0,-0.54675,1,0.14728,0.16545,0.00457,0.00761,0.13056,t_shape,clutter_safe,0.3800,0.18000,-2.99114
full_ebm_transformer_compositional_v5,combined_composition_shift,6,12,0,0.15895,0.01843,0.01843,0,1,0,63.04229,5.18583,0,-0.46841,1,0.06271,0.12827,0.00000,0.00000,0.08753,t_shape,clutter_safe,0.3800,0.17640,3.01592
full_ebm_transformer_compositional_v5,combined_composition_shift,6,13,0,0.16200,0.00428,0.00428,0,1,0,62.65128,5.07986,0,-0.43892,1,0.16052,0.12676,0.00000,0.00000,0.11976,t_shape,clutter_safe,0.3800,0.17687,0.23692
full_ebm_transformer_compositional_v5,combined_composition_shift,6,14,0,0.02509,0.01095,0.03586,1,1,0,42.59384,2.06314,0,-1.05470,1,0.15861,0.13786,0.00000,0.00000,0.11354,t_shape,clutter_safe,0.3800,0.17314,-2.61818
full_ebm_transformer_compositional_v5,combined_composition_shift,7,0,0,0.15764,0.07948,0.07948,0,1,0,47.24416,3.13288,0,-0.59557,1,0.15124,0.13046,0.12457,0.20762,0.10761,t_shape,clutter_safe,0.3800,0.18000,0.27157
full_ebm_transformer_compositional_v5,combined_composition_shift,7,1,1,0.16171,0.08676,0.08676,0,0,0,75.31677,6.30972,1,0.73925,1,0.10688,0.13461,0.00000,0.00000,0.10128,t_shape,clutter_safe,0.3800,0.18000,-0.05180
full_ebm_transformer_compositional_v5,combined_composition_shift,7,2,0,-0.00220,0.04916,0.10136,1,1,0,56.36883,2.50027,0,-1.19117,1,0.11256,0.12793,0.00000,0.00000,0.11543,t_shape,clutter_safe,0.3800,0.18000,2.80328
full_ebm_transformer_compositional_v5,combined_composition_shift,7,3,0,0.10179,0.08477,0.08477,0,1,0,59.01712,3.21292,0,-0.60661,1,0.12750,0.13574,0.00000,0.00000,0.11426,t_shape,clutter_safe,0.3800,0.18000,-0.38063
full_ebm_transformer_compositional_v5,combined_composition_shift,7,4,0,-0.00206,0.10514,0.15719,1,1,0,0.00000,0.60174,0,-1.19814,1,0.12451,0.13730,0.09350,0.15583,0.09690,t_shape,clutter_safe,0.3800,0.18000,2.93805
full_ebm_transformer_compositional_v5,combined_composition_shift,7,5,0,0.16319,0.03837,0.03837,0,1,0,51.11092,4.10780,0,-0.50993,1,0.20383,0.13026,0.00000,0.00000,0.12481,t_shape,clutter_safe,0.3800,0.18000,0.36409
full_ebm_transformer_compositional_v5,combined_composition_shift,7,6,0,0.09949,0.05436,0.05436,0,1,0,66.48817,5.20214,0,-0.54324,1,0.24817,0.13294,0.00000,0.00000,0.13641,t_shape,clutter_safe,0.3800,0.18000,3.13392
full_ebm_transformer_compositional_v5,combined_composition_shift,7,7,0,0.15110,0.04555,0.04555,0,1,0,72.61106,5.61649,0,-0.52489,1,0.07717,0.13346,0.00000,0.00000,0.10755,t_shape,clutter_safe,0.3800,0.18000,-0.18557
full_ebm_transformer_compositional_v5,combined_composition_shift,7,8,0,0.15619,0.04677,0.04677,0,1,0,36.72949,3.05843,0,-0.52743,1,0.21108,0.12711,0.00000,0.00000,0.10530,t_shape,clutter_safe,0.3800,0.18000,0.30658
full_ebm_transformer_compositional_v5,combined_composition_shift,7,9,0,0.07301,0.06879,0.06879,0,1,0,37.10247,2.39679,0,-0.57331,1,0.19215,0.12707,0.02743,0.04572,0.03094,t_shape,clutter_safe,0.3800,0.16520,0.12659
full_ebm_transformer_compositional_v5,combined_composition_shift,7,10,0,0.15932,0.07145,0.07145,0,1,0,65.53592,5.42324,0,-0.57885,1,0.11819,0.13219,0.00000,0.00000,0.12271,t_shape,clutter_safe,0.3800,0.18000,0.04698
full_ebm_transformer_compositional_v5,combined_composition_shift,7,11,0,-0.00206,0.07280,0.12486,1,1,0,47.72816,1.35678,0,-1.23000,1,0.14023,0.13219,0.04374,0.07290,0.19767,t_shape,clutter_safe,0.3800,0.18000,0.32146
full_ebm_transformer_compositional_v5,combined_composition_shift,7,12,0,-0.00206,0.05995,0.11200,1,1,0,16.15245,0.71764,0,-1.19075,1,0.22720,0.13086,0.00000,0.00000,0.13820,t_shape,clutter_safe,0.3800,0.18000,-0.20177
full_ebm_transformer_compositional_v5,combined_composition_shift,7,13,0,0.15695,0.03328,0.03328,0,1,0,70.24357,5.70039,0,-0.49933,1,0.12392,0.13072,0.00000,0.00000,0.05671,t_shape,clutter_safe,0.3800,0.16908,-3.11763
full_ebm_transformer_compositional_v5,combined_composition_shift,7,14,0,0.15941,0.02647,0.02647,0,1,0,39.94945,3.28167,0,-0.48514,1,0.14850,0.12934,0.00000,0.00000,0.09406,t_shape,clutter_safe,0.3800,0.18000,0.15819
full_ebm_transformer_compositional_v5,adversarial_clutter_gap,0,0,0,-0.00206,0.13198,0.18404,1,1,0,1.32707,0.54630,0,-1.19370,1,0.22512,0.05462,0.07078,0.11796,0.14387,t_shape,clutter_safe,0.4600,0.18000,-1.26540
full_ebm_transformer_compositional_v5,adversarial_clutter_gap,0,1,0,0.04970,0.05177,0.05207,1,1,0,46.00493,3.10444,0,-1.08849,1,0.21587,0.05470,0.00000,0.00000,0.11368,t_shape,clutter_safe,0.4600,0.18000,0.21604
full_ebm_transformer_compositional_v5,adversarial_clutter_gap,0,2,0,0.13787,0.08742,0.08742,0,1,0,127.42446,8.13227,0,-0.61212,1,0.25045,0.06437,0.00000,0.00000,0.13125,t_shape,clutter_safe,0.4600,0.18000,-0.25460
full_ebm_transformer_compositional_v5,adversarial_clutter_gap,0,3,0,0.03194,0.03051,0.04857,1,1,0,78.88559,3.65845,0,-1.08118,1,0.17313,0.06176,0.00000,0.00000,0.16221,t_shape,clutter_safe,0.4600,0.18000,-0.64563
full_ebm_transformer_compositional_v5,adversarial_clutter_gap,0,4,0,0.08060,0.03546,0.03546,0,1,0,77.96436,4.80558,0,-0.50388,1,0.23385,0.06045,0.00000,0.00000,0.11617,t_shape,clutter_safe,0.4600,0.18000,-0.23192
full_ebm_transformer_compositional_v5,adversarial_clutter_gap,0,5,0,0.06007,0.05485,0.05485,1,1,0,123.79876,4.95489,0,-1.09428,1,0.23623,0.06335,0.00000,0.00000,0.12534,t_shape,clutter_safe,0.4600,0.18000,-0.32761
full_ebm_transformer_compositional_v5,adversarial_clutter_gap,0,6,0,-0.00206,0.04723,0.09928,1,1,0,45.24514,2.28838,0,-1.18684,1,0.20193,0.05947,0.00000,0.00000,0.15986,t_shape,clutter_safe,0.4600,0.18000,2.18783
full_ebm_transformer_compositional_v5,adversarial_clutter_gap,0,7,0,0.12624,0.02001,0.02001,0,1,0,91.41448,7.27439,0,-0.47169,1,0.29147,0.05518,0.00000,0.00000,0.15150,t_shape,clutter_safe,0.4600,0.18000,-2.78361
full_ebm_transformer_compositional_v5,adversarial_clutter_gap,0,8,0,-0.00206,0.04329,0.09535,1,1,0,35.75345,1.88059,0,-1.17864,1,0.18506,0.07067,0.00000,0.00000,0.04997,t_shape,clutter_safe,0.4600,0.14615,-1.38424
full_ebm_transformer_compositional_v5,adversarial_clutter_gap,0,9,0,0.03263,0.03881,0.05618,1,1,0,33.31541,2.07377,0,-1.09705,1,0.11501,0.05707,0.09700,0.16166,0.11232,t_shape,clutter_safe,0.4600,0.18000,0.28243
full_ebm_transformer_compositional_v5,adversarial_clutter_gap,0,10,0,-0.00206,0.06167,0.11373,1,1,0,17.61971,0.87103,0,-1.20662,1,0.16449,0.05951,0.00000,0.00000,0.11050,t_shape,clutter_safe,0.4600,0.18000,0.10464
full_ebm_transformer_compositional_v5,adversarial_clutter_gap,0,11,0,0.03610,0.09589,0.10979,1,1,0,14.28428,0.91949,0,-1.20228,1,0.14341,0.06129,0.00000,0.00000,0.11762,t_shape,clutter_safe,0.4600,0.18000,-1.29255
full_ebm_transformer_compositional_v5,adversarial_clutter_gap,0,12,0,-0.00206,0.02010,0.07216,1,0,0,1.80137,0.57473,1,-0.74630,1,0.19854,0.06107,0.00000,0.00000,0.19017,t_shape,clutter_safe,0.4600,0.18000,-2.08321
full_ebm_transformer_compositional_v5,adversarial_clutter_gap,0,13,0,0.07360,0.04326,0.04326,0,1,0,52.67138,4.02291,0,-0.52012,1,0.19207,0.05422,0.00000,0.00000,0.13141,t_shape,clutter_safe,0.4600,0.18000,3.13512
full_ebm_transformer_compositional_v5,adversarial_clutter_gap,0,14,0,0.02460,0.03859,0.06398,1,1,0,43.46929,2.60241,0,-1.11330,1,0.19054,0.05853,0.00000,0.00000,0.10034,t_shape,clutter_safe,0.4600,0.18000,-2.71383
full_ebm_transformer_compositional_v5,adversarial_clutter_gap,1,0,0,0.16345,0.01778,0.01778,0,1,0,72.82132,5.82562,0,-0.46703,1,0.13722,0.05871,0.00000,0.00000,0.15565,t_shape,clutter_safe,0.4600,0.17851,-0.20692
full_ebm_transformer_compositional_v5,adversarial_clutter_gap,1,1,0,0.10668,0.05388,0.05388,0,1,0,66.40322,4.07375,0,-0.54225,1,0.16724,0.06188,0.15780,0.26299,0.11654,t_shape,clutter_safe,0.4600,0.18000,-0.14801
full_ebm_transformer_compositional_v5,adversarial_clutter_gap,1,2,0,0.13960,0.05967,0.05967,0,1,0,77.04891,4.37931,0,-0.55431,1,0.25319,0.05405,0.00000,0.00000,0.12154,t_shape,clutter_safe,0.4600,0.18000,2.92833
full_ebm_transformer_compositional_v5,adversarial_clutter_gap,1,3,0,0.07103,0.03906,0.03906,0,1,0,56.22475,2.81903,0,-0.51137,1,0.19194,0.05847,0.00000,0.00000,0.11314,t_shape,clutter_safe,0.4600,0.18000,-0.26095
full_ebm_transformer_compositional_v5,adversarial_clutter_gap,1,4,0,0.11169,0.06476,0.06476,0,1,0,76.86406,4.22111,0,-0.56491,1,0.15479,0.05858,0.05105,0.08508,0.09124,t_shape,clutter_safe,0.4600,0.18000,0.31569
full_ebm_transformer_compositional_v5,adversarial_clutter_gap,1,5,0,0.12619,0.07677,0.07677,0,1,0,65.71753,3.73612,0,-0.58994,1,0.11796,0.05972,0.00000,0.00000,0.11448,t_shape,clutter_safe,0.4600,0.18000,-2.82754
full_ebm_transformer_compositional_v5,adversarial_clutter_gap,1,6,0,-0.00206,0.03153,0.08358,1,1,0,39.36827,1.89461,0,-1.15413,1,0.15647,0.06188,0.00000,0.00000,0.12174,t_shape,clutter_safe,0.4600,0.18000,-0.15487
full_ebm_transformer_compositional_v5,adversarial_clutter_gap,1,7,0,-0.00206,0.07652,0.12858,1,1,0,58.57002,2.28949,0,-1.23000,1,0.24502,0.06469,0.00000,0.00000,0.05093,t_shape,clutter_safe,0.4600,0.15602,1.44408
full_ebm_transformer_compositional_v5,adversarial_clutter_gap,1,8,0,-0.00206,0.07410,0.12616,1,1,0,34.38922,2.33994,0,-1.23000,1,0.27713,0.05742,0.00000,0.00000,0.06704,t_shape,clutter_safe,0.4600,0.13945,-1.26290
full_ebm_transformer_compositional_v5,adversarial_clutter_gap,1,9,0,0.01187,0.16834,0.20646,1,1,0,55.66000,3.07813,0,-1.23000,1,0.23834,0.06136,0.00000,0.00000,0.04917,t_shape,clutter_safe,0.4600,0.16022,-2.79280
full_ebm_transformer_compositional_v5,adversarial_clutter_gap,1,10,0,0.02187,0.03177,0.05990,1,1,0,56.04658,3.40193,0,-1.10480,1,0.21427,0.05568,0.00000,0.00000,0.12494,t_shape,clutter_safe,0.4600,0.18000,0.42075
full_ebm_transformer_compositional_v5,adversarial_clutter_gap,1,11,0,0.05715,0.04339,0.04339,1,1,0,103.18386,4.90690,0,-1.07040,1,0.18421,0.05765,0.00000,0.00000,0.10742,t_shape,clutter_safe,0.4600,0.18000,0.00421
full_ebm_transformer_compositional_v5,adversarial_clutter_gap,1,12,0,0.07401,0.03177,0.03177,0,1,0,93.49826,3.79445,0,-0.49619,1,0.17334,0.05817,0.00000,0.00000,0.09945,t_shape,clutter_safe,0.4600,0.17571,-2.88725
full_ebm_transformer_compositional_v5,adversarial_clutter_gap,1,13,0,-0.00206,0.05720,0.10926,1,1,0,24.83080,0.84764,0,-1.19544,1,0.08724,0.05591,0.18331,0.30552,0.13140,t_shape,clutter_safe,0.4600,0.18000,-0.16313
full_ebm_transformer_compositional_v5,adversarial_clutter_gap,1,14,0,-0.00206,0.01896,0.07101,1,1,0,33.70108,1.62901,0,-1.12795,1,0.20411,0.05990,0.05861,0.09769,0.02086,t_shape,clutter_safe,0.4600,0.15621,1.32005
full_ebm_transformer_compositional_v5,adversarial_clutter_gap,2,0,0,0.14792,0.05289,0.05289,0,1,0,87.26263,6.98167,0,-0.54018,1,0.17967,0.06111,0.00000,0.00000,0.13114,t_shape,clutter_safe,0.4600,0.18000,-0.21589
full_ebm_transformer_compositional_v5,adversarial_clutter_gap,2,1,0,0.05616,0.09921,0.09921,1,1,0,69.16999,3.48610,0,-1.18668,1,0.16891,0.06455,0.00000,0.00000,0.11564,t_shape,clutter_safe,0.4600,0.18000,-0.07873
full_ebm_transformer_compositional_v5,adversarial_clutter_gap,2,2,0,-0.00206,0.05807,0.11013,1,1,0,20.15920,0.75666,0,-1.18997,1,0.20067,0.05846,0.00000,0.00000,0.12655,t_shape,clutter_safe,0.4600,0.18000,0.01007
full_ebm_transformer_compositional_v5,adversarial_clutter_gap,2,3,0,-0.00206,0.03830,0.09036,1,1,0,20.67095,1.10357,0,-1.16825,1,0.22174,0.05516,0.00000,0.00000,0.12966,t_shape,clutter_safe,0.4600,0.18000,-1.11444
full_ebm_transformer_compositional_v5,adversarial_clutter_gap,2,4,0,0.03090,0.07634,0.09544,1,1,0,21.20475,0.67215,0,-1.15260,1,0.17552,0.06424,0.00000,0.00000,0.20378,t_shape,clutter_safe,0.4600,0.18000,-0.14450
full_ebm_transformer_compositional_v5,adversarial_clutter_gap,2,5,0,-0.00206,0.03481,0.08687,1,1,0,31.58951,1.81041,0,-1.16099,1,0.24542,0.05611,0.00000,0.00000,0.03918,t_shape,clutter_safe,0.4600,0.15226,1.83447
full_ebm_transformer_compositional_v5,adversarial_clutter_gap,2,6,0,-0.00206,0.11116,0.16322,1,1,0,6.46508,0.67375,0,-1.20390,1,0.19909,0.06324,0.00000,0.00000,0.11372,t_shape,clutter_safe,0.4600,0.18000,-0.00828
full_ebm_transformer_compositional_v5,adversarial_clutter_gap,2,7,0,0.00396,0.09083,0.13688,1,1,0,42.94449,2.75938,0,-1.23000,1,0.15046,0.08778,0.00000,0.00000,0.11956,t_shape,clutter_safe,0.4600,0.18000,2.82180
full_ebm_transformer_compositional_v5,adversarial_clutter_gap,2,8,0,0.05461,0.04224,0.04224,1,1,0,67.75765,3.99636,0,-1.06799,1,0.18154,0.05506,0.07074,0.11790,0.09806,t_shape,clutter_safe,0.4600,0.18000,-2.80687
full_ebm_transformer_compositional_v5,adversarial_clutter_gap,2,9,0,-0.00206,0.04083,0.09289,1,1,0,9.03831,0.64369,0,-1.14501,1,0.14896,0.06156,0.00000,0.00000,0.11727,t_shape,clutter_safe,0.4600,0.18000,-1.37254
full_ebm_transformer_compositional_v5,adversarial_clutter_gap,2,10,0,0.04409,0.06985,0.07576,1,1,0,64.12958,3.15440,0,-1.13783,1,0.19826,0.06335,0.09164,0.15274,0.13171,t_shape,clutter_safe,0.4600,0.18000,0.56679
full_ebm_transformer_compositional_v5,adversarial_clutter_gap,2,11,0,0.07105,0.06860,0.06860,0,1,0,88.07563,4.80756,0,-0.57293,1,0.20005,0.06067,0.00000,0.00000,0.11852,t_shape,clutter_safe,0.4600,0.18000,-2.88146
full_ebm_transformer_compositional_v5,adversarial_clutter_gap,2,12,0,0.10864,0.08521,0.08521,0,1,0,95.83635,6.06381,0,-0.60753,1,0.16487,0.06140,0.00000,0.00000,0.09731,t_shape,clutter_safe,0.4600,0.18000,0.11757
full_ebm_transformer_compositional_v5,adversarial_clutter_gap,2,13,0,-0.00206,0.04676,0.09881,1,1,0,19.68788,0.84358,0,-1.17335,1,0.16567,0.06245,0.00000,0.00000,0.14141,t_shape,clutter_safe,0.4600,0.18000,3.06468
full_ebm_transformer_compositional_v5,adversarial_clutter_gap,2,14,0,0.15648,0.07681,0.07681,0,1,0,74.42022,6.15750,0,-0.59002,1,0.12449,0.06051,0.00000,0.00000,0.10744,t_shape,clutter_safe,0.4600,0.18000,0.01685
full_ebm_transformer_compositional_v5,adversarial_clutter_gap,3,0,0,0.01121,0.07759,0.11639,1,1,0,25.45917,1.99947,0,-1.22247,1,0.18242,0.05466,0.04264,0.07107,0.14795,t_shape,clutter_safe,0.4600,0.18000,0.98548
full_ebm_transformer_compositional_v5,adversarial_clutter_gap,3,1,0,0.08680,0.03923,0.03923,0,1,0,65.70358,5.22398,0,-0.51173,1,0.22777,0.05665,0.00000,0.00000,0.10557,t_shape,clutter_safe,0.4600,0.18000,3.13834
full_ebm_transformer_compositional_v5,adversarial_clutter_gap,3,2,0,0.04169,0.03144,0.03975,1,1,0,78.54251,3.75634,0,-1.06281,1,0.25962,0.05925,0.00000,0.00000,0.12300,t_shape,clutter_safe,0.4600,0.18000,-2.88006
full_ebm_transformer_compositional_v5,adversarial_clutter_gap,3,3,0,-0.00754,0.21970,0.27725,1,1,0,62.42610,3.29833,0,-1.23000,1,0.26007,0.06122,0.00000,0.00000,0.10240,t_shape,clutter_safe,0.4600,0.16451,-0.17890
full_ebm_transformer_compositional_v5,adversarial_clutter_gap,3,4,0,0.06805,0.06017,0.06017,1,1,0,48.49923,2.73056,0,-1.10535,1,0.17427,0.06105,0.00000,0.00000,0.12579,t_shape,clutter_safe,0.4600,0.18000,0.16334
full_ebm_transformer_compositional_v5,adversarial_clutter_gap,3,5,0,-0.00206,0.02253,0.07459,1,1,0,33.82941,2.06744,0,-1.13539,1,0.19478,0.05757,0.00000,0.00000,0.10162,t_shape,clutter_safe,0.4600,0.18000,-0.31328
full_ebm_transformer_compositional_v5,adversarial_clutter_gap,3,6,0,0.04170,0.07293,0.08124,1,1,0,61.93430,2.93079,0,-1.14924,1,0.15580,0.06095,0.00000,0.00000,0.10122,t_shape,clutter_safe,0.4600,0.18000,-0.14470
full_ebm_transformer_compositional_v5,adversarial_clutter_gap,3,7,0,0.02028,0.06842,0.09814,1,1,0,29.07054,2.40065,0,-1.18446,1,0.15303,0.05546,0.00000,0.00000,0.12162,t_shape,clutter_safe,0.4600,0.18000,1.21892
full_ebm_transformer_compositional_v5,adversarial_clutter_gap,3,8,0,-0.00206,0.12900,0.18106,1,1,0,0.00000,0.57495,0,-1.19600,1,0.22756,0.06234,0.11239,0.18731,0.15799,t_shape,clutter_safe,0.4600,0.18000,1.89880
full_ebm_transformer_compositional_v5,adversarial_clutter_gap,3,9,0,-0.00206,0.07122,0.12327,1,1,0,25.65126,1.09030,0,-1.23000,1,0.19735,0.06595,0.00000,0.00000,0.12610,t_shape,clutter_safe,0.4600,0.18000,-2.74388
full_ebm_transformer_compositional_v5,adversarial_clutter_gap,3,10,0,0.05568,0.03113,0.03113,1,1,0,69.89800,4.69156,0,-1.04485,1,0.18275,0.05980,0.00000,0.00000,0.13488,t_shape,clutter_safe,0.4600,0.18000,-0.36360
full_ebm_transformer_compositional_v5,adversarial_clutter_gap,3,11,0,0.05320,0.03882,0.03882,1,1,0,50.91093,2.25931,0,-1.06087,1,0.10186,0.05984,0.00000,0.00000,0.12428,t_shape,clutter_safe,0.4600,0.18000,0.28634
full_ebm_transformer_compositional_v5,adversarial_clutter_gap,3,12,0,0.10412,0.13155,0.13155,0,1,0,121.45814,5.07210,0,-0.68000,1,0.22598,0.06574,0.00000,0.00000,0.11261,t_shape,clutter_safe,0.4600,0.18000,-3.03158
full_ebm_transformer_compositional_v5,adversarial_clutter_gap,3,13,0,-0.00208,0.01143,0.06351,1,1,0,71.58832,2.94101,0,-1.11231,1,0.23251,0.06075,0.00000,0.00000,0.13159,t_shape,clutter_safe,0.4600,0.18000,0.39755
full_ebm_transformer_compositional_v5,adversarial_clutter_gap,3,14,0,0.06180,0.06039,0.06039,1,1,0,73.30902,3.93050,0,-1.10580,1,0.12878,0.06380,0.00000,0.00000,0.13103,t_shape,clutter_safe,0.4600,0.18000,0.20208
full_ebm_transformer_compositional_v5,adversarial_clutter_gap,4,0,0,0.02569,0.04898,0.07329,1,1,0,20.02292,1.48722,0,-1.13269,1,0.16070,0.05579,0.00000,0.00000,0.11487,t_shape,clutter_safe,0.4600,0.18000,1.19392
full_ebm_transformer_compositional_v5,adversarial_clutter_gap,4,1,0,0.04961,0.07063,0.07102,1,1,0,44.31478,1.91496,0,-1.12795,1,0.19803,0.05579,0.00000,0.00000,0.11836,t_shape,clutter_safe,0.4600,0.18000,-0.32583
full_ebm_transformer_compositional_v5,adversarial_clutter_gap,4,2,0,0.02018,0.06684,0.09667,1,1,0,58.34213,1.57452,0,-1.18139,1,0.19158,0.06191,0.00000,0.00000,0.13058,t_shape,clutter_safe,0.4600,0.18000,-2.94893
full_ebm_transformer_compositional_v5,adversarial_clutter_gap,4,3,0,0.04629,0.01412,0.01782,1,1,0,96.79193,4.23585,0,-1.01713,1,0.26545,0.06487,0.00000,0.00000,0.14518,t_shape,clutter_safe,0.4600,0.18000,0.28881
full_ebm_transformer_compositional_v5,adversarial_clutter_gap,4,4,0,-0.00206,0.00970,0.06176,1,1,0,48.53511,2.03592,0,-1.10867,1,0.26756,0.06442,0.00000,0.00000,0.13575,t_shape,clutter_safe,0.4600,0.18000,2.62139
full_ebm_transformer_compositional_v5,adversarial_clutter_gap,4,5,0,-0.00206,0.07936,0.13142,1,1,0,4.30357,0.67315,0,-1.20385,1,0.16059,0.05941,0.10898,0.18163,0.18211,t_shape,clutter_safe,0.4600,0.18000,0.42950
full_ebm_transformer_compositional_v5,adversarial_clutter_gap,4,6,0,0.01808,0.05716,0.08909,1,1,0,83.62424,4.47287,0,-1.16560,1,0.27671,0.06551,0.00000,0.00000,0.13912,t_shape,clutter_safe,0.4600,0.18000,0.30574
full_ebm_transformer_compositional_v5,adversarial_clutter_gap,4,7,0,0.10640,0.11289,0.11289,0,1,0,89.53153,4.07976,0,-0.66518,1,0.21028,0.06497,0.22411,0.37352,0.12433,t_shape,clutter_safe,0.4600,0.18000,0.38210
full_ebm_transformer_compositional_v5,adversarial_clutter_gap,4,8,0,0.07356,0.02615,0.02615,0,1,0,62.23528,3.56625,0,-0.48447,1,0.09811,0.05785,0.00000,0.00000,0.12268,t_shape,clutter_safe,0.4600,0.18000,-0.30605
full_ebm_transformer_compositional_v5,adversarial_clutter_gap,4,9,0,-0.00206,0.03803,0.09009,1,1,0,76.52154,2.33398,0,-1.16768,1,0.13840,0.06106,0.00000,0.00000,0.12434,t_shape,clutter_safe,0.4600,0.18000,-0.01854
full_ebm_transformer_compositional_v5,adversarial_clutter_gap,4,10,0,0.07227,0.09049,0.09049,0,1,0,77.64520,4.46624,0,-0.61853,1,0.18052,0.06347,0.00000,0.00000,0.11902,t_shape,clutter_safe,0.4600,0.18000,-0.19335
full_ebm_transformer_compositional_v5,adversarial_clutter_gap,4,11,0,0.02883,0.09742,0.11859,1,1,0,34.36140,1.09219,0,-1.22707,1,0.19966,0.05974,0.00000,0.00000,0.17102,t_shape,clutter_safe,0.4600,0.18000,-0.05447
full_ebm_transformer_compositional_v5,adversarial_clutter_gap,4,12,0,0.07915,0.08039,0.08039,0,1,0,85.03388,5.10351,0,-0.59747,1,0.17063,0.06380,0.00000,0.00000,0.12697,t_shape,clutter_safe,0.4600,0.18000,-2.79530
full_ebm_transformer_compositional_v5,adversarial_clutter_gap,4,13,0,0.06338,0.03616,0.03616,1,1,0,58.64742,2.57879,0,-1.05534,1,0.19433,0.05726,0.00000,0.00000,0.12285,t_shape,clutter_safe,0.4600,0.18000,-0.17928
full_ebm_transformer_compositional_v5,adversarial_clutter_gap,4,14,0,0.04899,0.09873,0.09974,1,1,0,50.54461,2.02634,0,-1.18779,1,0.05635,0.06376,0.11830,0.19716,0.09859,t_shape,clutter_safe,0.4600,0.18000,-0.25839
full_ebm_transformer_compositional_v5,adversarial_clutter_gap,5,0,0,-0.00332,0.39254,0.44586,1,1,0,85.77264,4.85546,0,-1.23000,1,0.21333,0.06121,0.00000,0.00000,0.09774,t_shape,clutter_safe,0.4600,0.18000,-0.04141
full_ebm_transformer_compositional_v5,adversarial_clutter_gap,5,1,0,-0.00206,0.02700,0.07906,1,1,0,66.25685,3.28521,0,-1.14470,1,0.22551,0.06404,0.00000,0.00000,0.13969,t_shape,clutter_safe,0.4600,0.18000,-0.29134
full_ebm_transformer_compositional_v5,adversarial_clutter_gap,5,2,0,-0.00016,0.05938,0.10954,1,1,0,36.31690,1.47748,0,-1.20821,1,0.16854,0.05844,0.00000,0.00000,0.11879,t_shape,clutter_safe,0.4600,0.18000,0.19842
full_ebm_transformer_compositional_v5,adversarial_clutter_gap,5,3,0,-0.00206,0.03245,0.08451,1,1,0,86.46598,3.82018,0,-1.15606,1,0.18936,0.06511,0.00000,0.00000,0.12899,t_shape,clutter_safe,0.4600,0.18000,-0.50670
full_ebm_transformer_compositional_v5,adversarial_clutter_gap,5,4,0,-0.00206,0.06824,0.12030,1,1,0,10.45431,0.56192,0,-1.19495,1,0.18791,0.05625,0.00723,0.01206,0.02941,t_shape,clutter_safe,0.4600,0.16591,1.41574
full_ebm_transformer_compositional_v5,adversarial_clutter_gap,5,5,0,-0.00206,0.04029,0.09235,1,1,0,57.78430,3.23186,0,-1.17239,1,0.17188,0.05724,0.00000,0.00000,0.10627,t_shape,clutter_safe,0.4600,0.18000,3.00303
full_ebm_transformer_compositional_v5,adversarial_clutter_gap,5,6,0,0.09006,0.10004,0.10004,0,1,0,80.20501,3.96972,0,-0.63842,1,0.11014,0.06490,0.00000,0.00000,0.12044,t_shape,clutter_safe,0.4600,0.18000,2.87437
full_ebm_transformer_compositional_v5,adversarial_clutter_gap,5,7,0,-0.00206,0.04090,0.09296,1,1,0,60.03662,2.02977,0,-1.17366,1,0.13478,0.06413,0.00000,0.00000,0.13270,t_shape,clutter_safe,0.4600,0.18000,-2.81784
full_ebm_transformer_compositional_v5,adversarial_clutter_gap,5,8,0,0.07263,0.08183,0.08183,0,1,0,76.77676,4.80167,0,-0.60047,1,0.21456,0.05587,0.00000,0.00000,0.09904,t_shape,clutter_safe,0.4600,0.18000,0.15567
full_ebm_transformer_compositional_v5,adversarial_clutter_gap,5,9,0,0.03850,0.04340,0.05490,1,1,0,65.08691,3.38571,0,-1.09438,1,0.17447,0.06503,0.00000,0.00000,0.15641,t_shape,clutter_safe,0.4600,0.18000,0.38380
full_ebm_transformer_compositional_v5,adversarial_clutter_gap,5,10,1,0.16116,0.03579,0.03579,0,0,0,88.59691,7.31090,1,0.84544,1,0.23372,0.05687,0.00000,0.00000,0.10363,t_shape,clutter_safe,0.4600,0.18000,-0.14155
full_ebm_transformer_compositional_v5,adversarial_clutter_gap,5,11,0,0.15290,0.05835,0.05835,0,1,0,72.66068,5.62857,0,-0.55157,1,0.20169,0.06291,0.00000,0.00000,0.15832,t_shape,clutter_safe,0.4600,0.18000,-0.25318
full_ebm_transformer_compositional_v5,adversarial_clutter_gap,5,12,0,0.15162,0.07962,0.07962,0,1,0,77.56574,6.29490,0,-0.59587,1,0.17440,0.06169,0.00000,0.00000,0.10411,t_shape,clutter_safe,0.4600,0.18000,3.01481
full_ebm_transformer_compositional_v5,adversarial_clutter_gap,5,13,0,0.06791,0.04227,0.04227,1,1,0,84.60579,4.58869,0,-1.06807,1,0.16874,0.06031,0.00000,0.00000,0.11144,t_shape,clutter_safe,0.4600,0.18000,0.27143
full_ebm_transformer_compositional_v5,adversarial_clutter_gap,5,14,0,-0.00206,0.07000,0.12206,1,1,0,28.48514,1.66141,0,-1.23000,1,0.21882,0.14216,0.00000,0.00000,0.05168,t_shape,clutter_safe,0.4600,0.14451,1.28433
full_ebm_transformer_compositional_v5,adversarial_clutter_gap,6,0,0,-0.00206,0.02620,0.07826,1,1,0,96.11257,4.46677,0,-1.14304,1,0.20358,0.06449,0.00000,0.00000,0.14745,t_shape,clutter_safe,0.4600,0.18000,-0.11178
full_ebm_transformer_compositional_v5,adversarial_clutter_gap,6,1,0,-0.00206,0.19626,0.24831,1,1,0,0.00000,0.59468,0,-1.19757,1,0.26575,0.26940,0.00000,0.00000,0.13533,t_shape,clutter_safe,0.4600,0.18000,-1.60161
full_ebm_transformer_compositional_v5,adversarial_clutter_gap,6,2,0,0.04312,0.04334,0.05022,1,1,0,70.06462,2.80266,0,-1.08462,1,0.16584,0.05427,0.00000,0.00000,0.09547,t_shape,clutter_safe,0.4600,0.18000,0.31969
full_ebm_transformer_compositional_v5,adversarial_clutter_gap,6,3,0,-0.00206,0.07876,0.13081,1,1,0,9.30788,0.59460,0,-1.19757,1,0.21781,0.20885,0.00000,0.00000,0.11630,t_shape,clutter_safe,0.4600,0.18000,-1.68078
full_ebm_transformer_compositional_v5,adversarial_clutter_gap,6,4,0,0.00739,0.08478,0.12739,1,1,0,44.48364,2.19695,0,-1.23000,1,0.23368,0.05946,0.00000,0.00000,0.04779,t_shape,clutter_safe,0.4600,0.13589,1.71588
full_ebm_transformer_compositional_v5,adversarial_clutter_gap,6,5,0,0.03847,0.14429,0.15583,1,1,0,39.07784,1.17123,0,-1.23000,1,0.24427,0.06465,0.15632,0.26053,0.17504,t_shape,clutter_safe,0.4600,0.18000,-3.03973
full_ebm_transformer_compositional_v5,adversarial_clutter_gap,6,6,0,0.08026,0.04931,0.04931,0,1,0,55.64616,4.31609,0,-0.53272,1,0.13909,0.05663,0.05702,0.09503,0.10905,t_shape,clutter_safe,0.4600,0.18000,-2.96943
full_ebm_transformer_compositional_v5,adversarial_clutter_gap,6,7,0,0.06266,0.03721,0.03721,1,1,0,57.11145,2.39699,0,-1.05752,1,0.17252,0.05661,0.00000,0.00000,0.13209,t_shape,clutter_safe,0.4600,0.18000,-0.09736
full_ebm_transformer_compositional_v5,adversarial_clutter_gap,6,8,0,-0.00206,0.05035,0.10241,1,1,0,5.54003,0.56503,0,-1.15855,1,0.16268,0.05615,0.00000,0.00000,0.13487,t_shape,clutter_safe,0.4600,0.18000,1.42450
full_ebm_transformer_compositional_v5,adversarial_clutter_gap,6,9,0,-0.00206,0.02354,0.07560,1,1,0,24.40356,1.44110,0,-1.13750,1,0.16618,0.05705,0.00000,0.00000,0.10208,t_shape,clutter_safe,0.4600,0.18000,1.88543
full_ebm_transformer_compositional_v5,adversarial_clutter_gap,6,10,0,0.06010,0.04956,0.04956,1,1,0,75.94336,3.15247,0,-1.08326,1,0.13734,0.05768,0.00945,0.01576,0.09585,t_shape,clutter_safe,0.4600,0.18000,0.40327
full_ebm_transformer_compositional_v5,adversarial_clutter_gap,6,11,0,-0.00207,0.07638,0.12844,1,1,0,48.40408,1.68171,0,-1.23000,1,0.13198,0.06169,0.06555,0.10924,0.08798,t_shape,clutter_safe,0.4600,0.17827,-0.03880
full_ebm_transformer_compositional_v5,adversarial_clutter_gap,6,12,0,0.16032,0.04111,0.04111,0,1,0,68.06389,5.65936,0,-0.51565,1,0.10990,0.05717,0.00000,0.00000,0.11567,t_shape,clutter_safe,0.4600,0.18000,-0.03827
full_ebm_transformer_compositional_v5,adversarial_clutter_gap,6,13,0,0.02141,0.03156,0.06015,1,1,0,58.26899,2.49814,0,-1.10532,1,0.22429,0.06242,0.00000,0.00000,0.15305,t_shape,clutter_safe,0.4600,0.17553,-2.59476
full_ebm_transformer_compositional_v5,adversarial_clutter_gap,6,14,0,0.15779,0.03788,0.03788,0,1,0,44.10075,3.39390,0,-0.50891,1,0.17075,0.05870,0.00000,0.00000,0.10612,t_shape,clutter_safe,0.4600,0.18000,0.31253
full_ebm_transformer_compositional_v5,adversarial_clutter_gap,7,0,0,0.04961,0.03376,0.03415,1,1,0,73.93470,4.05317,0,-1.05114,1,0.16504,0.05494,0.00000,0.00000,0.09858,t_shape,clutter_safe,0.4600,0.18000,0.08883
full_ebm_transformer_compositional_v5,adversarial_clutter_gap,7,1,0,-0.00216,0.06572,0.11787,1,1,0,25.22448,1.52983,0,-1.22557,1,0.14720,0.05865,0.00000,0.00000,0.10506,t_shape,clutter_safe,0.4600,0.18000,1.47501
full_ebm_transformer_compositional_v5,adversarial_clutter_gap,7,2,0,-0.00206,0.01844,0.07050,1,1,0,44.81206,2.82320,0,-1.12687,1,0.18561,0.05743,0.00000,0.00000,0.11982,t_shape,clutter_safe,0.4600,0.18000,-0.37759
full_ebm_transformer_compositional_v5,adversarial_clutter_gap,7,3,0,0.07463,0.06722,0.06722,0,1,0,105.15789,5.37488,0,-0.57004,1,0.19719,0.06343,0.00000,0.00000,0.11512,t_shape,clutter_safe,0.4600,0.18000,-2.84781
full_ebm_transformer_compositional_v5,adversarial_clutter_gap,7,4,0,0.11922,0.05364,0.05364,0,1,0,89.08186,4.71599,0,-0.54176,1,0.17292,0.05694,0.03405,0.05676,0.11094,t_shape,clutter_safe,0.4600,0.18000,0.35276
full_ebm_transformer_compositional_v5,adversarial_clutter_gap,7,5,0,0.04996,0.04597,0.04601,1,1,0,77.54890,3.91833,0,-1.07586,1,0.19638,0.05819,0.00000,0.00000,0.10854,t_shape,clutter_safe,0.4600,0.18000,0.30871
full_ebm_transformer_compositional_v5,adversarial_clutter_gap,7,6,0,-0.00207,0.02083,0.07290,1,1,0,84.26825,4.74265,0,-1.13187,1,0.21189,0.05926,0.00000,0.00000,0.13581,t_shape,clutter_safe,0.4600,0.18000,2.92651
full_ebm_transformer_compositional_v5,adversarial_clutter_gap,7,7,0,-0.00206,0.06496,0.11702,1,1,0,14.97192,0.68226,0,-1.19838,1,0.18499,0.05595,0.00000,0.00000,0.12835,t_shape,clutter_safe,0.4600,0.18000,-3.10210
full_ebm_transformer_compositional_v5,adversarial_clutter_gap,7,8,0,-0.00458,0.04831,0.10289,1,1,0,47.54293,2.09952,0,-1.19435,1,0.21134,0.06061,0.00000,0.00000,0.07614,t_shape,clutter_safe,0.4600,0.16666,-1.85853
full_ebm_transformer_compositional_v5,adversarial_clutter_gap,7,9,0,-0.00206,0.07071,0.12277,1,1,0,79.83011,3.30503,0,-1.23000,1,0.23000,0.06414,0.00000,0.00000,0.11915,t_shape,clutter_safe,0.4600,0.18000,-0.00666
full_ebm_transformer_compositional_v5,adversarial_clutter_gap,7,10,0,0.09128,0.06581,0.06581,0,1,0,51.50388,2.49353,0,-0.56710,1,0.07892,0.05971,0.01717,0.02861,0.09161,t_shape,clutter_safe,0.4600,0.18000,-0.19773
full_ebm_transformer_compositional_v5,adversarial_clutter_gap,7,11,0,0.03280,0.02842,0.04562,1,1,0,53.61910,2.62990,0,-1.07504,1,0.27147,0.06473,0.00000,0.00000,0.07847,t_shape,clutter_safe,0.4600,0.15108,2.79486
full_ebm_transformer_compositional_v5,adversarial_clutter_gap,7,12,0,0.03973,0.05076,0.06104,1,1,0,60.02334,2.64692,0,-1.10716,1,0.17960,0.05873,0.00000,0.00000,0.11450,t_shape,clutter_safe,0.4600,0.18000,0.32526
full_ebm_transformer_compositional_v5,adversarial_clutter_gap,7,13,0,-0.00206,0.10919,0.16125,1,1,0,8.57096,0.72595,0,-1.20808,1,0.21810,0.05667,0.01080,0.01800,0.01233,t_shape,clutter_safe,0.4600,0.15341,1.73979
full_ebm_transformer_compositional_v5,adversarial_clutter_gap,7,14,0,0.04768,0.01597,0.01829,1,1,0,88.22673,4.51396,0,-1.01811,1,0.15558,0.05836,0.00000,0.00000,0.12915,t_shape,clutter_safe,0.4600,0.18000,0.21905
full_ebm_transformer_compositional_v5,material_shift_proxy,0,0,1,0.15446,0.03927,0.03927,0,0,0,42.03923,3.14135,1,0.83819,1,0.03184,0.25863,0.00149,0.00000,0.00576,cylinder,lift,0.2400,0.09293,-0.52777
full_ebm_transformer_compositional_v5,material_shift_proxy,0,1,0,0.01548,0.09377,0.12829,1,0,0,44.61831,2.10261,1,-0.88000,1,0.09291,0.26009,0.02947,0.00000,0.01630,cylinder,lift,0.2400,0.08723,0.95474
full_ebm_transformer_compositional_v5,material_shift_proxy,0,2,0,0.01374,0.03990,0.07616,1,0,0,36.77609,2.02442,1,-0.78866,1,0.10419,0.25658,0.00544,0.00000,0.00951,cylinder,lift,0.2400,0.08578,-0.45666
full_ebm_transformer_compositional_v5,material_shift_proxy,0,3,0,0.01784,0.01413,0.04629,1,0,0,41.02714,1.99735,1,-0.72643,1,0.03550,0.25382,0.00034,0.00000,0.01383,cylinder,lift,0.2400,0.09335,0.54418
full_ebm_transformer_compositional_v5,material_shift_proxy,0,4,1,0.16651,0.05737,0.05737,0,0,0,33.41141,2.80059,1,0.80048,1,0.12025,0.54558,0.03458,0.00000,0.00155,cylinder,lift,0.2400,0.10803,-0.35810
full_ebm_transformer_compositional_v5,material_shift_proxy,0,5,1,0.11314,0.09886,0.09886,0,0,0,40.81368,2.54083,1,0.71404,1,0.03210,0.25774,0.01014,0.00000,0.00544,cylinder,lift,0.2400,0.09288,-0.56469
full_ebm_transformer_compositional_v5,material_shift_proxy,0,6,0,0.01722,0.00918,0.04197,1,0,0,42.65018,2.03565,1,-0.71743,1,0.07087,0.25264,0.04099,0.00000,0.00922,cylinder,lift,0.2400,0.08921,-1.24598
full_ebm_transformer_compositional_v5,material_shift_proxy,0,7,0,0.01170,0.05534,0.09364,1,0,0,41.62045,2.25244,1,-0.82508,1,0.08509,0.25917,0.02654,0.00000,0.02500,cylinder,lift,0.2400,0.08929,-0.95388
full_ebm_transformer_compositional_v5,material_shift_proxy,0,8,0,0.01179,0.07770,0.11591,1,0,0,44.61968,1.71343,1,-0.87148,1,0.09501,0.26034,0.00859,0.00000,0.02286,cylinder,lift,0.2400,0.08804,0.14943
full_ebm_transformer_compositional_v5,material_shift_proxy,0,9,0,0.01297,0.04038,0.07741,1,0,0,43.72614,1.90866,1,-0.79127,1,0.07833,0.25498,0.02608,0.00000,0.01936,cylinder,lift,0.2400,0.08873,0.89088
full_ebm_transformer_compositional_v5,material_shift_proxy,0,10,1,0.16192,0.04568,0.04568,0,0,0,37.88933,2.93049,1,0.82484,1,0.04852,0.36734,0.04546,0.00000,0.00318,cylinder,lift,0.2400,0.10041,2.06162
full_ebm_transformer_compositional_v5,material_shift_proxy,0,11,1,0.10315,0.03953,0.03953,0,0,0,41.98517,2.64631,1,0.83765,1,0.08907,0.25384,0.03571,0.00000,0.01439,cylinder,lift,0.2400,0.08783,-1.23673
full_ebm_transformer_compositional_v5,material_shift_proxy,0,12,1,0.16650,0.02569,0.02569,0,0,0,35.23194,2.93876,1,0.86649,1,0.08627,0.45806,0.01483,0.00000,0.00239,cylinder,lift,0.2400,0.10442,0.30948
full_ebm_transformer_compositional_v5,material_shift_proxy,0,13,0,0.03198,0.11363,0.13165,1,0,0,32.11453,1.70745,1,-0.88000,1,0.12590,0.53117,0.01216,0.00000,0.01509,cylinder,lift,0.2400,0.10729,0.44883
full_ebm_transformer_compositional_v5,material_shift_proxy,0,14,0,0.01335,0.00739,0.04404,1,0,0,46.07506,2.26591,1,-0.72175,1,0.10235,0.25226,0.04999,0.00000,0.00521,cylinder,lift,0.2400,0.08555,1.96453
full_ebm_transformer_compositional_v5,material_shift_proxy,1,0,1,0.11474,0.05826,0.05826,0,0,0,41.87060,2.69147,1,0.79863,1,0.04778,0.25333,0.01231,0.00000,0.00953,cylinder,lift,0.2400,0.09165,-2.47206
full_ebm_transformer_compositional_v5,material_shift_proxy,1,1,0,0.01534,0.05623,0.09089,1,0,0,28.55104,1.52865,1,-0.81936,1,0.06385,0.38236,0.01654,0.00000,0.01239,cylinder,lift,0.2400,0.10110,0.10003
full_ebm_transformer_compositional_v5,material_shift_proxy,1,2,1,0.16571,0.06295,0.06295,0,0,0,42.56820,3.47485,1,0.78885,1,0.04815,0.25787,0.04993,0.00000,0.00472,cylinder,lift,0.2400,0.09114,2.09076
full_ebm_transformer_compositional_v5,material_shift_proxy,1,3,1,0.14936,0.03442,0.03442,0,0,0,44.03104,3.24210,1,0.84829,1,0.09500,0.25469,0.04992,0.00000,0.00902,cylinder,lift,0.2400,0.08669,0.95946
full_ebm_transformer_compositional_v5,material_shift_proxy,1,4,1,0.10504,0.02150,0.02150,0,0,0,37.19787,2.24193,1,0.87522,1,0.03209,0.30649,0.01102,0.00000,0.01091,cylinder,lift,0.2400,0.09795,0.01085
full_ebm_transformer_compositional_v5,material_shift_proxy,1,5,1,0.15819,0.04625,0.04625,0,0,0,35.43461,2.63305,1,0.82365,1,0.06633,0.39880,0.02630,0.00000,0.00681,cylinder,lift,0.2400,0.10191,-0.04258
full_ebm_transformer_compositional_v5,material_shift_proxy,1,6,1,0.16389,0.01547,0.01547,0,0,0,38.54188,2.94273,1,0.88778,1,0.03457,0.32540,0.04082,0.00000,0.00526,cylinder,lift,0.2400,0.09876,1.00686
full_ebm_transformer_compositional_v5,material_shift_proxy,1,7,0,0.11862,0.11093,0.11093,0,0,0,42.01879,2.75025,1,-0.31110,1,0.02893,0.25849,0.00041,0.00000,0.02230,cylinder,lift,0.2400,0.09326,0.33405
full_ebm_transformer_compositional_v5,material_shift_proxy,1,8,1,0.12521,0.06148,0.06148,0,0,0,31.40901,2.18657,1,0.79191,1,0.06326,0.39813,0.04088,0.00000,0.00666,cylinder,lift,0.2400,0.10160,0.80972
full_ebm_transformer_compositional_v5,material_shift_proxy,1,9,1,0.10352,0.05664,0.05664,0,0,0,41.87648,2.55208,1,0.80200,1,0.05456,0.25523,0.04644,0.00000,0.00600,cylinder,lift,0.2400,0.09059,-1.40258
full_ebm_transformer_compositional_v5,material_shift_proxy,1,10,1,0.12621,0.03459,0.03459,0,0,0,36.37558,2.42020,1,0.84793,1,0.07491,0.41840,0.00215,0.00000,0.00983,cylinder,lift,0.2400,0.10250,0.28661
full_ebm_transformer_compositional_v5,material_shift_proxy,1,11,1,0.14481,0.01828,0.01828,0,0,0,33.90981,2.40304,1,0.88193,1,0.10175,0.48615,0.03686,0.00000,0.00718,cylinder,lift,0.2400,0.10556,0.43433
full_ebm_transformer_compositional_v5,material_shift_proxy,1,12,0,0.01169,0.03816,0.07647,1,0,0,39.20435,1.70004,1,-0.78931,1,0.02439,0.25655,0.03407,0.00000,0.01613,cylinder,lift,0.2400,0.09473,2.85457
full_ebm_transformer_compositional_v5,material_shift_proxy,1,13,1,0.15653,0.03552,0.03552,0,0,0,43.88496,3.31780,1,0.84601,1,0.08903,0.25286,0.04954,0.00000,0.00329,cylinder,lift,0.2400,0.08674,-1.91588
full_ebm_transformer_compositional_v5,material_shift_proxy,1,14,1,0.16257,0.03032,0.03032,0,0,0,39.35748,3.06636,1,0.85684,1,0.04143,0.25357,0.04996,0.00000,0.02236,cylinder,lift,0.2400,0.09357,-1.81145
full_ebm_transformer_compositional_v5,material_shift_proxy,2,0,1,0.15491,0.04056,0.04056,0,0,0,40.70321,3.02799,1,0.83550,1,0.01268,0.25483,0.03915,0.00000,0.00447,cylinder,lift,0.2400,0.09480,1.81012
full_ebm_transformer_compositional_v5,material_shift_proxy,2,1,0,0.01138,0.05677,0.09538,1,0,0,38.01992,1.50575,1,-0.82872,1,0.03135,0.28564,0.01400,0.00000,0.02111,cylinder,lift,0.2400,0.09687,0.29445
full_ebm_transformer_compositional_v5,material_shift_proxy,2,2,0,0.01428,0.00948,0.04520,1,0,0,41.39027,1.93487,1,-0.72417,1,0.07567,0.25270,0.03303,0.00000,0.01423,cylinder,lift,0.2400,0.08921,0.41436
full_ebm_transformer_compositional_v5,material_shift_proxy,2,3,1,0.09721,0.07524,0.07524,0,0,0,42.41240,2.62164,1,0.76324,1,0.06362,0.26107,0.04688,0.00000,0.00918,cylinder,lift,0.2400,0.08996,0.94498
full_ebm_transformer_compositional_v5,material_shift_proxy,2,4,0,0.01095,0.00752,0.04656,1,0,0,38.14738,1.91727,1,-0.72700,1,0.02663,0.29173,0.00302,0.00000,0.01112,cylinder,lift,0.2400,0.09736,-0.01538
full_ebm_transformer_compositional_v5,material_shift_proxy,2,5,0,0.02000,0.00649,0.03649,1,0,0,42.50623,2.09489,1,-0.70602,1,0.07760,0.25256,0.04741,0.00000,0.01457,cylinder,lift,0.2400,0.08904,1.46130
full_ebm_transformer_compositional_v5,material_shift_proxy,2,6,1,0.13247,0.06526,0.06526,0,0,0,36.04967,2.41910,1,0.78404,1,0.07554,0.42333,0.05000,0.00000,0.00628,cylinder,lift,0.2400,0.10292,1.02433
full_ebm_transformer_compositional_v5,material_shift_proxy,2,7,0,0.01111,0.09530,0.13419,1,0,0,42.98948,2.35648,1,-0.88000,1,0.07766,0.26262,0.04761,0.00000,0.03582,cylinder,lift,0.2400,0.09011,0.94959
full_ebm_transformer_compositional_v5,material_shift_proxy,2,8,1,0.13843,0.07891,0.07891,0,0,0,37.15933,2.62839,1,0.75561,1,0.03153,0.32070,0.04999,0.00000,0.00616,cylinder,lift,0.2400,0.09835,1.56953
full_ebm_transformer_compositional_v5,material_shift_proxy,2,9,1,0.10205,0.06697,0.06697,0,0,0,37.36209,2.29483,1,0.78047,1,0.03829,0.30985,0.05000,0.00000,0.01806,cylinder,lift,0.2400,0.09789,1.32922
full_ebm_transformer_compositional_v5,material_shift_proxy,2,10,1,0.11940,0.02820,0.02820,0,0,0,35.25987,2.28067,1,0.86125,1,0.06678,0.39716,0.00255,0.00000,0.00998,cylinder,lift,0.2400,0.10164,-0.39471
full_ebm_transformer_compositional_v5,material_shift_proxy,2,11,0,0.01179,0.02351,0.06172,1,0,0,41.06626,1.41720,1,-0.75858,1,0.10595,0.25225,0.01216,0.00000,0.03130,cylinder,lift,0.2400,0.08774,-0.26806
full_ebm_transformer_compositional_v5,material_shift_proxy,2,12,1,0.10735,0.06269,0.06269,0,0,0,42.82280,2.68828,1,0.78939,1,0.09293,0.25575,0.04738,0.00000,0.01663,cylinder,lift,0.2400,0.08765,1.37331
full_ebm_transformer_compositional_v5,material_shift_proxy,2,13,1,0.14581,0.04377,0.04377,0,0,0,44.61322,3.20112,1,0.82881,1,0.07741,0.25887,0.04213,0.00000,0.00815,cylinder,lift,0.2400,0.08786,0.67549
full_ebm_transformer_compositional_v5,material_shift_proxy,2,14,1,0.10891,0.10408,0.10408,0,0,0,41.26229,2.47007,1,0.70316,1,0.03924,0.25816,0.00675,0.00000,0.00414,cylinder,lift,0.2400,0.09201,-0.21471
full_ebm_transformer_compositional_v5,material_shift_proxy,3,0,0,0.01178,0.05160,0.08982,1,0,0,33.00585,1.54464,1,-0.81713,1,0.11201,0.25804,0.00254,0.00000,0.01418,cylinder,lift,0.2400,0.08542,0.65034
full_ebm_transformer_compositional_v5,material_shift_proxy,3,1,1,0.14376,0.07023,0.07023,0,0,0,43.51262,3.10438,1,0.77369,1,0.05713,0.25703,0.04808,0.00000,0.01635,cylinder,lift,0.2400,0.09008,1.49666
full_ebm_transformer_compositional_v5,material_shift_proxy,3,2,0,0.01176,0.02181,0.06005,1,0,0,40.81090,1.59087,1,-0.75510,1,0.06530,0.25394,0.00901,0.00000,0.02250,cylinder,lift,0.2400,0.09110,0.24273
full_ebm_transformer_compositional_v5,material_shift_proxy,3,3,1,0.08930,0.02990,0.02990,0,0,0,42.30547,2.52384,1,0.85771,1,0.05447,0.25244,0.00249,0.00000,0.00935,cylinder,lift,0.2400,0.09093,-0.64015
full_ebm_transformer_compositional_v5,material_shift_proxy,3,4,1,0.15298,0.02266,0.02266,0,0,0,38.65474,2.86782,1,0.87279,1,0.04078,0.33193,0.00009,0.00000,0.00915,cylinder,lift,0.2400,0.09902,0.58365
full_ebm_transformer_compositional_v5,material_shift_proxy,3,5,0,0.01179,0.04391,0.08211,1,0,0,42.11811,1.61035,1,-0.80107,1,0.10859,0.25701,0.03110,0.00000,0.02271,cylinder,lift,0.2400,0.08662,0.97846
full_ebm_transformer_compositional_v5,material_shift_proxy,3,6,1,0.14897,0.09200,0.09200,0,0,0,43.39715,3.22448,1,0.72834,1,0.08131,0.26048,0.04542,0.00000,0.00483,cylinder,lift,0.2400,0.08770,-1.63527
full_ebm_transformer_compositional_v5,material_shift_proxy,3,7,0,0.12993,0.13222,0.13222,0,0,0,40.44785,2.24476,1,-0.33000,1,0.02530,0.26189,0.02266,0.00000,0.00279,cylinder,lift,0.2400,0.09332,2.23509
full_ebm_transformer_compositional_v5,material_shift_proxy,3,8,1,0.08288,0.06041,0.06041,0,0,0,40.12667,2.07426,1,0.79415,1,0.02570,0.29262,0.02834,0.00000,0.02719,cylinder,lift,0.2400,0.09729,0.58985
full_ebm_transformer_compositional_v5,material_shift_proxy,3,9,1,0.14137,0.05053,0.05053,0,0,0,38.57555,2.72676,1,0.81473,1,0.03381,0.31249,0.04399,0.00000,0.00989,cylinder,lift,0.2400,0.09823,1.16810
full_ebm_transformer_compositional_v5,material_shift_proxy,3,10,1,0.12530,0.07644,0.07644,0,0,0,42.35812,2.79533,1,0.76076,1,0.07658,0.25480,0.01404,0.00000,0.01024,cylinder,lift,0.2400,0.08872,-0.20094
full_ebm_transformer_compositional_v5,material_shift_proxy,3,11,1,0.13231,0.08588,0.08588,0,0,0,35.64065,2.32351,1,0.74109,1,0.08465,0.43595,0.00484,0.00000,0.01095,cylinder,lift,0.2400,0.10341,0.06276
full_ebm_transformer_compositional_v5,material_shift_proxy,3,12,1,0.13513,0.08832,0.08832,0,0,0,42.45297,2.99668,1,0.73600,1,0.07226,0.25874,0.03940,0.00000,0.01069,cylinder,lift,0.2400,0.08922,-1.70511
full_ebm_transformer_compositional_v5,material_shift_proxy,3,13,0,0.01179,0.02172,0.05992,1,0,0,39.58712,1.41915,1,-0.75484,1,0.10917,0.25250,0.04999,0.00000,0.03302,cylinder,lift,0.2400,0.08757,1.76210
full_ebm_transformer_compositional_v5,material_shift_proxy,3,14,0,0.01147,0.08342,0.12195,1,0,0,44.95355,2.54350,1,-0.88000,1,0.10051,0.26249,0.01120,0.00000,0.00901,cylinder,lift,0.2400,0.08611,0.10160
full_ebm_transformer_compositional_v5,material_shift_proxy,4,0,0,0.01562,0.03180,0.06618,1,0,0,41.33032,2.07790,1,-0.76787,1,0.05569,0.25528,0.04922,0.00000,0.01401,cylinder,lift,0.2400,0.09127,-1.68013
full_ebm_transformer_compositional_v5,material_shift_proxy,4,1,0,0.01169,0.06283,0.10113,1,0,0,42.00124,1.69461,1,-0.84070,1,0.06105,0.25857,0.00328,0.00000,0.02107,cylinder,lift,0.2400,0.09091,0.35684
full_ebm_transformer_compositional_v5,material_shift_proxy,4,2,0,0.01177,0.02581,0.06404,1,0,0,41.33799,1.69009,1,-0.76342,1,0.07692,0.25511,0.01361,0.00000,0.03277,cylinder,lift,0.2400,0.08964,0.36266
full_ebm_transformer_compositional_v5,material_shift_proxy,4,3,0,0.01293,0.02205,0.05912,1,0,0,44.33143,1.80997,1,-0.75318,1,0.10421,0.25405,0.04893,0.00000,0.01240,cylinder,lift,0.2400,0.08606,1.86647
full_ebm_transformer_compositional_v5,material_shift_proxy,4,4,0,0.01285,0.03424,0.07138,1,0,0,42.95268,2.00050,1,-0.77872,1,0.07576,0.25550,0.02377,0.00000,0.01455,cylinder,lift,0.2400,0.08923,2.21500
full_ebm_transformer_compositional_v5,material_shift_proxy,4,5,0,0.06097,0.03559,0.03559,1,0,0,39.20729,2.17725,1,-0.70414,1,0.01337,0.25389,0.05000,0.00000,0.01143,cylinder,lift,0.2400,0.09541,1.90315
full_ebm_transformer_compositional_v5,material_shift_proxy,4,6,0,0.01179,0.06950,0.10771,1,0,0,41.03707,1.55435,1,-0.85440,1,0.11891,0.25825,0.03933,0.00000,0.03006,cylinder,lift,0.2400,0.08627,1.72423
full_ebm_transformer_compositional_v5,material_shift_proxy,4,7,0,0.01179,0.02032,0.05853,1,0,0,42.74098,1.41303,1,-0.75193,1,0.08881,0.25322,0.02840,0.00000,0.01182,cylinder,lift,0.2400,0.08761,1.17093
full_ebm_transformer_compositional_v5,material_shift_proxy,4,8,0,0.01220,0.05579,0.09359,1,0,0,40.01729,2.05477,1,-0.82498,1,0.04177,0.25799,0.04595,0.00000,0.01988,cylinder,lift,0.2400,0.09329,-1.18349
full_ebm_transformer_compositional_v5,material_shift_proxy,4,9,0,0.00691,0.03151,0.07460,1,0,0,38.70115,2.03056,1,-0.78541,1,0.02127,0.27764,0.03567,0.00000,0.01302,cylinder,lift,0.2400,0.09661,-1.17679
full_ebm_transformer_compositional_v5,material_shift_proxy,4,10,1,0.08823,0.03274,0.03274,0,0,0,41.39923,2.43405,1,0.85179,1,0.03773,0.25249,0.04529,0.00000,0.01056,cylinder,lift,0.2400,0.09279,1.62092
full_ebm_transformer_compositional_v5,material_shift_proxy,4,11,1,0.16480,0.01264,0.01264,0,0,0,45.62155,3.61387,1,0.89366,1,0.10484,0.25326,0.04007,0.00000,0.00661,cylinder,lift,0.2400,0.08543,1.88420
full_ebm_transformer_compositional_v5,material_shift_proxy,4,12,0,0.01179,0.01704,0.05525,1,0,0,37.91293,1.50268,1,-0.74510,1,0.06773,0.25553,0.01070,0.00000,0.03047,cylinder,lift,0.2400,0.09163,-0.22680
full_ebm_transformer_compositional_v5,material_shift_proxy,4,13,1,0.11965,0.02935,0.02935,0,0,0,41.32321,2.73023,1,0.85885,1,0.05439,0.25672,0.03192,0.00000,0.00648,cylinder,lift,0.2400,0.09066,2.51766
full_ebm_transformer_compositional_v5,material_shift_proxy,4,14,1,0.16587,0.10029,0.10029,0,0,0,39.33769,3.26596,1,0.71107,1,0.01786,0.26256,0.04830,0.00000,0.01157,cylinder,lift,0.2400,0.09496,-0.82821
full_ebm_transformer_compositional_v5,material_shift_proxy,5,0,0,0.00878,0.06993,0.11115,1,0,0,39.57192,1.97121,1,-0.86157,1,0.01457,0.27717,0.02239,0.00000,0.00704,cylinder,lift,0.2400,0.09650,-2.24686
full_ebm_transformer_compositional_v5,material_shift_proxy,5,1,0,0.01178,0.00162,0.03984,1,0,0,35.33028,1.37572,1,-0.71300,1,0.05934,0.33732,0.00251,0.00000,0.02596,cylinder,lift,0.2400,0.09930,-0.07703
full_ebm_transformer_compositional_v5,material_shift_proxy,5,2,0,0.01138,0.04184,0.08046,1,0,0,42.83247,1.77131,1,-0.79763,1,0.07765,0.25681,0.01637,0.00000,0.01807,cylinder,lift,0.2400,0.08938,-0.25338
full_ebm_transformer_compositional_v5,material_shift_proxy,5,3,1,0.15281,0.06739,0.06739,0,0,0,38.22816,2.77305,1,0.77961,1,0.03071,0.32105,0.02572,0.00000,0.00417,cylinder,lift,0.2400,0.09846,1.11591
full_ebm_transformer_compositional_v5,material_shift_proxy,5,4,1,0.16313,0.02499,0.02499,0,0,0,39.26383,3.08261,1,0.86795,1,0.01891,0.25435,0.04300,0.00000,0.01887,cylinder,lift,0.2400,0.09557,-1.19054
full_ebm_transformer_compositional_v5,material_shift_proxy,5,5,1,0.12008,0.06134,0.06134,0,0,0,42.29646,2.76129,1,0.79221,1,0.08059,0.25544,0.04636,0.00000,0.00845,cylinder,lift,0.2400,0.08813,1.64421
full_ebm_transformer_compositional_v5,material_shift_proxy,5,6,0,0.01790,0.02249,0.05460,1,0,0,42.65666,2.34156,1,-0.74374,1,0.09801,0.25216,0.05000,0.00000,0.01539,cylinder,lift,0.2400,0.08700,2.02034
full_ebm_transformer_compositional_v5,material_shift_proxy,5,7,0,0.01179,0.02603,0.06423,1,0,0,37.86678,1.46285,1,-0.76382,1,0.05079,0.25571,0.02656,0.00000,0.03670,cylinder,lift,0.2400,0.09400,0.72907
full_ebm_transformer_compositional_v5,material_shift_proxy,5,8,1,0.16247,0.03505,0.03505,0,0,0,37.81240,2.93829,1,0.84699,1,0.02556,0.30448,0.04409,0.00000,0.00546,cylinder,lift,0.2400,0.09780,-1.65555
full_ebm_transformer_compositional_v5,material_shift_proxy,5,9,0,0.01489,0.07759,0.11270,1,0,0,42.95112,1.84456,1,-0.86480,1,0.05654,0.25804,0.02274,0.00000,0.00710,cylinder,lift,0.2400,0.09050,-0.77486
full_ebm_transformer_compositional_v5,material_shift_proxy,5,10,0,0.00990,0.04412,0.08422,1,0,0,40.61360,1.85908,1,-0.80546,1,0.01814,0.25468,0.04597,0.00000,0.01130,cylinder,lift,0.2400,0.09490,-0.75111
full_ebm_transformer_compositional_v5,material_shift_proxy,5,11,0,0.01775,0.07679,0.10905,1,0,0,39.73042,1.79249,1,-0.85718,1,0.03397,0.29196,0.04905,0.00000,0.02134,cylinder,lift,0.2400,0.09712,1.44232
full_ebm_transformer_compositional_v5,material_shift_proxy,5,12,0,0.01179,0.05880,0.09701,1,0,0,39.85840,1.50418,1,-0.83211,1,0.05080,0.25767,0.00184,0.00000,0.06158,cylinder,lift,0.2400,0.09318,0.24364
full_ebm_transformer_compositional_v5,material_shift_proxy,5,13,0,0.01457,0.01143,0.04686,1,0,0,41.99497,2.02446,1,-0.72763,1,0.06508,0.25221,0.04901,0.00000,0.01212,cylinder,lift,0.2400,0.09010,-2.36546
full_ebm_transformer_compositional_v5,material_shift_proxy,5,14,0,0.01294,0.02389,0.06094,1,0,0,38.95115,2.01982,1,-0.75697,1,0.02827,0.25352,0.04990,0.00000,0.00979,cylinder,lift,0.2400,0.09370,1.43594
full_ebm_transformer_compositional_v5,material_shift_proxy,6,0,1,0.16472,0.01097,0.01097,0,0,0,61.61921,3.08503,1,0.89714,1,0.03023,0.25370,0.01224,0.00000,0.00566,cylinder,lift,0.2400,0.09309,-2.46338
full_ebm_transformer_compositional_v5,material_shift_proxy,6,1,0,0.01076,0.06361,0.10284,1,0,0,43.13703,2.01315,1,-0.84425,1,0.10523,0.25631,0.01946,0.00000,0.01071,cylinder,lift,0.2400,0.08579,2.23965
full_ebm_transformer_compositional_v5,material_shift_proxy,6,2,0,0.01329,0.00866,0.04537,1,0,0,41.63062,1.78404,1,-0.72451,1,0.05854,0.25266,0.03900,0.00000,0.01467,cylinder,lift,0.2400,0.09103,0.87896
full_ebm_transformer_compositional_v5,material_shift_proxy,6,3,0,0.01179,0.09286,0.13107,1,0,0,65.72036,1.45002,1,-0.88000,1,0.10291,0.26094,0.01947,0.00000,0.00793,cylinder,lift,0.2400,0.08576,0.85357
full_ebm_transformer_compositional_v5,material_shift_proxy,6,4,1,0.12178,0.08555,0.08555,0,0,0,37.52213,2.51205,1,0.74178,1,0.03991,0.33450,0.03760,0.00000,0.00898,cylinder,lift,0.2400,0.09895,-1.40169
full_ebm_transformer_compositional_v5,material_shift_proxy,6,5,0,0.01022,0.05812,0.09789,1,0,0,44.57103,2.43560,1,-0.83394,1,0.09208,0.25783,0.04910,0.00000,0.01061,cylinder,lift,0.2400,0.08715,1.56133
full_ebm_transformer_compositional_v5,material_shift_proxy,6,6,1,0.09924,0.04586,0.04586,0,0,0,44.44663,2.62550,1,0.82446,1,0.06179,0.25284,0.04580,0.00000,0.02501,cylinder,lift,0.2400,0.09022,-0.69830
full_ebm_transformer_compositional_v5,material_shift_proxy,6,7,1,0.15381,0.03696,0.03696,0,0,0,39.65889,2.92263,1,0.84300,1,0.01320,0.27346,0.03164,0.00000,0.00575,cylinder,lift,0.2400,0.09649,-1.23024
full_ebm_transformer_compositional_v5,material_shift_proxy,6,8,0,0.01116,0.03034,0.06918,1,0,0,42.69870,1.73547,1,-0.77413,1,0.08392,0.25511,0.02338,0.00000,0.03198,cylinder,lift,0.2400,0.09009,0.06904
full_ebm_transformer_compositional_v5,material_shift_proxy,6,9,0,0.01169,0.00968,0.04799,1,0,0,31.06730,1.74458,1,-0.72998,1,0.04313,0.25322,0.04266,0.00000,0.01642,cylinder,lift,0.2400,0.09166,0.78716
full_ebm_transformer_compositional_v5,material_shift_proxy,6,10,1,0.10999,0.06822,0.06822,0,0,0,41.61335,2.67595,1,0.77788,1,0.07177,0.25626,0.04997,0.00000,0.01209,cylinder,lift,0.2400,0.08940,1.78923
full_ebm_transformer_compositional_v5,material_shift_proxy,6,11,0,0.01352,0.02510,0.06157,1,0,0,49.60698,1.56862,1,-0.75828,1,0.03179,0.25488,0.02713,0.00000,0.01671,cylinder,lift,0.2400,0.09402,-2.32903
full_ebm_transformer_compositional_v5,material_shift_proxy,6,12,0,0.01147,0.09294,0.13147,1,0,0,36.31747,1.62660,1,-0.88000,1,0.03707,0.26226,0.01377,0.00000,0.02613,cylinder,lift,0.2400,0.09439,-0.24050
full_ebm_transformer_compositional_v5,material_shift_proxy,6,13,1,0.16466,0.04689,0.04689,0,0,0,39.24271,3.11995,1,0.82231,1,0.01928,0.29039,0.00084,0.00000,0.00625,cylinder,lift,0.2400,0.09707,0.04248
full_ebm_transformer_compositional_v5,material_shift_proxy,6,14,0,0.01179,0.03810,0.07631,1,0,0,43.50247,1.58565,1,-0.78898,1,0.11397,0.25757,0.03990,0.00000,0.05911,cylinder,lift,0.2400,0.08597,0.70871
full_ebm_transformer_compositional_v5,material_shift_proxy,7,0,0,0.06758,0.04982,0.04982,1,0,0,41.52227,2.29898,1,-0.73380,1,0.04813,0.25857,0.04676,0.00000,0.00796,cylinder,lift,0.2400,0.09146,0.68946
full_ebm_transformer_compositional_v5,material_shift_proxy,7,1,0,0.01411,0.00977,0.04566,1,0,0,38.50694,1.83858,1,-0.72512,1,0.02109,0.26781,0.00481,0.00000,0.01624,cylinder,lift,0.2400,0.09628,-0.21042
full_ebm_transformer_compositional_v5,material_shift_proxy,7,2,1,0.16650,0.06685,0.06685,0,0,0,43.41157,3.62648,1,0.78073,1,0.08600,0.25864,0.00114,0.00000,0.00329,cylinder,lift,0.2400,0.08706,0.37065
full_ebm_transformer_compositional_v5,material_shift_proxy,7,3,0,0.01179,0.03539,0.07360,1,0,0,38.27619,1.39053,1,-0.78333,1,0.03493,0.27653,0.00051,0.00000,0.02748,cylinder,lift,0.2400,0.09661,0.52699
full_ebm_transformer_compositional_v5,material_shift_proxy,7,4,1,0.07335,0.02240,0.02240,0,0,0,43.18927,2.43949,1,0.87334,1,0.08698,0.25549,0.01789,0.00000,0.01781,cylinder,lift,0.2400,0.08838,0.64765
full_ebm_transformer_compositional_v5,material_shift_proxy,7,5,1,0.12296,0.05484,0.05484,0,0,0,38.24606,2.52872,1,0.80575,1,0.01725,0.26860,0.04677,0.00000,0.01219,cylinder,lift,0.2400,0.09628,-1.58577
full_ebm_transformer_compositional_v5,material_shift_proxy,7,6,0,0.01133,0.04344,0.08210,1,0,0,40.55597,1.95775,1,-0.80104,1,0.04783,0.25651,0.04813,0.00000,0.01549,cylinder,lift,0.2400,0.09223,0.87594
full_ebm_transformer_compositional_v5,material_shift_proxy,7,7,0,0.01876,0.05161,0.08284,1,0,0,44.23435,2.38859,1,-0.80259,1,0.09428,0.25532,0.04642,0.00000,0.00717,cylinder,lift,0.2400,0.08658,0.61336
full_ebm_transformer_compositional_v5,material_shift_proxy,7,8,1,0.10291,0.06689,0.06689,0,0,0,40.58283,2.43346,1,0.78064,1,0.02791,0.25780,0.04988,0.00000,0.00872,cylinder,lift,0.2400,0.09363,1.68029
full_ebm_transformer_compositional_v5,material_shift_proxy,7,9,1,0.14437,0.04525,0.04525,0,0,0,34.18581,2.20189,1,0.82572,1,0.11851,0.52524,0.01506,0.00000,0.00636,cylinder,lift,0.2400,0.10738,0.86650
full_ebm_transformer_compositional_v5,material_shift_proxy,7,10,0,0.01177,0.02197,0.06021,1,0,0,38.58743,1.58624,1,-0.75543,1,0.06943,0.25480,0.01926,0.00000,0.02496,cylinder,lift,0.2400,0.09091,0.63748
full_ebm_transformer_compositional_v5,material_shift_proxy,7,11,1,0.15561,0.08931,0.08931,0,0,0,37.38862,2.87078,1,0.73394,1,0.03626,0.33607,0.04344,0.00000,0.00504,cylinder,lift,0.2400,0.09896,-1.70690
full_ebm_transformer_compositional_v5,material_shift_proxy,7,12,1,0.12564,0.03306,0.03306,0,0,0,41.30500,2.73339,1,0.85112,1,0.05185,0.25777,0.03882,0.00000,0.01035,cylinder,lift,0.2400,0.09130,-0.60874
full_ebm_transformer_compositional_v5,material_shift_proxy,7,13,1,0.15252,0.04649,0.04649,0,0,0,36.77109,2.74853,1,0.82314,1,0.03618,0.33578,0.00258,0.00000,0.00515,cylinder,lift,0.2400,0.09894,-0.34808
full_ebm_transformer_compositional_v5,material_shift_proxy,7,14,1,0.16645,0.04795,0.04795,0,0,0,38.99788,3.25760,1,0.82011,1,0.03640,0.31713,0.00234,0.00000,0.01221,cylinder,lift,0.2400,0.09827,-0.14321
no_object_energy,combined_composition_shift,0,0,0,-0.00206,0.05950,0.11156,1,1,0,6.07011,0.67733,0,-1.18660,1,0.23137,0.13513,0.00000,0.00000,0.17311,t_shape,clutter_safe,0.3800,0.18000,-0.17400
no_object_energy,combined_composition_shift,0,1,0,-0.00206,0.03027,0.08232,1,1,0,48.19055,2.55113,0,-1.15151,1,0.21430,0.13590,0.00000,0.00000,0.12750,t_shape,clutter_safe,0.3800,0.18000,-2.80327
no_object_energy,combined_composition_shift,0,2,0,-0.00206,0.08314,0.13520,1,1,0,24.92182,0.69450,0,-1.20556,1,0.14071,0.12769,0.00000,0.00000,0.14878,t_shape,clutter_safe,0.3800,0.18000,-0.03426
no_object_energy,combined_composition_shift,0,3,0,-0.00268,0.03195,0.08464,1,1,0,48.93279,2.25074,0,-1.15633,1,0.20211,0.12872,0.00000,0.00000,0.12418,t_shape,clutter_safe,0.3800,0.18000,3.07098
no_object_energy,combined_composition_shift,0,4,0,0.12445,0.12819,0.12819,0,1,0,104.34923,7.28199,0,-0.68000,1,0.24554,0.13658,0.00000,0.00000,0.13388,t_shape,clutter_safe,0.3800,0.18000,0.21859
no_object_energy,combined_composition_shift,0,5,0,0.16105,0.04649,0.04649,0,1,0,53.27801,3.65323,0,-0.52684,1,0.19738,0.12619,0.00000,0.00000,0.10545,t_shape,clutter_safe,0.3800,0.18000,-2.84338
no_object_energy,combined_composition_shift,0,6,0,0.02497,0.06234,0.08737,1,1,0,59.76247,2.63434,0,-1.16201,1,0.19018,0.12878,0.00000,0.00000,0.10237,t_shape,clutter_safe,0.3800,0.18000,-0.07133
no_object_energy,combined_composition_shift,0,7,0,0.15585,0.04666,0.04666,0,1,0,79.42570,6.51815,0,-0.52720,1,0.13834,0.13059,0.00000,0.00000,0.12064,t_shape,clutter_safe,0.3800,0.18000,-0.18608
no_object_energy,combined_composition_shift,0,8,0,0.16237,0.04416,0.04416,0,1,0,78.99225,6.46736,0,-0.52199,1,0.18319,0.13100,0.00000,0.00000,0.12147,t_shape,clutter_safe,0.3800,0.18000,-0.15975
no_object_energy,combined_composition_shift,0,9,0,-0.00206,0.11897,0.17102,1,0,0,0.00000,0.57088,1,-0.84567,1,0.18078,0.13247,0.00000,0.00000,0.14818,t_shape,clutter_safe,0.3800,0.18000,-0.19011
no_object_energy,combined_composition_shift,0,10,0,0.15803,0.03941,0.03941,0,1,0,62.01786,5.10277,0,-0.51211,1,0.14894,0.13028,0.00000,0.00000,0.11157,t_shape,clutter_safe,0.3800,0.17677,-0.09988
no_object_energy,combined_composition_shift,0,11,0,0.15599,0.06480,0.06480,0,1,0,62.75170,5.05414,0,-0.56499,1,0.09891,0.13239,0.00000,0.00000,0.13359,t_shape,clutter_safe,0.3800,0.18000,-0.14212
no_object_energy,combined_composition_shift,0,12,0,-0.00206,0.04882,0.10087,1,1,0,40.60075,1.06895,0,-1.19016,1,0.17109,0.13171,0.00000,0.00000,0.13256,t_shape,clutter_safe,0.3800,0.18000,0.11040
no_object_energy,combined_composition_shift,0,13,0,-0.00206,0.10030,0.15236,1,1,0,0.00000,0.57374,0,-1.19590,1,0.05325,0.13422,0.03752,0.06253,0.13716,t_shape,clutter_safe,0.3800,0.18000,-0.33395
no_object_energy,combined_composition_shift,0,14,0,0.10718,0.10804,0.10804,0,1,0,64.69163,3.35461,0,-0.65509,1,0.16599,0.13394,0.00000,0.00000,0.11570,t_shape,clutter_safe,0.3800,0.18000,0.04509
no_object_energy,combined_composition_shift,1,0,0,-0.00206,0.14017,0.19223,1,0,0,6.62857,0.69632,1,-0.85571,1,0.09001,0.13289,0.01275,0.02125,0.11468,t_shape,clutter_safe,0.3800,0.18000,-0.14042
no_object_energy,combined_composition_shift,1,1,0,0.03135,0.08195,0.10060,1,1,0,22.88799,1.13171,0,-1.18959,1,0.21078,0.13707,0.00000,0.00000,0.12581,t_shape,clutter_safe,0.3800,0.18000,0.01506
no_object_energy,combined_composition_shift,1,2,0,0.12214,0.09428,0.09428,0,1,0,64.93723,3.86713,0,-0.62643,1,0.18712,0.13388,0.00000,0.00000,0.09203,t_shape,clutter_safe,0.3800,0.18000,-0.24677
no_object_energy,combined_composition_shift,1,3,0,0.15207,0.08374,0.08374,0,1,0,78.36885,6.20217,0,-0.60446,1,0.14027,0.13588,0.00000,0.00000,0.14024,t_shape,clutter_safe,0.3800,0.18000,-0.41589
no_object_energy,combined_composition_shift,1,4,0,0.10488,0.05183,0.05183,0,1,0,66.76216,4.43658,0,-0.53799,1,0.18272,0.13319,0.00000,0.00000,0.04796,t_shape,clutter_safe,0.3800,0.16617,0.13147
no_object_energy,combined_composition_shift,1,5,0,0.06397,0.04904,0.04904,1,1,0,61.18788,2.56017,0,-1.08218,1,0.23206,0.13584,0.00000,0.00000,0.15861,t_shape,clutter_safe,0.3800,0.18000,-0.05428
no_object_energy,combined_composition_shift,1,6,0,0.15229,0.10920,0.10920,0,1,0,64.88427,4.11311,0,-0.65749,1,0.13738,0.13441,0.00000,0.00000,0.13740,t_shape,clutter_safe,0.3800,0.18000,-2.71569
no_object_energy,combined_composition_shift,1,7,0,0.15361,0.08349,0.08349,0,1,0,77.67314,6.06426,0,-0.60393,1,0.19064,0.13635,0.00000,0.00000,0.11374,t_shape,clutter_safe,0.3800,0.18000,-3.11439
no_object_energy,combined_composition_shift,1,8,0,0.03636,0.06631,0.07996,1,1,0,43.08233,2.13491,0,-1.14657,1,0.17687,0.16744,0.14878,0.24796,0.03625,t_shape,clutter_safe,0.3800,0.15253,-1.48185
no_object_energy,combined_composition_shift,1,9,0,0.15661,0.02098,0.02098,0,1,0,65.68034,5.40301,0,-0.47371,1,0.11407,0.13017,0.00000,0.00000,0.11004,t_shape,clutter_safe,0.3800,0.18000,-0.22406
no_object_energy,combined_composition_shift,1,10,0,0.07478,0.04915,0.04915,0,1,0,43.03046,3.07127,0,-0.53239,1,0.24224,0.12673,0.00000,0.00000,0.19945,t_shape,clutter_safe,0.3800,0.18000,0.92198
no_object_energy,combined_composition_shift,1,11,0,0.13911,0.03779,0.03779,0,1,0,33.92264,1.49767,0,-0.50874,1,0.21569,0.13126,0.00000,0.00000,0.17109,t_shape,clutter_safe,0.3800,0.18000,-0.61747
no_object_energy,combined_composition_shift,1,12,0,-0.00206,0.28360,0.33566,1,1,0,76.01779,3.24118,0,-1.23000,1,0.15359,0.13368,0.00000,0.00000,0.14743,t_shape,clutter_safe,0.3800,0.18000,0.16658
no_object_energy,combined_composition_shift,1,13,0,0.04351,0.03594,0.04244,1,1,0,69.56404,2.91088,0,-1.06841,1,0.14389,0.12796,0.00000,0.00000,0.13768,t_shape,clutter_safe,0.3800,0.18000,0.22019
no_object_energy,combined_composition_shift,1,14,0,0.15265,0.05437,0.05437,0,1,0,52.54414,3.22277,0,-0.54326,1,0.14302,0.13635,0.00000,0.00000,0.11225,t_shape,clutter_safe,0.3800,0.18000,-3.01901
no_object_energy,combined_composition_shift,2,0,0,-0.00206,0.08362,0.13567,1,1,0,8.73122,0.62869,0,-1.20029,1,0.18394,0.13173,0.00000,0.00000,0.14616,t_shape,clutter_safe,0.3800,0.18000,-0.12917
no_object_energy,combined_composition_shift,2,1,0,-0.00206,0.12917,0.18123,1,0,0,5.25122,0.61781,1,-0.84942,1,0.20191,0.12735,0.00000,0.00000,0.12394,t_shape,clutter_safe,0.3800,0.18000,-0.01161
no_object_energy,combined_composition_shift,2,2,0,0.15367,0.12275,0.12275,0,1,0,79.04538,6.38958,0,-0.68000,1,0.17185,0.13770,0.00000,0.00000,0.09329,t_shape,clutter_safe,0.3800,0.18000,-0.16413
no_object_energy,combined_composition_shift,2,3,0,0.16187,0.06126,0.06126,0,1,0,69.79301,5.78850,0,-0.55761,1,0.12431,0.13223,0.00000,0.00000,0.12246,t_shape,clutter_safe,0.3800,0.18000,-0.24204
no_object_energy,combined_composition_shift,2,4,0,0.15679,0.03721,0.03721,0,1,0,83.62037,6.81686,0,-0.50752,1,0.18293,0.13093,0.00000,0.00000,0.12522,t_shape,clutter_safe,0.3800,0.18000,3.05367
no_object_energy,combined_composition_shift,2,5,0,0.11662,0.07952,0.07952,0,1,0,74.05417,4.18879,0,-0.59566,1,0.14425,0.13515,0.00000,0.00000,0.11874,t_shape,clutter_safe,0.3800,0.18000,-3.12515
no_object_energy,combined_composition_shift,2,6,0,0.01799,0.16960,0.20162,1,1,0,54.46593,2.77670,0,-1.23000,1,0.16940,0.13729,0.00000,0.00000,0.13302,t_shape,clutter_safe,0.3800,0.18000,0.13926
no_object_energy,combined_composition_shift,2,7,0,0.09176,0.06996,0.06996,0,1,0,44.07757,2.69223,0,-0.57574,1,0.19322,0.13378,0.00000,0.00000,0.11633,t_shape,clutter_safe,0.3800,0.18000,-0.15182
no_object_energy,combined_composition_shift,2,8,0,0.10420,0.07102,0.07102,0,1,0,70.83359,4.84312,0,-0.57795,1,0.16693,0.13648,0.00000,0.00000,0.13310,t_shape,clutter_safe,0.3800,0.18000,-0.05792
no_object_energy,combined_composition_shift,2,9,0,0.16209,0.10427,0.10427,0,1,0,67.83111,5.62892,0,-0.64723,1,0.14236,0.13671,0.00000,0.00000,0.07197,t_shape,clutter_safe,0.3800,0.17150,-0.25205
no_object_energy,combined_composition_shift,2,10,0,0.16105,0.04901,0.04901,0,1,0,55.61889,3.18327,0,-0.53210,1,0.17118,0.12848,0.00000,0.00000,0.12084,t_shape,clutter_safe,0.3800,0.18000,2.66828
no_object_energy,combined_composition_shift,2,11,1,0.15929,0.05153,0.05153,0,0,0,77.28512,6.42312,1,0.81264,1,0.15559,0.12988,0.00000,0.00000,0.11789,t_shape,clutter_safe,0.3800,0.18000,-0.24313
no_object_energy,combined_composition_shift,2,12,0,0.02167,0.05313,0.08145,1,1,0,61.05946,2.60980,0,-1.14969,1,0.19480,0.13019,0.00000,0.00000,0.13319,t_shape,clutter_safe,0.3800,0.18000,0.13699
no_object_energy,combined_composition_shift,2,13,0,0.16246,0.03487,0.03487,0,1,0,58.80931,4.74396,0,-0.50264,1,0.06077,0.12669,0.01842,0.03071,0.09500,t_shape,clutter_safe,0.3800,0.18000,-0.14131
no_object_energy,combined_composition_shift,2,14,0,0.15761,0.03793,0.03793,0,1,0,77.26244,6.26709,0,-0.50903,1,0.15847,0.13127,0.00000,0.00000,0.12627,t_shape,clutter_safe,0.3800,0.18000,-0.04404
no_object_energy,combined_composition_shift,3,0,0,0.16147,0.10678,0.10678,0,1,0,83.09347,6.85513,0,-0.65246,1,0.16886,0.13719,0.00000,0.00000,0.10775,t_shape,clutter_safe,0.3800,0.18000,3.01660
no_object_energy,combined_composition_shift,3,1,0,0.14831,0.04905,0.04905,0,1,0,49.76320,2.20002,0,-0.53220,1,0.21167,0.13133,0.07090,0.11817,0.15243,t_shape,clutter_safe,0.3800,0.18000,-0.08444
no_object_energy,combined_composition_shift,3,2,0,0.16028,0.00452,0.00452,0,1,0,81.06262,6.75406,0,-0.43942,1,0.17748,0.12873,0.00000,0.00000,0.14239,t_shape,clutter_safe,0.3800,0.18000,-0.16578
no_object_energy,combined_composition_shift,3,3,0,0.15141,0.07701,0.07701,0,1,0,77.19109,5.93062,0,-0.59045,1,0.08999,0.13640,0.00000,0.00000,0.12700,t_shape,clutter_safe,0.3800,0.18000,0.00247
no_object_energy,combined_composition_shift,3,4,0,0.14283,0.11949,0.11949,0,1,0,71.74284,4.34078,0,-0.67893,1,0.19131,0.13524,0.03040,0.05066,0.10538,t_shape,clutter_safe,0.3800,0.18000,0.33040
no_object_energy,combined_composition_shift,3,5,0,-0.00206,0.05252,0.10458,1,1,0,61.98242,1.98952,0,-1.19787,1,0.05600,0.13667,0.00000,0.00000,0.12889,t_shape,clutter_safe,0.3800,0.18000,-0.13361
no_object_energy,combined_composition_shift,3,6,0,0.13963,0.00400,0.00400,0,1,0,49.97724,2.56368,0,-0.43833,1,0.13189,0.12799,0.00000,0.00000,0.14785,t_shape,clutter_safe,0.3800,0.18000,-0.21916
no_object_energy,combined_composition_shift,3,7,0,-0.00206,0.05064,0.10269,1,1,0,20.15492,1.15148,0,-1.19395,1,0.11761,0.12758,0.00000,0.00000,0.11845,t_shape,clutter_safe,0.3800,0.18000,-0.28168
no_object_energy,combined_composition_shift,3,8,1,0.16317,0.05168,0.05168,0,0,0,57.83583,4.67974,1,0.81233,1,0.04125,0.12736,0.00000,0.00000,0.11136,t_shape,clutter_safe,0.3800,0.18000,-0.14973
no_object_energy,combined_composition_shift,3,9,0,0.12605,0.05515,0.05515,0,1,0,50.30861,2.89874,0,-0.54489,1,0.26951,0.32151,0.00000,0.00000,0.16439,t_shape,clutter_safe,0.3800,0.18000,-2.67237
no_object_energy,combined_composition_shift,3,10,0,-0.00206,0.08743,0.13949,1,1,0,25.56317,0.71134,0,-1.20691,1,0.18309,0.12762,0.00000,0.00000,0.15861,t_shape,clutter_safe,0.3800,0.18000,3.03623
no_object_energy,combined_composition_shift,3,11,0,0.16079,0.00222,0.00222,0,1,0,72.06474,5.98874,0,-0.43463,1,0.08986,0.12846,0.00000,0.00000,0.09334,t_shape,clutter_safe,0.3800,0.18000,-0.02295
no_object_energy,combined_composition_shift,3,12,0,0.11107,0.03426,0.03426,0,1,0,72.19879,5.02470,0,-0.50137,1,0.23107,0.13233,0.00000,0.00000,0.12027,t_shape,clutter_safe,0.3800,0.18000,0.15347
no_object_energy,combined_composition_shift,3,13,0,0.14246,0.06742,0.06742,0,1,0,80.98501,5.10395,0,-0.57045,1,0.16496,0.12903,0.00000,0.00000,0.11340,t_shape,clutter_safe,0.3800,0.18000,0.17932
no_object_energy,combined_composition_shift,3,14,0,-0.00206,0.11353,0.16558,1,0,0,2.01346,0.54021,1,-0.84322,1,0.14667,0.12810,0.00000,0.00000,0.10284,t_shape,clutter_safe,0.3800,0.18000,-0.02451
no_object_energy,combined_composition_shift,4,0,0,-0.00206,0.11772,0.16978,1,1,0,6.05373,0.61339,0,-1.19907,1,0.15318,0.12774,0.13763,0.22938,0.15565,t_shape,clutter_safe,0.3800,0.18000,1.82152
no_object_energy,combined_composition_shift,4,1,0,0.16208,0.05812,0.05812,0,1,0,64.48905,5.26050,0,-0.55109,1,0.11935,0.13236,0.00000,0.00000,0.10943,t_shape,clutter_safe,0.3800,0.18000,-0.02434
no_object_energy,combined_composition_shift,4,2,0,0.04034,0.03733,0.04698,1,1,0,49.12908,2.23802,0,-1.07788,1,0.16149,0.12689,0.00000,0.00000,0.12729,t_shape,clutter_safe,0.3800,0.18000,-0.13388
no_object_energy,combined_composition_shift,4,3,0,-0.00206,0.06409,0.11615,1,0,0,3.23070,0.57552,1,-0.83802,1,0.22262,0.12806,0.18933,0.31556,0.14307,t_shape,clutter_safe,0.3800,0.18000,0.07773
no_object_energy,combined_composition_shift,4,4,0,0.03834,0.19447,0.20613,1,1,0,77.30420,5.13844,0,-1.23000,1,0.10546,0.13702,0.00000,0.00000,0.10692,t_shape,clutter_safe,0.3800,0.18000,3.12566
no_object_energy,combined_composition_shift,4,5,0,-0.00206,0.06603,0.11809,1,1,0,56.68586,2.01621,0,-1.22603,1,0.06349,0.13724,0.00000,0.00000,0.10225,t_shape,clutter_safe,0.3800,0.18000,-2.91910
no_object_energy,combined_composition_shift,4,6,0,0.15334,0.08397,0.08397,0,1,0,79.93759,6.50163,0,-0.60494,1,0.23589,0.13363,0.00000,0.00000,0.12530,t_shape,clutter_safe,0.3800,0.18000,-2.96722
no_object_energy,combined_composition_shift,4,7,0,-0.00206,0.08087,0.13293,1,1,0,10.35388,0.62080,0,-1.19966,1,0.14190,0.12664,0.11171,0.18619,0.14273,t_shape,clutter_safe,0.3800,0.18000,0.02426
no_object_energy,combined_composition_shift,4,8,1,0.16226,0.02109,0.02109,0,0,0,67.75522,5.62361,1,0.87606,1,0.12553,0.12914,0.00000,0.00000,0.16256,t_shape,clutter_safe,0.3800,0.18000,-0.19572
no_object_energy,combined_composition_shift,4,9,0,0.01715,0.03283,0.06568,1,1,0,33.10875,2.17163,0,-1.11684,1,0.23800,0.12687,0.00000,0.00000,0.16971,t_shape,clutter_safe,0.3800,0.18000,-0.09728
no_object_energy,combined_composition_shift,4,10,0,0.02731,0.02058,0.04327,1,1,0,62.60053,2.92137,0,-1.07016,1,0.13873,0.12700,0.00000,0.00000,0.12007,t_shape,clutter_safe,0.3800,0.18000,-3.14034
no_object_energy,combined_composition_shift,4,11,0,0.03902,0.05026,0.06124,1,1,0,37.46900,1.67933,0,-1.10759,1,0.10923,0.13241,0.00000,0.00000,0.12767,t_shape,clutter_safe,0.3800,0.18000,0.00289
no_object_energy,combined_composition_shift,4,12,0,0.11910,0.10135,0.10135,0,1,0,60.01217,3.53928,0,-0.64115,1,0.16526,0.13614,0.00000,0.00000,0.09676,t_shape,clutter_safe,0.3800,0.18000,-0.19031
no_object_energy,combined_composition_shift,4,13,0,-0.00206,0.17180,0.22386,1,0,0,4.74625,0.68483,1,-0.85479,1,0.15040,0.13582,0.00000,0.00000,0.10391,t_shape,clutter_safe,0.3800,0.18000,0.15094
no_object_energy,combined_composition_shift,4,14,0,0.15595,0.02255,0.02255,0,1,0,63.94204,5.18773,0,-0.47698,1,0.07719,0.13027,0.00000,0.00000,0.11422,t_shape,clutter_safe,0.3800,0.18000,-0.11666
no_object_energy,combined_composition_shift,5,0,0,0.03112,0.05161,0.07049,1,1,0,58.05105,2.44173,0,-1.12685,1,0.18982,0.13146,0.00000,0.00000,0.15407,t_shape,clutter_safe,0.3800,0.18000,-0.17476
no_object_energy,combined_composition_shift,5,1,0,-0.00206,0.06066,0.11272,1,1,0,64.21726,2.87208,0,-1.21484,1,0.19591,0.13726,0.00000,0.00000,0.12995,t_shape,clutter_safe,0.3800,0.18000,2.88770
no_object_energy,combined_composition_shift,5,2,0,-0.00206,0.05047,0.10253,1,1,0,36.87813,1.39132,0,-1.19360,1,0.09293,0.13376,0.00000,0.00000,0.14525,t_shape,clutter_safe,0.3800,0.18000,0.02970
no_object_energy,combined_composition_shift,5,3,0,-0.00206,0.08444,0.13650,1,0,0,6.61588,0.57898,1,-0.84632,1,0.14410,0.13018,0.17711,0.29518,0.11640,t_shape,clutter_safe,0.3800,0.18000,2.84752
no_object_energy,combined_composition_shift,5,4,0,-0.00206,0.10472,0.15678,1,1,0,49.52804,1.14313,0,-1.23000,1,0.05845,0.13455,0.05087,0.08478,0.14212,t_shape,clutter_safe,0.3800,0.18000,-0.16529
no_object_energy,combined_composition_shift,5,5,0,0.16102,0.07640,0.07640,0,1,0,66.96709,5.14008,0,-0.58917,1,0.10757,0.13579,0.00000,0.00000,0.14340,t_shape,clutter_safe,0.3800,0.18000,0.23330
no_object_energy,combined_composition_shift,5,6,0,0.15157,0.07411,0.07411,0,1,0,75.85326,5.67612,0,-0.58440,1,0.13130,0.13001,0.00000,0.00000,0.15352,t_shape,clutter_safe,0.3800,0.18000,-0.27858
no_object_energy,combined_composition_shift,5,7,1,0.16089,0.02744,0.02744,0,0,0,75.76720,6.23621,1,0.86283,1,0.18102,0.12812,0.00000,0.00000,0.11661,t_shape,clutter_safe,0.3800,0.18000,-0.14079
no_object_energy,combined_composition_shift,5,8,0,0.16105,0.04050,0.04050,0,1,0,78.32497,6.50015,0,-0.51437,1,0.24899,0.12988,0.00000,0.00000,0.13521,t_shape,clutter_safe,0.3800,0.18000,2.92679
no_object_energy,combined_composition_shift,5,9,0,0.07206,0.01534,0.01534,0,1,0,44.31264,2.86956,0,-0.46196,1,0.18548,0.12720,0.00000,0.00000,0.09752,t_shape,clutter_safe,0.3800,0.17973,0.06751
no_object_energy,combined_composition_shift,5,10,0,0.12032,0.09964,0.09964,0,1,0,80.68085,5.25573,0,-0.63758,1,0.15119,0.13420,0.00000,0.00000,0.12195,t_shape,clutter_safe,0.3800,0.18000,0.25001
no_object_energy,combined_composition_shift,5,11,0,0.10239,0.07656,0.07656,0,1,0,60.53128,3.51628,0,-0.58950,1,0.15480,0.13352,0.00000,0.00000,0.13355,t_shape,clutter_safe,0.3800,0.18000,0.12220
no_object_energy,combined_composition_shift,5,12,0,0.14991,0.09175,0.09175,0,1,0,81.05528,6.12405,0,-0.62114,1,0.15474,0.13687,0.00000,0.00000,0.11274,t_shape,clutter_safe,0.3800,0.18000,2.99239
no_object_energy,combined_composition_shift,5,13,0,0.12081,0.06553,0.06553,0,1,0,79.09265,4.74513,0,-0.56652,1,0.21114,0.13092,0.00000,0.00000,0.12144,t_shape,clutter_safe,0.3800,0.18000,-0.06808
no_object_energy,combined_composition_shift,5,14,0,-0.00206,0.02260,0.07466,1,1,0,58.29651,2.73738,0,-1.13554,1,0.20933,0.13542,0.00000,0.00000,0.12936,t_shape,clutter_safe,0.3800,0.18000,3.08306
no_object_energy,combined_composition_shift,6,0,0,-0.00206,0.00924,0.06130,1,1,0,60.21938,2.60420,0,-1.10771,1,0.16661,0.13364,0.01443,0.02404,0.10827,t_shape,clutter_safe,0.3800,0.18000,-0.40294
no_object_energy,combined_composition_shift,6,1,1,0.15957,0.09845,0.09845,0,0,0,56.61927,4.71021,1,0.71490,1,0.02628,0.14309,0.02169,0.03615,0.11376,t_shape,clutter_safe,0.3800,0.18000,-0.01275
no_object_energy,combined_composition_shift,6,2,0,-0.00206,0.10807,0.16013,1,1,0,8.29337,0.64384,0,-1.20151,1,0.20862,0.13089,0.00000,0.00000,0.14967,t_shape,clutter_safe,0.3800,0.18000,-0.01650
no_object_energy,combined_composition_shift,6,3,0,-0.00206,0.03486,0.08692,1,1,0,48.33065,2.12394,0,-1.16109,1,0.20697,0.13767,0.00000,0.00000,0.11027,t_shape,clutter_safe,0.3800,0.18000,-0.14877
no_object_energy,combined_composition_shift,6,4,0,-0.00206,0.08679,0.13885,1,1,0,12.33526,0.76294,0,-1.21104,1,0.25751,0.12917,0.00000,0.00000,0.15066,t_shape,clutter_safe,0.3800,0.18000,-2.82089
no_object_energy,combined_composition_shift,6,5,1,0.16226,0.00314,0.00314,0,0,0,65.22219,5.40384,1,0.91345,1,0.10573,0.12618,0.00000,0.00000,0.06593,t_shape,clutter_safe,0.3800,0.16949,3.05047
no_object_energy,combined_composition_shift,6,6,0,0.16220,0.02096,0.02096,0,1,0,65.86310,5.36444,0,-0.47366,1,0.12699,0.13051,0.00000,0.00000,0.11497,t_shape,clutter_safe,0.3800,0.18000,-0.00074
no_object_energy,combined_composition_shift,6,7,0,0.15668,0.09398,0.09398,0,1,0,48.52034,3.24643,0,-0.62580,1,0.08001,0.13175,0.00000,0.00000,0.16862,t_shape,clutter_safe,0.3800,0.18000,0.25922
no_object_energy,combined_composition_shift,6,8,0,-0.00206,0.08481,0.13687,1,1,0,81.83576,2.88070,0,-1.23000,1,0.20587,0.13697,0.00000,0.00000,0.17841,t_shape,clutter_safe,0.3800,0.18000,-0.13612
no_object_energy,combined_composition_shift,6,9,0,0.15543,0.06715,0.06715,0,1,0,49.11875,3.49760,0,-0.56989,1,0.10572,0.12883,0.00000,0.00000,0.11312,t_shape,clutter_safe,0.3800,0.18000,0.19317
no_object_energy,combined_composition_shift,6,10,0,0.12294,0.04963,0.04963,0,1,0,70.99468,3.94302,0,-0.53340,1,0.18942,0.12607,0.00000,0.00000,0.10553,t_shape,clutter_safe,0.3800,0.18000,3.05082
no_object_energy,combined_composition_shift,6,11,0,0.10913,0.05604,0.05604,0,1,0,57.86432,3.74523,0,-0.54675,1,0.14728,0.16545,0.00457,0.00761,0.13056,t_shape,clutter_safe,0.3800,0.18000,-2.99114
no_object_energy,combined_composition_shift,6,12,0,0.15902,0.01796,0.01796,0,1,0,64.54422,5.30223,0,-0.46742,1,0.06271,0.12827,0.00000,0.00000,0.08753,t_shape,clutter_safe,0.3800,0.17640,3.01592
no_object_energy,combined_composition_shift,6,13,0,0.16200,0.00428,0.00428,0,1,0,62.65128,5.07986,0,-0.43892,1,0.16052,0.12676,0.00000,0.00000,0.11976,t_shape,clutter_safe,0.3800,0.17687,0.23692
no_object_energy,combined_composition_shift,6,14,0,0.02509,0.01095,0.03586,1,1,0,42.59384,2.06314,0,-1.05470,1,0.15861,0.13786,0.00000,0.00000,0.11354,t_shape,clutter_safe,0.3800,0.17314,-2.61818
no_object_energy,combined_composition_shift,7,0,0,0.15764,0.07948,0.07948,0,1,0,47.24416,3.13288,0,-0.59557,1,0.15124,0.13046,0.12457,0.20762,0.10761,t_shape,clutter_safe,0.3800,0.18000,0.27157
no_object_energy,combined_composition_shift,7,1,1,0.16171,0.08676,0.08676,0,0,0,75.31677,6.30972,1,0.73925,1,0.10688,0.13461,0.00000,0.00000,0.10128,t_shape,clutter_safe,0.3800,0.18000,-0.05180
no_object_energy,combined_composition_shift,7,2,0,-0.00206,0.08987,0.14193,1,0,0,14.76052,0.61871,1,-0.84950,1,0.20963,0.12755,0.00000,0.00000,0.12924,t_shape,clutter_safe,0.3800,0.18000,-0.04073
no_object_energy,combined_composition_shift,7,3,0,0.10179,0.08477,0.08477,0,1,0,59.01712,3.21292,0,-0.60661,1,0.12750,0.13574,0.00000,0.00000,0.11426,t_shape,clutter_safe,0.3800,0.18000,-0.38063
no_object_energy,combined_composition_shift,7,4,0,-0.00206,0.10514,0.15719,1,1,0,0.00000,0.60174,0,-1.19814,1,0.12451,0.13730,0.09350,0.15583,0.09690,t_shape,clutter_safe,0.3800,0.18000,2.93805
no_object_energy,combined_composition_shift,7,5,0,0.11382,0.11205,0.11205,0,1,0,89.22964,5.14097,0,-0.66345,1,0.23617,0.13663,0.00000,0.00000,0.14260,t_shape,clutter_safe,0.3800,0.18000,0.30082
no_object_energy,combined_composition_shift,7,6,0,0.09949,0.05436,0.05436,0,1,0,66.48817,5.20214,0,-0.54324,1,0.24817,0.13294,0.00000,0.00000,0.13641,t_shape,clutter_safe,0.3800,0.18000,3.13392
no_object_energy,combined_composition_shift,7,7,0,0.15110,0.04555,0.04555,0,1,0,72.61106,5.61649,0,-0.52489,1,0.07717,0.13346,0.00000,0.00000,0.10755,t_shape,clutter_safe,0.3800,0.18000,-0.18557
no_object_energy,combined_composition_shift,7,8,0,0.15619,0.04677,0.04677,0,1,0,36.72949,3.05843,0,-0.52743,1,0.21108,0.12711,0.00000,0.00000,0.10530,t_shape,clutter_safe,0.3800,0.18000,0.30658
no_object_energy,combined_composition_shift,7,9,0,0.07301,0.06879,0.06879,0,1,0,37.10247,2.39679,0,-0.57331,1,0.19215,0.12707,0.02743,0.04572,0.03094,t_shape,clutter_safe,0.3800,0.16520,0.12659
no_object_energy,combined_composition_shift,7,10,0,0.15932,0.07145,0.07145,0,1,0,65.53592,5.42324,0,-0.57885,1,0.11819,0.13219,0.00000,0.00000,0.12271,t_shape,clutter_safe,0.3800,0.18000,0.04698
no_object_energy,combined_composition_shift,7,11,0,-0.00206,0.07280,0.12486,1,1,0,47.72816,1.35678,0,-1.23000,1,0.14023,0.13219,0.04374,0.07290,0.19767,t_shape,clutter_safe,0.3800,0.18000,0.32146
no_object_energy,combined_composition_shift,7,12,0,-0.00206,0.06658,0.11863,1,1,0,17.89056,0.69506,0,-1.20276,1,0.22720,0.13086,0.00000,0.00000,0.13820,t_shape,clutter_safe,0.3800,0.18000,-0.20177
no_object_energy,combined_composition_shift,7,13,0,0.15695,0.03328,0.03328,0,1,0,70.24357,5.70039,0,-0.49933,1,0.12392,0.13072,0.00000,0.00000,0.05671,t_shape,clutter_safe,0.3800,0.16908,-3.11763
no_object_energy,combined_composition_shift,7,14,0,0.15941,0.02647,0.02647,0,1,0,39.94945,3.28167,0,-0.48514,1,0.14850,0.12934,0.00000,0.00000,0.09406,t_shape,clutter_safe,0.3800,0.18000,0.15819
no_object_energy,adversarial_clutter_gap,0,0,0,-0.00206,0.13198,0.18404,1,1,0,1.32707,0.54630,0,-1.19370,1,0.22512,0.05462,0.07078,0.11796,0.14387,t_shape,clutter_safe,0.4600,0.18000,-1.26540
no_object_energy,adversarial_clutter_gap,0,1,0,0.04970,0.05177,0.05207,1,1,0,46.00493,3.10444,0,-1.08849,1,0.21587,0.05470,0.00000,0.00000,0.11368,t_shape,clutter_safe,0.4600,0.18000,0.21604
no_object_energy,adversarial_clutter_gap,0,2,0,0.13787,0.08742,0.08742,0,1,0,127.42446,8.13227,0,-0.61212,1,0.25045,0.06437,0.00000,0.00000,0.13125,t_shape,clutter_safe,0.4600,0.18000,-0.25460
no_object_energy,adversarial_clutter_gap,0,3,0,0.03194,0.03051,0.04857,1,1,0,78.88559,3.65845,0,-1.08118,1,0.17313,0.06176,0.00000,0.00000,0.16221,t_shape,clutter_safe,0.4600,0.18000,-0.64563
no_object_energy,adversarial_clutter_gap,0,4,0,0.08060,0.03546,0.03546,0,1,0,77.96436,4.80558,0,-0.50388,1,0.23385,0.06045,0.00000,0.00000,0.11617,t_shape,clutter_safe,0.4600,0.18000,-0.23192
no_object_energy,adversarial_clutter_gap,0,5,0,0.06007,0.05485,0.05485,1,1,0,123.79876,4.95489,0,-1.09428,1,0.23623,0.06335,0.00000,0.00000,0.12534,t_shape,clutter_safe,0.4600,0.18000,-0.32761
no_object_energy,adversarial_clutter_gap,0,6,0,-0.00206,0.04723,0.09928,1,1,0,45.24514,2.28838,0,-1.18684,1,0.20193,0.05947,0.00000,0.00000,0.15986,t_shape,clutter_safe,0.4600,0.18000,2.18783
no_object_energy,adversarial_clutter_gap,0,7,0,0.12624,0.02001,0.02001,0,1,0,91.41448,7.27439,0,-0.47169,1,0.29147,0.05518,0.00000,0.00000,0.15150,t_shape,clutter_safe,0.4600,0.18000,-2.78361
no_object_energy,adversarial_clutter_gap,0,8,0,-0.00206,0.03406,0.08611,1,1,0,33.97850,1.80430,0,-1.15940,1,0.24185,0.05788,0.01159,0.01931,0.04233,t_shape,clutter_safe,0.4600,0.14006,1.80274
no_object_energy,adversarial_clutter_gap,0,9,0,0.03115,0.03887,0.05772,1,1,0,32.28924,2.00096,0,-1.10025,1,0.11501,0.05707,0.09700,0.16166,0.11232,t_shape,clutter_safe,0.4600,0.18000,0.28243
no_object_energy,adversarial_clutter_gap,0,10,0,-0.00206,0.06167,0.11373,1,1,0,17.61971,0.87103,0,-1.20662,1,0.16449,0.05951,0.00000,0.00000,0.11050,t_shape,clutter_safe,0.4600,0.18000,0.10464
no_object_energy,adversarial_clutter_gap,0,11,0,0.03610,0.09589,0.10979,1,1,0,14.28428,0.91949,0,-1.20228,1,0.14341,0.06129,0.00000,0.00000,0.11762,t_shape,clutter_safe,0.4600,0.18000,-1.29255
no_object_energy,adversarial_clutter_gap,0,12,0,-0.00206,0.02085,0.07291,1,0,0,2.02968,0.57565,1,-0.74795,1,0.19854,0.06107,0.00000,0.00000,0.19017,t_shape,clutter_safe,0.4600,0.18000,-2.08321
no_object_energy,adversarial_clutter_gap,0,13,0,0.07360,0.04326,0.04326,0,1,0,52.67138,4.02291,0,-0.52012,1,0.19207,0.05422,0.00000,0.00000,0.13141,t_shape,clutter_safe,0.4600,0.18000,3.13512
no_object_energy,adversarial_clutter_gap,0,14,0,0.02460,0.03859,0.06398,1,1,0,43.46929,2.60241,0,-1.11330,1,0.19054,0.05853,0.00000,0.00000,0.10034,t_shape,clutter_safe,0.4600,0.18000,-2.71383
no_object_energy,adversarial_clutter_gap,1,0,0,0.16345,0.01778,0.01778,0,1,0,72.82132,5.82562,0,-0.46703,1,0.13722,0.05871,0.00000,0.00000,0.15565,t_shape,clutter_safe,0.4600,0.17851,-0.20692
no_object_energy,adversarial_clutter_gap,1,1,0,0.10668,0.05388,0.05388,0,1,0,66.40322,4.07375,0,-0.54225,1,0.16724,0.06188,0.15780,0.26299,0.11654,t_shape,clutter_safe,0.4600,0.18000,-0.14801
no_object_energy,adversarial_clutter_gap,1,2,0,0.13960,0.05967,0.05967,0,1,0,77.04891,4.37931,0,-0.55431,1,0.25319,0.05405,0.00000,0.00000,0.12154,t_shape,clutter_safe,0.4600,0.18000,2.92833
no_object_energy,adversarial_clutter_gap,1,3,0,0.07103,0.03906,0.03906,0,1,0,56.22475,2.81903,0,-0.51137,1,0.19194,0.05847,0.00000,0.00000,0.11314,t_shape,clutter_safe,0.4600,0.18000,-0.26095
no_object_energy,adversarial_clutter_gap,1,4,0,0.11169,0.06476,0.06476,0,1,0,76.86406,4.22111,0,-0.56491,1,0.15479,0.05858,0.05105,0.08508,0.09124,t_shape,clutter_safe,0.4600,0.18000,0.31569
no_object_energy,adversarial_clutter_gap,1,5,0,0.12619,0.07677,0.07677,0,1,0,65.71753,3.73612,0,-0.58994,1,0.11796,0.05972,0.00000,0.00000,0.11448,t_shape,clutter_safe,0.4600,0.18000,-2.82754
no_object_energy,adversarial_clutter_gap,1,6,0,-0.00206,0.03153,0.08358,1,1,0,39.36827,1.89461,0,-1.15413,1,0.15647,0.06188,0.00000,0.00000,0.12174,t_shape,clutter_safe,0.4600,0.18000,-0.15487
no_object_energy,adversarial_clutter_gap,1,7,0,-0.00206,0.07652,0.12858,1,1,0,58.57002,2.28949,0,-1.23000,1,0.24502,0.06469,0.00000,0.00000,0.05093,t_shape,clutter_safe,0.4600,0.15602,1.44408
no_object_energy,adversarial_clutter_gap,1,8,0,-0.00206,0.07410,0.12616,1,1,0,34.38922,2.33994,0,-1.23000,1,0.27713,0.05742,0.00000,0.00000,0.06704,t_shape,clutter_safe,0.4600,0.13945,-1.26290
no_object_energy,adversarial_clutter_gap,1,9,0,0.01187,0.16834,0.20646,1,1,0,55.66000,3.07813,0,-1.23000,1,0.23834,0.06136,0.00000,0.00000,0.04917,t_shape,clutter_safe,0.4600,0.16022,-2.79280
no_object_energy,adversarial_clutter_gap,1,10,0,0.02187,0.03177,0.05990,1,1,0,56.04658,3.40193,0,-1.10480,1,0.21427,0.05568,0.00000,0.00000,0.12494,t_shape,clutter_safe,0.4600,0.18000,0.42075
no_object_energy,adversarial_clutter_gap,1,11,0,0.05715,0.04339,0.04339,1,1,0,103.18386,4.90690,0,-1.07040,1,0.18421,0.05765,0.00000,0.00000,0.10742,t_shape,clutter_safe,0.4600,0.18000,0.00421
no_object_energy,adversarial_clutter_gap,1,12,0,0.04260,0.02288,0.03028,1,1,0,67.29496,3.64248,0,-1.04309,1,0.17334,0.05817,0.00000,0.00000,0.09945,t_shape,clutter_safe,0.4600,0.17571,-2.88725
no_object_energy,adversarial_clutter_gap,1,13,0,-0.00206,0.05720,0.10926,1,1,0,24.83080,0.84764,0,-1.19544,1,0.08724,0.05591,0.18331,0.30552,0.13140,t_shape,clutter_safe,0.4600,0.18000,-0.16313
no_object_energy,adversarial_clutter_gap,1,14,0,-0.00206,0.01896,0.07101,1,1,0,33.70108,1.62901,0,-1.12795,1,0.20411,0.05990,0.05861,0.09769,0.02086,t_shape,clutter_safe,0.4600,0.15621,1.32005
no_object_energy,adversarial_clutter_gap,2,0,0,0.14792,0.05289,0.05289,0,1,0,87.26263,6.98167,0,-0.54018,1,0.17967,0.06111,0.00000,0.00000,0.13114,t_shape,clutter_safe,0.4600,0.18000,-0.21589
no_object_energy,adversarial_clutter_gap,2,1,0,0.05616,0.09921,0.09921,1,1,0,69.16999,3.48610,0,-1.18668,1,0.16891,0.06455,0.00000,0.00000,0.11564,t_shape,clutter_safe,0.4600,0.18000,-0.07873
no_object_energy,adversarial_clutter_gap,2,2,0,-0.00206,0.05807,0.11013,1,1,0,20.15920,0.75666,0,-1.18997,1,0.20067,0.05846,0.00000,0.00000,0.12655,t_shape,clutter_safe,0.4600,0.18000,0.01007
no_object_energy,adversarial_clutter_gap,2,3,0,-0.00206,0.03830,0.09036,1,1,0,20.67095,1.10357,0,-1.16825,1,0.22174,0.05516,0.00000,0.00000,0.12966,t_shape,clutter_safe,0.4600,0.18000,-1.11444
no_object_energy,adversarial_clutter_gap,2,4,0,0.03090,0.07634,0.09544,1,1,0,21.20475,0.67215,0,-1.15260,1,0.17552,0.06424,0.00000,0.00000,0.20378,t_shape,clutter_safe,0.4600,0.18000,-0.14450
no_object_energy,adversarial_clutter_gap,2,5,0,-0.00206,0.03638,0.08844,1,1,0,33.07821,1.86531,0,-1.16426,1,0.24542,0.05611,0.00000,0.00000,0.03918,t_shape,clutter_safe,0.4600,0.15226,1.83447
no_object_energy,adversarial_clutter_gap,2,6,0,-0.00206,0.11116,0.16322,1,1,0,6.46508,0.67375,0,-1.20390,1,0.19909,0.06324,0.00000,0.00000,0.11372,t_shape,clutter_safe,0.4600,0.18000,-0.00828
no_object_energy,adversarial_clutter_gap,2,7,0,0.00396,0.09083,0.13688,1,1,0,42.94449,2.75938,0,-1.23000,1,0.15046,0.08778,0.00000,0.00000,0.11956,t_shape,clutter_safe,0.4600,0.18000,2.82180
no_object_energy,adversarial_clutter_gap,2,8,0,0.05461,0.04224,0.04224,1,1,0,67.75765,3.99636,0,-1.06799,1,0.18154,0.05506,0.07074,0.11790,0.09806,t_shape,clutter_safe,0.4600,0.18000,-2.80687
no_object_energy,adversarial_clutter_gap,2,9,0,-0.00206,0.04083,0.09289,1,1,0,9.03831,0.64369,0,-1.14501,1,0.14896,0.06156,0.00000,0.00000,0.11727,t_shape,clutter_safe,0.4600,0.18000,-1.37254
no_object_energy,adversarial_clutter_gap,2,10,0,0.04409,0.06985,0.07576,1,1,0,64.12958,3.15440,0,-1.13783,1,0.19826,0.06335,0.09164,0.15274,0.13171,t_shape,clutter_safe,0.4600,0.18000,0.56679
no_object_energy,adversarial_clutter_gap,2,11,0,0.07105,0.06860,0.06860,0,1,0,88.07563,4.80756,0,-0.57293,1,0.20005,0.06067,0.00000,0.00000,0.11852,t_shape,clutter_safe,0.4600,0.18000,-2.88146
no_object_energy,adversarial_clutter_gap,2,12,0,0.04224,0.05168,0.05943,1,1,0,47.38270,2.95899,0,-1.10382,1,0.23741,0.05583,0.00000,0.00000,0.13171,t_shape,clutter_safe,0.4600,0.18000,-2.87062
no_object_energy,adversarial_clutter_gap,2,13,0,0.18272,0.10962,0.10962,0,1,0,28.06330,1.34470,0,-0.65838,1,0.32225,0.06067,0.01241,0.02068,0.16568,t_shape,clutter_safe,0.4600,0.05627,1.45731
no_object_energy,adversarial_clutter_gap,2,14,0,0.15648,0.07681,0.07681,0,1,0,74.42022,6.15750,0,-0.59002,1,0.12449,0.06051,0.00000,0.00000,0.10744,t_shape,clutter_safe,0.4600,0.18000,0.01685
no_object_energy,adversarial_clutter_gap,3,0,0,0.01468,0.07703,0.11235,1,1,0,25.62821,2.05746,0,-1.21405,1,0.18242,0.05466,0.04264,0.07107,0.14795,t_shape,clutter_safe,0.4600,0.18000,0.98548
no_object_energy,adversarial_clutter_gap,3,1,0,0.08680,0.03923,0.03923,0,1,0,65.70358,5.22398,0,-0.51173,1,0.22777,0.05665,0.00000,0.00000,0.10557,t_shape,clutter_safe,0.4600,0.18000,3.13834
no_object_energy,adversarial_clutter_gap,3,2,0,0.04169,0.03144,0.03975,1,1,0,78.54251,3.75634,0,-1.06281,1,0.25962,0.05925,0.00000,0.00000,0.12300,t_shape,clutter_safe,0.4600,0.18000,-2.88006
no_object_energy,adversarial_clutter_gap,3,3,0,-0.00754,0.21970,0.27725,1,1,0,62.42610,3.29833,0,-1.23000,1,0.26007,0.06122,0.00000,0.00000,0.10240,t_shape,clutter_safe,0.4600,0.16451,-0.17890
no_object_energy,adversarial_clutter_gap,3,4,0,0.06805,0.06017,0.06017,1,1,0,48.49923,2.73056,0,-1.10535,1,0.17427,0.06105,0.00000,0.00000,0.12579,t_shape,clutter_safe,0.4600,0.18000,0.16334
no_object_energy,adversarial_clutter_gap,3,5,0,-0.00206,0.02253,0.07459,1,1,0,33.82941,2.06744,0,-1.13539,1,0.19478,0.05757,0.00000,0.00000,0.10162,t_shape,clutter_safe,0.4600,0.18000,-0.31328
no_object_energy,adversarial_clutter_gap,3,6,0,0.04170,0.07293,0.08124,1,1,0,61.93430,2.93079,0,-1.14924,1,0.15580,0.06095,0.00000,0.00000,0.10122,t_shape,clutter_safe,0.4600,0.18000,-0.14470
no_object_energy,adversarial_clutter_gap,3,7,0,0.02028,0.06842,0.09814,1,1,0,29.07054,2.40065,0,-1.18446,1,0.15303,0.05546,0.00000,0.00000,0.12162,t_shape,clutter_safe,0.4600,0.18000,1.21892
no_object_energy,adversarial_clutter_gap,3,8,0,-0.00206,0.12900,0.18106,1,1,0,0.00000,0.57495,0,-1.19600,1,0.22756,0.06234,0.11239,0.18731,0.15799,t_shape,clutter_safe,0.4600,0.18000,1.89880
no_object_energy,adversarial_clutter_gap,3,9,0,-0.00206,0.07122,0.12327,1,1,0,25.65126,1.09030,0,-1.23000,1,0.19735,0.06595,0.00000,0.00000,0.12610,t_shape,clutter_safe,0.4600,0.18000,-2.74388
no_object_energy,adversarial_clutter_gap,3,10,0,0.05568,0.03113,0.03113,1,1,0,69.89800,4.69156,0,-1.04485,1,0.18275,0.05980,0.00000,0.00000,0.13488,t_shape,clutter_safe,0.4600,0.18000,-0.36360
no_object_energy,adversarial_clutter_gap,3,11,0,0.05320,0.03882,0.03882,1,1,0,50.91093,2.25931,0,-1.06087,1,0.10186,0.05984,0.00000,0.00000,0.12428,t_shape,clutter_safe,0.4600,0.18000,0.28634
no_object_energy,adversarial_clutter_gap,3,12,0,0.10412,0.13155,0.13155,0,1,0,121.45814,5.07210,0,-0.68000,1,0.22598,0.06574,0.00000,0.00000,0.11261,t_shape,clutter_safe,0.4600,0.18000,-3.03158
no_object_energy,adversarial_clutter_gap,3,13,0,-0.00208,0.01143,0.06351,1,1,0,71.58832,2.94101,0,-1.11231,1,0.23251,0.06075,0.00000,0.00000,0.13159,t_shape,clutter_safe,0.4600,0.18000,0.39755
no_object_energy,adversarial_clutter_gap,3,14,0,0.06180,0.06039,0.06039,1,1,0,73.30902,3.93050,0,-1.10580,1,0.12878,0.06380,0.00000,0.00000,0.13103,t_shape,clutter_safe,0.4600,0.18000,0.20208
no_object_energy,adversarial_clutter_gap,4,0,0,0.02569,0.04898,0.07329,1,1,0,20.02292,1.48722,0,-1.13269,1,0.16070,0.05579,0.00000,0.00000,0.11487,t_shape,clutter_safe,0.4600,0.18000,1.19392
no_object_energy,adversarial_clutter_gap,4,1,0,0.04961,0.07063,0.07102,1,1,0,44.31478,1.91496,0,-1.12795,1,0.19803,0.05579,0.00000,0.00000,0.11836,t_shape,clutter_safe,0.4600,0.18000,-0.32583
no_object_energy,adversarial_clutter_gap,4,2,0,0.02018,0.06684,0.09667,1,1,0,58.34213,1.57452,0,-1.18139,1,0.19158,0.06191,0.00000,0.00000,0.13058,t_shape,clutter_safe,0.4600,0.18000,-2.94893
no_object_energy,adversarial_clutter_gap,4,3,0,0.04629,0.01412,0.01782,1,1,0,96.79193,4.23585,0,-1.01713,1,0.26545,0.06487,0.00000,0.00000,0.14518,t_shape,clutter_safe,0.4600,0.18000,0.28881
no_object_energy,adversarial_clutter_gap,4,4,0,-0.00206,0.00970,0.06176,1,1,0,48.53511,2.03592,0,-1.10867,1,0.26756,0.06442,0.00000,0.00000,0.13575,t_shape,clutter_safe,0.4600,0.18000,2.62139
no_object_energy,adversarial_clutter_gap,4,5,0,-0.00206,0.07936,0.13142,1,1,0,4.30357,0.67315,0,-1.20385,1,0.16059,0.05941,0.10898,0.18163,0.18211,t_shape,clutter_safe,0.4600,0.18000,0.42950
no_object_energy,adversarial_clutter_gap,4,6,0,0.01808,0.05716,0.08909,1,1,0,83.62424,4.47287,0,-1.16560,1,0.27671,0.06551,0.00000,0.00000,0.13912,t_shape,clutter_safe,0.4600,0.18000,0.30574
no_object_energy,adversarial_clutter_gap,4,7,0,0.10640,0.11289,0.11289,0,1,0,89.53153,4.07976,0,-0.66518,1,0.21028,0.06497,0.22411,0.37352,0.12433,t_shape,clutter_safe,0.4600,0.18000,0.38210
no_object_energy,adversarial_clutter_gap,4,8,0,0.07356,0.02615,0.02615,0,1,0,62.23528,3.56625,0,-0.48447,1,0.09811,0.05785,0.00000,0.00000,0.12268,t_shape,clutter_safe,0.4600,0.18000,-0.30605
no_object_energy,adversarial_clutter_gap,4,9,0,-0.00206,0.03803,0.09009,1,1,0,76.52154,2.33398,0,-1.16768,1,0.13840,0.06106,0.00000,0.00000,0.12434,t_shape,clutter_safe,0.4600,0.18000,-0.01854
no_object_energy,adversarial_clutter_gap,4,10,0,0.07227,0.09049,0.09049,0,1,0,77.64520,4.46624,0,-0.61853,1,0.18052,0.06347,0.00000,0.00000,0.11902,t_shape,clutter_safe,0.4600,0.18000,-0.19335
no_object_energy,adversarial_clutter_gap,4,11,0,0.02883,0.09742,0.11859,1,1,0,34.36140,1.09219,0,-1.22707,1,0.19966,0.05974,0.00000,0.00000,0.17102,t_shape,clutter_safe,0.4600,0.18000,-0.05447
no_object_energy,adversarial_clutter_gap,4,12,0,0.07915,0.08039,0.08039,0,1,0,85.03388,5.10351,0,-0.59747,1,0.17063,0.06380,0.00000,0.00000,0.12697,t_shape,clutter_safe,0.4600,0.18000,-2.79530
no_object_energy,adversarial_clutter_gap,4,13,0,0.06338,0.03616,0.03616,1,1,0,58.64742,2.57879,0,-1.05534,1,0.19433,0.05726,0.00000,0.00000,0.12285,t_shape,clutter_safe,0.4600,0.18000,-0.17928
no_object_energy,adversarial_clutter_gap,4,14,0,-0.00206,0.05115,0.10322,1,1,0,46.98245,1.36087,0,-1.19504,1,0.17189,0.05977,0.01829,0.03048,0.10467,t_shape,clutter_safe,0.4600,0.17478,-0.53904
no_object_energy,adversarial_clutter_gap,5,0,0,-0.00332,0.39254,0.44586,1,1,0,85.77264,4.85546,0,-1.23000,1,0.21333,0.06121,0.00000,0.00000,0.09774,t_shape,clutter_safe,0.4600,0.18000,-0.04141
no_object_energy,adversarial_clutter_gap,5,1,0,-0.00206,0.02700,0.07906,1,1,0,66.25685,3.28521,0,-1.14470,1,0.22551,0.06404,0.00000,0.00000,0.13969,t_shape,clutter_safe,0.4600,0.18000,-0.29134
no_object_energy,adversarial_clutter_gap,5,2,0,-0.00016,0.05938,0.10954,1,1,0,36.31690,1.47748,0,-1.20821,1,0.16854,0.05844,0.00000,0.00000,0.11879,t_shape,clutter_safe,0.4600,0.18000,0.19842
no_object_energy,adversarial_clutter_gap,5,3,0,-0.00206,0.03245,0.08451,1,1,0,86.46598,3.82018,0,-1.15606,1,0.18936,0.06511,0.00000,0.00000,0.12899,t_shape,clutter_safe,0.4600,0.18000,-0.50670
no_object_energy,adversarial_clutter_gap,5,4,0,-0.00206,0.06824,0.12030,1,1,0,10.45431,0.56192,0,-1.19495,1,0.18791,0.05625,0.00723,0.01206,0.02941,t_shape,clutter_safe,0.4600,0.16591,1.41574
no_object_energy,adversarial_clutter_gap,5,5,0,-0.00206,0.04029,0.09235,1,1,0,57.78430,3.23186,0,-1.17239,1,0.17188,0.05724,0.00000,0.00000,0.10627,t_shape,clutter_safe,0.4600,0.18000,3.00303
no_object_energy,adversarial_clutter_gap,5,6,0,0.09006,0.10004,0.10004,0,1,0,80.20501,3.96972,0,-0.63842,1,0.11014,0.06490,0.00000,0.00000,0.12044,t_shape,clutter_safe,0.4600,0.18000,2.87437
no_object_energy,adversarial_clutter_gap,5,7,0,-0.00206,0.04090,0.09296,1,1,0,60.03662,2.02977,0,-1.17366,1,0.13478,0.06413,0.00000,0.00000,0.13270,t_shape,clutter_safe,0.4600,0.18000,-2.81784
no_object_energy,adversarial_clutter_gap,5,8,0,0.09458,0.05823,0.05823,0,1,0,77.16263,4.91669,0,-0.55131,1,0.21456,0.05587,0.00000,0.00000,0.09904,t_shape,clutter_safe,0.4600,0.18000,0.15567
no_object_energy,adversarial_clutter_gap,5,9,0,0.03850,0.04340,0.05490,1,1,0,65.08691,3.38571,0,-1.09438,1,0.17447,0.06503,0.00000,0.00000,0.15641,t_shape,clutter_safe,0.4600,0.18000,0.38380
no_object_energy,adversarial_clutter_gap,5,10,1,0.16116,0.03579,0.03579,0,0,0,88.59691,7.31090,1,0.84544,1,0.23372,0.05687,0.00000,0.00000,0.10363,t_shape,clutter_safe,0.4600,0.18000,-0.14155
no_object_energy,adversarial_clutter_gap,5,11,0,0.15290,0.05835,0.05835,0,1,0,72.66068,5.62857,0,-0.55157,1,0.20169,0.06291,0.00000,0.00000,0.15832,t_shape,clutter_safe,0.4600,0.18000,-0.25318
no_object_energy,adversarial_clutter_gap,5,12,0,0.15162,0.07962,0.07962,0,1,0,77.56574,6.29490,0,-0.59587,1,0.17440,0.06169,0.00000,0.00000,0.10411,t_shape,clutter_safe,0.4600,0.18000,3.01481
no_object_energy,adversarial_clutter_gap,5,13,0,0.06791,0.04227,0.04227,1,1,0,84.60579,4.58869,0,-1.06807,1,0.16874,0.06031,0.00000,0.00000,0.11144,t_shape,clutter_safe,0.4600,0.18000,0.27143
no_object_energy,adversarial_clutter_gap,5,14,0,-0.00206,0.07000,0.12206,1,1,0,28.48514,1.66141,0,-1.23000,1,0.21882,0.14216,0.00000,0.00000,0.05168,t_shape,clutter_safe,0.4600,0.14451,1.28433
no_object_energy,adversarial_clutter_gap,6,0,0,-0.00206,0.02620,0.07826,1,1,0,96.11257,4.46677,0,-1.14304,1,0.20358,0.06449,0.00000,0.00000,0.14745,t_shape,clutter_safe,0.4600,0.18000,-0.11178
no_object_energy,adversarial_clutter_gap,6,1,0,-0.00206,0.19626,0.24831,1,1,0,0.00000,0.59468,0,-1.19757,1,0.26575,0.26940,0.00000,0.00000,0.13533,t_shape,clutter_safe,0.4600,0.18000,-1.60161
no_object_energy,adversarial_clutter_gap,6,2,0,0.04312,0.04334,0.05022,1,1,0,70.06462,2.80266,0,-1.08462,1,0.16584,0.05427,0.00000,0.00000,0.09547,t_shape,clutter_safe,0.4600,0.18000,0.31969
no_object_energy,adversarial_clutter_gap,6,3,0,-0.00206,0.07876,0.13081,1,1,0,9.30788,0.59460,0,-1.19757,1,0.21781,0.20885,0.00000,0.00000,0.11630,t_shape,clutter_safe,0.4600,0.18000,-1.68078
no_object_energy,adversarial_clutter_gap,6,4,0,0.00376,0.08988,0.13611,1,1,0,43.84381,2.15306,0,-1.23000,1,0.23368,0.05946,0.00000,0.00000,0.04779,t_shape,clutter_safe,0.4600,0.13589,1.71588
no_object_energy,adversarial_clutter_gap,6,5,0,0.03847,0.14429,0.15583,1,1,0,39.07784,1.17123,0,-1.23000,1,0.24427,0.06465,0.15632,0.26053,0.17504,t_shape,clutter_safe,0.4600,0.18000,-3.03973
no_object_energy,adversarial_clutter_gap,6,6,0,0.08026,0.04931,0.04931,0,1,0,55.64616,4.31609,0,-0.53272,1,0.13909,0.05663,0.05702,0.09503,0.10905,t_shape,clutter_safe,0.4600,0.18000,-2.96943
no_object_energy,adversarial_clutter_gap,6,7,0,0.06266,0.03721,0.03721,1,1,0,57.11145,2.39699,0,-1.05752,1,0.17252,0.05661,0.00000,0.00000,0.13209,t_shape,clutter_safe,0.4600,0.18000,-0.09736
no_object_energy,adversarial_clutter_gap,6,8,0,-0.00206,0.05035,0.10241,1,1,0,5.54003,0.56503,0,-1.15855,1,0.16268,0.05615,0.00000,0.00000,0.13487,t_shape,clutter_safe,0.4600,0.18000,1.42450
no_object_energy,adversarial_clutter_gap,6,9,0,-0.00206,0.02354,0.07560,1,1,0,24.40356,1.44110,0,-1.13750,1,0.16618,0.05705,0.00000,0.00000,0.10208,t_shape,clutter_safe,0.4600,0.18000,1.88543
no_object_energy,adversarial_clutter_gap,6,10,0,0.06010,0.04956,0.04956,1,1,0,75.94336,3.15247,0,-1.08326,1,0.13734,0.05768,0.00945,0.01576,0.09585,t_shape,clutter_safe,0.4600,0.18000,0.40327
no_object_energy,adversarial_clutter_gap,6,11,0,-0.00207,0.07638,0.12844,1,1,0,48.40408,1.68171,0,-1.23000,1,0.13198,0.06169,0.06555,0.10924,0.08798,t_shape,clutter_safe,0.4600,0.17827,-0.03880
no_object_energy,adversarial_clutter_gap,6,12,0,0.16032,0.04111,0.04111,0,1,0,68.06389,5.65936,0,-0.51565,1,0.10990,0.05717,0.00000,0.00000,0.11567,t_shape,clutter_safe,0.4600,0.18000,-0.03827
no_object_energy,adversarial_clutter_gap,6,13,0,0.02141,0.03156,0.06015,1,1,0,58.26899,2.49814,0,-1.10532,1,0.22429,0.06242,0.00000,0.00000,0.15305,t_shape,clutter_safe,0.4600,0.17553,-2.59476
no_object_energy,adversarial_clutter_gap,6,14,0,0.15779,0.03788,0.03788,0,1,0,44.10075,3.39390,0,-0.50891,1,0.17075,0.05870,0.00000,0.00000,0.10612,t_shape,clutter_safe,0.4600,0.18000,0.31253
no_object_energy,adversarial_clutter_gap,7,0,0,0.04961,0.03376,0.03415,1,1,0,73.93470,4.05317,0,-1.05114,1,0.16504,0.05494,0.00000,0.00000,0.09858,t_shape,clutter_safe,0.4600,0.18000,0.08883
no_object_energy,adversarial_clutter_gap,7,1,0,-0.00206,0.05305,0.10511,1,1,0,16.21366,0.96256,0,-1.19597,1,0.17987,0.05795,0.00000,0.00000,0.12059,t_shape,clutter_safe,0.4600,0.18000,-1.74505
no_object_energy,adversarial_clutter_gap,7,2,0,-0.00206,0.01844,0.07050,1,1,0,44.81206,2.82320,0,-1.12687,1,0.18561,0.05743,0.00000,0.00000,0.11982,t_shape,clutter_safe,0.4600,0.18000,-0.37759
no_object_energy,adversarial_clutter_gap,7,3,0,0.07463,0.06722,0.06722,0,1,0,105.15789,5.37488,0,-0.57004,1,0.19719,0.06343,0.00000,0.00000,0.11512,t_shape,clutter_safe,0.4600,0.18000,-2.84781
no_object_energy,adversarial_clutter_gap,7,4,0,0.11922,0.05364,0.05364,0,1,0,89.08186,4.71599,0,-0.54176,1,0.17292,0.05694,0.03405,0.05676,0.11094,t_shape,clutter_safe,0.4600,0.18000,0.35276
no_object_energy,adversarial_clutter_gap,7,5,0,0.04996,0.04597,0.04601,1,1,0,77.54890,3.91833,0,-1.07586,1,0.19638,0.05819,0.00000,0.00000,0.10854,t_shape,clutter_safe,0.4600,0.18000,0.30871
no_object_energy,adversarial_clutter_gap,7,6,0,-0.00207,0.02083,0.07290,1,1,0,84.26825,4.74265,0,-1.13187,1,0.21189,0.05926,0.00000,0.00000,0.13581,t_shape,clutter_safe,0.4600,0.18000,2.92651
no_object_energy,adversarial_clutter_gap,7,7,0,-0.00206,0.06496,0.11702,1,1,0,14.97192,0.68226,0,-1.19838,1,0.18499,0.05595,0.00000,0.00000,0.12835,t_shape,clutter_safe,0.4600,0.18000,-3.10210
no_object_energy,adversarial_clutter_gap,7,8,0,-0.00258,0.04727,0.09985,1,1,0,47.17259,2.06598,0,-1.18801,1,0.21134,0.06061,0.00000,0.00000,0.07614,t_shape,clutter_safe,0.4600,0.16666,-1.85853
no_object_energy,adversarial_clutter_gap,7,9,0,-0.00206,0.07071,0.12277,1,1,0,79.83011,3.30503,0,-1.23000,1,0.23000,0.06414,0.00000,0.00000,0.11915,t_shape,clutter_safe,0.4600,0.18000,-0.00666
no_object_energy,adversarial_clutter_gap,7,10,0,0.09128,0.06581,0.06581,0,1,0,51.50388,2.49353,0,-0.56710,1,0.07892,0.05971,0.01717,0.02861,0.09161,t_shape,clutter_safe,0.4600,0.18000,-0.19773
no_object_energy,adversarial_clutter_gap,7,11,0,0.03280,0.02842,0.04562,1,1,0,53.61910,2.62990,0,-1.07504,1,0.27147,0.06473,0.00000,0.00000,0.07847,t_shape,clutter_safe,0.4600,0.15108,2.79486
no_object_energy,adversarial_clutter_gap,7,12,0,0.10386,0.13474,0.13474,0,1,0,142.54138,5.76523,0,-0.68000,1,0.23963,0.06599,0.00000,0.00000,0.14310,t_shape,clutter_safe,0.4600,0.18000,-3.10789
no_object_energy,adversarial_clutter_gap,7,13,0,-0.00206,0.10919,0.16125,1,1,0,8.57096,0.72595,0,-1.20808,1,0.21810,0.05667,0.01080,0.01800,0.01233,t_shape,clutter_safe,0.4600,0.15341,1.73979
no_object_energy,adversarial_clutter_gap,7,14,0,0.04768,0.01597,0.01829,1,1,0,88.22673,4.51396,0,-1.01811,1,0.15558,0.05836,0.00000,0.00000,0.12915,t_shape,clutter_safe,0.4600,0.18000,0.21905
no_object_energy,material_shift_proxy,0,0,1,0.15446,0.03927,0.03927,0,0,0,42.03923,3.14135,1,0.83819,1,0.03184,0.25863,0.00149,0.00000,0.00576,cylinder,lift,0.2400,0.09293,-0.52777
no_object_energy,material_shift_proxy,0,1,0,0.01548,0.09377,0.12829,1,0,0,44.61831,2.10261,1,-0.88000,1,0.09291,0.26009,0.02947,0.00000,0.01630,cylinder,lift,0.2400,0.08723,0.95474
no_object_energy,material_shift_proxy,0,2,0,0.01374,0.03990,0.07616,1,0,0,36.77609,2.02442,1,-0.78866,1,0.10419,0.25658,0.00544,0.00000,0.00951,cylinder,lift,0.2400,0.08578,-0.45666
no_object_energy,material_shift_proxy,0,3,0,0.01784,0.01413,0.04629,1,0,0,41.02714,1.99735,1,-0.72643,1,0.03550,0.25382,0.00034,0.00000,0.01383,cylinder,lift,0.2400,0.09335,0.54418
no_object_energy,material_shift_proxy,0,4,1,0.16651,0.05737,0.05737,0,0,0,33.41141,2.80059,1,0.80048,1,0.12025,0.54558,0.03458,0.00000,0.00155,cylinder,lift,0.2400,0.10803,-0.35810
no_object_energy,material_shift_proxy,0,5,1,0.11314,0.09886,0.09886,0,0,0,40.81368,2.54083,1,0.71404,1,0.03210,0.25774,0.01014,0.00000,0.00544,cylinder,lift,0.2400,0.09288,-0.56469
no_object_energy,material_shift_proxy,0,6,0,0.01722,0.00918,0.04197,1,0,0,42.65018,2.03565,1,-0.71743,1,0.07087,0.25264,0.04099,0.00000,0.00922,cylinder,lift,0.2400,0.08921,-1.24598
no_object_energy,material_shift_proxy,0,7,0,0.01170,0.05534,0.09364,1,0,0,41.62045,2.25244,1,-0.82508,1,0.08509,0.25917,0.02654,0.00000,0.02500,cylinder,lift,0.2400,0.08929,-0.95388
no_object_energy,material_shift_proxy,0,8,0,0.01179,0.07770,0.11591,1,0,0,44.61968,1.71343,1,-0.87148,1,0.09501,0.26034,0.00859,0.00000,0.02286,cylinder,lift,0.2400,0.08804,0.14943
no_object_energy,material_shift_proxy,0,9,0,0.01297,0.04038,0.07741,1,0,0,43.72614,1.90866,1,-0.79127,1,0.07833,0.25498,0.02608,0.00000,0.01936,cylinder,lift,0.2400,0.08873,0.89088
no_object_energy,material_shift_proxy,0,10,1,0.16192,0.04568,0.04568,0,0,0,37.88933,2.93049,1,0.82484,1,0.04852,0.36734,0.04546,0.00000,0.00318,cylinder,lift,0.2400,0.10041,2.06162
no_object_energy,material_shift_proxy,0,11,1,0.10315,0.03953,0.03953,0,0,0,41.98517,2.64631,1,0.83765,1,0.08907,0.25384,0.03571,0.00000,0.01439,cylinder,lift,0.2400,0.08783,-1.23673
no_object_energy,material_shift_proxy,0,12,1,0.16650,0.02569,0.02569,0,0,0,35.23194,2.93876,1,0.86649,1,0.08627,0.45806,0.01483,0.00000,0.00239,cylinder,lift,0.2400,0.10442,0.30948
no_object_energy,material_shift_proxy,0,13,0,0.03198,0.11363,0.13165,1,0,0,32.11453,1.70745,1,-0.88000,1,0.12590,0.53117,0.01216,0.00000,0.01509,cylinder,lift,0.2400,0.10729,0.44883
no_object_energy,material_shift_proxy,0,14,0,0.01335,0.00739,0.04404,1,0,0,46.07506,2.26591,1,-0.72175,1,0.10235,0.25226,0.04999,0.00000,0.00521,cylinder,lift,0.2400,0.08555,1.96453
no_object_energy,material_shift_proxy,1,0,1,0.11474,0.05826,0.05826,0,0,0,41.87060,2.69147,1,0.79863,1,0.04778,0.25333,0.01231,0.00000,0.00953,cylinder,lift,0.2400,0.09165,-2.47206
no_object_energy,material_shift_proxy,1,1,0,0.01534,0.05623,0.09089,1,0,0,28.55104,1.52865,1,-0.81936,1,0.06385,0.38236,0.01654,0.00000,0.01239,cylinder,lift,0.2400,0.10110,0.10003
no_object_energy,material_shift_proxy,1,2,1,0.16571,0.06295,0.06295,0,0,0,42.56820,3.47485,1,0.78885,1,0.04815,0.25787,0.04993,0.00000,0.00472,cylinder,lift,0.2400,0.09114,2.09076
no_object_energy,material_shift_proxy,1,3,1,0.14936,0.03442,0.03442,0,0,0,44.03104,3.24210,1,0.84829,1,0.09500,0.25469,0.04992,0.00000,0.00902,cylinder,lift,0.2400,0.08669,0.95946
no_object_energy,material_shift_proxy,1,4,1,0.10504,0.02150,0.02150,0,0,0,37.19787,2.24193,1,0.87522,1,0.03209,0.30649,0.01102,0.00000,0.01091,cylinder,lift,0.2400,0.09795,0.01085
no_object_energy,material_shift_proxy,1,5,1,0.15819,0.04625,0.04625,0,0,0,35.43461,2.63305,1,0.82365,1,0.06633,0.39880,0.02630,0.00000,0.00681,cylinder,lift,0.2400,0.10191,-0.04258
no_object_energy,material_shift_proxy,1,6,1,0.16389,0.01547,0.01547,0,0,0,38.54188,2.94273,1,0.88778,1,0.03457,0.32540,0.04082,0.00000,0.00526,cylinder,lift,0.2400,0.09876,1.00686
no_object_energy,material_shift_proxy,1,7,0,0.11862,0.11093,0.11093,0,0,0,42.01879,2.75025,1,-0.31110,1,0.02893,0.25849,0.00041,0.00000,0.02230,cylinder,lift,0.2400,0.09326,0.33405
no_object_energy,material_shift_proxy,1,8,1,0.12521,0.06148,0.06148,0,0,0,31.40901,2.18657,1,0.79191,1,0.06326,0.39813,0.04088,0.00000,0.00666,cylinder,lift,0.2400,0.10160,0.80972
no_object_energy,material_shift_proxy,1,9,1,0.10352,0.05664,0.05664,0,0,0,41.87648,2.55208,1,0.80200,1,0.05456,0.25523,0.04644,0.00000,0.00600,cylinder,lift,0.2400,0.09059,-1.40258
no_object_energy,material_shift_proxy,1,10,1,0.12621,0.03459,0.03459,0,0,0,36.37558,2.42020,1,0.84793,1,0.07491,0.41840,0.00215,0.00000,0.00983,cylinder,lift,0.2400,0.10250,0.28661
no_object_energy,material_shift_proxy,1,11,1,0.14481,0.01828,0.01828,0,0,0,33.90981,2.40304,1,0.88193,1,0.10175,0.48615,0.03686,0.00000,0.00718,cylinder,lift,0.2400,0.10556,0.43433
no_object_energy,material_shift_proxy,1,12,0,0.01169,0.03816,0.07647,1,0,0,39.20435,1.70004,1,-0.78931,1,0.02439,0.25655,0.03407,0.00000,0.01613,cylinder,lift,0.2400,0.09473,2.85457
no_object_energy,material_shift_proxy,1,13,1,0.15653,0.03552,0.03552,0,0,0,43.88496,3.31780,1,0.84601,1,0.08903,0.25286,0.04954,0.00000,0.00329,cylinder,lift,0.2400,0.08674,-1.91588
no_object_energy,material_shift_proxy,1,14,1,0.16257,0.03032,0.03032,0,0,0,39.35748,3.06636,1,0.85684,1,0.04143,0.25357,0.04996,0.00000,0.02236,cylinder,lift,0.2400,0.09357,-1.81145
no_object_energy,material_shift_proxy,2,0,1,0.15491,0.04056,0.04056,0,0,0,40.70321,3.02799,1,0.83550,1,0.01268,0.25483,0.03915,0.00000,0.00447,cylinder,lift,0.2400,0.09480,1.81012
no_object_energy,material_shift_proxy,2,1,0,0.01138,0.05677,0.09538,1,0,0,38.01992,1.50575,1,-0.82872,1,0.03135,0.28564,0.01400,0.00000,0.02111,cylinder,lift,0.2400,0.09687,0.29445
no_object_energy,material_shift_proxy,2,2,0,0.01428,0.00948,0.04520,1,0,0,41.39027,1.93487,1,-0.72417,1,0.07567,0.25270,0.03303,0.00000,0.01423,cylinder,lift,0.2400,0.08921,0.41436
no_object_energy,material_shift_proxy,2,3,1,0.09721,0.07524,0.07524,0,0,0,42.41240,2.62164,1,0.76324,1,0.06362,0.26107,0.04688,0.00000,0.00918,cylinder,lift,0.2400,0.08996,0.94498
no_object_energy,material_shift_proxy,2,4,0,0.01095,0.00752,0.04656,1,0,0,38.14738,1.91727,1,-0.72700,1,0.02663,0.29173,0.00302,0.00000,0.01112,cylinder,lift,0.2400,0.09736,-0.01538
no_object_energy,material_shift_proxy,2,5,0,0.02000,0.00649,0.03649,1,0,0,42.50623,2.09489,1,-0.70602,1,0.07760,0.25256,0.04741,0.00000,0.01457,cylinder,lift,0.2400,0.08904,1.46130
no_object_energy,material_shift_proxy,2,6,1,0.13247,0.06526,0.06526,0,0,0,36.04967,2.41910,1,0.78404,1,0.07554,0.42333,0.05000,0.00000,0.00628,cylinder,lift,0.2400,0.10292,1.02433
no_object_energy,material_shift_proxy,2,7,0,0.01111,0.09530,0.13419,1,0,0,42.98948,2.35648,1,-0.88000,1,0.07766,0.26262,0.04761,0.00000,0.03582,cylinder,lift,0.2400,0.09011,0.94959
no_object_energy,material_shift_proxy,2,8,1,0.13843,0.07891,0.07891,0,0,0,37.15933,2.62839,1,0.75561,1,0.03153,0.32070,0.04999,0.00000,0.00616,cylinder,lift,0.2400,0.09835,1.56953
no_object_energy,material_shift_proxy,2,9,1,0.16641,0.08280,0.08280,0,0,0,46.24264,2.93373,1,0.74749,1,0.10657,0.49716,0.00848,0.00000,0.00914,cylinder,lift,0.2400,0.10587,-0.42407
no_object_energy,material_shift_proxy,2,10,1,0.11940,0.02820,0.02820,0,0,0,35.25987,2.28067,1,0.86125,1,0.06678,0.39716,0.00255,0.00000,0.00998,cylinder,lift,0.2400,0.10164,-0.39471
no_object_energy,material_shift_proxy,2,11,0,0.01179,0.02351,0.06172,1,0,0,41.06626,1.41720,1,-0.75858,1,0.10595,0.25225,0.01216,0.00000,0.03130,cylinder,lift,0.2400,0.08774,-0.26806
no_object_energy,material_shift_proxy,2,12,1,0.10735,0.06269,0.06269,0,0,0,42.82280,2.68828,1,0.78939,1,0.09293,0.25575,0.04738,0.00000,0.01663,cylinder,lift,0.2400,0.08765,1.37331
no_object_energy,material_shift_proxy,2,13,1,0.14581,0.04377,0.04377,0,0,0,44.61322,3.20112,1,0.82881,1,0.07741,0.25887,0.04213,0.00000,0.00815,cylinder,lift,0.2400,0.08786,0.67549
no_object_energy,material_shift_proxy,2,14,1,0.10891,0.10408,0.10408,0,0,0,41.26229,2.47007,1,0.70316,1,0.03924,0.25816,0.00675,0.00000,0.00414,cylinder,lift,0.2400,0.09201,-0.21471
no_object_energy,material_shift_proxy,3,0,0,0.01178,0.05160,0.08982,1,0,0,33.00585,1.54464,1,-0.81713,1,0.11201,0.25804,0.00254,0.00000,0.01418,cylinder,lift,0.2400,0.08542,0.65034
no_object_energy,material_shift_proxy,3,1,1,0.14376,0.07023,0.07023,0,0,0,43.51262,3.10438,1,0.77369,1,0.05713,0.25703,0.04808,0.00000,0.01635,cylinder,lift,0.2400,0.09008,1.49666
no_object_energy,material_shift_proxy,3,2,0,0.01176,0.02181,0.06005,1,0,0,40.81090,1.59087,1,-0.75510,1,0.06530,0.25394,0.00901,0.00000,0.02250,cylinder,lift,0.2400,0.09110,0.24273
no_object_energy,material_shift_proxy,3,3,1,0.08930,0.02990,0.02990,0,0,0,42.30547,2.52384,1,0.85771,1,0.05447,0.25244,0.00249,0.00000,0.00935,cylinder,lift,0.2400,0.09093,-0.64015
no_object_energy,material_shift_proxy,3,4,1,0.15298,0.02266,0.02266,0,0,0,38.65474,2.86782,1,0.87279,1,0.04078,0.33193,0.00009,0.00000,0.00915,cylinder,lift,0.2400,0.09902,0.58365
no_object_energy,material_shift_proxy,3,5,0,0.01179,0.04391,0.08211,1,0,0,42.11811,1.61035,1,-0.80107,1,0.10859,0.25701,0.03110,0.00000,0.02271,cylinder,lift,0.2400,0.08662,0.97846
no_object_energy,material_shift_proxy,3,6,1,0.14897,0.09200,0.09200,0,0,0,43.39715,3.22448,1,0.72834,1,0.08131,0.26048,0.04542,0.00000,0.00483,cylinder,lift,0.2400,0.08770,-1.63527
no_object_energy,material_shift_proxy,3,7,1,0.15247,0.04114,0.04114,0,0,0,33.64800,2.46805,1,0.83429,1,0.11603,0.52194,0.04849,0.00000,0.00515,cylinder,lift,0.2400,0.10724,0.88847
no_object_energy,material_shift_proxy,3,8,1,0.08288,0.06041,0.06041,0,0,0,40.12667,2.07426,1,0.79415,1,0.02570,0.29262,0.02834,0.00000,0.02719,cylinder,lift,0.2400,0.09729,0.58985
no_object_energy,material_shift_proxy,3,9,1,0.14137,0.05053,0.05053,0,0,0,38.57555,2.72676,1,0.81473,1,0.03381,0.31249,0.04399,0.00000,0.00989,cylinder,lift,0.2400,0.09823,1.16810
no_object_energy,material_shift_proxy,3,10,1,0.12530,0.07644,0.07644,0,0,0,42.35812,2.79533,1,0.76076,1,0.07658,0.25480,0.01404,0.00000,0.01024,cylinder,lift,0.2400,0.08872,-0.20094
no_object_energy,material_shift_proxy,3,11,1,0.13231,0.08588,0.08588,0,0,0,35.64065,2.32351,1,0.74109,1,0.08465,0.43595,0.00484,0.00000,0.01095,cylinder,lift,0.2400,0.10341,0.06276
no_object_energy,material_shift_proxy,3,12,1,0.13513,0.08832,0.08832,0,0,0,42.45297,2.99668,1,0.73600,1,0.07226,0.25874,0.03940,0.00000,0.01069,cylinder,lift,0.2400,0.08922,-1.70511
no_object_energy,material_shift_proxy,3,13,0,0.01179,0.02172,0.05992,1,0,0,39.58712,1.41915,1,-0.75484,1,0.10917,0.25250,0.04999,0.00000,0.03302,cylinder,lift,0.2400,0.08757,1.76210
no_object_energy,material_shift_proxy,3,14,0,0.01147,0.08342,0.12195,1,0,0,44.95355,2.54350,1,-0.88000,1,0.10051,0.26249,0.01120,0.00000,0.00901,cylinder,lift,0.2400,0.08611,0.10160
no_object_energy,material_shift_proxy,4,0,0,0.01562,0.03180,0.06618,1,0,0,41.33032,2.07790,1,-0.76787,1,0.05569,0.25528,0.04922,0.00000,0.01401,cylinder,lift,0.2400,0.09127,-1.68013
no_object_energy,material_shift_proxy,4,1,0,0.01169,0.06283,0.10113,1,0,0,42.00124,1.69461,1,-0.84070,1,0.06105,0.25857,0.00328,0.00000,0.02107,cylinder,lift,0.2400,0.09091,0.35684
no_object_energy,material_shift_proxy,4,2,0,0.01177,0.02581,0.06404,1,0,0,41.33799,1.69009,1,-0.76342,1,0.07692,0.25511,0.01361,0.00000,0.03277,cylinder,lift,0.2400,0.08964,0.36266
no_object_energy,material_shift_proxy,4,3,0,0.01293,0.02205,0.05912,1,0,0,44.33143,1.80997,1,-0.75318,1,0.10421,0.25405,0.04893,0.00000,0.01240,cylinder,lift,0.2400,0.08606,1.86647
no_object_energy,material_shift_proxy,4,4,0,0.01285,0.03424,0.07138,1,0,0,42.95268,2.00050,1,-0.77872,1,0.07576,0.25550,0.02377,0.00000,0.01455,cylinder,lift,0.2400,0.08923,2.21500
no_object_energy,material_shift_proxy,4,5,0,0.06097,0.03559,0.03559,1,0,0,39.20729,2.17725,1,-0.70414,1,0.01337,0.25389,0.05000,0.00000,0.01143,cylinder,lift,0.2400,0.09541,1.90315
no_object_energy,material_shift_proxy,4,6,0,0.01179,0.06950,0.10771,1,0,0,41.03707,1.55435,1,-0.85440,1,0.11891,0.25825,0.03933,0.00000,0.03006,cylinder,lift,0.2400,0.08627,1.72423
no_object_energy,material_shift_proxy,4,7,0,0.01179,0.02032,0.05853,1,0,0,42.74098,1.41303,1,-0.75193,1,0.08881,0.25322,0.02840,0.00000,0.01182,cylinder,lift,0.2400,0.08761,1.17093
no_object_energy,material_shift_proxy,4,8,0,0.01220,0.05579,0.09359,1,0,0,40.01729,2.05477,1,-0.82498,1,0.04177,0.25799,0.04595,0.00000,0.01988,cylinder,lift,0.2400,0.09329,-1.18349
no_object_energy,material_shift_proxy,4,9,0,0.00691,0.03151,0.07460,1,0,0,38.70115,2.03056,1,-0.78541,1,0.02127,0.27764,0.03567,0.00000,0.01302,cylinder,lift,0.2400,0.09661,-1.17679
no_object_energy,material_shift_proxy,4,10,1,0.12008,0.06142,0.06142,0,0,0,42.03547,2.08502,1,0.79204,1,0.07859,0.42484,0.01206,0.00000,0.00839,cylinder,lift,0.2400,0.10303,0.24414
no_object_energy,material_shift_proxy,4,11,1,0.16480,0.01264,0.01264,0,0,0,45.62155,3.61387,1,0.89366,1,0.10484,0.25326,0.04007,0.00000,0.00661,cylinder,lift,0.2400,0.08543,1.88420
no_object_energy,material_shift_proxy,4,12,0,0.01179,0.01704,0.05525,1,0,0,37.91293,1.50268,1,-0.74510,1,0.06773,0.25553,0.01070,0.00000,0.03047,cylinder,lift,0.2400,0.09163,-0.22680
no_object_energy,material_shift_proxy,4,13,1,0.11965,0.02935,0.02935,0,0,0,41.32321,2.73023,1,0.85885,1,0.05439,0.25672,0.03192,0.00000,0.00648,cylinder,lift,0.2400,0.09066,2.51766
no_object_energy,material_shift_proxy,4,14,1,0.16587,0.10029,0.10029,0,0,0,39.33769,3.26596,1,0.71107,1,0.01786,0.26256,0.04830,0.00000,0.01157,cylinder,lift,0.2400,0.09496,-0.82821
no_object_energy,material_shift_proxy,5,0,0,0.00878,0.06993,0.11115,1,0,0,39.57192,1.97121,1,-0.86157,1,0.01457,0.27717,0.02239,0.00000,0.00704,cylinder,lift,0.2400,0.09650,-2.24686
no_object_energy,material_shift_proxy,5,1,0,0.01178,0.00162,0.03984,1,0,0,35.33028,1.37572,1,-0.71300,1,0.05934,0.33732,0.00251,0.00000,0.02596,cylinder,lift,0.2400,0.09930,-0.07703
no_object_energy,material_shift_proxy,5,2,0,0.01138,0.04184,0.08046,1,0,0,42.83247,1.77131,1,-0.79763,1,0.07765,0.25681,0.01637,0.00000,0.01807,cylinder,lift,0.2400,0.08938,-0.25338
no_object_energy,material_shift_proxy,5,3,1,0.15281,0.06739,0.06739,0,0,0,38.22816,2.77305,1,0.77961,1,0.03071,0.32105,0.02572,0.00000,0.00417,cylinder,lift,0.2400,0.09846,1.11591
no_object_energy,material_shift_proxy,5,4,1,0.16313,0.02499,0.02499,0,0,0,39.26383,3.08261,1,0.86795,1,0.01891,0.25435,0.04300,0.00000,0.01887,cylinder,lift,0.2400,0.09557,-1.19054
no_object_energy,material_shift_proxy,5,5,1,0.12008,0.06134,0.06134,0,0,0,42.29646,2.76129,1,0.79221,1,0.08059,0.25544,0.04636,0.00000,0.00845,cylinder,lift,0.2400,0.08813,1.64421
no_object_energy,material_shift_proxy,5,6,0,0.01790,0.02249,0.05460,1,0,0,42.65666,2.34156,1,-0.74374,1,0.09801,0.25216,0.05000,0.00000,0.01539,cylinder,lift,0.2400,0.08700,2.02034
no_object_energy,material_shift_proxy,5,7,1,0.11508,0.00600,0.00600,0,0,0,42.00945,2.70987,1,0.90750,1,0.07720,0.25658,0.00204,0.00000,0.01135,cylinder,lift,0.2400,0.08877,0.12822
no_object_energy,material_shift_proxy,5,8,1,0.16247,0.03505,0.03505,0,0,0,37.81240,2.93829,1,0.84699,1,0.02556,0.30448,0.04409,0.00000,0.00546,cylinder,lift,0.2400,0.09780,-1.65555
no_object_energy,material_shift_proxy,5,9,0,0.01489,0.07759,0.11270,1,0,0,42.95112,1.84456,1,-0.86480,1,0.05654,0.25804,0.02274,0.00000,0.00710,cylinder,lift,0.2400,0.09050,-0.77486
no_object_energy,material_shift_proxy,5,10,0,0.00990,0.04412,0.08422,1,0,0,40.61360,1.85908,1,-0.80546,1,0.01814,0.25468,0.04597,0.00000,0.01130,cylinder,lift,0.2400,0.09490,-0.75111
no_object_energy,material_shift_proxy,5,11,0,0.01775,0.07679,0.10905,1,0,0,39.73042,1.79249,1,-0.85718,1,0.03397,0.29196,0.04905,0.00000,0.02134,cylinder,lift,0.2400,0.09712,1.44232
no_object_energy,material_shift_proxy,5,12,0,0.01179,0.05880,0.09701,1,0,0,39.85840,1.50418,1,-0.83211,1,0.05080,0.25767,0.00184,0.00000,0.06158,cylinder,lift,0.2400,0.09318,0.24364
no_object_energy,material_shift_proxy,5,13,0,0.01457,0.01143,0.04686,1,0,0,41.99497,2.02446,1,-0.72763,1,0.06508,0.25221,0.04901,0.00000,0.01212,cylinder,lift,0.2400,0.09010,-2.36546
no_object_energy,material_shift_proxy,5,14,0,0.01294,0.02389,0.06094,1,0,0,38.95115,2.01982,1,-0.75697,1,0.02827,0.25352,0.04990,0.00000,0.00979,cylinder,lift,0.2400,0.09370,1.43594
no_object_energy,material_shift_proxy,6,0,1,0.16472,0.01097,0.01097,0,0,0,61.61921,3.08503,1,0.89714,1,0.03023,0.25370,0.01224,0.00000,0.00566,cylinder,lift,0.2400,0.09309,-2.46338
no_object_energy,material_shift_proxy,6,1,0,0.01076,0.06361,0.10284,1,0,0,43.13703,2.01315,1,-0.84425,1,0.10523,0.25631,0.01946,0.00000,0.01071,cylinder,lift,0.2400,0.08579,2.23965
no_object_energy,material_shift_proxy,6,2,0,0.01329,0.00866,0.04537,1,0,0,41.63062,1.78404,1,-0.72451,1,0.05854,0.25266,0.03900,0.00000,0.01467,cylinder,lift,0.2400,0.09103,0.87896
no_object_energy,material_shift_proxy,6,3,0,0.01179,0.09286,0.13107,1,0,0,65.72036,1.45002,1,-0.88000,1,0.10291,0.26094,0.01947,0.00000,0.00793,cylinder,lift,0.2400,0.08576,0.85357
no_object_energy,material_shift_proxy,6,4,1,0.12178,0.08555,0.08555,0,0,0,37.52213,2.51205,1,0.74178,1,0.03991,0.33450,0.03760,0.00000,0.00898,cylinder,lift,0.2400,0.09895,-1.40169
no_object_energy,material_shift_proxy,6,5,0,0.01022,0.05812,0.09789,1,0,0,44.57103,2.43560,1,-0.83394,1,0.09208,0.25783,0.04910,0.00000,0.01061,cylinder,lift,0.2400,0.08715,1.56133
no_object_energy,material_shift_proxy,6,6,1,0.09924,0.04586,0.04586,0,0,0,44.44663,2.62550,1,0.82446,1,0.06179,0.25284,0.04580,0.00000,0.02501,cylinder,lift,0.2400,0.09022,-0.69830
no_object_energy,material_shift_proxy,6,7,1,0.15381,0.03696,0.03696,0,0,0,39.65889,2.92263,1,0.84300,1,0.01320,0.27346,0.03164,0.00000,0.00575,cylinder,lift,0.2400,0.09649,-1.23024
no_object_energy,material_shift_proxy,6,8,0,0.01116,0.03034,0.06918,1,0,0,42.69870,1.73547,1,-0.77413,1,0.08392,0.25511,0.02338,0.00000,0.03198,cylinder,lift,0.2400,0.09009,0.06904
no_object_energy,material_shift_proxy,6,9,0,0.01169,0.00968,0.04799,1,0,0,31.06730,1.74458,1,-0.72998,1,0.04313,0.25322,0.04266,0.00000,0.01642,cylinder,lift,0.2400,0.09166,0.78716
no_object_energy,material_shift_proxy,6,10,1,0.10999,0.06822,0.06822,0,0,0,41.61335,2.67595,1,0.77788,1,0.07177,0.25626,0.04997,0.00000,0.01209,cylinder,lift,0.2400,0.08940,1.78923
no_object_energy,material_shift_proxy,6,11,0,0.01352,0.02510,0.06157,1,0,0,49.60698,1.56862,1,-0.75828,1,0.03179,0.25488,0.02713,0.00000,0.01671,cylinder,lift,0.2400,0.09402,-2.32903
no_object_energy,material_shift_proxy,6,12,0,0.01147,0.09294,0.13147,1,0,0,36.31747,1.62660,1,-0.88000,1,0.03707,0.26226,0.01377,0.00000,0.02613,cylinder,lift,0.2400,0.09439,-0.24050
no_object_energy,material_shift_proxy,6,13,1,0.16466,0.04689,0.04689,0,0,0,39.24271,3.11995,1,0.82231,1,0.01928,0.29039,0.00084,0.00000,0.00625,cylinder,lift,0.2400,0.09707,0.04248
no_object_energy,material_shift_proxy,6,14,0,0.01179,0.03810,0.07631,1,0,0,43.50247,1.58565,1,-0.78898,1,0.11397,0.25757,0.03990,0.00000,0.05911,cylinder,lift,0.2400,0.08597,0.70871
no_object_energy,material_shift_proxy,7,0,0,0.06758,0.04982,0.04982,1,0,0,41.52227,2.29898,1,-0.73380,1,0.04813,0.25857,0.04676,0.00000,0.00796,cylinder,lift,0.2400,0.09146,0.68946
no_object_energy,material_shift_proxy,7,1,0,0.01411,0.00977,0.04566,1,0,0,38.50694,1.83858,1,-0.72512,1,0.02109,0.26781,0.00481,0.00000,0.01624,cylinder,lift,0.2400,0.09628,-0.21042
no_object_energy,material_shift_proxy,7,2,1,0.16650,0.06685,0.06685,0,0,0,43.41157,3.62648,1,0.78073,1,0.08600,0.25864,0.00114,0.00000,0.00329,cylinder,lift,0.2400,0.08706,0.37065
no_object_energy,material_shift_proxy,7,3,0,0.01179,0.03539,0.07360,1,0,0,38.27619,1.39053,1,-0.78333,1,0.03493,0.27653,0.00051,0.00000,0.02748,cylinder,lift,0.2400,0.09661,0.52699
no_object_energy,material_shift_proxy,7,4,1,0.07335,0.02240,0.02240,0,0,0,43.18927,2.43949,1,0.87334,1,0.08698,0.25549,0.01789,0.00000,0.01781,cylinder,lift,0.2400,0.08838,0.64765
no_object_energy,material_shift_proxy,7,5,1,0.12296,0.05484,0.05484,0,0,0,38.24606,2.52872,1,0.80575,1,0.01725,0.26860,0.04677,0.00000,0.01219,cylinder,lift,0.2400,0.09628,-1.58577
no_object_energy,material_shift_proxy,7,6,0,0.01133,0.04344,0.08210,1,0,0,40.55597,1.95775,1,-0.80104,1,0.04783,0.25651,0.04813,0.00000,0.01549,cylinder,lift,0.2400,0.09223,0.87594
no_object_energy,material_shift_proxy,7,7,0,0.01876,0.05161,0.08284,1,0,0,44.23435,2.38859,1,-0.80259,1,0.09428,0.25532,0.04642,0.00000,0.00717,cylinder,lift,0.2400,0.08658,0.61336
no_object_energy,material_shift_proxy,7,8,1,0.10291,0.06689,0.06689,0,0,0,40.58283,2.43346,1,0.78064,1,0.02791,0.25780,0.04988,0.00000,0.00872,cylinder,lift,0.2400,0.09363,1.68029
no_object_energy,material_shift_proxy,7,9,1,0.14437,0.04525,0.04525,0,0,0,34.18581,2.20189,1,0.82572,1,0.11851,0.52524,0.01506,0.00000,0.00636,cylinder,lift,0.2400,0.10738,0.86650
no_object_energy,material_shift_proxy,7,10,0,0.01177,0.02197,0.06021,1,0,0,38.58743,1.58624,1,-0.75543,1,0.06943,0.25480,0.01926,0.00000,0.02496,cylinder,lift,0.2400,0.09091,0.63748
no_object_energy,material_shift_proxy,7,11,1,0.15561,0.08931,0.08931,0,0,0,37.38862,2.87078,1,0.73394,1,0.03626,0.33607,0.04344,0.00000,0.00504,cylinder,lift,0.2400,0.09896,-1.70690
no_object_energy,material_shift_proxy,7,12,1,0.12564,0.03306,0.03306,0,0,0,41.30500,2.73339,1,0.85112,1,0.05185,0.25777,0.03882,0.00000,0.01035,cylinder,lift,0.2400,0.09130,-0.60874
no_object_energy,material_shift_proxy,7,13,1,0.15252,0.04649,0.04649,0,0,0,36.77109,2.74853,1,0.82314,1,0.03618,0.33578,0.00258,0.00000,0.00515,cylinder,lift,0.2400,0.09894,-0.34808
no_object_energy,material_shift_proxy,7,14,1,0.16645,0.04795,0.04795,0,0,0,38.99788,3.25760,1,0.82011,1,0.03640,0.31713,0.00234,0.00000,0.01221,cylinder,lift,0.2400,0.09827,-0.14321
no_contact_energy,combined_composition_shift,0,0,0,-0.00206,0.05950,0.11156,1,1,0,6.07011,0.67733,0,-1.18660,1,0.23137,0.13513,0.00000,0.00000,0.17311,t_shape,clutter_safe,0.3800,0.18000,-0.17400
no_contact_energy,combined_composition_shift,0,1,0,-0.00206,0.03027,0.08232,1,1,0,48.19055,2.55113,0,-1.15151,1,0.21430,0.13590,0.00000,0.00000,0.12750,t_shape,clutter_safe,0.3800,0.18000,-2.80327
no_contact_energy,combined_composition_shift,0,2,0,-0.00206,0.08314,0.13520,1,1,0,24.92182,0.69450,0,-1.20556,1,0.14071,0.12769,0.00000,0.00000,0.14878,t_shape,clutter_safe,0.3800,0.18000,-0.03426
no_contact_energy,combined_composition_shift,0,3,0,-0.00265,0.03255,0.08520,1,1,0,49.12763,2.21022,0,-1.15750,1,0.20211,0.12872,0.00000,0.00000,0.12418,t_shape,clutter_safe,0.3800,0.18000,3.07098
no_contact_energy,combined_composition_shift,0,4,0,0.12445,0.12819,0.12819,0,1,0,104.34923,7.28199,0,-0.68000,1,0.24554,0.13658,0.00000,0.00000,0.13388,t_shape,clutter_safe,0.3800,0.18000,0.21859
no_contact_energy,combined_composition_shift,0,5,0,0.16105,0.04649,0.04649,0,1,0,53.27801,3.65323,0,-0.52684,1,0.19738,0.12619,0.00000,0.00000,0.10545,t_shape,clutter_safe,0.3800,0.18000,-2.84338
no_contact_energy,combined_composition_shift,0,6,0,0.02497,0.06234,0.08737,1,1,0,59.76247,2.63434,0,-1.16201,1,0.19018,0.12878,0.00000,0.00000,0.10237,t_shape,clutter_safe,0.3800,0.18000,-0.07133
no_contact_energy,combined_composition_shift,0,7,0,0.15585,0.04666,0.04666,0,1,0,79.42570,6.51815,0,-0.52720,1,0.13834,0.13059,0.00000,0.00000,0.12064,t_shape,clutter_safe,0.3800,0.18000,-0.18608
no_contact_energy,combined_composition_shift,0,8,0,0.16237,0.04416,0.04416,0,1,0,78.99225,6.46736,0,-0.52199,1,0.18319,0.13100,0.00000,0.00000,0.12147,t_shape,clutter_safe,0.3800,0.18000,-0.15975
no_contact_energy,combined_composition_shift,0,9,0,-0.00206,0.11077,0.16283,1,0,0,0.00000,0.57088,1,-0.84567,1,0.18078,0.13247,0.00000,0.00000,0.14818,t_shape,clutter_safe,0.3800,0.18000,-0.19011
no_contact_energy,combined_composition_shift,0,10,0,0.15803,0.03941,0.03941,0,1,0,62.01786,5.10277,0,-0.51211,1,0.14894,0.13028,0.00000,0.00000,0.11157,t_shape,clutter_safe,0.3800,0.17677,-0.09988
no_contact_energy,combined_composition_shift,0,11,0,0.15599,0.06480,0.06480,0,1,0,62.75170,5.05414,0,-0.56499,1,0.09891,0.13239,0.00000,0.00000,0.13359,t_shape,clutter_safe,0.3800,0.18000,-0.14212
no_contact_energy,combined_composition_shift,0,12,0,-0.00206,0.04882,0.10087,1,1,0,40.60075,1.06895,0,-1.19016,1,0.17109,0.13171,0.00000,0.00000,0.13256,t_shape,clutter_safe,0.3800,0.18000,0.11040
no_contact_energy,combined_composition_shift,0,13,0,-0.00206,0.10030,0.15236,1,1,0,0.00000,0.57374,0,-1.19590,1,0.05325,0.13422,0.03752,0.06253,0.13716,t_shape,clutter_safe,0.3800,0.18000,-0.33395
no_contact_energy,combined_composition_shift,0,14,0,0.10718,0.10804,0.10804,0,1,0,64.69163,3.35461,0,-0.65509,1,0.16599,0.13394,0.00000,0.00000,0.11570,t_shape,clutter_safe,0.3800,0.18000,0.04509
no_contact_energy,combined_composition_shift,1,0,0,-0.00206,0.06434,0.11639,1,1,0,26.64673,0.90347,0,-1.21477,1,0.09001,0.13289,0.01275,0.02125,0.11468,t_shape,clutter_safe,0.3800,0.18000,-0.14042
no_contact_energy,combined_composition_shift,1,1,0,0.03135,0.08195,0.10060,1,1,0,22.88799,1.13171,0,-1.18959,1,0.21078,0.13707,0.00000,0.00000,0.12581,t_shape,clutter_safe,0.3800,0.18000,0.01506
no_contact_energy,combined_composition_shift,1,2,0,0.12214,0.09428,0.09428,0,1,0,64.93723,3.86713,0,-0.62643,1,0.18712,0.13388,0.00000,0.00000,0.09203,t_shape,clutter_safe,0.3800,0.18000,-0.24677
no_contact_energy,combined_composition_shift,1,3,0,0.15207,0.08374,0.08374,0,1,0,78.36885,6.20217,0,-0.60446,1,0.14027,0.13588,0.00000,0.00000,0.14024,t_shape,clutter_safe,0.3800,0.18000,-0.41589
no_contact_energy,combined_composition_shift,1,4,0,0.10488,0.05183,0.05183,0,1,0,66.76216,4.43658,0,-0.53799,1,0.18272,0.13319,0.00000,0.00000,0.04796,t_shape,clutter_safe,0.3800,0.16617,0.13147
no_contact_energy,combined_composition_shift,1,5,0,0.02532,0.04415,0.06883,1,1,0,70.32359,2.43086,0,-1.12341,1,0.23206,0.13584,0.00000,0.00000,0.15861,t_shape,clutter_safe,0.3800,0.18000,-0.05428
no_contact_energy,combined_composition_shift,1,6,0,0.15229,0.10920,0.10920,0,1,0,64.88427,4.11311,0,-0.65749,1,0.13738,0.13441,0.00000,0.00000,0.13740,t_shape,clutter_safe,0.3800,0.18000,-2.71569
no_contact_energy,combined_composition_shift,1,7,0,0.15248,0.08546,0.08546,0,1,0,77.43383,5.96858,0,-0.60805,1,0.19064,0.13635,0.00000,0.00000,0.11374,t_shape,clutter_safe,0.3800,0.18000,-3.11439
no_contact_energy,combined_composition_shift,1,8,0,0.04551,0.07449,0.07897,1,1,0,41.88359,2.08795,0,-1.14453,1,0.17687,0.16744,0.14878,0.24796,0.03625,t_shape,clutter_safe,0.3800,0.15253,-1.48185
no_contact_energy,combined_composition_shift,1,9,0,0.15674,0.02110,0.02110,0,1,0,65.39112,5.38076,0,-0.47397,1,0.11407,0.13017,0.00000,0.00000,0.11004,t_shape,clutter_safe,0.3800,0.18000,-0.22406
no_contact_energy,combined_composition_shift,1,10,0,0.07478,0.04915,0.04915,0,1,0,43.03046,3.07127,0,-0.53239,1,0.24224,0.12673,0.00000,0.00000,0.19945,t_shape,clutter_safe,0.3800,0.18000,0.92198
no_contact_energy,combined_composition_shift,1,11,0,0.13911,0.03779,0.03779,0,1,0,33.92264,1.49767,0,-0.50874,1,0.21569,0.13126,0.00000,0.00000,0.17109,t_shape,clutter_safe,0.3800,0.18000,-0.61747
no_contact_energy,combined_composition_shift,1,12,0,-0.00206,0.28360,0.33566,1,1,0,76.01779,3.24118,0,-1.23000,1,0.15359,0.13368,0.00000,0.00000,0.14743,t_shape,clutter_safe,0.3800,0.18000,0.16658
no_contact_energy,combined_composition_shift,1,13,0,0.04351,0.03594,0.04244,1,1,0,69.56404,2.91088,0,-1.06841,1,0.14389,0.12796,0.00000,0.00000,0.13768,t_shape,clutter_safe,0.3800,0.18000,0.22019
no_contact_energy,combined_composition_shift,1,14,0,0.15265,0.05437,0.05437,0,1,0,52.54414,3.22277,0,-0.54326,1,0.14302,0.13635,0.00000,0.00000,0.11225,t_shape,clutter_safe,0.3800,0.18000,-3.01901
no_contact_energy,combined_composition_shift,2,0,0,-0.00206,0.08362,0.13567,1,1,0,8.73122,0.62869,0,-1.20029,1,0.18394,0.13173,0.00000,0.00000,0.14616,t_shape,clutter_safe,0.3800,0.18000,-0.12917
no_contact_energy,combined_composition_shift,2,1,0,-0.00206,0.12917,0.18123,1,0,0,5.25122,0.61781,1,-0.84942,1,0.20191,0.12735,0.00000,0.00000,0.12394,t_shape,clutter_safe,0.3800,0.18000,-0.01161
no_contact_energy,combined_composition_shift,2,2,0,0.15362,0.12273,0.12273,0,1,0,79.85152,6.44458,0,-0.68000,1,0.17185,0.13770,0.00000,0.00000,0.09329,t_shape,clutter_safe,0.3800,0.18000,-0.16413
no_contact_energy,combined_composition_shift,2,3,0,0.16187,0.06126,0.06126,0,1,0,69.79301,5.78850,0,-0.55761,1,0.12431,0.13223,0.00000,0.00000,0.12246,t_shape,clutter_safe,0.3800,0.18000,-0.24204
no_contact_energy,combined_composition_shift,2,4,0,0.15672,0.03676,0.03676,0,1,0,82.33158,6.73845,0,-0.50657,1,0.18293,0.13093,0.00000,0.00000,0.12522,t_shape,clutter_safe,0.3800,0.18000,3.05367
no_contact_energy,combined_composition_shift,2,5,0,0.11662,0.07952,0.07952,0,1,0,74.05417,4.18879,0,-0.59566,1,0.14425,0.13515,0.00000,0.00000,0.11874,t_shape,clutter_safe,0.3800,0.18000,-3.12515
no_contact_energy,combined_composition_shift,2,6,0,0.01799,0.16960,0.20162,1,1,0,54.46593,2.77670,0,-1.23000,1,0.16940,0.13729,0.00000,0.00000,0.13302,t_shape,clutter_safe,0.3800,0.18000,0.13926
no_contact_energy,combined_composition_shift,2,7,0,0.09176,0.06996,0.06996,0,1,0,44.07757,2.69223,0,-0.57574,1,0.19322,0.13378,0.00000,0.00000,0.11633,t_shape,clutter_safe,0.3800,0.18000,-0.15182
no_contact_energy,combined_composition_shift,2,8,0,0.10420,0.07102,0.07102,0,1,0,70.83359,4.84312,0,-0.57795,1,0.16693,0.13648,0.00000,0.00000,0.13310,t_shape,clutter_safe,0.3800,0.18000,-0.05792
no_contact_energy,combined_composition_shift,2,9,0,0.16209,0.10427,0.10427,0,1,0,67.83111,5.62892,0,-0.64723,1,0.14236,0.13671,0.00000,0.00000,0.07197,t_shape,clutter_safe,0.3800,0.17150,-0.25205
no_contact_energy,combined_composition_shift,2,10,0,0.16111,0.04915,0.04915,0,1,0,54.30559,3.20686,0,-0.53239,1,0.17118,0.12848,0.00000,0.00000,0.12084,t_shape,clutter_safe,0.3800,0.18000,2.66828
no_contact_energy,combined_composition_shift,2,11,1,0.15929,0.05153,0.05153,0,0,0,77.28512,6.42312,1,0.81264,1,0.15559,0.12988,0.00000,0.00000,0.11789,t_shape,clutter_safe,0.3800,0.18000,-0.24313
no_contact_energy,combined_composition_shift,2,12,0,0.02167,0.05313,0.08145,1,1,0,61.05946,2.60980,0,-1.14969,1,0.19480,0.13019,0.00000,0.00000,0.13319,t_shape,clutter_safe,0.3800,0.18000,0.13699
no_contact_energy,combined_composition_shift,2,13,0,0.16210,0.03509,0.03509,0,1,0,58.37722,4.71848,0,-0.50311,1,0.06077,0.12669,0.01842,0.03071,0.09500,t_shape,clutter_safe,0.3800,0.18000,-0.14131
no_contact_energy,combined_composition_shift,2,14,0,0.15761,0.03793,0.03793,0,1,0,77.26244,6.26709,0,-0.50903,1,0.15847,0.13127,0.00000,0.00000,0.12627,t_shape,clutter_safe,0.3800,0.18000,-0.04404
no_contact_energy,combined_composition_shift,3,0,0,0.16151,0.10673,0.10673,0,1,0,83.85637,6.93574,0,-0.65236,1,0.16886,0.13719,0.00000,0.00000,0.10775,t_shape,clutter_safe,0.3800,0.18000,3.01660
no_contact_energy,combined_composition_shift,3,1,0,0.14831,0.04905,0.04905,0,1,0,49.76320,2.20002,0,-0.53220,1,0.21167,0.13133,0.07090,0.11817,0.15243,t_shape,clutter_safe,0.3800,0.18000,-0.08444
no_contact_energy,combined_composition_shift,3,2,0,0.16008,0.11978,0.11978,0,1,0,79.62082,6.65179,0,-0.67954,1,0.14547,0.13734,0.00000,0.00000,0.10387,t_shape,clutter_safe,0.3800,0.18000,3.02732
no_contact_energy,combined_composition_shift,3,3,0,0.15141,0.07701,0.07701,0,1,0,77.19109,5.93062,0,-0.59045,1,0.08999,0.13640,0.00000,0.00000,0.12700,t_shape,clutter_safe,0.3800,0.18000,0.00247
no_contact_energy,combined_composition_shift,3,4,0,0.14283,0.11949,0.11949,0,1,0,71.74284,4.34078,0,-0.67893,1,0.19131,0.13524,0.03040,0.05066,0.10538,t_shape,clutter_safe,0.3800,0.18000,0.33040
no_contact_energy,combined_composition_shift,3,5,0,-0.00206,0.04268,0.09473,1,1,0,60.11375,2.07341,0,-1.17736,1,0.05600,0.13667,0.00000,0.00000,0.12889,t_shape,clutter_safe,0.3800,0.18000,-0.13361
no_contact_energy,combined_composition_shift,3,6,0,0.13963,0.00400,0.00400,0,1,0,49.97724,2.56368,0,-0.43833,1,0.13189,0.12799,0.00000,0.00000,0.14785,t_shape,clutter_safe,0.3800,0.18000,-0.21916
no_contact_energy,combined_composition_shift,3,7,0,-0.00206,0.05064,0.10269,1,1,0,20.15492,1.15148,0,-1.19395,1,0.11761,0.12758,0.00000,0.00000,0.11845,t_shape,clutter_safe,0.3800,0.18000,-0.28168
no_contact_energy,combined_composition_shift,3,8,1,0.16317,0.05168,0.05168,0,0,0,57.83583,4.67974,1,0.81233,1,0.04125,0.12736,0.00000,0.00000,0.11136,t_shape,clutter_safe,0.3800,0.18000,-0.14973
no_contact_energy,combined_composition_shift,3,9,0,0.12605,0.05515,0.05515,0,1,0,50.30861,2.89874,0,-0.54489,1,0.26951,0.32151,0.00000,0.00000,0.16439,t_shape,clutter_safe,0.3800,0.18000,-2.67237
no_contact_energy,combined_composition_shift,3,10,0,-0.00206,0.08743,0.13949,1,1,0,25.56317,0.71134,0,-1.20691,1,0.18309,0.12762,0.00000,0.00000,0.15861,t_shape,clutter_safe,0.3800,0.18000,3.03623
no_contact_energy,combined_composition_shift,3,11,0,0.16109,0.00136,0.00136,0,1,0,71.78514,5.94232,0,-0.43283,1,0.08986,0.12846,0.00000,0.00000,0.09334,t_shape,clutter_safe,0.3800,0.18000,-0.02295
no_contact_energy,combined_composition_shift,3,12,0,0.11107,0.03426,0.03426,0,1,0,72.19879,5.02470,0,-0.50137,1,0.23107,0.13233,0.00000,0.00000,0.12027,t_shape,clutter_safe,0.3800,0.18000,0.15347
no_contact_energy,combined_composition_shift,3,13,1,0.13955,0.07571,0.07571,0,0,0,100.52664,5.95284,1,0.76227,1,0.16496,0.12903,0.00000,0.00000,0.11340,t_shape,clutter_safe,0.3800,0.18000,0.17932
no_contact_energy,combined_composition_shift,3,14,0,-0.00206,0.11353,0.16558,1,0,0,2.01346,0.54021,1,-0.84322,1,0.14667,0.12810,0.00000,0.00000,0.10284,t_shape,clutter_safe,0.3800,0.18000,-0.02451
no_contact_energy,combined_composition_shift,4,0,0,-0.00206,0.11772,0.16978,1,1,0,6.05373,0.61339,0,-1.19907,1,0.15318,0.12774,0.13763,0.22938,0.15565,t_shape,clutter_safe,0.3800,0.18000,1.82152
no_contact_energy,combined_composition_shift,4,1,0,0.15308,0.12157,0.12157,0,1,0,60.42230,5.01803,0,-0.68000,1,0.08276,0.13737,0.00000,0.00000,0.11601,t_shape,clutter_safe,0.3800,0.18000,0.13456
no_contact_energy,combined_composition_shift,4,2,0,0.00622,0.02369,0.06747,1,1,0,49.85825,2.25884,0,-1.12056,1,0.16149,0.12689,0.00000,0.00000,0.12729,t_shape,clutter_safe,0.3800,0.18000,-0.13388
no_contact_energy,combined_composition_shift,4,3,0,-0.00206,0.07551,0.12756,1,1,0,28.20388,1.37523,0,-1.23000,1,0.42314,0.61687,0.00000,0.00000,0.07332,t_shape,clutter_safe,0.3800,0.16075,-1.61255
no_contact_energy,combined_composition_shift,4,4,0,0.03834,0.19447,0.20613,1,1,0,77.30420,5.13844,0,-1.23000,1,0.10546,0.13702,0.00000,0.00000,0.10692,t_shape,clutter_safe,0.3800,0.18000,3.12566
no_contact_energy,combined_composition_shift,4,5,0,-0.00206,0.06603,0.11809,1,1,0,56.68586,2.01621,0,-1.22603,1,0.06349,0.13724,0.00000,0.00000,0.10225,t_shape,clutter_safe,0.3800,0.18000,-2.91910
no_contact_energy,combined_composition_shift,4,6,0,0.15334,0.08397,0.08397,0,1,0,79.93759,6.50163,0,-0.60494,1,0.23589,0.13363,0.00000,0.00000,0.12530,t_shape,clutter_safe,0.3800,0.18000,-2.96722
no_contact_energy,combined_composition_shift,4,7,0,-0.00206,0.07967,0.13172,1,1,0,11.30651,0.62866,0,-1.20029,1,0.14190,0.12664,0.11171,0.18619,0.14273,t_shape,clutter_safe,0.3800,0.18000,0.02426
no_contact_energy,combined_composition_shift,4,8,1,0.16226,0.02109,0.02109,0,0,0,67.75522,5.62361,1,0.87606,1,0.12553,0.12914,0.00000,0.00000,0.16256,t_shape,clutter_safe,0.3800,0.18000,-0.19572
no_contact_energy,combined_composition_shift,4,9,0,0.01715,0.03283,0.06568,1,1,0,33.10875,2.17163,0,-1.11684,1,0.23800,0.12687,0.00000,0.00000,0.16971,t_shape,clutter_safe,0.3800,0.18000,-0.09728
no_contact_energy,combined_composition_shift,4,10,0,0.04306,0.02864,0.03558,1,1,0,65.96508,3.01824,0,-1.05413,1,0.13873,0.12700,0.00000,0.00000,0.12007,t_shape,clutter_safe,0.3800,0.18000,-3.14034
no_contact_energy,combined_composition_shift,4,11,0,0.03902,0.05026,0.06124,1,1,0,37.46900,1.67933,0,-1.10759,1,0.10923,0.13241,0.00000,0.00000,0.12767,t_shape,clutter_safe,0.3800,0.18000,0.00289
no_contact_energy,combined_composition_shift,4,12,0,0.13288,0.06836,0.06836,0,1,0,38.52771,2.17860,0,-0.57242,1,0.15613,0.13454,0.00000,0.00000,0.11827,t_shape,clutter_safe,0.3800,0.18000,-0.30060
no_contact_energy,combined_composition_shift,4,13,0,-0.00206,0.16695,0.21901,1,0,0,5.22537,0.67221,1,-0.85378,1,0.15040,0.13582,0.00000,0.00000,0.10391,t_shape,clutter_safe,0.3800,0.18000,0.15094
no_contact_energy,combined_composition_shift,4,14,0,0.15595,0.02255,0.02255,0,1,0,63.94204,5.18773,0,-0.47698,1,0.07719,0.13027,0.00000,0.00000,0.11422,t_shape,clutter_safe,0.3800,0.18000,-0.11666
no_contact_energy,combined_composition_shift,5,0,0,0.03112,0.05161,0.07049,1,1,0,58.05105,2.44173,0,-1.12685,1,0.18982,0.13146,0.00000,0.00000,0.15407,t_shape,clutter_safe,0.3800,0.18000,-0.17476
no_contact_energy,combined_composition_shift,5,1,0,-0.00206,0.06066,0.11272,1,1,0,64.21726,2.87208,0,-1.21484,1,0.19591,0.13726,0.00000,0.00000,0.12995,t_shape,clutter_safe,0.3800,0.18000,2.88770
no_contact_energy,combined_composition_shift,5,2,0,-0.00206,0.05047,0.10253,1,1,0,36.87813,1.39132,0,-1.19360,1,0.09293,0.13376,0.00000,0.00000,0.14525,t_shape,clutter_safe,0.3800,0.18000,0.02970
no_contact_energy,combined_composition_shift,5,3,0,-0.00206,0.08444,0.13650,1,0,0,6.61588,0.57898,1,-0.84632,1,0.14410,0.13018,0.17711,0.29518,0.11640,t_shape,clutter_safe,0.3800,0.18000,2.84752
no_contact_energy,combined_composition_shift,5,4,0,-0.00206,0.10188,0.15394,1,1,0,48.05490,1.12098,0,-1.23000,1,0.05845,0.13455,0.05087,0.08478,0.14212,t_shape,clutter_safe,0.3800,0.18000,-0.16529
no_contact_energy,combined_composition_shift,5,5,0,0.16102,0.07640,0.07640,0,1,0,66.96709,5.14008,0,-0.58917,1,0.10757,0.13579,0.00000,0.00000,0.14340,t_shape,clutter_safe,0.3800,0.18000,0.23330
no_contact_energy,combined_composition_shift,5,6,0,0.16122,0.08642,0.08642,0,1,0,68.10463,5.46438,0,-0.61003,1,0.11467,0.13644,0.00000,0.00000,0.13508,t_shape,clutter_safe,0.3800,0.17980,-0.14283
no_contact_energy,combined_composition_shift,5,7,1,0.16096,0.02716,0.02716,0,0,0,76.39358,6.29768,1,0.86341,1,0.18102,0.12812,0.00000,0.00000,0.11661,t_shape,clutter_safe,0.3800,0.18000,-0.14079
no_contact_energy,combined_composition_shift,5,8,0,-0.00206,0.08981,0.14187,1,1,0,46.42120,1.27548,0,-1.23000,1,0.22640,0.13194,0.00000,0.00000,0.13615,t_shape,clutter_safe,0.3800,0.18000,-0.39387
no_contact_energy,combined_composition_shift,5,9,0,0.07206,0.01534,0.01534,0,1,0,44.31264,2.86956,0,-0.46196,1,0.18548,0.12720,0.00000,0.00000,0.09752,t_shape,clutter_safe,0.3800,0.17973,0.06751
no_contact_energy,combined_composition_shift,5,10,0,0.12032,0.09964,0.09964,0,1,0,80.68085,5.25573,0,-0.63758,1,0.15119,0.13420,0.00000,0.00000,0.12195,t_shape,clutter_safe,0.3800,0.18000,0.25001
no_contact_energy,combined_composition_shift,5,11,0,0.10239,0.07656,0.07656,0,1,0,60.53128,3.51628,0,-0.58950,1,0.15480,0.13352,0.00000,0.00000,0.13355,t_shape,clutter_safe,0.3800,0.18000,0.12220
no_contact_energy,combined_composition_shift,5,12,0,0.14991,0.09175,0.09175,0,1,0,81.05528,6.12405,0,-0.62114,1,0.15474,0.13687,0.00000,0.00000,0.11274,t_shape,clutter_safe,0.3800,0.18000,2.99239
no_contact_energy,combined_composition_shift,5,13,0,0.11725,0.02350,0.02350,0,1,0,98.76485,5.08463,0,-0.47895,1,0.21114,0.13092,0.00000,0.00000,0.12144,t_shape,clutter_safe,0.3800,0.18000,-0.06808
no_contact_energy,combined_composition_shift,5,14,0,-0.00206,0.02260,0.07466,1,1,0,58.29651,2.73738,0,-1.13554,1,0.20933,0.13542,0.00000,0.00000,0.12936,t_shape,clutter_safe,0.3800,0.18000,3.08306
no_contact_energy,combined_composition_shift,6,0,0,-0.00206,0.00924,0.06130,1,1,0,60.21938,2.60420,0,-1.10771,1,0.16661,0.13364,0.01443,0.02404,0.10827,t_shape,clutter_safe,0.3800,0.18000,-0.40294
no_contact_energy,combined_composition_shift,6,1,1,0.15957,0.09845,0.09845,0,0,0,56.61927,4.71021,1,0.71490,1,0.02628,0.14309,0.02169,0.03615,0.11376,t_shape,clutter_safe,0.3800,0.18000,-0.01275
no_contact_energy,combined_composition_shift,6,2,0,-0.00206,0.10807,0.16013,1,1,0,8.29337,0.64384,0,-1.20151,1,0.20862,0.13089,0.00000,0.00000,0.14967,t_shape,clutter_safe,0.3800,0.18000,-0.01650
no_contact_energy,combined_composition_shift,6,3,0,-0.00206,0.03475,0.08680,1,1,0,43.28776,2.09787,0,-1.16084,1,0.20697,0.13767,0.00000,0.00000,0.11027,t_shape,clutter_safe,0.3800,0.18000,-0.14877
no_contact_energy,combined_composition_shift,6,4,0,-0.00206,0.08679,0.13885,1,1,0,12.33526,0.76294,0,-1.21104,1,0.25751,0.12917,0.00000,0.00000,0.15066,t_shape,clutter_safe,0.3800,0.18000,-2.82089
no_contact_energy,combined_composition_shift,6,5,1,0.16226,0.00314,0.00314,0,0,0,65.22219,5.40384,1,0.91345,1,0.10573,0.12618,0.00000,0.00000,0.06593,t_shape,clutter_safe,0.3800,0.16949,3.05047
no_contact_energy,combined_composition_shift,6,6,0,0.16220,0.02096,0.02096,0,1,0,65.86310,5.36444,0,-0.47366,1,0.12699,0.13051,0.00000,0.00000,0.11497,t_shape,clutter_safe,0.3800,0.18000,-0.00074
no_contact_energy,combined_composition_shift,6,7,0,0.15668,0.09398,0.09398,0,1,0,48.52034,3.24643,0,-0.62580,1,0.08001,0.13175,0.00000,0.00000,0.16862,t_shape,clutter_safe,0.3800,0.18000,0.25922
no_contact_energy,combined_composition_shift,6,8,0,-0.00206,0.08210,0.13416,1,1,0,82.27573,2.85561,0,-1.23000,1,0.20587,0.13697,0.00000,0.00000,0.17841,t_shape,clutter_safe,0.3800,0.18000,-0.13612
no_contact_energy,combined_composition_shift,6,9,0,0.15659,0.06686,0.06686,0,1,0,50.85875,3.57957,0,-0.56930,1,0.10572,0.12883,0.00000,0.00000,0.11312,t_shape,clutter_safe,0.3800,0.18000,0.19317
no_contact_energy,combined_composition_shift,6,10,0,0.12294,0.04963,0.04963,0,1,0,70.99468,3.94302,0,-0.53340,1,0.18942,0.12607,0.00000,0.00000,0.10553,t_shape,clutter_safe,0.3800,0.18000,3.05082
no_contact_energy,combined_composition_shift,6,11,0,0.04405,0.05961,0.06557,1,1,0,44.90865,3.07736,0,-1.11660,1,0.14728,0.16545,0.00457,0.00761,0.13056,t_shape,clutter_safe,0.3800,0.18000,-2.99114
no_contact_energy,combined_composition_shift,6,12,0,0.15895,0.01843,0.01843,0,1,0,63.04229,5.18583,0,-0.46841,1,0.06271,0.12827,0.00000,0.00000,0.08753,t_shape,clutter_safe,0.3800,0.17640,3.01592
no_contact_energy,combined_composition_shift,6,13,0,0.13279,0.12928,0.12928,0,1,0,69.44492,3.85696,0,-0.68000,1,0.12786,0.13673,0.00000,0.00000,0.10619,t_shape,clutter_safe,0.3800,0.17872,0.27356
no_contact_energy,combined_composition_shift,6,14,0,0.01423,0.02015,0.05592,1,1,0,45.08033,2.18479,0,-1.09649,1,0.15861,0.13786,0.00000,0.00000,0.11354,t_shape,clutter_safe,0.3800,0.17314,-2.61818
no_contact_energy,combined_composition_shift,7,0,0,0.15764,0.07948,0.07948,0,1,0,47.24416,3.13288,0,-0.59557,1,0.15124,0.13046,0.12457,0.20762,0.10761,t_shape,clutter_safe,0.3800,0.18000,0.27157
no_contact_energy,combined_composition_shift,7,1,1,0.16171,0.08692,0.08692,0,0,0,75.02761,6.27919,1,0.73892,1,0.10688,0.13461,0.00000,0.00000,0.10128,t_shape,clutter_safe,0.3800,0.18000,-0.05180
no_contact_energy,combined_composition_shift,7,2,0,-0.00207,0.03638,0.08845,1,1,0,56.63168,2.45686,0,-1.16427,1,0.11256,0.12793,0.00000,0.00000,0.11543,t_shape,clutter_safe,0.3800,0.18000,2.80328
no_contact_energy,combined_composition_shift,7,3,0,0.10106,0.08571,0.08571,0,1,0,61.13008,3.27940,0,-0.60856,1,0.12750,0.13574,0.00000,0.00000,0.11426,t_shape,clutter_safe,0.3800,0.18000,-0.38063
no_contact_energy,combined_composition_shift,7,4,0,0.07437,0.07428,0.07428,0,1,0,36.93441,2.79268,0,-0.58476,1,0.17356,0.21953,0.14099,0.23498,0.11763,t_shape,clutter_safe,0.3800,0.18000,0.17670
no_contact_energy,combined_composition_shift,7,5,0,0.11382,0.11205,0.11205,0,1,0,89.22964,5.14097,0,-0.66345,1,0.23617,0.13663,0.00000,0.00000,0.14260,t_shape,clutter_safe,0.3800,0.18000,0.30082
no_contact_energy,combined_composition_shift,7,6,0,0.09949,0.05436,0.05436,0,1,0,66.48817,5.20214,0,-0.54324,1,0.24817,0.13294,0.00000,0.00000,0.13641,t_shape,clutter_safe,0.3800,0.18000,3.13392
no_contact_energy,combined_composition_shift,7,7,0,0.15110,0.04555,0.04555,0,1,0,72.61106,5.61649,0,-0.52489,1,0.07717,0.13346,0.00000,0.00000,0.10755,t_shape,clutter_safe,0.3800,0.18000,-0.18557
no_contact_energy,combined_composition_shift,7,8,0,0.15594,0.04637,0.04637,0,1,0,37.24259,3.11109,0,-0.52661,1,0.21108,0.12711,0.00000,0.00000,0.10530,t_shape,clutter_safe,0.3800,0.18000,0.30658
no_contact_energy,combined_composition_shift,7,9,0,0.07508,0.04329,0.04329,0,1,0,40.08135,2.84377,0,-0.52020,1,0.19215,0.12707,0.02743,0.04572,0.03094,t_shape,clutter_safe,0.3800,0.16520,0.12659
no_contact_energy,combined_composition_shift,7,10,0,0.15932,0.07145,0.07145,0,1,0,65.53592,5.42324,0,-0.57885,1,0.11819,0.13219,0.00000,0.00000,0.12271,t_shape,clutter_safe,0.3800,0.18000,0.04698
no_contact_energy,combined_composition_shift,7,11,0,-0.00206,0.07280,0.12486,1,1,0,47.72816,1.35678,0,-1.23000,1,0.14023,0.13219,0.04374,0.07290,0.19767,t_shape,clutter_safe,0.3800,0.18000,0.32146
no_contact_energy,combined_composition_shift,7,12,0,-0.00206,0.05995,0.11200,1,1,0,16.15245,0.71764,0,-1.19075,1,0.22720,0.13086,0.00000,0.00000,0.13820,t_shape,clutter_safe,0.3800,0.18000,-0.20177
no_contact_energy,combined_composition_shift,7,13,0,0.15695,0.03328,0.03328,0,1,0,70.24357,5.70039,0,-0.49933,1,0.12392,0.13072,0.00000,0.00000,0.05671,t_shape,clutter_safe,0.3800,0.16908,-3.11763
no_contact_energy,combined_composition_shift,7,14,0,0.15941,0.02647,0.02647,0,1,0,39.94945,3.28167,0,-0.48514,1,0.14850,0.12934,0.00000,0.00000,0.09406,t_shape,clutter_safe,0.3800,0.18000,0.15819
no_contact_energy,adversarial_clutter_gap,0,0,0,-0.00206,0.13198,0.18404,1,1,0,1.32707,0.54630,0,-1.19370,1,0.22512,0.05462,0.07078,0.11796,0.14387,t_shape,clutter_safe,0.4600,0.18000,-1.26540
no_contact_energy,adversarial_clutter_gap,0,1,0,0.04970,0.05177,0.05207,1,1,0,46.00493,3.10444,0,-1.08849,1,0.21587,0.05470,0.00000,0.00000,0.11368,t_shape,clutter_safe,0.4600,0.18000,0.21604
no_contact_energy,adversarial_clutter_gap,0,2,0,0.13787,0.08742,0.08742,0,1,0,127.42446,8.13227,0,-0.61212,1,0.25045,0.06437,0.00000,0.00000,0.13125,t_shape,clutter_safe,0.4600,0.18000,-0.25460
no_contact_energy,adversarial_clutter_gap,0,3,0,0.03194,0.03051,0.04857,1,1,0,78.88559,3.65845,0,-1.08118,1,0.17313,0.06176,0.00000,0.00000,0.16221,t_shape,clutter_safe,0.4600,0.18000,-0.64563
no_contact_energy,adversarial_clutter_gap,0,4,0,0.08060,0.03546,0.03546,0,1,0,77.96436,4.80558,0,-0.50388,1,0.23385,0.06045,0.00000,0.00000,0.11617,t_shape,clutter_safe,0.4600,0.18000,-0.23192
no_contact_energy,adversarial_clutter_gap,0,5,0,0.06007,0.05485,0.05485,1,1,0,123.79876,4.95489,0,-1.09428,1,0.23623,0.06335,0.00000,0.00000,0.12534,t_shape,clutter_safe,0.4600,0.18000,-0.32761
no_contact_energy,adversarial_clutter_gap,0,6,0,-0.00206,0.04668,0.09874,1,1,0,45.81547,2.32346,0,-1.18571,1,0.20193,0.05947,0.00000,0.00000,0.15986,t_shape,clutter_safe,0.4600,0.18000,2.18783
no_contact_energy,adversarial_clutter_gap,0,7,0,0.12624,0.02001,0.02001,0,1,0,91.41448,7.27439,0,-0.47169,1,0.29147,0.05518,0.00000,0.00000,0.15150,t_shape,clutter_safe,0.4600,0.18000,-2.78361
no_contact_energy,adversarial_clutter_gap,0,8,0,-0.00206,0.04329,0.09535,1,1,0,35.75345,1.88059,0,-1.17864,1,0.18506,0.07067,0.00000,0.00000,0.04997,t_shape,clutter_safe,0.4600,0.14615,-1.38424
no_contact_energy,adversarial_clutter_gap,0,9,0,0.03263,0.03881,0.05618,1,1,0,33.31541,2.07377,0,-1.09705,1,0.11501,0.05707,0.09700,0.16166,0.11232,t_shape,clutter_safe,0.4600,0.18000,0.28243
no_contact_energy,adversarial_clutter_gap,0,10,0,-0.00206,0.06167,0.11373,1,1,0,17.61971,0.87103,0,-1.20662,1,0.16449,0.05951,0.00000,0.00000,0.11050,t_shape,clutter_safe,0.4600,0.18000,0.10464
no_contact_energy,adversarial_clutter_gap,0,11,0,0.03610,0.09589,0.10979,1,1,0,14.28428,0.91949,0,-1.20228,1,0.14341,0.06129,0.00000,0.00000,0.11762,t_shape,clutter_safe,0.4600,0.18000,-1.29255
no_contact_energy,adversarial_clutter_gap,0,12,0,-0.00206,0.02010,0.07216,1,0,0,1.80137,0.57473,1,-0.74630,1,0.19854,0.06107,0.00000,0.00000,0.19017,t_shape,clutter_safe,0.4600,0.18000,-2.08321
no_contact_energy,adversarial_clutter_gap,0,13,0,0.07360,0.04326,0.04326,0,1,0,52.67138,4.02291,0,-0.52012,1,0.19207,0.05422,0.00000,0.00000,0.13141,t_shape,clutter_safe,0.4600,0.18000,3.13512
no_contact_energy,adversarial_clutter_gap,0,14,0,0.02460,0.03859,0.06398,1,1,0,43.46929,2.60241,0,-1.11330,1,0.19054,0.05853,0.00000,0.00000,0.10034,t_shape,clutter_safe,0.4600,0.18000,-2.71383
no_contact_energy,adversarial_clutter_gap,1,0,0,0.16345,0.01778,0.01778,0,1,0,72.82132,5.82562,0,-0.46703,1,0.13722,0.05871,0.00000,0.00000,0.15565,t_shape,clutter_safe,0.4600,0.17851,-0.20692
no_contact_energy,adversarial_clutter_gap,1,1,0,0.10668,0.05388,0.05388,0,1,0,66.40322,4.07375,0,-0.54225,1,0.16724,0.06188,0.15780,0.26299,0.11654,t_shape,clutter_safe,0.4600,0.18000,-0.14801
no_contact_energy,adversarial_clutter_gap,1,2,0,0.13960,0.05967,0.05967,0,1,0,77.04891,4.37931,0,-0.55431,1,0.25319,0.05405,0.00000,0.00000,0.12154,t_shape,clutter_safe,0.4600,0.18000,2.92833
no_contact_energy,adversarial_clutter_gap,1,3,0,0.07103,0.03906,0.03906,0,1,0,56.22475,2.81903,0,-0.51137,1,0.19194,0.05847,0.00000,0.00000,0.11314,t_shape,clutter_safe,0.4600,0.18000,-0.26095
no_contact_energy,adversarial_clutter_gap,1,4,0,0.11169,0.06476,0.06476,0,1,0,76.86406,4.22111,0,-0.56491,1,0.15479,0.05858,0.05105,0.08508,0.09124,t_shape,clutter_safe,0.4600,0.18000,0.31569
no_contact_energy,adversarial_clutter_gap,1,5,0,0.12619,0.07677,0.07677,0,1,0,65.71753,3.73612,0,-0.58994,1,0.11796,0.05972,0.00000,0.00000,0.11448,t_shape,clutter_safe,0.4600,0.18000,-2.82754
no_contact_energy,adversarial_clutter_gap,1,6,0,-0.00206,0.03153,0.08358,1,1,0,39.36827,1.89461,0,-1.15413,1,0.15647,0.06188,0.00000,0.00000,0.12174,t_shape,clutter_safe,0.4600,0.18000,-0.15487
no_contact_energy,adversarial_clutter_gap,1,7,0,-0.00206,0.07652,0.12858,1,1,0,58.57002,2.28949,0,-1.23000,1,0.24502,0.06469,0.00000,0.00000,0.05093,t_shape,clutter_safe,0.4600,0.15602,1.44408
no_contact_energy,adversarial_clutter_gap,1,8,0,-0.00206,0.07200,0.12405,1,1,0,32.82994,2.27523,0,-1.23000,1,0.27713,0.05742,0.00000,0.00000,0.06704,t_shape,clutter_safe,0.4600,0.13945,-1.26290
no_contact_energy,adversarial_clutter_gap,1,9,0,0.01187,0.16834,0.20646,1,1,0,55.66000,3.07813,0,-1.23000,1,0.23834,0.06136,0.00000,0.00000,0.04917,t_shape,clutter_safe,0.4600,0.16022,-2.79280
no_contact_energy,adversarial_clutter_gap,1,10,0,0.02187,0.03177,0.05990,1,1,0,56.04658,3.40193,0,-1.10480,1,0.21427,0.05568,0.00000,0.00000,0.12494,t_shape,clutter_safe,0.4600,0.18000,0.42075
no_contact_energy,adversarial_clutter_gap,1,11,0,0.06274,0.03249,0.03249,1,1,0,98.14286,5.17681,0,-1.04769,1,0.18421,0.05765,0.00000,0.00000,0.10742,t_shape,clutter_safe,0.4600,0.18000,0.00421
no_contact_energy,adversarial_clutter_gap,1,12,0,0.07401,0.03177,0.03177,0,1,0,93.49826,3.79445,0,-0.49619,1,0.17334,0.05817,0.00000,0.00000,0.09945,t_shape,clutter_safe,0.4600,0.17571,-2.88725
no_contact_energy,adversarial_clutter_gap,1,13,0,-0.00206,0.05720,0.10926,1,1,0,24.83080,0.84764,0,-1.19544,1,0.08724,0.05591,0.18331,0.30552,0.13140,t_shape,clutter_safe,0.4600,0.18000,-0.16313
no_contact_energy,adversarial_clutter_gap,1,14,0,-0.00206,0.01934,0.07140,1,1,0,33.41356,1.60268,0,-1.12875,1,0.20411,0.05990,0.05861,0.09769,0.02086,t_shape,clutter_safe,0.4600,0.15621,1.32005
no_contact_energy,adversarial_clutter_gap,2,0,0,0.14792,0.05289,0.05289,0,1,0,87.26263,6.98167,0,-0.54018,1,0.17967,0.06111,0.00000,0.00000,0.13114,t_shape,clutter_safe,0.4600,0.18000,-0.21589
no_contact_energy,adversarial_clutter_gap,2,1,0,0.05963,0.09542,0.09542,1,1,0,69.23105,3.50688,0,-1.17879,1,0.16891,0.06455,0.00000,0.00000,0.11564,t_shape,clutter_safe,0.4600,0.18000,-0.07873
no_contact_energy,adversarial_clutter_gap,2,2,0,-0.00206,0.05807,0.11013,1,1,0,20.15920,0.75666,0,-1.18997,1,0.20067,0.05846,0.00000,0.00000,0.12655,t_shape,clutter_safe,0.4600,0.18000,0.01007
no_contact_energy,adversarial_clutter_gap,2,3,0,-0.00206,0.03830,0.09036,1,1,0,20.67095,1.10357,0,-1.16825,1,0.22174,0.05516,0.00000,0.00000,0.12966,t_shape,clutter_safe,0.4600,0.18000,-1.11444
no_contact_energy,adversarial_clutter_gap,2,4,0,0.03090,0.07634,0.09544,1,1,0,21.20475,0.67215,0,-1.15260,1,0.17552,0.06424,0.00000,0.00000,0.20378,t_shape,clutter_safe,0.4600,0.18000,-0.14450
no_contact_energy,adversarial_clutter_gap,2,5,0,-0.00206,0.03481,0.08687,1,1,0,31.58951,1.81041,0,-1.16099,1,0.24542,0.05611,0.00000,0.00000,0.03918,t_shape,clutter_safe,0.4600,0.15226,1.83447
no_contact_energy,adversarial_clutter_gap,2,6,0,-0.00206,0.11116,0.16322,1,1,0,6.46508,0.67375,0,-1.20390,1,0.19909,0.06324,0.00000,0.00000,0.11372,t_shape,clutter_safe,0.4600,0.18000,-0.00828
no_contact_energy,adversarial_clutter_gap,2,7,0,0.00589,0.09247,0.13658,1,1,0,43.16371,2.78008,0,-1.23000,1,0.15046,0.08778,0.00000,0.00000,0.11956,t_shape,clutter_safe,0.4600,0.18000,2.82180
no_contact_energy,adversarial_clutter_gap,2,8,0,0.05363,0.04119,0.04119,1,1,0,77.94461,3.78753,0,-1.06580,1,0.18154,0.05506,0.07074,0.11790,0.09806,t_shape,clutter_safe,0.4600,0.18000,-2.80687
no_contact_energy,adversarial_clutter_gap,2,9,0,-0.00206,0.04083,0.09289,1,1,0,9.03831,0.64369,0,-1.14501,1,0.14896,0.06156,0.00000,0.00000,0.11727,t_shape,clutter_safe,0.4600,0.18000,-1.37254
no_contact_energy,adversarial_clutter_gap,2,10,0,0.04409,0.06985,0.07576,1,1,0,64.12958,3.15440,0,-1.13783,1,0.19826,0.06335,0.09164,0.15274,0.13171,t_shape,clutter_safe,0.4600,0.18000,0.56679
no_contact_energy,adversarial_clutter_gap,2,11,0,0.07105,0.06860,0.06860,0,1,0,88.07563,4.80756,0,-0.57293,1,0.20005,0.06067,0.00000,0.00000,0.11852,t_shape,clutter_safe,0.4600,0.18000,-2.88146
no_contact_energy,adversarial_clutter_gap,2,12,0,0.10864,0.08521,0.08521,0,1,0,95.83635,6.06381,0,-0.60753,1,0.16487,0.06140,0.00000,0.00000,0.09731,t_shape,clutter_safe,0.4600,0.18000,0.11757
no_contact_energy,adversarial_clutter_gap,2,13,0,-0.00206,0.04676,0.09881,1,1,0,19.68788,0.84358,0,-1.17335,1,0.16567,0.06245,0.00000,0.00000,0.14141,t_shape,clutter_safe,0.4600,0.18000,3.06468
no_contact_energy,adversarial_clutter_gap,2,14,0,0.15648,0.07681,0.07681,0,1,0,74.42022,6.15750,0,-0.59002,1,0.12449,0.06051,0.00000,0.00000,0.10744,t_shape,clutter_safe,0.4600,0.18000,0.01685
no_contact_energy,adversarial_clutter_gap,3,0,0,0.01121,0.07759,0.11639,1,1,0,25.45917,1.99947,0,-1.22247,1,0.18242,0.05466,0.04264,0.07107,0.14795,t_shape,clutter_safe,0.4600,0.18000,0.98548
no_contact_energy,adversarial_clutter_gap,3,1,0,0.08680,0.03923,0.03923,0,1,0,65.70358,5.22398,0,-0.51173,1,0.22777,0.05665,0.00000,0.00000,0.10557,t_shape,clutter_safe,0.4600,0.18000,3.13834
no_contact_energy,adversarial_clutter_gap,3,2,0,0.04169,0.03144,0.03975,1,1,0,78.54251,3.75634,0,-1.06281,1,0.25962,0.05925,0.00000,0.00000,0.12300,t_shape,clutter_safe,0.4600,0.18000,-2.88006
no_contact_energy,adversarial_clutter_gap,3,3,0,-0.00754,0.21970,0.27725,1,1,0,62.42610,3.29833,0,-1.23000,1,0.26007,0.06122,0.00000,0.00000,0.10240,t_shape,clutter_safe,0.4600,0.16451,-0.17890
no_contact_energy,adversarial_clutter_gap,3,4,0,0.06805,0.06017,0.06017,1,1,0,48.49923,2.73056,0,-1.10535,1,0.17427,0.06105,0.00000,0.00000,0.12579,t_shape,clutter_safe,0.4600,0.18000,0.16334
no_contact_energy,adversarial_clutter_gap,3,5,0,-0.00206,0.02253,0.07459,1,1,0,33.82941,2.06744,0,-1.13539,1,0.19478,0.05757,0.00000,0.00000,0.10162,t_shape,clutter_safe,0.4600,0.18000,-0.31328
no_contact_energy,adversarial_clutter_gap,3,6,0,0.04170,0.07293,0.08124,1,1,0,61.93430,2.93079,0,-1.14924,1,0.15580,0.06095,0.00000,0.00000,0.10122,t_shape,clutter_safe,0.4600,0.18000,-0.14470
no_contact_energy,adversarial_clutter_gap,3,7,0,0.02028,0.06842,0.09814,1,1,0,29.07054,2.40065,0,-1.18446,1,0.15303,0.05546,0.00000,0.00000,0.12162,t_shape,clutter_safe,0.4600,0.18000,1.21892
no_contact_energy,adversarial_clutter_gap,3,8,0,-0.00206,0.09511,0.14717,1,1,0,63.99646,3.00477,0,-1.23000,1,0.42094,0.43691,0.00000,0.00000,0.10249,t_shape,clutter_safe,0.4600,0.12955,-1.93514
no_contact_energy,adversarial_clutter_gap,3,9,0,-0.00206,0.07011,0.12217,1,1,0,24.21089,1.05636,0,-1.23000,1,0.19735,0.06595,0.00000,0.00000,0.12610,t_shape,clutter_safe,0.4600,0.18000,-2.74388
no_contact_energy,adversarial_clutter_gap,3,10,0,0.05568,0.03113,0.03113,1,1,0,69.89800,4.69156,0,-1.04485,1,0.18275,0.05980,0.00000,0.00000,0.13488,t_shape,clutter_safe,0.4600,0.18000,-0.36360
no_contact_energy,adversarial_clutter_gap,3,11,0,0.05320,0.03882,0.03882,1,1,0,50.91093,2.25931,0,-1.06087,1,0.10186,0.05984,0.00000,0.00000,0.12428,t_shape,clutter_safe,0.4600,0.18000,0.28634
no_contact_energy,adversarial_clutter_gap,3,12,0,0.10562,0.13336,0.13336,0,1,0,115.84439,4.89003,0,-0.68000,1,0.22598,0.06574,0.00000,0.00000,0.11261,t_shape,clutter_safe,0.4600,0.18000,-3.03158
no_contact_energy,adversarial_clutter_gap,3,13,0,-0.00208,0.01143,0.06351,1,1,0,71.58832,2.94101,0,-1.11231,1,0.23251,0.06075,0.00000,0.00000,0.13159,t_shape,clutter_safe,0.4600,0.18000,0.39755
no_contact_energy,adversarial_clutter_gap,3,14,0,0.05588,0.05278,0.05278,1,1,0,83.06621,3.77107,0,-1.08995,1,0.12878,0.06380,0.00000,0.00000,0.13103,t_shape,clutter_safe,0.4600,0.18000,0.20208
no_contact_energy,adversarial_clutter_gap,4,0,0,0.02569,0.04898,0.07329,1,1,0,20.02292,1.48722,0,-1.13269,1,0.16070,0.05579,0.00000,0.00000,0.11487,t_shape,clutter_safe,0.4600,0.18000,1.19392
no_contact_energy,adversarial_clutter_gap,4,1,0,0.04961,0.07063,0.07102,1,1,0,44.31478,1.91496,0,-1.12795,1,0.19803,0.05579,0.00000,0.00000,0.11836,t_shape,clutter_safe,0.4600,0.18000,-0.32583
no_contact_energy,adversarial_clutter_gap,4,2,0,0.02018,0.06684,0.09667,1,1,0,58.34213,1.57452,0,-1.18139,1,0.19158,0.06191,0.00000,0.00000,0.13058,t_shape,clutter_safe,0.4600,0.18000,-2.94893
no_contact_energy,adversarial_clutter_gap,4,3,0,0.04629,0.01412,0.01782,1,1,0,96.79193,4.23585,0,-1.01713,1,0.26545,0.06487,0.00000,0.00000,0.14518,t_shape,clutter_safe,0.4600,0.18000,0.28881
no_contact_energy,adversarial_clutter_gap,4,4,0,-0.00206,0.00970,0.06176,1,1,0,48.53511,2.03592,0,-1.10867,1,0.26756,0.06442,0.00000,0.00000,0.13575,t_shape,clutter_safe,0.4600,0.18000,2.62139
no_contact_energy,adversarial_clutter_gap,4,5,0,-0.00206,0.07936,0.13142,1,1,0,4.30357,0.67315,0,-1.20385,1,0.16059,0.05941,0.10898,0.18163,0.18211,t_shape,clutter_safe,0.4600,0.18000,0.42950
no_contact_energy,adversarial_clutter_gap,4,6,0,0.01808,0.05716,0.08909,1,1,0,83.62424,4.47287,0,-1.16560,1,0.27671,0.06551,0.00000,0.00000,0.13912,t_shape,clutter_safe,0.4600,0.18000,0.30574
no_contact_energy,adversarial_clutter_gap,4,7,0,0.10640,0.11289,0.11289,0,1,0,89.53153,4.07976,0,-0.66518,1,0.21028,0.06497,0.22411,0.37352,0.12433,t_shape,clutter_safe,0.4600,0.18000,0.38210
no_contact_energy,adversarial_clutter_gap,4,8,0,0.07293,0.02547,0.02547,0,1,0,63.86925,3.56266,0,-0.48305,1,0.09811,0.05785,0.00000,0.00000,0.12268,t_shape,clutter_safe,0.4600,0.18000,-0.30605
no_contact_energy,adversarial_clutter_gap,4,9,0,-0.00206,0.03803,0.09009,1,1,0,76.52154,2.33398,0,-1.16768,1,0.13840,0.06106,0.00000,0.00000,0.12434,t_shape,clutter_safe,0.4600,0.18000,-0.01854
no_contact_energy,adversarial_clutter_gap,4,10,0,0.07227,0.09049,0.09049,0,1,0,77.64520,4.46624,0,-0.61853,1,0.18052,0.06347,0.00000,0.00000,0.11902,t_shape,clutter_safe,0.4600,0.18000,-0.19335
no_contact_energy,adversarial_clutter_gap,4,11,0,0.02883,0.09742,0.11859,1,1,0,34.36140,1.09219,0,-1.22707,1,0.19966,0.05974,0.00000,0.00000,0.17102,t_shape,clutter_safe,0.4600,0.18000,-0.05447
no_contact_energy,adversarial_clutter_gap,4,12,0,0.07915,0.08039,0.08039,0,1,0,85.03388,5.10351,0,-0.59747,1,0.17063,0.06380,0.00000,0.00000,0.12697,t_shape,clutter_safe,0.4600,0.18000,-2.79530
no_contact_energy,adversarial_clutter_gap,4,13,0,0.06338,0.03616,0.03616,1,1,0,58.64742,2.57879,0,-1.05534,1,0.19433,0.05726,0.00000,0.00000,0.12285,t_shape,clutter_safe,0.4600,0.18000,-0.17928
no_contact_energy,adversarial_clutter_gap,4,14,0,0.04899,0.09873,0.09974,1,1,0,50.54461,2.02634,0,-1.18779,1,0.05635,0.06376,0.11830,0.19716,0.09859,t_shape,clutter_safe,0.4600,0.18000,-0.25839
no_contact_energy,adversarial_clutter_gap,5,0,0,-0.00343,0.39556,0.44898,1,1,0,85.84579,4.86378,0,-1.23000,1,0.21333,0.06121,0.00000,0.00000,0.09774,t_shape,clutter_safe,0.4600,0.18000,-0.04141
no_contact_energy,adversarial_clutter_gap,5,1,0,-0.00206,0.02700,0.07906,1,1,0,66.25685,3.28521,0,-1.14470,1,0.22551,0.06404,0.00000,0.00000,0.13969,t_shape,clutter_safe,0.4600,0.18000,-0.29134
no_contact_energy,adversarial_clutter_gap,5,2,0,-0.00016,0.05938,0.10954,1,1,0,36.31690,1.47748,0,-1.20821,1,0.16854,0.05844,0.00000,0.00000,0.11879,t_shape,clutter_safe,0.4600,0.18000,0.19842
no_contact_energy,adversarial_clutter_gap,5,3,0,-0.00206,0.03245,0.08451,1,1,0,86.46598,3.82018,0,-1.15606,1,0.18936,0.06511,0.00000,0.00000,0.12899,t_shape,clutter_safe,0.4600,0.18000,-0.50670
no_contact_energy,adversarial_clutter_gap,5,4,0,-0.00206,0.06824,0.12030,1,1,0,10.45431,0.56192,0,-1.19495,1,0.18791,0.05625,0.00723,0.01206,0.02941,t_shape,clutter_safe,0.4600,0.16591,1.41574
no_contact_energy,adversarial_clutter_gap,5,5,0,-0.00206,0.04029,0.09235,1,1,0,57.78430,3.23186,0,-1.17239,1,0.17188,0.05724,0.00000,0.00000,0.10627,t_shape,clutter_safe,0.4600,0.18000,3.00303
no_contact_energy,adversarial_clutter_gap,5,6,0,0.09006,0.10004,0.10004,0,1,0,80.20501,3.96972,0,-0.63842,1,0.11014,0.06490,0.00000,0.00000,0.12044,t_shape,clutter_safe,0.4600,0.18000,2.87437
no_contact_energy,adversarial_clutter_gap,5,7,0,-0.00206,0.04090,0.09296,1,1,0,60.03662,2.02977,0,-1.17366,1,0.13478,0.06413,0.00000,0.00000,0.13270,t_shape,clutter_safe,0.4600,0.18000,-2.81784
no_contact_energy,adversarial_clutter_gap,5,8,0,0.09458,0.05823,0.05823,0,1,0,77.16263,4.91669,0,-0.55131,1,0.21456,0.05587,0.00000,0.00000,0.09904,t_shape,clutter_safe,0.4600,0.18000,0.15567
no_contact_energy,adversarial_clutter_gap,5,9,0,0.03850,0.04340,0.05490,1,1,0,65.08691,3.38571,0,-1.09438,1,0.17447,0.06503,0.00000,0.00000,0.15641,t_shape,clutter_safe,0.4600,0.18000,0.38380
no_contact_energy,adversarial_clutter_gap,5,10,1,0.16116,0.03579,0.03579,0,0,0,88.59691,7.31090,1,0.84544,1,0.23372,0.05687,0.00000,0.00000,0.10363,t_shape,clutter_safe,0.4600,0.18000,-0.14155
no_contact_energy,adversarial_clutter_gap,5,11,0,0.15290,0.05835,0.05835,0,1,0,72.66068,5.62857,0,-0.55157,1,0.20169,0.06291,0.00000,0.00000,0.15832,t_shape,clutter_safe,0.4600,0.18000,-0.25318
no_contact_energy,adversarial_clutter_gap,5,12,0,0.15162,0.07962,0.07962,0,1,0,77.56574,6.29490,0,-0.59587,1,0.17440,0.06169,0.00000,0.00000,0.10411,t_shape,clutter_safe,0.4600,0.18000,3.01481
no_contact_energy,adversarial_clutter_gap,5,13,0,0.06791,0.04227,0.04227,1,1,0,84.60579,4.58869,0,-1.06807,1,0.16874,0.06031,0.00000,0.00000,0.11144,t_shape,clutter_safe,0.4600,0.18000,0.27143
no_contact_energy,adversarial_clutter_gap,5,14,0,-0.00206,0.07000,0.12206,1,1,0,28.48514,1.66141,0,-1.23000,1,0.21882,0.14216,0.00000,0.00000,0.05168,t_shape,clutter_safe,0.4600,0.14451,1.28433
no_contact_energy,adversarial_clutter_gap,6,0,0,-0.00206,0.02620,0.07826,1,1,0,96.11257,4.46677,0,-1.14304,1,0.20358,0.06449,0.00000,0.00000,0.14745,t_shape,clutter_safe,0.4600,0.18000,-0.11178
no_contact_energy,adversarial_clutter_gap,6,1,0,-0.00206,0.19626,0.24831,1,1,0,0.00000,0.59468,0,-1.19757,1,0.26575,0.26940,0.00000,0.00000,0.13533,t_shape,clutter_safe,0.4600,0.18000,-1.60161
no_contact_energy,adversarial_clutter_gap,6,2,0,0.04312,0.04334,0.05022,1,1,0,70.06462,2.80266,0,-1.08462,1,0.16584,0.05427,0.00000,0.00000,0.09547,t_shape,clutter_safe,0.4600,0.18000,0.31969
no_contact_energy,adversarial_clutter_gap,6,3,0,-0.00206,0.07876,0.13081,1,1,0,9.30788,0.59460,0,-1.19757,1,0.21781,0.20885,0.00000,0.00000,0.11630,t_shape,clutter_safe,0.4600,0.18000,-1.68078
no_contact_energy,adversarial_clutter_gap,6,4,0,0.00739,0.08478,0.12739,1,1,0,44.48364,2.19695,0,-1.23000,1,0.23368,0.05946,0.00000,0.00000,0.04779,t_shape,clutter_safe,0.4600,0.13589,1.71588
no_contact_energy,adversarial_clutter_gap,6,5,0,0.03847,0.14429,0.15583,1,1,0,39.07784,1.17123,0,-1.23000,1,0.24427,0.06465,0.15632,0.26053,0.17504,t_shape,clutter_safe,0.4600,0.18000,-3.03973
no_contact_energy,adversarial_clutter_gap,6,6,0,0.08026,0.04931,0.04931,0,1,0,55.64616,4.31609,0,-0.53272,1,0.13909,0.05663,0.05702,0.09503,0.10905,t_shape,clutter_safe,0.4600,0.18000,-2.96943
no_contact_energy,adversarial_clutter_gap,6,7,0,0.06266,0.03721,0.03721,1,1,0,57.11145,2.39699,0,-1.05752,1,0.17252,0.05661,0.00000,0.00000,0.13209,t_shape,clutter_safe,0.4600,0.18000,-0.09736
no_contact_energy,adversarial_clutter_gap,6,8,0,-0.00206,0.05035,0.10241,1,1,0,5.54003,0.56503,0,-1.15855,1,0.16268,0.05615,0.00000,0.00000,0.13487,t_shape,clutter_safe,0.4600,0.18000,1.42450
no_contact_energy,adversarial_clutter_gap,6,9,0,-0.00206,0.02354,0.07560,1,1,0,24.40356,1.44110,0,-1.13750,1,0.16618,0.05705,0.00000,0.00000,0.10208,t_shape,clutter_safe,0.4600,0.18000,1.88543
no_contact_energy,adversarial_clutter_gap,6,10,0,0.06010,0.04956,0.04956,1,1,0,75.94336,3.15247,0,-1.08326,1,0.13734,0.05768,0.00945,0.01576,0.09585,t_shape,clutter_safe,0.4600,0.18000,0.40327
no_contact_energy,adversarial_clutter_gap,6,11,0,-0.00207,0.07638,0.12844,1,1,0,48.40408,1.68171,0,-1.23000,1,0.13198,0.06169,0.06555,0.10924,0.08798,t_shape,clutter_safe,0.4600,0.17827,-0.03880
no_contact_energy,adversarial_clutter_gap,6,12,0,0.16029,0.04116,0.04116,0,1,0,68.61533,5.70631,0,-0.51575,1,0.10990,0.05717,0.00000,0.00000,0.11567,t_shape,clutter_safe,0.4600,0.18000,-0.03827
no_contact_energy,adversarial_clutter_gap,6,13,0,0.02141,0.03156,0.06015,1,1,0,58.26899,2.49814,0,-1.10532,1,0.22429,0.06242,0.00000,0.00000,0.15305,t_shape,clutter_safe,0.4600,0.17553,-2.59476
no_contact_energy,adversarial_clutter_gap,6,14,0,0.15779,0.03788,0.03788,0,1,0,44.10075,3.39390,0,-0.50891,1,0.17075,0.05870,0.00000,0.00000,0.10612,t_shape,clutter_safe,0.4600,0.18000,0.31253
no_contact_energy,adversarial_clutter_gap,7,0,0,0.04961,0.03376,0.03415,1,1,0,73.93470,4.05317,0,-1.05114,1,0.16504,0.05494,0.00000,0.00000,0.09858,t_shape,clutter_safe,0.4600,0.18000,0.08883
no_contact_energy,adversarial_clutter_gap,7,1,0,-0.00222,0.07274,0.12495,1,1,0,26.53687,1.65388,0,-1.23000,1,0.14720,0.05865,0.00000,0.00000,0.10506,t_shape,clutter_safe,0.4600,0.18000,1.47501
no_contact_energy,adversarial_clutter_gap,7,2,0,-0.00206,0.01844,0.07050,1,1,0,44.81206,2.82320,0,-1.12687,1,0.18561,0.05743,0.00000,0.00000,0.11982,t_shape,clutter_safe,0.4600,0.18000,-0.37759
no_contact_energy,adversarial_clutter_gap,7,3,0,0.07463,0.06722,0.06722,0,1,0,105.15789,5.37488,0,-0.57004,1,0.19719,0.06343,0.00000,0.00000,0.11512,t_shape,clutter_safe,0.4600,0.18000,-2.84781
no_contact_energy,adversarial_clutter_gap,7,4,0,0.11810,0.05268,0.05268,0,1,0,88.56090,4.79927,0,-0.53975,1,0.17292,0.05694,0.03405,0.05676,0.11094,t_shape,clutter_safe,0.4600,0.18000,0.35276
no_contact_energy,adversarial_clutter_gap,7,5,0,0.04996,0.04597,0.04601,1,1,0,77.54890,3.91833,0,-1.07586,1,0.19638,0.05819,0.00000,0.00000,0.10854,t_shape,clutter_safe,0.4600,0.18000,0.30871
no_contact_energy,adversarial_clutter_gap,7,6,0,-0.00207,0.02083,0.07290,1,1,0,84.26825,4.74265,0,-1.13187,1,0.21189,0.05926,0.00000,0.00000,0.13581,t_shape,clutter_safe,0.4600,0.18000,2.92651
no_contact_energy,adversarial_clutter_gap,7,7,0,-0.00206,0.06496,0.11702,1,1,0,14.97192,0.68226,0,-1.19838,1,0.18499,0.05595,0.00000,0.00000,0.12835,t_shape,clutter_safe,0.4600,0.18000,-3.10210
no_contact_energy,adversarial_clutter_gap,7,8,0,0.00673,0.04721,0.09048,1,1,0,47.77271,2.11847,0,-1.16851,1,0.21134,0.06061,0.00000,0.00000,0.07614,t_shape,clutter_safe,0.4600,0.16666,-1.85853
no_contact_energy,adversarial_clutter_gap,7,9,0,-0.00206,0.07071,0.12277,1,1,0,79.83011,3.30503,0,-1.23000,1,0.23000,0.06414,0.00000,0.00000,0.11915,t_shape,clutter_safe,0.4600,0.18000,-0.00666
no_contact_energy,adversarial_clutter_gap,7,10,0,0.09103,0.06703,0.06703,0,1,0,51.54966,2.45658,0,-0.56965,1,0.07892,0.05971,0.01717,0.02861,0.09161,t_shape,clutter_safe,0.4600,0.18000,-0.19773
no_contact_energy,adversarial_clutter_gap,7,11,0,0.03437,0.03114,0.04677,1,1,0,52.75698,2.62075,0,-1.07743,1,0.27147,0.06473,0.00000,0.00000,0.07847,t_shape,clutter_safe,0.4600,0.15108,2.79486
no_contact_energy,adversarial_clutter_gap,7,12,0,0.03847,0.04969,0.06122,1,1,0,59.09968,2.68966,0,-1.10753,1,0.17960,0.05873,0.00000,0.00000,0.11450,t_shape,clutter_safe,0.4600,0.18000,0.32526
no_contact_energy,adversarial_clutter_gap,7,13,0,-0.00206,0.10919,0.16125,1,1,0,8.57096,0.72595,0,-1.20808,1,0.21810,0.05667,0.01080,0.01800,0.01233,t_shape,clutter_safe,0.4600,0.15341,1.73979
no_contact_energy,adversarial_clutter_gap,7,14,0,0.04752,0.01596,0.01844,1,1,0,88.59800,4.54612,0,-1.01842,1,0.15558,0.05836,0.00000,0.00000,0.12915,t_shape,clutter_safe,0.4600,0.18000,0.21905
no_contact_energy,material_shift_proxy,0,0,1,0.15446,0.03927,0.03927,0,0,0,42.03923,3.14135,1,0.83819,1,0.03184,0.25863,0.00149,0.00000,0.00576,cylinder,lift,0.2400,0.09293,-0.52777
no_contact_energy,material_shift_proxy,0,1,0,0.01548,0.09377,0.12829,1,0,0,44.61831,2.10261,1,-0.88000,1,0.09291,0.26009,0.02947,0.00000,0.01630,cylinder,lift,0.2400,0.08723,0.95474
no_contact_energy,material_shift_proxy,0,2,0,0.01374,0.03990,0.07616,1,0,0,36.77609,2.02442,1,-0.78866,1,0.10419,0.25658,0.00544,0.00000,0.00951,cylinder,lift,0.2400,0.08578,-0.45666
no_contact_energy,material_shift_proxy,0,3,0,0.01784,0.01413,0.04629,1,0,0,41.02714,1.99735,1,-0.72643,1,0.03550,0.25382,0.00034,0.00000,0.01383,cylinder,lift,0.2400,0.09335,0.54418
no_contact_energy,material_shift_proxy,0,4,1,0.16651,0.05737,0.05737,0,0,0,33.41141,2.80059,1,0.80048,1,0.12025,0.54558,0.03458,0.00000,0.00155,cylinder,lift,0.2400,0.10803,-0.35810
no_contact_energy,material_shift_proxy,0,5,1,0.11314,0.09886,0.09886,0,0,0,40.81368,2.54083,1,0.71404,1,0.03210,0.25774,0.01014,0.00000,0.00544,cylinder,lift,0.2400,0.09288,-0.56469
no_contact_energy,material_shift_proxy,0,6,0,0.01722,0.00918,0.04197,1,0,0,42.65018,2.03565,1,-0.71743,1,0.07087,0.25264,0.04099,0.00000,0.00922,cylinder,lift,0.2400,0.08921,-1.24598
no_contact_energy,material_shift_proxy,0,7,1,0.11973,0.10214,0.10214,0,0,0,25.62091,1.77272,1,0.70720,1,0.19140,0.69379,0.00377,0.00000,0.01521,cylinder,lift,0.2400,0.11440,-0.31894
no_contact_energy,material_shift_proxy,0,8,0,0.01179,0.07770,0.11591,1,0,0,44.61968,1.71343,1,-0.87148,1,0.09501,0.26034,0.00859,0.00000,0.02286,cylinder,lift,0.2400,0.08804,0.14943
no_contact_energy,material_shift_proxy,0,9,1,0.13044,0.03641,0.03641,0,0,0,30.64202,1.80989,1,0.84415,1,0.16397,0.64187,0.03255,0.00000,0.00324,cylinder,lift,0.2400,0.11241,-0.36681
no_contact_energy,material_shift_proxy,0,10,1,0.10319,0.03076,0.03076,0,0,0,29.58839,1.76087,1,0.85591,1,0.11728,0.50507,0.03770,0.00000,0.01497,cylinder,lift,0.2400,0.10641,0.91517
no_contact_energy,material_shift_proxy,0,11,1,0.10315,0.03953,0.03953,0,0,0,41.98517,2.64631,1,0.83765,1,0.08907,0.25384,0.03571,0.00000,0.01439,cylinder,lift,0.2400,0.08783,-1.23673
no_contact_energy,material_shift_proxy,0,12,1,0.16650,0.02569,0.02569,0,0,0,35.23194,2.93876,1,0.86649,1,0.08627,0.45806,0.01483,0.00000,0.00239,cylinder,lift,0.2400,0.10442,0.30948
no_contact_energy,material_shift_proxy,0,13,0,0.03198,0.11363,0.13165,1,0,0,32.11453,1.70745,1,-0.88000,1,0.12590,0.53117,0.01216,0.00000,0.01509,cylinder,lift,0.2400,0.10729,0.44883
no_contact_energy,material_shift_proxy,0,14,0,0.01335,0.00739,0.04404,1,0,0,46.07506,2.26591,1,-0.72175,1,0.10235,0.25226,0.04999,0.00000,0.00521,cylinder,lift,0.2400,0.08555,1.96453
no_contact_energy,material_shift_proxy,1,0,1,0.11474,0.05826,0.05826,0,0,0,41.87060,2.69147,1,0.79863,1,0.04778,0.25333,0.01231,0.00000,0.00953,cylinder,lift,0.2400,0.09165,-2.47206
no_contact_energy,material_shift_proxy,1,1,0,0.01534,0.05623,0.09089,1,0,0,28.55104,1.52865,1,-0.81936,1,0.06385,0.38236,0.01654,0.00000,0.01239,cylinder,lift,0.2400,0.10110,0.10003
no_contact_energy,material_shift_proxy,1,2,1,0.16571,0.06295,0.06295,0,0,0,42.56820,3.47485,1,0.78885,1,0.04815,0.25787,0.04993,0.00000,0.00472,cylinder,lift,0.2400,0.09114,2.09076
no_contact_energy,material_shift_proxy,1,3,1,0.14936,0.03442,0.03442,0,0,0,44.03104,3.24210,1,0.84829,1,0.09500,0.25469,0.04992,0.00000,0.00902,cylinder,lift,0.2400,0.08669,0.95946
no_contact_energy,material_shift_proxy,1,4,1,0.10504,0.02150,0.02150,0,0,0,37.19787,2.24193,1,0.87522,1,0.03209,0.30649,0.01102,0.00000,0.01091,cylinder,lift,0.2400,0.09795,0.01085
no_contact_energy,material_shift_proxy,1,5,1,0.13455,0.06363,0.06363,0,0,0,29.61589,2.01098,1,0.78744,1,0.17194,0.64500,0.00245,0.00000,0.01107,cylinder,lift,0.2400,0.11247,0.46234
no_contact_energy,material_shift_proxy,1,6,1,0.16389,0.01547,0.01547,0,0,0,38.54188,2.94273,1,0.88778,1,0.03457,0.32540,0.04082,0.00000,0.00526,cylinder,lift,0.2400,0.09876,1.00686
no_contact_energy,material_shift_proxy,1,7,0,0.11862,0.11093,0.11093,0,0,0,42.01879,2.75025,1,-0.31110,1,0.02893,0.25849,0.00041,0.00000,0.02230,cylinder,lift,0.2400,0.09326,0.33405
no_contact_energy,material_shift_proxy,1,8,1,0.12521,0.06148,0.06148,0,0,0,31.40901,2.18657,1,0.79191,1,0.06326,0.39813,0.04088,0.00000,0.00666,cylinder,lift,0.2400,0.10160,0.80972
no_contact_energy,material_shift_proxy,1,9,1,0.10352,0.05664,0.05664,0,0,0,41.87648,2.55208,1,0.80200,1,0.05456,0.25523,0.04644,0.00000,0.00600,cylinder,lift,0.2400,0.09059,-1.40258
no_contact_energy,material_shift_proxy,1,10,1,0.12621,0.03459,0.03459,0,0,0,36.37558,2.42020,1,0.84793,1,0.07491,0.41840,0.00215,0.00000,0.00983,cylinder,lift,0.2400,0.10250,0.28661
no_contact_energy,material_shift_proxy,1,11,1,0.14481,0.01828,0.01828,0,0,0,33.90981,2.40304,1,0.88193,1,0.10175,0.48615,0.03686,0.00000,0.00718,cylinder,lift,0.2400,0.10556,0.43433
no_contact_energy,material_shift_proxy,1,12,0,0.01169,0.03816,0.07647,1,0,0,39.20435,1.70004,1,-0.78931,1,0.02439,0.25655,0.03407,0.00000,0.01613,cylinder,lift,0.2400,0.09473,2.85457
no_contact_energy,material_shift_proxy,1,13,1,0.16649,0.02465,0.02465,0,0,0,32.22099,2.68862,1,0.86865,1,0.16328,0.64300,0.04980,0.00000,0.00299,cylinder,lift,0.2400,0.11237,0.99956
no_contact_energy,material_shift_proxy,1,14,1,0.16257,0.03032,0.03032,0,0,0,39.35748,3.06636,1,0.85684,1,0.04143,0.25357,0.04996,0.00000,0.02236,cylinder,lift,0.2400,0.09357,-1.81145
no_contact_energy,material_shift_proxy,2,0,1,0.15491,0.04056,0.04056,0,0,0,40.70321,3.02799,1,0.83550,1,0.01268,0.25483,0.03915,0.00000,0.00447,cylinder,lift,0.2400,0.09480,1.81012
no_contact_energy,material_shift_proxy,2,1,1,0.11956,0.03815,0.03815,0,0,0,34.21438,2.20554,1,0.84052,1,0.09216,0.44937,0.00647,0.00000,0.01378,cylinder,lift,0.2400,0.10391,0.70792
no_contact_energy,material_shift_proxy,2,2,0,0.01428,0.00948,0.04520,1,0,0,41.39027,1.93487,1,-0.72417,1,0.07567,0.25270,0.03303,0.00000,0.01423,cylinder,lift,0.2400,0.08921,0.41436
no_contact_energy,material_shift_proxy,2,3,1,0.09721,0.07524,0.07524,0,0,0,42.41240,2.62164,1,0.76324,1,0.06362,0.26107,0.04688,0.00000,0.00918,cylinder,lift,0.2400,0.08996,0.94498
no_contact_energy,material_shift_proxy,2,4,0,0.12314,0.11596,0.11596,0,0,0,24.73307,1.82749,1,-0.32158,1,0.17976,0.66764,0.00599,0.00000,0.01179,cylinder,lift,0.2400,0.11322,0.04428
no_contact_energy,material_shift_proxy,2,5,1,0.10492,0.04211,0.04211,0,0,0,34.72745,1.94668,1,0.83227,1,0.07481,0.42467,0.00253,0.00000,0.00690,cylinder,lift,0.2400,0.10278,-0.38204
no_contact_energy,material_shift_proxy,2,6,1,0.13247,0.06526,0.06526,0,0,0,36.04967,2.41910,1,0.78404,1,0.07554,0.42333,0.05000,0.00000,0.00628,cylinder,lift,0.2400,0.10292,1.02433
no_contact_energy,material_shift_proxy,2,7,0,0.01111,0.09530,0.13419,1,0,0,42.98948,2.35648,1,-0.88000,1,0.07766,0.26262,0.04761,0.00000,0.03582,cylinder,lift,0.2400,0.09011,0.94959
no_contact_energy,material_shift_proxy,2,8,0,0.00967,0.01723,0.05756,1,0,0,31.21396,1.64961,1,-0.74992,1,0.10761,0.48100,0.01286,0.00000,0.01504,cylinder,lift,0.2400,0.10539,-0.24302
no_contact_energy,material_shift_proxy,2,9,1,0.16641,0.08280,0.08280,0,0,0,46.24264,2.93373,1,0.74749,1,0.10657,0.49716,0.00848,0.00000,0.00914,cylinder,lift,0.2400,0.10587,-0.42407
no_contact_energy,material_shift_proxy,2,10,1,0.11940,0.02820,0.02820,0,0,0,35.25987,2.28067,1,0.86125,1,0.06678,0.39716,0.00255,0.00000,0.00998,cylinder,lift,0.2400,0.10164,-0.39471
no_contact_energy,material_shift_proxy,2,11,0,0.01179,0.02351,0.06172,1,0,0,41.06626,1.41720,1,-0.75858,1,0.10595,0.25225,0.01216,0.00000,0.03130,cylinder,lift,0.2400,0.08774,-0.26806
no_contact_energy,material_shift_proxy,2,12,1,0.16011,0.08746,0.08746,0,0,0,38.63078,2.73731,1,0.73779,1,0.03292,0.29761,0.00380,0.00000,0.01798,cylinder,lift,0.2400,0.09734,-0.44632
no_contact_energy,material_shift_proxy,2,13,1,0.14581,0.04377,0.04377,0,0,0,44.61322,3.20112,1,0.82881,1,0.07741,0.25887,0.04213,0.00000,0.00815,cylinder,lift,0.2400,0.08786,0.67549
no_contact_energy,material_shift_proxy,2,14,1,0.10891,0.10408,0.10408,0,0,0,41.26229,2.47007,1,0.70316,1,0.03924,0.25816,0.00675,0.00000,0.00414,cylinder,lift,0.2400,0.09201,-0.21471
no_contact_energy,material_shift_proxy,3,0,0,0.01178,0.05160,0.08982,1,0,0,33.00585,1.54464,1,-0.81713,1,0.11201,0.25804,0.00254,0.00000,0.01418,cylinder,lift,0.2400,0.08542,0.65034
no_contact_energy,material_shift_proxy,3,1,1,0.14376,0.07023,0.07023,0,0,0,43.51262,3.10438,1,0.77369,1,0.05713,0.25703,0.04808,0.00000,0.01635,cylinder,lift,0.2400,0.09008,1.49666
no_contact_energy,material_shift_proxy,3,2,0,0.01176,0.02181,0.06005,1,0,0,40.81090,1.59087,1,-0.75510,1,0.06530,0.25394,0.00901,0.00000,0.02250,cylinder,lift,0.2400,0.09110,0.24273
no_contact_energy,material_shift_proxy,3,3,1,0.08930,0.02990,0.02990,0,0,0,42.30547,2.52384,1,0.85771,1,0.05447,0.25244,0.00249,0.00000,0.00935,cylinder,lift,0.2400,0.09093,-0.64015
no_contact_energy,material_shift_proxy,3,4,1,0.15298,0.02266,0.02266,0,0,0,38.65474,2.86782,1,0.87279,1,0.04078,0.33193,0.00009,0.00000,0.00915,cylinder,lift,0.2400,0.09902,0.58365
no_contact_energy,material_shift_proxy,3,5,0,0.01179,0.04391,0.08211,1,0,0,42.11811,1.61035,1,-0.80107,1,0.10859,0.25701,0.03110,0.00000,0.02271,cylinder,lift,0.2400,0.08662,0.97846
no_contact_energy,material_shift_proxy,3,6,1,0.14897,0.09200,0.09200,0,0,0,43.39715,3.22448,1,0.72834,1,0.08131,0.26048,0.04542,0.00000,0.00483,cylinder,lift,0.2400,0.08770,-1.63527
no_contact_energy,material_shift_proxy,3,7,1,0.15247,0.04114,0.04114,0,0,0,33.64800,2.46805,1,0.83429,1,0.11603,0.52194,0.04849,0.00000,0.00515,cylinder,lift,0.2400,0.10724,0.88847
no_contact_energy,material_shift_proxy,3,8,1,0.16651,0.06832,0.06832,0,0,0,34.81472,2.91712,1,0.77767,1,0.11117,0.51110,0.00361,0.00000,0.00741,cylinder,lift,0.2400,0.10651,-0.08500
no_contact_energy,material_shift_proxy,3,9,1,0.14137,0.05053,0.05053,0,0,0,38.57555,2.72676,1,0.81473,1,0.03381,0.31249,0.04399,0.00000,0.00989,cylinder,lift,0.2400,0.09823,1.16810
no_contact_energy,material_shift_proxy,3,10,1,0.12530,0.07644,0.07644,0,0,0,42.35812,2.79533,1,0.76076,1,0.07658,0.25480,0.01404,0.00000,0.01024,cylinder,lift,0.2400,0.08872,-0.20094
no_contact_energy,material_shift_proxy,3,11,1,0.13231,0.08588,0.08588,0,0,0,35.64065,2.32351,1,0.74109,1,0.08465,0.43595,0.00484,0.00000,0.01095,cylinder,lift,0.2400,0.10341,0.06276
no_contact_energy,material_shift_proxy,3,12,0,0.01155,0.04764,0.08609,1,0,0,29.15570,1.28012,1,-0.80936,1,0.12626,0.47293,0.00627,0.00000,0.03978,cylinder,lift,0.2400,0.10490,0.65483
no_contact_energy,material_shift_proxy,3,13,1,0.12167,0.00762,0.00762,0,0,0,26.71793,1.92636,1,0.90412,1,0.16933,0.63691,0.01748,0.00000,0.01266,cylinder,lift,0.2400,0.11205,-0.18508
no_contact_energy,material_shift_proxy,3,14,0,0.01147,0.08342,0.12195,1,0,0,44.95355,2.54350,1,-0.88000,1,0.10051,0.26249,0.01120,0.00000,0.00901,cylinder,lift,0.2400,0.08611,0.10160
no_contact_energy,material_shift_proxy,4,0,0,0.06216,0.04903,0.04903,1,0,0,34.55373,1.85269,1,-0.73215,1,0.08527,0.44571,0.04768,0.00000,0.03839,cylinder,lift,0.2400,0.10380,1.33325
no_contact_energy,material_shift_proxy,4,1,1,0.12327,0.06673,0.06673,0,0,0,35.92752,2.00117,1,0.78098,1,0.06961,0.42016,0.04883,0.00000,0.00275,cylinder,lift,0.2400,0.10265,-1.36558
no_contact_energy,material_shift_proxy,4,2,0,0.01177,0.02581,0.06404,1,0,0,41.33799,1.69009,1,-0.76342,1,0.07692,0.25511,0.01361,0.00000,0.03277,cylinder,lift,0.2400,0.08964,0.36266
no_contact_energy,material_shift_proxy,4,3,1,0.16498,0.05154,0.05154,0,0,0,31.69787,2.52834,1,0.81262,1,0.17392,0.65552,0.00903,0.00000,0.00935,cylinder,lift,0.2400,0.11285,-0.09315
no_contact_energy,material_shift_proxy,4,4,0,0.01285,0.03424,0.07138,1,0,0,42.95268,2.00050,1,-0.77872,1,0.07576,0.25550,0.02377,0.00000,0.01455,cylinder,lift,0.2400,0.08923,2.21500
no_contact_energy,material_shift_proxy,4,5,0,0.06097,0.03559,0.03559,1,0,0,39.20729,2.17725,1,-0.70414,1,0.01337,0.25389,0.05000,0.00000,0.01143,cylinder,lift,0.2400,0.09541,1.90315
no_contact_energy,material_shift_proxy,4,6,1,0.13737,0.03816,0.03816,0,0,0,29.30608,1.99882,1,0.84051,1,0.18230,0.68033,0.01261,0.00000,0.00802,cylinder,lift,0.2400,0.11385,-0.76691
no_contact_energy,material_shift_proxy,4,7,0,0.01179,0.02032,0.05853,1,0,0,42.74098,1.41303,1,-0.75193,1,0.08881,0.25322,0.02840,0.00000,0.01182,cylinder,lift,0.2400,0.08761,1.17093
no_contact_energy,material_shift_proxy,4,8,0,0.01220,0.05579,0.09359,1,0,0,40.01729,2.05477,1,-0.82498,1,0.04177,0.25799,0.04595,0.00000,0.01988,cylinder,lift,0.2400,0.09329,-1.18349
no_contact_energy,material_shift_proxy,4,9,0,0.00691,0.03151,0.07460,1,0,0,38.70115,2.03056,1,-0.78541,1,0.02127,0.27764,0.03567,0.00000,0.01302,cylinder,lift,0.2400,0.09661,-1.17679
no_contact_energy,material_shift_proxy,4,10,1,0.12008,0.06142,0.06142,0,0,0,42.03547,2.08502,1,0.79204,1,0.07859,0.42484,0.01206,0.00000,0.00839,cylinder,lift,0.2400,0.10303,0.24414
no_contact_energy,material_shift_proxy,4,11,1,0.16480,0.01264,0.01264,0,0,0,45.62155,3.61387,1,0.89366,1,0.10484,0.25326,0.04007,0.00000,0.00661,cylinder,lift,0.2400,0.08543,1.88420
no_contact_energy,material_shift_proxy,4,12,0,0.01179,0.01704,0.05525,1,0,0,37.91293,1.50268,1,-0.74510,1,0.06773,0.25553,0.01070,0.00000,0.03047,cylinder,lift,0.2400,0.09163,-0.22680
no_contact_energy,material_shift_proxy,4,13,0,0.00976,0.01525,0.05549,1,0,0,32.84408,1.62804,1,-0.74560,1,0.13306,0.53705,0.00359,0.00000,0.01634,cylinder,lift,0.2400,0.10791,-0.00342
no_contact_energy,material_shift_proxy,4,14,1,0.12931,0.05892,0.05892,0,0,0,31.38750,2.07929,1,0.79725,1,0.16242,0.61930,0.01363,0.00000,0.01206,cylinder,lift,0.2400,0.11139,0.75693
no_contact_energy,material_shift_proxy,5,0,1,0.10906,0.07182,0.07182,0,0,0,32.12864,1.90053,1,0.77038,1,0.16873,0.63518,0.00782,0.00000,0.01247,cylinder,lift,0.2400,0.11200,0.27337
no_contact_energy,material_shift_proxy,5,1,1,0.13395,0.04563,0.04563,0,0,0,34.80810,2.39135,1,0.82493,1,0.10143,0.47559,0.04989,0.00000,0.00966,cylinder,lift,0.2400,0.10528,1.47737
no_contact_energy,material_shift_proxy,5,2,0,0.01138,0.04184,0.08046,1,0,0,42.83247,1.77131,1,-0.79763,1,0.07765,0.25681,0.01637,0.00000,0.01807,cylinder,lift,0.2400,0.08938,-0.25338
no_contact_energy,material_shift_proxy,5,3,1,0.15281,0.06739,0.06739,0,0,0,38.22816,2.77305,1,0.77961,1,0.03071,0.32105,0.02572,0.00000,0.00417,cylinder,lift,0.2400,0.09846,1.11591
no_contact_energy,material_shift_proxy,5,4,1,0.16313,0.02499,0.02499,0,0,0,39.26383,3.08261,1,0.86795,1,0.01891,0.25435,0.04300,0.00000,0.01887,cylinder,lift,0.2400,0.09557,-1.19054
no_contact_energy,material_shift_proxy,5,5,1,0.12008,0.06134,0.06134,0,0,0,42.29646,2.76129,1,0.79221,1,0.08059,0.25544,0.04636,0.00000,0.00845,cylinder,lift,0.2400,0.08813,1.64421
no_contact_energy,material_shift_proxy,5,6,0,0.01382,0.00871,0.04489,1,0,0,30.56586,1.46608,1,-0.72352,1,0.16276,0.60218,0.00674,0.00000,0.01948,cylinder,lift,0.2400,0.11069,0.32196
no_contact_energy,material_shift_proxy,5,7,1,0.10463,0.04849,0.04849,0,0,0,29.58560,1.70206,1,0.81898,1,0.17241,0.63639,0.03392,0.00000,0.01520,cylinder,lift,0.2400,0.11212,0.91451
no_contact_energy,material_shift_proxy,5,8,1,0.16247,0.03505,0.03505,0,0,0,37.81240,2.93829,1,0.84699,1,0.02556,0.30448,0.04409,0.00000,0.00546,cylinder,lift,0.2400,0.09780,-1.65555
no_contact_energy,material_shift_proxy,5,9,0,0.01489,0.07759,0.11270,1,0,0,42.95112,1.84456,1,-0.86480,1,0.05654,0.25804,0.02274,0.00000,0.00710,cylinder,lift,0.2400,0.09050,-0.77486
no_contact_energy,material_shift_proxy,5,10,0,0.00990,0.04412,0.08422,1,0,0,40.61360,1.85908,1,-0.80546,1,0.01814,0.25468,0.04597,0.00000,0.01130,cylinder,lift,0.2400,0.09490,-0.75111
no_contact_energy,material_shift_proxy,5,11,0,0.01057,0.10698,0.14641,1,0,0,35.29082,1.77439,1,-0.88000,1,0.08769,0.43082,0.00119,0.00000,0.01848,cylinder,lift,0.2400,0.10298,-0.29963
no_contact_energy,material_shift_proxy,5,12,1,0.11200,0.03534,0.03534,0,0,0,27.50212,1.78126,1,0.84638,1,0.10413,0.46796,0.04822,0.00000,0.01645,cylinder,lift,0.2400,0.10489,2.04534
no_contact_energy,material_shift_proxy,5,13,1,0.16122,0.10156,0.10156,0,0,0,36.59905,2.91659,1,0.70842,1,0.07890,0.43546,0.04633,0.00000,0.00740,cylinder,lift,0.2400,0.10316,1.36096
no_contact_energy,material_shift_proxy,5,14,0,0.01294,0.02389,0.06094,1,0,0,38.95115,2.01982,1,-0.75697,1,0.02827,0.25352,0.04990,0.00000,0.00979,cylinder,lift,0.2400,0.09370,1.43594
no_contact_energy,material_shift_proxy,6,0,1,0.16472,0.01097,0.01097,0,0,0,61.61921,3.08503,1,0.89714,1,0.03023,0.25370,0.01224,0.00000,0.00566,cylinder,lift,0.2400,0.09309,-2.46338
no_contact_energy,material_shift_proxy,6,1,0,0.01076,0.06361,0.10284,1,0,0,43.13703,2.01315,1,-0.84425,1,0.10523,0.25631,0.01946,0.00000,0.01071,cylinder,lift,0.2400,0.08579,2.23965
no_contact_energy,material_shift_proxy,6,2,0,0.01329,0.00866,0.04537,1,0,0,41.63062,1.78404,1,-0.72451,1,0.05854,0.25266,0.03900,0.00000,0.01467,cylinder,lift,0.2400,0.09103,0.87896
no_contact_energy,material_shift_proxy,6,3,0,0.01179,0.09286,0.13107,1,0,0,65.72036,1.45002,1,-0.88000,1,0.10291,0.26094,0.01947,0.00000,0.00793,cylinder,lift,0.2400,0.08576,0.85357
no_contact_energy,material_shift_proxy,6,4,1,0.12178,0.08555,0.08555,0,0,0,37.52213,2.51205,1,0.74178,1,0.03991,0.33450,0.03760,0.00000,0.00898,cylinder,lift,0.2400,0.09895,-1.40169
no_contact_energy,material_shift_proxy,6,5,0,0.01022,0.05812,0.09789,1,0,0,44.57103,2.43560,1,-0.83394,1,0.09208,0.25783,0.04910,0.00000,0.01061,cylinder,lift,0.2400,0.08715,1.56133
no_contact_energy,material_shift_proxy,6,6,1,0.09924,0.04586,0.04586,0,0,0,44.44663,2.62550,1,0.82446,1,0.06179,0.25284,0.04580,0.00000,0.02501,cylinder,lift,0.2400,0.09022,-0.69830
no_contact_energy,material_shift_proxy,6,7,1,0.16005,0.05702,0.05702,0,0,0,33.29775,2.59413,1,0.80121,1,0.15190,0.59810,0.00159,0.00000,0.01092,cylinder,lift,0.2400,0.11040,-0.57697
no_contact_energy,material_shift_proxy,6,8,0,0.01116,0.03034,0.06918,1,0,0,42.69870,1.73547,1,-0.77413,1,0.08392,0.25511,0.02338,0.00000,0.03198,cylinder,lift,0.2400,0.09009,0.06904
no_contact_energy,material_shift_proxy,6,9,0,0.01169,0.00968,0.04799,1,0,0,31.06730,1.74458,1,-0.72998,1,0.04313,0.25322,0.04266,0.00000,0.01642,cylinder,lift,0.2400,0.09166,0.78716
no_contact_energy,material_shift_proxy,6,10,1,0.10999,0.06822,0.06822,0,0,0,41.61335,2.67595,1,0.77788,1,0.07177,0.25626,0.04997,0.00000,0.01209,cylinder,lift,0.2400,0.08940,1.78923
no_contact_energy,material_shift_proxy,6,11,1,0.16527,0.02970,0.02970,0,0,0,31.19318,2.52710,1,0.85811,1,0.17063,0.64204,0.02037,0.00000,0.01158,cylinder,lift,0.2400,0.11229,0.65862
no_contact_energy,material_shift_proxy,6,12,1,0.12608,0.03114,0.03114,0,0,0,31.81318,2.12868,1,0.85513,1,0.12551,0.53402,0.01217,0.00000,0.01262,cylinder,lift,0.2400,0.10749,-0.27352
no_contact_energy,material_shift_proxy,6,13,1,0.16466,0.04689,0.04689,0,0,0,39.24271,3.11995,1,0.82231,1,0.01928,0.29039,0.00084,0.00000,0.00625,cylinder,lift,0.2400,0.09707,0.04248
no_contact_energy,material_shift_proxy,6,14,0,0.01179,0.03810,0.07631,1,0,0,43.50247,1.58565,1,-0.78898,1,0.11397,0.25757,0.03990,0.00000,0.05911,cylinder,lift,0.2400,0.08597,0.70871
no_contact_energy,material_shift_proxy,7,0,0,0.06758,0.04982,0.04982,1,0,0,41.52227,2.29898,1,-0.73380,1,0.04813,0.25857,0.04676,0.00000,0.00796,cylinder,lift,0.2400,0.09146,0.68946
no_contact_energy,material_shift_proxy,7,1,0,0.01411,0.00977,0.04566,1,0,0,38.50694,1.83858,1,-0.72512,1,0.02109,0.26781,0.00481,0.00000,0.01624,cylinder,lift,0.2400,0.09628,-0.21042
no_contact_energy,material_shift_proxy,7,2,1,0.16650,0.06685,0.06685,0,0,0,43.41157,3.62648,1,0.78073,1,0.08600,0.25864,0.00114,0.00000,0.00329,cylinder,lift,0.2400,0.08706,0.37065
no_contact_energy,material_shift_proxy,7,3,0,0.01179,0.03539,0.07360,1,0,0,38.27619,1.39053,1,-0.78333,1,0.03493,0.27653,0.00051,0.00000,0.02748,cylinder,lift,0.2400,0.09661,0.52699
no_contact_energy,material_shift_proxy,7,4,1,0.07335,0.02240,0.02240,0,0,0,43.18927,2.43949,1,0.87334,1,0.08698,0.25549,0.01789,0.00000,0.01781,cylinder,lift,0.2400,0.08838,0.64765
no_contact_energy,material_shift_proxy,7,5,1,0.12296,0.05484,0.05484,0,0,0,38.24606,2.52872,1,0.80575,1,0.01725,0.26860,0.04677,0.00000,0.01219,cylinder,lift,0.2400,0.09628,-1.58577
no_contact_energy,material_shift_proxy,7,6,0,0.01133,0.04344,0.08210,1,0,0,40.55597,1.95775,1,-0.80104,1,0.04783,0.25651,0.04813,0.00000,0.01549,cylinder,lift,0.2400,0.09223,0.87594
no_contact_energy,material_shift_proxy,7,7,0,0.01876,0.05161,0.08284,1,0,0,44.23435,2.38859,1,-0.80259,1,0.09428,0.25532,0.04642,0.00000,0.00717,cylinder,lift,0.2400,0.08658,0.61336
no_contact_energy,material_shift_proxy,7,8,1,0.10291,0.06689,0.06689,0,0,0,40.58283,2.43346,1,0.78064,1,0.02791,0.25780,0.04988,0.00000,0.00872,cylinder,lift,0.2400,0.09363,1.68029
no_contact_energy,material_shift_proxy,7,9,1,0.14437,0.04525,0.04525,0,0,0,34.18581,2.20189,1,0.82572,1,0.11851,0.52524,0.01506,0.00000,0.00636,cylinder,lift,0.2400,0.10738,0.86650
no_contact_energy,material_shift_proxy,7,10,0,0.01177,0.02197,0.06021,1,0,0,38.58743,1.58624,1,-0.75543,1,0.06943,0.25480,0.01926,0.00000,0.02496,cylinder,lift,0.2400,0.09091,0.63748
no_contact_energy,material_shift_proxy,7,11,1,0.15561,0.08931,0.08931,0,0,0,37.38862,2.87078,1,0.73394,1,0.03626,0.33607,0.04344,0.00000,0.00504,cylinder,lift,0.2400,0.09896,-1.70690
no_contact_energy,material_shift_proxy,7,12,1,0.14614,0.02672,0.02672,0,0,0,29.77295,2.16083,1,0.86433,1,0.19514,0.70543,0.00562,0.00000,0.01078,cylinder,lift,0.2400,0.11492,0.39284
no_contact_energy,material_shift_proxy,7,13,1,0.15252,0.04649,0.04649,0,0,0,36.77109,2.74853,1,0.82314,1,0.03618,0.33578,0.00258,0.00000,0.00515,cylinder,lift,0.2400,0.09894,-0.34808
no_contact_energy,material_shift_proxy,7,14,1,0.16645,0.04795,0.04795,0,0,0,38.99788,3.25760,1,0.82011,1,0.03640,0.31713,0.00234,0.00000,0.01221,cylinder,lift,0.2400,0.09827,-0.14321
no_task_energy,combined_composition_shift,0,0,0,-0.00206,0.05950,0.11156,1,1,0,6.07011,0.67733,0,-1.18660,1,0.23137,0.13513,0.00000,0.00000,0.17311,t_shape,clutter_safe,0.3800,0.18000,-0.17400
no_task_energy,combined_composition_shift,0,1,0,-0.00206,0.03027,0.08232,1,1,0,48.19055,2.55113,0,-1.15151,1,0.21430,0.13590,0.00000,0.00000,0.12750,t_shape,clutter_safe,0.3800,0.18000,-2.80327
no_task_energy,combined_composition_shift,0,2,0,-0.00206,0.08314,0.13520,1,1,0,24.92182,0.69450,0,-1.20556,1,0.14071,0.12769,0.00000,0.00000,0.14878,t_shape,clutter_safe,0.3800,0.18000,-0.03426
no_task_energy,combined_composition_shift,0,3,0,-0.00265,0.03255,0.08520,1,1,0,49.12763,2.21022,0,-1.15750,1,0.20211,0.12872,0.00000,0.00000,0.12418,t_shape,clutter_safe,0.3800,0.18000,3.07098
no_task_energy,combined_composition_shift,0,4,0,0.12445,0.12819,0.12819,0,1,0,104.34923,7.28199,0,-0.68000,1,0.24554,0.13658,0.00000,0.00000,0.13388,t_shape,clutter_safe,0.3800,0.18000,0.21859
no_task_energy,combined_composition_shift,0,5,0,0.16105,0.04649,0.04649,0,1,0,53.27801,3.65323,0,-0.52684,1,0.19738,0.12619,0.00000,0.00000,0.10545,t_shape,clutter_safe,0.3800,0.18000,-2.84338
no_task_energy,combined_composition_shift,0,6,0,0.02497,0.06234,0.08737,1,1,0,59.76247,2.63434,0,-1.16201,1,0.19018,0.12878,0.00000,0.00000,0.10237,t_shape,clutter_safe,0.3800,0.18000,-0.07133
no_task_energy,combined_composition_shift,0,7,0,0.15585,0.04666,0.04666,0,1,0,79.42570,6.51815,0,-0.52720,1,0.13834,0.13059,0.00000,0.00000,0.12064,t_shape,clutter_safe,0.3800,0.18000,-0.18608
no_task_energy,combined_composition_shift,0,8,0,0.16237,0.04416,0.04416,0,1,0,78.99225,6.46736,0,-0.52199,1,0.18319,0.13100,0.00000,0.00000,0.12147,t_shape,clutter_safe,0.3800,0.18000,-0.15975
no_task_energy,combined_composition_shift,0,9,0,-0.00206,0.11897,0.17102,1,0,0,0.00000,0.57088,1,-0.84567,1,0.18078,0.13247,0.00000,0.00000,0.14818,t_shape,clutter_safe,0.3800,0.18000,-0.19011
no_task_energy,combined_composition_shift,0,10,0,0.15803,0.03941,0.03941,0,1,0,62.01786,5.10277,0,-0.51211,1,0.14894,0.13028,0.00000,0.00000,0.11157,t_shape,clutter_safe,0.3800,0.17677,-0.09988
no_task_energy,combined_composition_shift,0,11,0,0.15599,0.06480,0.06480,0,1,0,62.75170,5.05414,0,-0.56499,1,0.09891,0.13239,0.00000,0.00000,0.13359,t_shape,clutter_safe,0.3800,0.18000,-0.14212
no_task_energy,combined_composition_shift,0,12,0,-0.00206,0.04882,0.10087,1,1,0,40.60075,1.06895,0,-1.19016,1,0.17109,0.13171,0.00000,0.00000,0.13256,t_shape,clutter_safe,0.3800,0.18000,0.11040
no_task_energy,combined_composition_shift,0,13,0,-0.00206,0.10030,0.15236,1,1,0,0.00000,0.57374,0,-1.19590,1,0.05325,0.13422,0.03752,0.06253,0.13716,t_shape,clutter_safe,0.3800,0.18000,-0.33395
no_task_energy,combined_composition_shift,0,14,0,0.10718,0.10804,0.10804,0,1,0,64.69163,3.35461,0,-0.65509,1,0.16599,0.13394,0.00000,0.00000,0.11570,t_shape,clutter_safe,0.3800,0.18000,0.04509
no_task_energy,combined_composition_shift,1,0,0,-0.00206,0.06434,0.11639,1,1,0,26.64673,0.90347,0,-1.21477,1,0.09001,0.13289,0.01275,0.02125,0.11468,t_shape,clutter_safe,0.3800,0.18000,-0.14042
no_task_energy,combined_composition_shift,1,1,0,0.03135,0.08195,0.10060,1,1,0,22.88799,1.13171,0,-1.18959,1,0.21078,0.13707,0.00000,0.00000,0.12581,t_shape,clutter_safe,0.3800,0.18000,0.01506
no_task_energy,combined_composition_shift,1,2,0,0.12214,0.09428,0.09428,0,1,0,64.93723,3.86713,0,-0.62643,1,0.18712,0.13388,0.00000,0.00000,0.09203,t_shape,clutter_safe,0.3800,0.18000,-0.24677
no_task_energy,combined_composition_shift,1,3,0,0.15207,0.08374,0.08374,0,1,0,78.36885,6.20217,0,-0.60446,1,0.14027,0.13588,0.00000,0.00000,0.14024,t_shape,clutter_safe,0.3800,0.18000,-0.41589
no_task_energy,combined_composition_shift,1,4,0,0.10488,0.05183,0.05183,0,1,0,66.76216,4.43658,0,-0.53799,1,0.18272,0.13319,0.00000,0.00000,0.04796,t_shape,clutter_safe,0.3800,0.16617,0.13147
no_task_energy,combined_composition_shift,1,5,0,0.06397,0.04904,0.04904,1,1,0,61.18788,2.56017,0,-1.08218,1,0.23206,0.13584,0.00000,0.00000,0.15861,t_shape,clutter_safe,0.3800,0.18000,-0.05428
no_task_energy,combined_composition_shift,1,6,0,0.15229,0.10920,0.10920,0,1,0,64.88427,4.11311,0,-0.65749,1,0.13738,0.13441,0.00000,0.00000,0.13740,t_shape,clutter_safe,0.3800,0.18000,-2.71569
no_task_energy,combined_composition_shift,1,7,0,0.15248,0.08546,0.08546,0,1,0,77.43383,5.96858,0,-0.60805,1,0.19064,0.13635,0.00000,0.00000,0.11374,t_shape,clutter_safe,0.3800,0.18000,-3.11439
no_task_energy,combined_composition_shift,1,8,0,0.03636,0.06631,0.07996,1,1,0,43.08233,2.13491,0,-1.14657,1,0.17687,0.16744,0.14878,0.24796,0.03625,t_shape,clutter_safe,0.3800,0.15253,-1.48185
no_task_energy,combined_composition_shift,1,9,0,0.15661,0.02098,0.02098,0,1,0,65.68034,5.40301,0,-0.47371,1,0.11407,0.13017,0.00000,0.00000,0.11004,t_shape,clutter_safe,0.3800,0.18000,-0.22406
no_task_energy,combined_composition_shift,1,10,0,0.07478,0.04915,0.04915,0,1,0,43.03046,3.07127,0,-0.53239,1,0.24224,0.12673,0.00000,0.00000,0.19945,t_shape,clutter_safe,0.3800,0.18000,0.92198
no_task_energy,combined_composition_shift,1,11,0,0.13911,0.03779,0.03779,0,1,0,33.92264,1.49767,0,-0.50874,1,0.21569,0.13126,0.00000,0.00000,0.17109,t_shape,clutter_safe,0.3800,0.18000,-0.61747
no_task_energy,combined_composition_shift,1,12,0,-0.00206,0.28360,0.33566,1,1,0,76.01779,3.24118,0,-1.23000,1,0.15359,0.13368,0.00000,0.00000,0.14743,t_shape,clutter_safe,0.3800,0.18000,0.16658
no_task_energy,combined_composition_shift,1,13,0,0.04351,0.03594,0.04244,1,1,0,69.56404,2.91088,0,-1.06841,1,0.14389,0.12796,0.00000,0.00000,0.13768,t_shape,clutter_safe,0.3800,0.18000,0.22019
no_task_energy,combined_composition_shift,1,14,0,0.15265,0.05437,0.05437,0,1,0,52.54414,3.22277,0,-0.54326,1,0.14302,0.13635,0.00000,0.00000,0.11225,t_shape,clutter_safe,0.3800,0.18000,-3.01901
no_task_energy,combined_composition_shift,2,0,0,-0.00206,0.08362,0.13567,1,1,0,8.73122,0.62869,0,-1.20029,1,0.18394,0.13173,0.00000,0.00000,0.14616,t_shape,clutter_safe,0.3800,0.18000,-0.12917
no_task_energy,combined_composition_shift,2,1,0,-0.00206,0.12917,0.18123,1,0,0,5.25122,0.61781,1,-0.84942,1,0.20191,0.12735,0.00000,0.00000,0.12394,t_shape,clutter_safe,0.3800,0.18000,-0.01161
no_task_energy,combined_composition_shift,2,2,0,0.15362,0.12273,0.12273,0,1,0,79.85152,6.44458,0,-0.68000,1,0.17185,0.13770,0.00000,0.00000,0.09329,t_shape,clutter_safe,0.3800,0.18000,-0.16413
no_task_energy,combined_composition_shift,2,3,0,0.16187,0.06126,0.06126,0,1,0,69.79301,5.78850,0,-0.55761,1,0.12431,0.13223,0.00000,0.00000,0.12246,t_shape,clutter_safe,0.3800,0.18000,-0.24204
no_task_energy,combined_composition_shift,2,4,0,0.15672,0.03676,0.03676,0,1,0,82.33158,6.73845,0,-0.50657,1,0.18293,0.13093,0.00000,0.00000,0.12522,t_shape,clutter_safe,0.3800,0.18000,3.05367
no_task_energy,combined_composition_shift,2,5,0,0.11662,0.07952,0.07952,0,1,0,74.05417,4.18879,0,-0.59566,1,0.14425,0.13515,0.00000,0.00000,0.11874,t_shape,clutter_safe,0.3800,0.18000,-3.12515
no_task_energy,combined_composition_shift,2,6,0,0.01799,0.16960,0.20162,1,1,0,54.46593,2.77670,0,-1.23000,1,0.16940,0.13729,0.00000,0.00000,0.13302,t_shape,clutter_safe,0.3800,0.18000,0.13926
no_task_energy,combined_composition_shift,2,7,0,0.09176,0.06996,0.06996,0,1,0,44.07757,2.69223,0,-0.57574,1,0.19322,0.13378,0.00000,0.00000,0.11633,t_shape,clutter_safe,0.3800,0.18000,-0.15182
no_task_energy,combined_composition_shift,2,8,0,0.10420,0.07102,0.07102,0,1,0,70.83359,4.84312,0,-0.57795,1,0.16693,0.13648,0.00000,0.00000,0.13310,t_shape,clutter_safe,0.3800,0.18000,-0.05792
no_task_energy,combined_composition_shift,2,9,0,0.16209,0.10427,0.10427,0,1,0,67.83111,5.62892,0,-0.64723,1,0.14236,0.13671,0.00000,0.00000,0.07197,t_shape,clutter_safe,0.3800,0.17150,-0.25205
no_task_energy,combined_composition_shift,2,10,0,0.16105,0.04901,0.04901,0,1,0,55.61889,3.18327,0,-0.53210,1,0.17118,0.12848,0.00000,0.00000,0.12084,t_shape,clutter_safe,0.3800,0.18000,2.66828
no_task_energy,combined_composition_shift,2,11,1,0.15929,0.05153,0.05153,0,0,0,77.28512,6.42312,1,0.81264,1,0.15559,0.12988,0.00000,0.00000,0.11789,t_shape,clutter_safe,0.3800,0.18000,-0.24313
no_task_energy,combined_composition_shift,2,12,0,0.02167,0.05313,0.08145,1,1,0,61.05946,2.60980,0,-1.14969,1,0.19480,0.13019,0.00000,0.00000,0.13319,t_shape,clutter_safe,0.3800,0.18000,0.13699
no_task_energy,combined_composition_shift,2,13,0,0.16246,0.03487,0.03487,0,1,0,58.80931,4.74396,0,-0.50264,1,0.06077,0.12669,0.01842,0.03071,0.09500,t_shape,clutter_safe,0.3800,0.18000,-0.14131
no_task_energy,combined_composition_shift,2,14,0,0.15761,0.03793,0.03793,0,1,0,77.26244,6.26709,0,-0.50903,1,0.15847,0.13127,0.00000,0.00000,0.12627,t_shape,clutter_safe,0.3800,0.18000,-0.04404
no_task_energy,combined_composition_shift,3,0,0,0.16147,0.10678,0.10678,0,1,0,83.09347,6.85513,0,-0.65246,1,0.16886,0.13719,0.00000,0.00000,0.10775,t_shape,clutter_safe,0.3800,0.18000,3.01660
no_task_energy,combined_composition_shift,3,1,0,0.14831,0.04905,0.04905,0,1,0,49.76320,2.20002,0,-0.53220,1,0.21167,0.13133,0.07090,0.11817,0.15243,t_shape,clutter_safe,0.3800,0.18000,-0.08444
no_task_energy,combined_composition_shift,3,2,0,0.16008,0.11978,0.11978,0,1,0,79.62082,6.65179,0,-0.67954,1,0.14547,0.13734,0.00000,0.00000,0.10387,t_shape,clutter_safe,0.3800,0.18000,3.02732
no_task_energy,combined_composition_shift,3,3,0,0.15141,0.07701,0.07701,0,1,0,77.19109,5.93062,0,-0.59045,1,0.08999,0.13640,0.00000,0.00000,0.12700,t_shape,clutter_safe,0.3800,0.18000,0.00247
no_task_energy,combined_composition_shift,3,4,0,0.14283,0.11949,0.11949,0,1,0,71.74284,4.34078,0,-0.67893,1,0.19131,0.13524,0.03040,0.05066,0.10538,t_shape,clutter_safe,0.3800,0.18000,0.33040
no_task_energy,combined_composition_shift,3,5,0,-0.00206,0.04268,0.09473,1,1,0,60.11375,2.07341,0,-1.17736,1,0.05600,0.13667,0.00000,0.00000,0.12889,t_shape,clutter_safe,0.3800,0.18000,-0.13361
no_task_energy,combined_composition_shift,3,6,0,0.13963,0.00400,0.00400,0,1,0,49.97724,2.56368,0,-0.43833,1,0.13189,0.12799,0.00000,0.00000,0.14785,t_shape,clutter_safe,0.3800,0.18000,-0.21916
no_task_energy,combined_composition_shift,3,7,0,-0.00206,0.05064,0.10269,1,1,0,20.15492,1.15148,0,-1.19395,1,0.11761,0.12758,0.00000,0.00000,0.11845,t_shape,clutter_safe,0.3800,0.18000,-0.28168
no_task_energy,combined_composition_shift,3,8,1,0.16314,0.05180,0.05180,0,0,0,57.81001,4.67956,1,0.81207,1,0.04125,0.12736,0.00000,0.00000,0.11136,t_shape,clutter_safe,0.3800,0.18000,-0.14973
no_task_energy,combined_composition_shift,3,9,0,0.03833,0.08590,0.09758,1,1,0,16.44446,0.98578,0,-1.18215,1,0.14841,0.13296,0.13182,0.21971,0.12976,t_shape,clutter_safe,0.3800,0.18000,0.03068
no_task_energy,combined_composition_shift,3,10,0,-0.00206,0.08743,0.13949,1,1,0,25.56317,0.71134,0,-1.20691,1,0.18309,0.12762,0.00000,0.00000,0.15861,t_shape,clutter_safe,0.3800,0.18000,3.03623
no_task_energy,combined_composition_shift,3,11,0,0.16079,0.00222,0.00222,0,1,0,72.06474,5.98874,0,-0.43463,1,0.08986,0.12846,0.00000,0.00000,0.09334,t_shape,clutter_safe,0.3800,0.18000,-0.02295
no_task_energy,combined_composition_shift,3,12,0,0.11107,0.03426,0.03426,0,1,0,72.19879,5.02470,0,-0.50137,1,0.23107,0.13233,0.00000,0.00000,0.12027,t_shape,clutter_safe,0.3800,0.18000,0.15347
no_task_energy,combined_composition_shift,3,13,0,0.14246,0.06742,0.06742,0,1,0,80.98501,5.10395,0,-0.57045,1,0.16496,0.12903,0.00000,0.00000,0.11340,t_shape,clutter_safe,0.3800,0.18000,0.17932
no_task_energy,combined_composition_shift,3,14,0,-0.00206,0.11353,0.16558,1,0,0,2.01346,0.54021,1,-0.84322,1,0.14667,0.12810,0.00000,0.00000,0.10284,t_shape,clutter_safe,0.3800,0.18000,-0.02451
no_task_energy,combined_composition_shift,4,0,0,-0.00206,0.11772,0.16978,1,1,0,6.05373,0.61339,0,-1.19907,1,0.15318,0.12774,0.13763,0.22938,0.15565,t_shape,clutter_safe,0.3800,0.18000,1.82152
no_task_energy,combined_composition_shift,4,1,0,0.15308,0.12157,0.12157,0,1,0,60.42230,5.01803,0,-0.68000,1,0.08276,0.13737,0.00000,0.00000,0.11601,t_shape,clutter_safe,0.3800,0.18000,0.13456
no_task_energy,combined_composition_shift,4,2,0,0.00622,0.02369,0.06747,1,1,0,49.85825,2.25884,0,-1.12056,1,0.16149,0.12689,0.00000,0.00000,0.12729,t_shape,clutter_safe,0.3800,0.18000,-0.13388
no_task_energy,combined_composition_shift,4,3,0,-0.00206,0.06409,0.11615,1,0,0,3.23070,0.57552,1,-0.83802,1,0.22262,0.12806,0.18933,0.31556,0.14307,t_shape,clutter_safe,0.3800,0.18000,0.07773
no_task_energy,combined_composition_shift,4,4,0,0.03834,0.19447,0.20613,1,1,0,77.30420,5.13844,0,-1.23000,1,0.10546,0.13702,0.00000,0.00000,0.10692,t_shape,clutter_safe,0.3800,0.18000,3.12566
no_task_energy,combined_composition_shift,4,5,0,-0.00206,0.06603,0.11809,1,1,0,56.68586,2.01621,0,-1.22603,1,0.06349,0.13724,0.00000,0.00000,0.10225,t_shape,clutter_safe,0.3800,0.18000,-2.91910
no_task_energy,combined_composition_shift,4,6,0,0.15334,0.08397,0.08397,0,1,0,79.93759,6.50163,0,-0.60494,1,0.23589,0.13363,0.00000,0.00000,0.12530,t_shape,clutter_safe,0.3800,0.18000,-2.96722
no_task_energy,combined_composition_shift,4,7,0,-0.00206,0.07967,0.13172,1,1,0,11.30651,0.62866,0,-1.20029,1,0.14190,0.12664,0.11171,0.18619,0.14273,t_shape,clutter_safe,0.3800,0.18000,0.02426
no_task_energy,combined_composition_shift,4,8,1,0.16226,0.02109,0.02109,0,0,0,67.75522,5.62361,1,0.87606,1,0.12553,0.12914,0.00000,0.00000,0.16256,t_shape,clutter_safe,0.3800,0.18000,-0.19572
no_task_energy,combined_composition_shift,4,9,0,0.01715,0.03283,0.06568,1,1,0,33.10875,2.17163,0,-1.11684,1,0.23800,0.12687,0.00000,0.00000,0.16971,t_shape,clutter_safe,0.3800,0.18000,-0.09728
no_task_energy,combined_composition_shift,4,10,0,0.04306,0.02864,0.03558,1,1,0,65.96508,3.01824,0,-1.05413,1,0.13873,0.12700,0.00000,0.00000,0.12007,t_shape,clutter_safe,0.3800,0.18000,-3.14034
no_task_energy,combined_composition_shift,4,11,0,0.03902,0.05026,0.06124,1,1,0,37.46900,1.67933,0,-1.10759,1,0.10923,0.13241,0.00000,0.00000,0.12767,t_shape,clutter_safe,0.3800,0.18000,0.00289
no_task_energy,combined_composition_shift,4,12,0,0.13503,0.06678,0.06678,0,1,0,38.38137,2.18319,0,-0.56913,1,0.15613,0.13454,0.00000,0.00000,0.11827,t_shape,clutter_safe,0.3800,0.18000,-0.30060
no_task_energy,combined_composition_shift,4,13,0,-0.00206,0.17180,0.22386,1,0,0,4.74625,0.68483,1,-0.85479,1,0.15040,0.13582,0.00000,0.00000,0.10391,t_shape,clutter_safe,0.3800,0.18000,0.15094
no_task_energy,combined_composition_shift,4,14,0,0.15595,0.02255,0.02255,0,1,0,63.94204,5.18773,0,-0.47698,1,0.07719,0.13027,0.00000,0.00000,0.11422,t_shape,clutter_safe,0.3800,0.18000,-0.11666
no_task_energy,combined_composition_shift,5,0,0,0.03112,0.05161,0.07049,1,1,0,58.05105,2.44173,0,-1.12685,1,0.18982,0.13146,0.00000,0.00000,0.15407,t_shape,clutter_safe,0.3800,0.18000,-0.17476
no_task_energy,combined_composition_shift,5,1,0,-0.00206,0.06066,0.11272,1,1,0,64.21726,2.87208,0,-1.21484,1,0.19591,0.13726,0.00000,0.00000,0.12995,t_shape,clutter_safe,0.3800,0.18000,2.88770
no_task_energy,combined_composition_shift,5,2,0,-0.00206,0.05047,0.10253,1,1,0,36.87813,1.39132,0,-1.19360,1,0.09293,0.13376,0.00000,0.00000,0.14525,t_shape,clutter_safe,0.3800,0.18000,0.02970
no_task_energy,combined_composition_shift,5,3,0,-0.00206,0.08444,0.13650,1,0,0,6.61588,0.57898,1,-0.84632,1,0.14410,0.13018,0.17711,0.29518,0.11640,t_shape,clutter_safe,0.3800,0.18000,2.84752
no_task_energy,combined_composition_shift,5,4,0,-0.00206,0.10188,0.15394,1,1,0,48.05490,1.12098,0,-1.23000,1,0.05845,0.13455,0.05087,0.08478,0.14212,t_shape,clutter_safe,0.3800,0.18000,-0.16529
no_task_energy,combined_composition_shift,5,5,0,0.16102,0.07640,0.07640,0,1,0,66.96709,5.14008,0,-0.58917,1,0.10757,0.13579,0.00000,0.00000,0.14340,t_shape,clutter_safe,0.3800,0.18000,0.23330
no_task_energy,combined_composition_shift,5,6,0,0.16122,0.08642,0.08642,0,1,0,68.10463,5.46438,0,-0.61003,1,0.11467,0.13644,0.00000,0.00000,0.13508,t_shape,clutter_safe,0.3800,0.17980,-0.14283
no_task_energy,combined_composition_shift,5,7,1,0.16096,0.02716,0.02716,0,0,0,76.39358,6.29768,1,0.86341,1,0.18102,0.12812,0.00000,0.00000,0.11661,t_shape,clutter_safe,0.3800,0.18000,-0.14079
no_task_energy,combined_composition_shift,5,8,0,-0.00206,0.08981,0.14187,1,1,0,46.42120,1.27548,0,-1.23000,1,0.22640,0.13194,0.00000,0.00000,0.13615,t_shape,clutter_safe,0.3800,0.18000,-0.39387
no_task_energy,combined_composition_shift,5,9,0,0.07206,0.01534,0.01534,0,1,0,44.31264,2.86956,0,-0.46196,1,0.18548,0.12720,0.00000,0.00000,0.09752,t_shape,clutter_safe,0.3800,0.17973,0.06751
no_task_energy,combined_composition_shift,5,10,0,0.12032,0.09964,0.09964,0,1,0,80.68085,5.25573,0,-0.63758,1,0.15119,0.13420,0.00000,0.00000,0.12195,t_shape,clutter_safe,0.3800,0.18000,0.25001
no_task_energy,combined_composition_shift,5,11,0,0.10239,0.07656,0.07656,0,1,0,60.53128,3.51628,0,-0.58950,1,0.15480,0.13352,0.00000,0.00000,0.13355,t_shape,clutter_safe,0.3800,0.18000,0.12220
no_task_energy,combined_composition_shift,5,12,0,0.14982,0.09174,0.09174,0,1,0,80.30170,6.07054,0,-0.62112,1,0.15474,0.13687,0.00000,0.00000,0.11274,t_shape,clutter_safe,0.3800,0.18000,2.99239
no_task_energy,combined_composition_shift,5,13,0,0.12081,0.06553,0.06553,0,1,0,79.09265,4.74513,0,-0.56652,1,0.21114,0.13092,0.00000,0.00000,0.12144,t_shape,clutter_safe,0.3800,0.18000,-0.06808
no_task_energy,combined_composition_shift,5,14,0,-0.00206,0.02260,0.07466,1,1,0,58.29651,2.73738,0,-1.13554,1,0.20933,0.13542,0.00000,0.00000,0.12936,t_shape,clutter_safe,0.3800,0.18000,3.08306
no_task_energy,combined_composition_shift,6,0,0,-0.00206,0.00924,0.06130,1,1,0,60.21938,2.60420,0,-1.10771,1,0.16661,0.13364,0.01443,0.02404,0.10827,t_shape,clutter_safe,0.3800,0.18000,-0.40294
no_task_energy,combined_composition_shift,6,1,1,0.15957,0.09845,0.09845,0,0,0,56.61927,4.71021,1,0.71490,1,0.02628,0.14309,0.02169,0.03615,0.11376,t_shape,clutter_safe,0.3800,0.18000,-0.01275
no_task_energy,combined_composition_shift,6,2,0,-0.00206,0.10807,0.16013,1,1,0,8.29337,0.64384,0,-1.20151,1,0.20862,0.13089,0.00000,0.00000,0.14967,t_shape,clutter_safe,0.3800,0.18000,-0.01650
no_task_energy,combined_composition_shift,6,3,0,-0.00206,0.03475,0.08680,1,1,0,43.28776,2.09787,0,-1.16084,1,0.20697,0.13767,0.00000,0.00000,0.11027,t_shape,clutter_safe,0.3800,0.18000,-0.14877
no_task_energy,combined_composition_shift,6,4,0,-0.00206,0.08679,0.13885,1,1,0,12.33526,0.76294,0,-1.21104,1,0.25751,0.12917,0.00000,0.00000,0.15066,t_shape,clutter_safe,0.3800,0.18000,-2.82089
no_task_energy,combined_composition_shift,6,5,1,0.16226,0.00314,0.00314,0,0,0,65.22219,5.40384,1,0.91345,1,0.10573,0.12618,0.00000,0.00000,0.06593,t_shape,clutter_safe,0.3800,0.16949,3.05047
no_task_energy,combined_composition_shift,6,6,0,0.16220,0.02096,0.02096,0,1,0,65.86310,5.36444,0,-0.47366,1,0.12699,0.13051,0.00000,0.00000,0.11497,t_shape,clutter_safe,0.3800,0.18000,-0.00074
no_task_energy,combined_composition_shift,6,7,0,0.15668,0.09398,0.09398,0,1,0,48.52034,3.24643,0,-0.62580,1,0.08001,0.13175,0.00000,0.00000,0.16862,t_shape,clutter_safe,0.3800,0.18000,0.25922
no_task_energy,combined_composition_shift,6,8,0,-0.00206,0.08210,0.13416,1,1,0,82.27573,2.85561,0,-1.23000,1,0.20587,0.13697,0.00000,0.00000,0.17841,t_shape,clutter_safe,0.3800,0.18000,-0.13612
no_task_energy,combined_composition_shift,6,9,0,0.15659,0.06686,0.06686,0,1,0,50.85875,3.57957,0,-0.56930,1,0.10572,0.12883,0.00000,0.00000,0.11312,t_shape,clutter_safe,0.3800,0.18000,0.19317
no_task_energy,combined_composition_shift,6,10,0,0.12294,0.04963,0.04963,0,1,0,70.99468,3.94302,0,-0.53340,1,0.18942,0.12607,0.00000,0.00000,0.10553,t_shape,clutter_safe,0.3800,0.18000,3.05082
no_task_energy,combined_composition_shift,6,11,0,0.10913,0.05604,0.05604,0,1,0,57.86432,3.74523,0,-0.54675,1,0.14728,0.16545,0.00457,0.00761,0.13056,t_shape,clutter_safe,0.3800,0.18000,-2.99114
no_task_energy,combined_composition_shift,6,12,0,0.15895,0.01843,0.01843,0,1,0,63.04229,5.18583,0,-0.46841,1,0.06271,0.12827,0.00000,0.00000,0.08753,t_shape,clutter_safe,0.3800,0.17640,3.01592
no_task_energy,combined_composition_shift,6,13,0,0.16200,0.00428,0.00428,0,1,0,62.65128,5.07986,0,-0.43892,1,0.16052,0.12676,0.00000,0.00000,0.11976,t_shape,clutter_safe,0.3800,0.17687,0.23692
no_task_energy,combined_composition_shift,6,14,0,0.02509,0.01095,0.03586,1,1,0,42.59384,2.06314,0,-1.05470,1,0.15861,0.13786,0.00000,0.00000,0.11354,t_shape,clutter_safe,0.3800,0.17314,-2.61818
no_task_energy,combined_composition_shift,7,0,0,0.15764,0.07948,0.07948,0,1,0,47.24416,3.13288,0,-0.59557,1,0.15124,0.13046,0.12457,0.20762,0.10761,t_shape,clutter_safe,0.3800,0.18000,0.27157
no_task_energy,combined_composition_shift,7,1,1,0.16171,0.08676,0.08676,0,0,0,75.31677,6.30972,1,0.73925,1,0.10688,0.13461,0.00000,0.00000,0.10128,t_shape,clutter_safe,0.3800,0.18000,-0.05180
no_task_energy,combined_composition_shift,7,2,0,-0.00220,0.04916,0.10136,1,1,0,56.36883,2.50027,0,-1.19117,1,0.11256,0.12793,0.00000,0.00000,0.11543,t_shape,clutter_safe,0.3800,0.18000,2.80328
no_task_energy,combined_composition_shift,7,3,0,0.10179,0.08477,0.08477,0,1,0,59.01712,3.21292,0,-0.60661,1,0.12750,0.13574,0.00000,0.00000,0.11426,t_shape,clutter_safe,0.3800,0.18000,-0.38063
no_task_energy,combined_composition_shift,7,4,0,-0.00206,0.10235,0.15441,1,1,0,0.00000,0.60174,0,-1.19814,1,0.12451,0.13730,0.09350,0.15583,0.09690,t_shape,clutter_safe,0.3800,0.18000,2.93805
no_task_energy,combined_composition_shift,7,5,0,0.16319,0.03837,0.03837,0,1,0,51.11092,4.10780,0,-0.50993,1,0.20383,0.13026,0.00000,0.00000,0.12481,t_shape,clutter_safe,0.3800,0.18000,0.36409
no_task_energy,combined_composition_shift,7,6,0,0.09949,0.05436,0.05436,0,1,0,66.48817,5.20214,0,-0.54324,1,0.24817,0.13294,0.00000,0.00000,0.13641,t_shape,clutter_safe,0.3800,0.18000,3.13392
no_task_energy,combined_composition_shift,7,7,0,0.15110,0.04555,0.04555,0,1,0,72.61106,5.61649,0,-0.52489,1,0.07717,0.13346,0.00000,0.00000,0.10755,t_shape,clutter_safe,0.3800,0.18000,-0.18557
no_task_energy,combined_composition_shift,7,8,0,0.15594,0.04637,0.04637,0,1,0,37.24259,3.11109,0,-0.52661,1,0.21108,0.12711,0.00000,0.00000,0.10530,t_shape,clutter_safe,0.3800,0.18000,0.30658
no_task_energy,combined_composition_shift,7,9,0,0.07508,0.04329,0.04329,0,1,0,40.08135,2.84377,0,-0.52020,1,0.19215,0.12707,0.02743,0.04572,0.03094,t_shape,clutter_safe,0.3800,0.16520,0.12659
no_task_energy,combined_composition_shift,7,10,0,0.15932,0.07145,0.07145,0,1,0,65.53592,5.42324,0,-0.57885,1,0.11819,0.13219,0.00000,0.00000,0.12271,t_shape,clutter_safe,0.3800,0.18000,0.04698
no_task_energy,combined_composition_shift,7,11,0,-0.00206,0.07280,0.12486,1,1,0,47.72816,1.35678,0,-1.23000,1,0.14023,0.13219,0.04374,0.07290,0.19767,t_shape,clutter_safe,0.3800,0.18000,0.32146
no_task_energy,combined_composition_shift,7,12,0,-0.00206,0.06173,0.11379,1,1,0,16.94961,0.70839,0,-1.19373,1,0.22720,0.13086,0.00000,0.00000,0.13820,t_shape,clutter_safe,0.3800,0.18000,-0.20177
no_task_energy,combined_composition_shift,7,13,0,0.15695,0.03328,0.03328,0,1,0,70.24357,5.70039,0,-0.49933,1,0.12392,0.13072,0.00000,0.00000,0.05671,t_shape,clutter_safe,0.3800,0.16908,-3.11763
no_task_energy,combined_composition_shift,7,14,0,0.15941,0.02647,0.02647,0,1,0,39.94945,3.28167,0,-0.48514,1,0.14850,0.12934,0.00000,0.00000,0.09406,t_shape,clutter_safe,0.3800,0.18000,0.15819
no_task_energy,adversarial_clutter_gap,0,0,0,-0.00206,0.13198,0.18404,1,1,0,1.32707,0.54630,0,-1.19370,1,0.22512,0.05462,0.07078,0.11796,0.14387,t_shape,clutter_safe,0.4600,0.18000,-1.26540
no_task_energy,adversarial_clutter_gap,0,1,0,0.04970,0.05177,0.05207,1,1,0,46.00493,3.10444,0,-1.08849,1,0.21587,0.05470,0.00000,0.00000,0.11368,t_shape,clutter_safe,0.4600,0.18000,0.21604
no_task_energy,adversarial_clutter_gap,0,2,0,0.13787,0.08742,0.08742,0,1,0,127.42446,8.13227,0,-0.61212,1,0.25045,0.06437,0.00000,0.00000,0.13125,t_shape,clutter_safe,0.4600,0.18000,-0.25460
no_task_energy,adversarial_clutter_gap,0,3,0,0.03194,0.03051,0.04857,1,1,0,78.88559,3.65845,0,-1.08118,1,0.17313,0.06176,0.00000,0.00000,0.16221,t_shape,clutter_safe,0.4600,0.18000,-0.64563
no_task_energy,adversarial_clutter_gap,0,4,0,0.08060,0.03546,0.03546,0,1,0,77.96436,4.80558,0,-0.50388,1,0.23385,0.06045,0.00000,0.00000,0.11617,t_shape,clutter_safe,0.4600,0.18000,-0.23192
no_task_energy,adversarial_clutter_gap,0,5,0,0.06102,0.05563,0.05563,1,1,0,124.27014,4.99111,0,-1.09590,1,0.23623,0.06335,0.00000,0.00000,0.12534,t_shape,clutter_safe,0.4600,0.18000,-0.32761
no_task_energy,adversarial_clutter_gap,0,6,0,-0.00206,0.04723,0.09928,1,1,0,45.24514,2.28838,0,-1.18684,1,0.20193,0.05947,0.00000,0.00000,0.15986,t_shape,clutter_safe,0.4600,0.18000,2.18783
no_task_energy,adversarial_clutter_gap,0,7,0,0.05488,0.09321,0.09321,1,1,0,91.08349,6.54241,0,-1.17419,1,0.29147,0.05518,0.00000,0.00000,0.15150,t_shape,clutter_safe,0.4600,0.18000,-2.78361
no_task_energy,adversarial_clutter_gap,0,8,0,-0.00206,0.03406,0.08611,1,1,0,33.97850,1.80430,0,-1.15940,1,0.24185,0.05788,0.01159,0.01931,0.04233,t_shape,clutter_safe,0.4600,0.14006,1.80274
no_task_energy,adversarial_clutter_gap,0,9,0,0.03263,0.03881,0.05618,1,1,0,33.31541,2.07377,0,-1.09705,1,0.11501,0.05707,0.09700,0.16166,0.11232,t_shape,clutter_safe,0.4600,0.18000,0.28243
no_task_energy,adversarial_clutter_gap,0,10,0,-0.00206,0.06167,0.11373,1,1,0,17.61971,0.87103,0,-1.20662,1,0.16449,0.05951,0.00000,0.00000,0.11050,t_shape,clutter_safe,0.4600,0.18000,0.10464
no_task_energy,adversarial_clutter_gap,0,11,0,0.03610,0.09589,0.10979,1,1,0,14.28428,0.91949,0,-1.20228,1,0.14341,0.06129,0.00000,0.00000,0.11762,t_shape,clutter_safe,0.4600,0.18000,-1.29255
no_task_energy,adversarial_clutter_gap,0,12,0,-0.00206,0.02010,0.07216,1,0,0,1.80137,0.57473,1,-0.74630,1,0.19854,0.06107,0.00000,0.00000,0.19017,t_shape,clutter_safe,0.4600,0.18000,-2.08321
no_task_energy,adversarial_clutter_gap,0,13,0,0.07360,0.04326,0.04326,0,1,0,52.67138,4.02291,0,-0.52012,1,0.19207,0.05422,0.00000,0.00000,0.13141,t_shape,clutter_safe,0.4600,0.18000,3.13512
no_task_energy,adversarial_clutter_gap,0,14,0,0.02460,0.03859,0.06398,1,1,0,43.46929,2.60241,0,-1.11330,1,0.19054,0.05853,0.00000,0.00000,0.10034,t_shape,clutter_safe,0.4600,0.18000,-2.71383
no_task_energy,adversarial_clutter_gap,1,0,0,0.16345,0.01778,0.01778,0,1,0,72.82132,5.82562,0,-0.46703,1,0.13722,0.05871,0.00000,0.00000,0.15565,t_shape,clutter_safe,0.4600,0.17851,-0.20692
no_task_energy,adversarial_clutter_gap,1,1,0,0.10668,0.05388,0.05388,0,1,0,66.40322,4.07375,0,-0.54225,1,0.16724,0.06188,0.15780,0.26299,0.11654,t_shape,clutter_safe,0.4600,0.18000,-0.14801
no_task_energy,adversarial_clutter_gap,1,2,0,0.13960,0.05967,0.05967,0,1,0,77.04891,4.37931,0,-0.55431,1,0.25319,0.05405,0.00000,0.00000,0.12154,t_shape,clutter_safe,0.4600,0.18000,2.92833
no_task_energy,adversarial_clutter_gap,1,3,0,0.07103,0.03906,0.03906,0,1,0,56.22475,2.81903,0,-0.51137,1,0.19194,0.05847,0.00000,0.00000,0.11314,t_shape,clutter_safe,0.4600,0.18000,-0.26095
no_task_energy,adversarial_clutter_gap,1,4,0,0.11169,0.06476,0.06476,0,1,0,76.86406,4.22111,0,-0.56491,1,0.15479,0.05858,0.05105,0.08508,0.09124,t_shape,clutter_safe,0.4600,0.18000,0.31569
no_task_energy,adversarial_clutter_gap,1,5,0,0.15335,0.08252,0.08252,0,1,0,54.23096,3.34890,0,-0.60191,1,0.11796,0.05972,0.00000,0.00000,0.11448,t_shape,clutter_safe,0.4600,0.18000,-2.82754
no_task_energy,adversarial_clutter_gap,1,6,0,-0.00206,0.03153,0.08358,1,1,0,39.36827,1.89461,0,-1.15413,1,0.15647,0.06188,0.00000,0.00000,0.12174,t_shape,clutter_safe,0.4600,0.18000,-0.15487
no_task_energy,adversarial_clutter_gap,1,7,0,-0.00206,0.07652,0.12858,1,1,0,58.57002,2.28949,0,-1.23000,1,0.24502,0.06469,0.00000,0.00000,0.05093,t_shape,clutter_safe,0.4600,0.15602,1.44408
no_task_energy,adversarial_clutter_gap,1,8,0,-0.00206,0.07200,0.12405,1,1,0,32.82994,2.27523,0,-1.23000,1,0.27713,0.05742,0.00000,0.00000,0.06704,t_shape,clutter_safe,0.4600,0.13945,-1.26290
no_task_energy,adversarial_clutter_gap,1,9,0,0.01187,0.16834,0.20646,1,1,0,55.66000,3.07813,0,-1.23000,1,0.23834,0.06136,0.00000,0.00000,0.04917,t_shape,clutter_safe,0.4600,0.16022,-2.79280
no_task_energy,adversarial_clutter_gap,1,10,0,0.02187,0.03177,0.05990,1,1,0,56.04658,3.40193,0,-1.10480,1,0.21427,0.05568,0.00000,0.00000,0.12494,t_shape,clutter_safe,0.4600,0.18000,0.42075
no_task_energy,adversarial_clutter_gap,1,11,0,0.06274,0.03249,0.03249,1,1,0,98.14286,5.17681,0,-1.04769,1,0.18421,0.05765,0.00000,0.00000,0.10742,t_shape,clutter_safe,0.4600,0.18000,0.00421
no_task_energy,adversarial_clutter_gap,1,12,0,0.07401,0.03177,0.03177,0,1,0,93.49826,3.79445,0,-0.49619,1,0.17334,0.05817,0.00000,0.00000,0.09945,t_shape,clutter_safe,0.4600,0.17571,-2.88725
no_task_energy,adversarial_clutter_gap,1,13,0,-0.00206,0.06098,0.11304,1,1,0,26.06282,0.88234,0,-1.20608,1,0.08724,0.05591,0.18331,0.30552,0.13140,t_shape,clutter_safe,0.4600,0.18000,-0.16313
no_task_energy,adversarial_clutter_gap,1,14,0,-0.00206,0.01934,0.07140,1,1,0,33.41356,1.60268,0,-1.12875,1,0.20411,0.05990,0.05861,0.09769,0.02086,t_shape,clutter_safe,0.4600,0.15621,1.32005
no_task_energy,adversarial_clutter_gap,2,0,0,0.14650,0.05321,0.05321,0,1,0,87.46079,6.99256,0,-0.54086,1,0.17967,0.06111,0.00000,0.00000,0.13114,t_shape,clutter_safe,0.4600,0.18000,-0.21589
no_task_energy,adversarial_clutter_gap,2,1,0,0.05963,0.09542,0.09542,1,1,0,69.23105,3.50688,0,-1.17879,1,0.16891,0.06455,0.00000,0.00000,0.11564,t_shape,clutter_safe,0.4600,0.18000,-0.07873
no_task_energy,adversarial_clutter_gap,2,2,0,-0.00206,0.05807,0.11013,1,1,0,20.15920,0.75666,0,-1.18997,1,0.20067,0.05846,0.00000,0.00000,0.12655,t_shape,clutter_safe,0.4600,0.18000,0.01007
no_task_energy,adversarial_clutter_gap,2,3,0,-0.00206,0.03830,0.09036,1,1,0,20.67095,1.10357,0,-1.16825,1,0.22174,0.05516,0.00000,0.00000,0.12966,t_shape,clutter_safe,0.4600,0.18000,-1.11444
no_task_energy,adversarial_clutter_gap,2,4,0,0.03090,0.07634,0.09544,1,1,0,21.20475,0.67215,0,-1.15260,1,0.17552,0.06424,0.00000,0.00000,0.20378,t_shape,clutter_safe,0.4600,0.18000,-0.14450
no_task_energy,adversarial_clutter_gap,2,5,0,-0.00206,0.03638,0.08844,1,1,0,33.07821,1.86531,0,-1.16426,1,0.24542,0.05611,0.00000,0.00000,0.03918,t_shape,clutter_safe,0.4600,0.15226,1.83447
no_task_energy,adversarial_clutter_gap,2,6,0,-0.00206,0.11116,0.16322,1,1,0,6.46508,0.67375,0,-1.20390,1,0.19909,0.06324,0.00000,0.00000,0.11372,t_shape,clutter_safe,0.4600,0.18000,-0.00828
no_task_energy,adversarial_clutter_gap,2,7,0,0.00589,0.09247,0.13658,1,1,0,43.16371,2.78008,0,-1.23000,1,0.15046,0.08778,0.00000,0.00000,0.11956,t_shape,clutter_safe,0.4600,0.18000,2.82180
no_task_energy,adversarial_clutter_gap,2,8,0,0.05363,0.04119,0.04119,1,1,0,77.94461,3.78753,0,-1.06580,1,0.18154,0.05506,0.07074,0.11790,0.09806,t_shape,clutter_safe,0.4600,0.18000,-2.80687
no_task_energy,adversarial_clutter_gap,2,9,0,-0.00206,0.04083,0.09289,1,1,0,9.03831,0.64369,0,-1.14501,1,0.14896,0.06156,0.00000,0.00000,0.11727,t_shape,clutter_safe,0.4600,0.18000,-1.37254
no_task_energy,adversarial_clutter_gap,2,10,0,0.04409,0.06985,0.07576,1,1,0,64.12958,3.15440,0,-1.13783,1,0.19826,0.06335,0.09164,0.15274,0.13171,t_shape,clutter_safe,0.4600,0.18000,0.56679
no_task_energy,adversarial_clutter_gap,2,11,0,0.07105,0.06860,0.06860,0,1,0,88.07563,4.80756,0,-0.57293,1,0.20005,0.06067,0.00000,0.00000,0.11852,t_shape,clutter_safe,0.4600,0.18000,-2.88146
no_task_energy,adversarial_clutter_gap,2,12,0,0.10864,0.08521,0.08521,0,1,0,95.83635,6.06381,0,-0.60753,1,0.16487,0.06140,0.00000,0.00000,0.09731,t_shape,clutter_safe,0.4600,0.18000,0.11757
no_task_energy,adversarial_clutter_gap,2,13,0,-0.00206,0.04676,0.09881,1,1,0,19.68788,0.84358,0,-1.17335,1,0.16567,0.06245,0.00000,0.00000,0.14141,t_shape,clutter_safe,0.4600,0.18000,3.06468
no_task_energy,adversarial_clutter_gap,2,14,0,0.15648,0.07681,0.07681,0,1,0,74.42022,6.15750,0,-0.59002,1,0.12449,0.06051,0.00000,0.00000,0.10744,t_shape,clutter_safe,0.4600,0.18000,0.01685
no_task_energy,adversarial_clutter_gap,3,0,0,0.01468,0.07703,0.11235,1,1,0,25.62821,2.05746,0,-1.21405,1,0.18242,0.05466,0.04264,0.07107,0.14795,t_shape,clutter_safe,0.4600,0.18000,0.98548
no_task_energy,adversarial_clutter_gap,3,1,0,0.08680,0.03923,0.03923,0,1,0,65.70358,5.22398,0,-0.51173,1,0.22777,0.05665,0.00000,0.00000,0.10557,t_shape,clutter_safe,0.4600,0.18000,3.13834
no_task_energy,adversarial_clutter_gap,3,2,0,0.04169,0.03144,0.03975,1,1,0,78.54251,3.75634,0,-1.06281,1,0.25962,0.05925,0.00000,0.00000,0.12300,t_shape,clutter_safe,0.4600,0.18000,-2.88006
no_task_energy,adversarial_clutter_gap,3,3,0,-0.00754,0.21970,0.27725,1,1,0,62.42610,3.29833,0,-1.23000,1,0.26007,0.06122,0.00000,0.00000,0.10240,t_shape,clutter_safe,0.4600,0.16451,-0.17890
no_task_energy,adversarial_clutter_gap,3,4,0,0.06805,0.06017,0.06017,1,1,0,48.49923,2.73056,0,-1.10535,1,0.17427,0.06105,0.00000,0.00000,0.12579,t_shape,clutter_safe,0.4600,0.18000,0.16334
no_task_energy,adversarial_clutter_gap,3,5,0,-0.00206,0.02253,0.07459,1,1,0,33.82941,2.06744,0,-1.13539,1,0.19478,0.05757,0.00000,0.00000,0.10162,t_shape,clutter_safe,0.4600,0.18000,-0.31328
no_task_energy,adversarial_clutter_gap,3,6,0,0.04170,0.07293,0.08124,1,1,0,61.93430,2.93079,0,-1.14924,1,0.15580,0.06095,0.00000,0.00000,0.10122,t_shape,clutter_safe,0.4600,0.18000,-0.14470
no_task_energy,adversarial_clutter_gap,3,7,0,0.02028,0.06842,0.09814,1,1,0,29.07054,2.40065,0,-1.18446,1,0.15303,0.05546,0.00000,0.00000,0.12162,t_shape,clutter_safe,0.4600,0.18000,1.21892
no_task_energy,adversarial_clutter_gap,3,8,0,-0.00206,0.12900,0.18106,1,1,0,0.00000,0.57495,0,-1.19600,1,0.22756,0.06234,0.11239,0.18731,0.15799,t_shape,clutter_safe,0.4600,0.18000,1.89880
no_task_energy,adversarial_clutter_gap,3,9,0,-0.00206,0.07122,0.12327,1,1,0,24.88533,1.08436,0,-1.23000,1,0.19735,0.06595,0.00000,0.00000,0.12610,t_shape,clutter_safe,0.4600,0.18000,-2.74388
no_task_energy,adversarial_clutter_gap,3,10,0,0.05568,0.03113,0.03113,1,1,0,69.89800,4.69156,0,-1.04485,1,0.18275,0.05980,0.00000,0.00000,0.13488,t_shape,clutter_safe,0.4600,0.18000,-0.36360
no_task_energy,adversarial_clutter_gap,3,11,0,0.05320,0.03882,0.03882,1,1,0,50.91093,2.25931,0,-1.06087,1,0.10186,0.05984,0.00000,0.00000,0.12428,t_shape,clutter_safe,0.4600,0.18000,0.28634
no_task_energy,adversarial_clutter_gap,3,12,0,0.10412,0.13155,0.13155,0,1,0,121.45814,5.07210,0,-0.68000,1,0.22598,0.06574,0.00000,0.00000,0.11261,t_shape,clutter_safe,0.4600,0.18000,-3.03158
no_task_energy,adversarial_clutter_gap,3,13,0,-0.00208,0.01143,0.06351,1,1,0,71.58832,2.94101,0,-1.11231,1,0.23251,0.06075,0.00000,0.00000,0.13159,t_shape,clutter_safe,0.4600,0.18000,0.39755
no_task_energy,adversarial_clutter_gap,3,14,0,0.05588,0.05278,0.05278,1,1,0,83.06621,3.77107,0,-1.08995,1,0.12878,0.06380,0.00000,0.00000,0.13103,t_shape,clutter_safe,0.4600,0.18000,0.20208
no_task_energy,adversarial_clutter_gap,4,0,0,-0.00841,0.05719,0.11559,1,1,0,18.35021,1.45080,0,-1.22082,1,0.16070,0.05579,0.00000,0.00000,0.11487,t_shape,clutter_safe,0.4600,0.18000,1.19392
no_task_energy,adversarial_clutter_gap,4,1,0,-0.00206,0.01719,0.06925,1,1,0,59.26174,2.97604,0,-1.12427,1,0.19803,0.05579,0.00000,0.00000,0.11836,t_shape,clutter_safe,0.4600,0.18000,-0.32583
no_task_energy,adversarial_clutter_gap,4,2,0,0.02018,0.06684,0.09667,1,1,0,58.34213,1.57452,0,-1.18139,1,0.19158,0.06191,0.00000,0.00000,0.13058,t_shape,clutter_safe,0.4600,0.18000,-2.94893
no_task_energy,adversarial_clutter_gap,4,3,0,0.04629,0.01412,0.01782,1,1,0,96.79193,4.23585,0,-1.01713,1,0.26545,0.06487,0.00000,0.00000,0.14518,t_shape,clutter_safe,0.4600,0.18000,0.28881
no_task_energy,adversarial_clutter_gap,4,4,0,-0.00206,0.00970,0.06176,1,1,0,48.53511,2.03592,0,-1.10867,1,0.26756,0.06442,0.00000,0.00000,0.13575,t_shape,clutter_safe,0.4600,0.18000,2.62139
no_task_energy,adversarial_clutter_gap,4,5,0,-0.00206,0.07936,0.13142,1,1,0,4.30357,0.67315,0,-1.20385,1,0.16059,0.05941,0.10898,0.18163,0.18211,t_shape,clutter_safe,0.4600,0.18000,0.42950
no_task_energy,adversarial_clutter_gap,4,6,0,0.01808,0.05716,0.08909,1,1,0,83.62424,4.47287,0,-1.16560,1,0.27671,0.06551,0.00000,0.00000,0.13912,t_shape,clutter_safe,0.4600,0.18000,0.30574
no_task_energy,adversarial_clutter_gap,4,7,0,0.10640,0.11289,0.11289,0,1,0,89.53153,4.07976,0,-0.66518,1,0.21028,0.06497,0.22411,0.37352,0.12433,t_shape,clutter_safe,0.4600,0.18000,0.38210
no_task_energy,adversarial_clutter_gap,4,8,0,0.07293,0.02547,0.02547,0,1,0,63.86925,3.56266,0,-0.48305,1,0.09811,0.05785,0.00000,0.00000,0.12268,t_shape,clutter_safe,0.4600,0.18000,-0.30605
no_task_energy,adversarial_clutter_gap,4,9,0,-0.00206,0.03803,0.09009,1,1,0,76.52154,2.33398,0,-1.16768,1,0.13840,0.06106,0.00000,0.00000,0.12434,t_shape,clutter_safe,0.4600,0.18000,-0.01854
no_task_energy,adversarial_clutter_gap,4,10,0,0.07227,0.09049,0.09049,0,1,0,77.64520,4.46624,0,-0.61853,1,0.18052,0.06347,0.00000,0.00000,0.11902,t_shape,clutter_safe,0.4600,0.18000,-0.19335
no_task_energy,adversarial_clutter_gap,4,11,0,0.02883,0.09742,0.11859,1,1,0,34.36140,1.09219,0,-1.22707,1,0.19966,0.05974,0.00000,0.00000,0.17102,t_shape,clutter_safe,0.4600,0.18000,-0.05447
no_task_energy,adversarial_clutter_gap,4,12,0,0.07915,0.08039,0.08039,0,1,0,85.03388,5.10351,0,-0.59747,1,0.17063,0.06380,0.00000,0.00000,0.12697,t_shape,clutter_safe,0.4600,0.18000,-2.79530
no_task_energy,adversarial_clutter_gap,4,13,0,0.06338,0.03616,0.03616,1,1,0,58.64742,2.57879,0,-1.05534,1,0.19433,0.05726,0.00000,0.00000,0.12285,t_shape,clutter_safe,0.4600,0.18000,-0.17928
no_task_energy,adversarial_clutter_gap,4,14,0,0.04899,0.09873,0.09974,1,1,0,50.54461,2.02634,0,-1.18779,1,0.05635,0.06376,0.11830,0.19716,0.09859,t_shape,clutter_safe,0.4600,0.18000,-0.25839
no_task_energy,adversarial_clutter_gap,5,0,0,-0.00343,0.39556,0.44898,1,1,0,85.84579,4.86378,0,-1.23000,1,0.21333,0.06121,0.00000,0.00000,0.09774,t_shape,clutter_safe,0.4600,0.18000,-0.04141
no_task_energy,adversarial_clutter_gap,5,1,0,-0.00206,0.02700,0.07906,1,1,0,66.25685,3.28521,0,-1.14470,1,0.22551,0.06404,0.00000,0.00000,0.13969,t_shape,clutter_safe,0.4600,0.18000,-0.29134
no_task_energy,adversarial_clutter_gap,5,2,0,-0.00016,0.05938,0.10954,1,1,0,36.31690,1.47748,0,-1.20821,1,0.16854,0.05844,0.00000,0.00000,0.11879,t_shape,clutter_safe,0.4600,0.18000,0.19842
no_task_energy,adversarial_clutter_gap,5,3,0,-0.00206,0.03245,0.08451,1,1,0,86.46598,3.82018,0,-1.15606,1,0.18936,0.06511,0.00000,0.00000,0.12899,t_shape,clutter_safe,0.4600,0.18000,-0.50670
no_task_energy,adversarial_clutter_gap,5,4,0,-0.00206,0.06824,0.12030,1,1,0,10.45431,0.56192,0,-1.19495,1,0.18791,0.05625,0.00723,0.01206,0.02941,t_shape,clutter_safe,0.4600,0.16591,1.41574
no_task_energy,adversarial_clutter_gap,5,5,0,-0.00206,0.04029,0.09235,1,1,0,57.78430,3.23186,0,-1.17239,1,0.17188,0.05724,0.00000,0.00000,0.10627,t_shape,clutter_safe,0.4600,0.18000,3.00303
no_task_energy,adversarial_clutter_gap,5,6,0,0.09006,0.10004,0.10004,0,1,0,80.20501,3.96972,0,-0.63842,1,0.11014,0.06490,0.00000,0.00000,0.12044,t_shape,clutter_safe,0.4600,0.18000,2.87437
no_task_energy,adversarial_clutter_gap,5,7,0,-0.00206,0.04090,0.09296,1,1,0,60.03662,2.02977,0,-1.17366,1,0.13478,0.06413,0.00000,0.00000,0.13270,t_shape,clutter_safe,0.4600,0.18000,-2.81784
no_task_energy,adversarial_clutter_gap,5,8,0,0.09458,0.05823,0.05823,0,1,0,77.16263,4.91669,0,-0.55131,1,0.21456,0.05587,0.00000,0.00000,0.09904,t_shape,clutter_safe,0.4600,0.18000,0.15567
no_task_energy,adversarial_clutter_gap,5,9,0,0.03850,0.04340,0.05490,1,1,0,65.08691,3.38571,0,-1.09438,1,0.17447,0.06503,0.00000,0.00000,0.15641,t_shape,clutter_safe,0.4600,0.18000,0.38380
no_task_energy,adversarial_clutter_gap,5,10,1,0.16116,0.03579,0.03579,0,0,0,88.59691,7.31090,1,0.84544,1,0.23372,0.05687,0.00000,0.00000,0.10363,t_shape,clutter_safe,0.4600,0.18000,-0.14155
no_task_energy,adversarial_clutter_gap,5,11,0,0.15290,0.05835,0.05835,0,1,0,72.66068,5.62857,0,-0.55157,1,0.20169,0.06291,0.00000,0.00000,0.15832,t_shape,clutter_safe,0.4600,0.18000,-0.25318
no_task_energy,adversarial_clutter_gap,5,12,0,0.15162,0.07962,0.07962,0,1,0,77.56574,6.29490,0,-0.59587,1,0.17440,0.06169,0.00000,0.00000,0.10411,t_shape,clutter_safe,0.4600,0.18000,3.01481
no_task_energy,adversarial_clutter_gap,5,13,0,0.06791,0.04227,0.04227,1,1,0,84.60579,4.58869,0,-1.06807,1,0.16874,0.06031,0.00000,0.00000,0.11144,t_shape,clutter_safe,0.4600,0.18000,0.27143
no_task_energy,adversarial_clutter_gap,5,14,0,0.01595,0.02338,0.05743,1,1,0,49.49485,2.37204,0,-1.09966,1,0.05068,0.06362,0.11912,0.19853,0.10643,t_shape,clutter_safe,0.4600,0.18000,0.21687
no_task_energy,adversarial_clutter_gap,6,0,0,-0.00206,0.02620,0.07826,1,1,0,96.11257,4.46677,0,-1.14304,1,0.20358,0.06449,0.00000,0.00000,0.14745,t_shape,clutter_safe,0.4600,0.18000,-0.11178
no_task_energy,adversarial_clutter_gap,6,1,0,-0.00206,0.19626,0.24831,1,1,0,0.00000,0.59468,0,-1.19757,1,0.26575,0.26940,0.00000,0.00000,0.13533,t_shape,clutter_safe,0.4600,0.18000,-1.60161
no_task_energy,adversarial_clutter_gap,6,2,0,0.04312,0.04334,0.05022,1,1,0,70.06462,2.80266,0,-1.08462,1,0.16584,0.05427,0.00000,0.00000,0.09547,t_shape,clutter_safe,0.4600,0.18000,0.31969
no_task_energy,adversarial_clutter_gap,6,3,0,-0.00206,0.07876,0.13081,1,1,0,9.30788,0.59460,0,-1.19757,1,0.21781,0.20885,0.00000,0.00000,0.11630,t_shape,clutter_safe,0.4600,0.18000,-1.68078
no_task_energy,adversarial_clutter_gap,6,4,0,0.00376,0.08988,0.13611,1,1,0,43.84381,2.15306,0,-1.23000,1,0.23368,0.05946,0.00000,0.00000,0.04779,t_shape,clutter_safe,0.4600,0.13589,1.71588
no_task_energy,adversarial_clutter_gap,6,5,0,0.03847,0.14429,0.15583,1,1,0,39.07784,1.17123,0,-1.23000,1,0.24427,0.06465,0.15632,0.26053,0.17504,t_shape,clutter_safe,0.4600,0.18000,-3.03973
no_task_energy,adversarial_clutter_gap,6,6,0,0.08026,0.04931,0.04931,0,1,0,55.64616,4.31609,0,-0.53272,1,0.13909,0.05663,0.05702,0.09503,0.10905,t_shape,clutter_safe,0.4600,0.18000,-2.96943
no_task_energy,adversarial_clutter_gap,6,7,0,0.06266,0.03721,0.03721,1,1,0,57.11145,2.39699,0,-1.05752,1,0.17252,0.05661,0.00000,0.00000,0.13209,t_shape,clutter_safe,0.4600,0.18000,-0.09736
no_task_energy,adversarial_clutter_gap,6,8,0,-0.00206,0.05035,0.10241,1,1,0,5.54003,0.56503,0,-1.15855,1,0.16268,0.05615,0.00000,0.00000,0.13487,t_shape,clutter_safe,0.4600,0.18000,1.42450
no_task_energy,adversarial_clutter_gap,6,9,0,-0.00206,0.02354,0.07560,1,1,0,24.40356,1.44110,0,-1.13750,1,0.16618,0.05705,0.00000,0.00000,0.10208,t_shape,clutter_safe,0.4600,0.18000,1.88543
no_task_energy,adversarial_clutter_gap,6,10,0,0.06010,0.04956,0.04956,1,1,0,75.94336,3.15247,0,-1.08326,1,0.13734,0.05768,0.00945,0.01576,0.09585,t_shape,clutter_safe,0.4600,0.18000,0.40327
no_task_energy,adversarial_clutter_gap,6,11,0,-0.00207,0.07638,0.12844,1,1,0,48.40408,1.68171,0,-1.23000,1,0.13198,0.06169,0.06555,0.10924,0.08798,t_shape,clutter_safe,0.4600,0.17827,-0.03880
no_task_energy,adversarial_clutter_gap,6,12,0,0.16029,0.04116,0.04116,0,1,0,68.61533,5.70631,0,-0.51575,1,0.10990,0.05717,0.00000,0.00000,0.11567,t_shape,clutter_safe,0.4600,0.18000,-0.03827
no_task_energy,adversarial_clutter_gap,6,13,0,0.02141,0.03156,0.06015,1,1,0,58.26899,2.49814,0,-1.10532,1,0.22429,0.06242,0.00000,0.00000,0.15305,t_shape,clutter_safe,0.4600,0.17553,-2.59476
no_task_energy,adversarial_clutter_gap,6,14,0,0.15779,0.03788,0.03788,0,1,0,44.10075,3.39390,0,-0.50891,1,0.17075,0.05870,0.00000,0.00000,0.10612,t_shape,clutter_safe,0.4600,0.18000,0.31253
no_task_energy,adversarial_clutter_gap,7,0,0,0.04961,0.03376,0.03415,1,1,0,73.93470,4.05317,0,-1.05114,1,0.16504,0.05494,0.00000,0.00000,0.09858,t_shape,clutter_safe,0.4600,0.18000,0.08883
no_task_energy,adversarial_clutter_gap,7,1,0,-0.00216,0.06572,0.11787,1,1,0,25.22448,1.52983,0,-1.22557,1,0.14720,0.05865,0.00000,0.00000,0.10506,t_shape,clutter_safe,0.4600,0.18000,1.47501
no_task_energy,adversarial_clutter_gap,7,2,0,-0.00206,0.01844,0.07050,1,1,0,44.81206,2.82320,0,-1.12687,1,0.18561,0.05743,0.00000,0.00000,0.11982,t_shape,clutter_safe,0.4600,0.18000,-0.37759
no_task_energy,adversarial_clutter_gap,7,3,0,0.04642,0.13144,0.13503,1,1,0,77.59712,4.10802,0,-1.23000,1,0.19719,0.06343,0.00000,0.00000,0.11512,t_shape,clutter_safe,0.4600,0.18000,-2.84781
no_task_energy,adversarial_clutter_gap,7,4,0,0.11922,0.05364,0.05364,0,1,0,89.08186,4.71599,0,-0.54176,1,0.17292,0.05694,0.03405,0.05676,0.11094,t_shape,clutter_safe,0.4600,0.18000,0.35276
no_task_energy,adversarial_clutter_gap,7,5,0,0.04996,0.04597,0.04601,1,1,0,77.54890,3.91833,0,-1.07586,1,0.19638,0.05819,0.00000,0.00000,0.10854,t_shape,clutter_safe,0.4600,0.18000,0.30871
no_task_energy,adversarial_clutter_gap,7,6,0,-0.00207,0.02083,0.07290,1,1,0,84.26825,4.74265,0,-1.13187,1,0.21189,0.05926,0.00000,0.00000,0.13581,t_shape,clutter_safe,0.4600,0.18000,2.92651
no_task_energy,adversarial_clutter_gap,7,7,0,-0.00206,0.06496,0.11702,1,1,0,14.97192,0.68226,0,-1.19838,1,0.18499,0.05595,0.00000,0.00000,0.12835,t_shape,clutter_safe,0.4600,0.18000,-3.10210
no_task_energy,adversarial_clutter_gap,7,8,0,-0.00258,0.04727,0.09985,1,1,0,47.17259,2.06598,0,-1.18801,1,0.21134,0.06061,0.00000,0.00000,0.07614,t_shape,clutter_safe,0.4600,0.16666,-1.85853
no_task_energy,adversarial_clutter_gap,7,9,0,-0.00206,0.07071,0.12277,1,1,0,79.83011,3.30503,0,-1.23000,1,0.23000,0.06414,0.00000,0.00000,0.11915,t_shape,clutter_safe,0.4600,0.18000,-0.00666
no_task_energy,adversarial_clutter_gap,7,10,0,0.09128,0.06581,0.06581,0,1,0,51.50388,2.49353,0,-0.56710,1,0.07892,0.05971,0.01717,0.02861,0.09161,t_shape,clutter_safe,0.4600,0.18000,-0.19773
no_task_energy,adversarial_clutter_gap,7,11,0,0.03437,0.03114,0.04677,1,1,0,52.75698,2.62075,0,-1.07743,1,0.27147,0.06473,0.00000,0.00000,0.07847,t_shape,clutter_safe,0.4600,0.15108,2.79486
no_task_energy,adversarial_clutter_gap,7,12,0,0.03847,0.04969,0.06122,1,1,0,59.09968,2.68966,0,-1.10753,1,0.17960,0.05873,0.00000,0.00000,0.11450,t_shape,clutter_safe,0.4600,0.18000,0.32526
no_task_energy,adversarial_clutter_gap,7,13,0,-0.00206,0.10919,0.16125,1,1,0,8.57096,0.72595,0,-1.20808,1,0.21810,0.05667,0.01080,0.01800,0.01233,t_shape,clutter_safe,0.4600,0.15341,1.73979
no_task_energy,adversarial_clutter_gap,7,14,0,0.04752,0.01596,0.01844,1,1,0,88.59800,4.54612,0,-1.01842,1,0.15558,0.05836,0.00000,0.00000,0.12915,t_shape,clutter_safe,0.4600,0.18000,0.21905
no_task_energy,material_shift_proxy,0,0,1,0.15446,0.03927,0.03927,0,0,0,42.03923,3.14135,1,0.83819,1,0.03184,0.25863,0.00149,0.00000,0.00576,cylinder,lift,0.2400,0.09293,-0.52777
no_task_energy,material_shift_proxy,0,1,0,0.01548,0.09377,0.12829,1,0,0,44.61831,2.10261,1,-0.88000,1,0.09291,0.26009,0.02947,0.00000,0.01630,cylinder,lift,0.2400,0.08723,0.95474
no_task_energy,material_shift_proxy,0,2,0,0.01374,0.03990,0.07616,1,0,0,36.77609,2.02442,1,-0.78866,1,0.10419,0.25658,0.00544,0.00000,0.00951,cylinder,lift,0.2400,0.08578,-0.45666
no_task_energy,material_shift_proxy,0,3,0,0.01784,0.01413,0.04629,1,0,0,41.02714,1.99735,1,-0.72643,1,0.03550,0.25382,0.00034,0.00000,0.01383,cylinder,lift,0.2400,0.09335,0.54418
no_task_energy,material_shift_proxy,0,4,1,0.16651,0.05737,0.05737,0,0,0,33.41141,2.80059,1,0.80048,1,0.12025,0.54558,0.03458,0.00000,0.00155,cylinder,lift,0.2400,0.10803,-0.35810
no_task_energy,material_shift_proxy,0,5,1,0.11314,0.09886,0.09886,0,0,0,40.81368,2.54083,1,0.71404,1,0.03210,0.25774,0.01014,0.00000,0.00544,cylinder,lift,0.2400,0.09288,-0.56469
no_task_energy,material_shift_proxy,0,6,0,0.01722,0.00918,0.04197,1,0,0,42.65018,2.03565,1,-0.71743,1,0.07087,0.25264,0.04099,0.00000,0.00922,cylinder,lift,0.2400,0.08921,-1.24598
no_task_energy,material_shift_proxy,0,7,0,0.01170,0.05534,0.09364,1,0,0,41.62045,2.25244,1,-0.82508,1,0.08509,0.25917,0.02654,0.00000,0.02500,cylinder,lift,0.2400,0.08929,-0.95388
no_task_energy,material_shift_proxy,0,8,0,0.01179,0.07770,0.11591,1,0,0,44.61968,1.71343,1,-0.87148,1,0.09501,0.26034,0.00859,0.00000,0.02286,cylinder,lift,0.2400,0.08804,0.14943
no_task_energy,material_shift_proxy,0,9,0,0.01297,0.04038,0.07741,1,0,0,43.72614,1.90866,1,-0.79127,1,0.07833,0.25498,0.02608,0.00000,0.01936,cylinder,lift,0.2400,0.08873,0.89088
no_task_energy,material_shift_proxy,0,10,1,0.16192,0.04568,0.04568,0,0,0,37.88933,2.93049,1,0.82484,1,0.04852,0.36734,0.04546,0.00000,0.00318,cylinder,lift,0.2400,0.10041,2.06162
no_task_energy,material_shift_proxy,0,11,1,0.10315,0.03953,0.03953,0,0,0,41.98517,2.64631,1,0.83765,1,0.08907,0.25384,0.03571,0.00000,0.01439,cylinder,lift,0.2400,0.08783,-1.23673
no_task_energy,material_shift_proxy,0,12,1,0.16653,0.05900,0.05900,0,0,0,38.07421,3.18405,1,0.79708,1,0.00579,0.26966,0.04871,0.00000,0.00098,cylinder,lift,0.2400,0.09619,-1.78989
no_task_energy,material_shift_proxy,0,13,0,0.03198,0.11363,0.13165,1,0,0,32.11453,1.70745,1,-0.88000,1,0.12590,0.53117,0.01216,0.00000,0.01509,cylinder,lift,0.2400,0.10729,0.44883
no_task_energy,material_shift_proxy,0,14,0,0.01335,0.00739,0.04404,1,0,0,46.07506,2.26591,1,-0.72175,1,0.10235,0.25226,0.04999,0.00000,0.00521,cylinder,lift,0.2400,0.08555,1.96453
no_task_energy,material_shift_proxy,1,0,1,0.11474,0.05826,0.05826,0,0,0,41.87060,2.69147,1,0.79863,1,0.04778,0.25333,0.01231,0.00000,0.00953,cylinder,lift,0.2400,0.09165,-2.47206
no_task_energy,material_shift_proxy,1,1,0,0.01534,0.05623,0.09089,1,0,0,28.55104,1.52865,1,-0.81936,1,0.06385,0.38236,0.01654,0.00000,0.01239,cylinder,lift,0.2400,0.10110,0.10003
no_task_energy,material_shift_proxy,1,2,1,0.16571,0.06295,0.06295,0,0,0,42.56820,3.47485,1,0.78885,1,0.04815,0.25787,0.04993,0.00000,0.00472,cylinder,lift,0.2400,0.09114,2.09076
no_task_energy,material_shift_proxy,1,3,1,0.14936,0.03442,0.03442,0,0,0,44.03104,3.24210,1,0.84829,1,0.09500,0.25469,0.04992,0.00000,0.00902,cylinder,lift,0.2400,0.08669,0.95946
no_task_energy,material_shift_proxy,1,4,1,0.10504,0.02150,0.02150,0,0,0,37.19787,2.24193,1,0.87522,1,0.03209,0.30649,0.01102,0.00000,0.01091,cylinder,lift,0.2400,0.09795,0.01085
no_task_energy,material_shift_proxy,1,5,1,0.15819,0.04625,0.04625,0,0,0,35.43461,2.63305,1,0.82365,1,0.06633,0.39880,0.02630,0.00000,0.00681,cylinder,lift,0.2400,0.10191,-0.04258
no_task_energy,material_shift_proxy,1,6,1,0.16389,0.01547,0.01547,0,0,0,38.54188,2.94273,1,0.88778,1,0.03457,0.32540,0.04082,0.00000,0.00526,cylinder,lift,0.2400,0.09876,1.00686
no_task_energy,material_shift_proxy,1,7,0,0.11862,0.11093,0.11093,0,0,0,42.01879,2.75025,1,-0.31110,1,0.02893,0.25849,0.00041,0.00000,0.02230,cylinder,lift,0.2400,0.09326,0.33405
no_task_energy,material_shift_proxy,1,8,1,0.12521,0.06148,0.06148,0,0,0,31.40901,2.18657,1,0.79191,1,0.06326,0.39813,0.04088,0.00000,0.00666,cylinder,lift,0.2400,0.10160,0.80972
no_task_energy,material_shift_proxy,1,9,1,0.10352,0.05664,0.05664,0,0,0,41.87648,2.55208,1,0.80200,1,0.05456,0.25523,0.04644,0.00000,0.00600,cylinder,lift,0.2400,0.09059,-1.40258
no_task_energy,material_shift_proxy,1,10,1,0.12621,0.03459,0.03459,0,0,0,36.37558,2.42020,1,0.84793,1,0.07491,0.41840,0.00215,0.00000,0.00983,cylinder,lift,0.2400,0.10250,0.28661
no_task_energy,material_shift_proxy,1,11,1,0.14481,0.01828,0.01828,0,0,0,33.90981,2.40304,1,0.88193,1,0.10175,0.48615,0.03686,0.00000,0.00718,cylinder,lift,0.2400,0.10556,0.43433
no_task_energy,material_shift_proxy,1,12,0,0.01169,0.03816,0.07647,1,0,0,39.20435,1.70004,1,-0.78931,1,0.02439,0.25655,0.03407,0.00000,0.01613,cylinder,lift,0.2400,0.09473,2.85457
no_task_energy,material_shift_proxy,1,13,1,0.15653,0.03552,0.03552,0,0,0,43.88496,3.31780,1,0.84601,1,0.08903,0.25286,0.04954,0.00000,0.00329,cylinder,lift,0.2400,0.08674,-1.91588
no_task_energy,material_shift_proxy,1,14,1,0.16257,0.03032,0.03032,0,0,0,39.35748,3.06636,1,0.85684,1,0.04143,0.25357,0.04996,0.00000,0.02236,cylinder,lift,0.2400,0.09357,-1.81145
no_task_energy,material_shift_proxy,2,0,1,0.15491,0.04056,0.04056,0,0,0,40.70321,3.02799,1,0.83550,1,0.01268,0.25483,0.03915,0.00000,0.00447,cylinder,lift,0.2400,0.09480,1.81012
no_task_energy,material_shift_proxy,2,1,0,0.01138,0.05677,0.09538,1,0,0,38.01992,1.50575,1,-0.82872,1,0.03135,0.28564,0.01400,0.00000,0.02111,cylinder,lift,0.2400,0.09687,0.29445
no_task_energy,material_shift_proxy,2,2,0,0.01428,0.00948,0.04520,1,0,0,41.39027,1.93487,1,-0.72417,1,0.07567,0.25270,0.03303,0.00000,0.01423,cylinder,lift,0.2400,0.08921,0.41436
no_task_energy,material_shift_proxy,2,3,1,0.09721,0.07524,0.07524,0,0,0,42.41240,2.62164,1,0.76324,1,0.06362,0.26107,0.04688,0.00000,0.00918,cylinder,lift,0.2400,0.08996,0.94498
no_task_energy,material_shift_proxy,2,4,0,0.01095,0.00752,0.04656,1,0,0,38.14738,1.91727,1,-0.72700,1,0.02663,0.29173,0.00302,0.00000,0.01112,cylinder,lift,0.2400,0.09736,-0.01538
no_task_energy,material_shift_proxy,2,5,0,0.02000,0.00649,0.03649,1,0,0,42.50623,2.09489,1,-0.70602,1,0.07760,0.25256,0.04741,0.00000,0.01457,cylinder,lift,0.2400,0.08904,1.46130
no_task_energy,material_shift_proxy,2,6,1,0.13247,0.06526,0.06526,0,0,0,36.04967,2.41910,1,0.78404,1,0.07554,0.42333,0.05000,0.00000,0.00628,cylinder,lift,0.2400,0.10292,1.02433
no_task_energy,material_shift_proxy,2,7,0,0.01111,0.09530,0.13419,1,0,0,42.98948,2.35648,1,-0.88000,1,0.07766,0.26262,0.04761,0.00000,0.03582,cylinder,lift,0.2400,0.09011,0.94959
no_task_energy,material_shift_proxy,2,8,1,0.13843,0.07891,0.07891,0,0,0,37.15933,2.62839,1,0.75561,1,0.03153,0.32070,0.04999,0.00000,0.00616,cylinder,lift,0.2400,0.09835,1.56953
no_task_energy,material_shift_proxy,2,9,1,0.10205,0.06697,0.06697,0,0,0,37.36209,2.29483,1,0.78047,1,0.03829,0.30985,0.05000,0.00000,0.01806,cylinder,lift,0.2400,0.09789,1.32922
no_task_energy,material_shift_proxy,2,10,1,0.11940,0.02820,0.02820,0,0,0,35.25987,2.28067,1,0.86125,1,0.06678,0.39716,0.00255,0.00000,0.00998,cylinder,lift,0.2400,0.10164,-0.39471
no_task_energy,material_shift_proxy,2,11,0,0.01179,0.02351,0.06172,1,0,0,41.06626,1.41720,1,-0.75858,1,0.10595,0.25225,0.01216,0.00000,0.03130,cylinder,lift,0.2400,0.08774,-0.26806
no_task_energy,material_shift_proxy,2,12,1,0.10735,0.06269,0.06269,0,0,0,42.82280,2.68828,1,0.78939,1,0.09293,0.25575,0.04738,0.00000,0.01663,cylinder,lift,0.2400,0.08765,1.37331
no_task_energy,material_shift_proxy,2,13,1,0.14581,0.04377,0.04377,0,0,0,44.61322,3.20112,1,0.82881,1,0.07741,0.25887,0.04213,0.00000,0.00815,cylinder,lift,0.2400,0.08786,0.67549
no_task_energy,material_shift_proxy,2,14,1,0.10891,0.10408,0.10408,0,0,0,41.26229,2.47007,1,0.70316,1,0.03924,0.25816,0.00675,0.00000,0.00414,cylinder,lift,0.2400,0.09201,-0.21471
no_task_energy,material_shift_proxy,3,0,0,0.09209,0.11872,0.11872,0,0,0,40.59699,2.19737,1,-0.32734,1,0.00323,0.26223,0.02794,0.00000,0.00306,cylinder,lift,0.2400,0.09564,1.19249
no_task_energy,material_shift_proxy,3,1,1,0.14376,0.07023,0.07023,0,0,0,43.51262,3.10438,1,0.77369,1,0.05713,0.25703,0.04808,0.00000,0.01635,cylinder,lift,0.2400,0.09008,1.49666
no_task_energy,material_shift_proxy,3,2,0,0.01176,0.02181,0.06005,1,0,0,40.81090,1.59087,1,-0.75510,1,0.06530,0.25394,0.00901,0.00000,0.02250,cylinder,lift,0.2400,0.09110,0.24273
no_task_energy,material_shift_proxy,3,3,1,0.08930,0.02990,0.02990,0,0,0,42.30547,2.52384,1,0.85771,1,0.05447,0.25244,0.00249,0.00000,0.00935,cylinder,lift,0.2400,0.09093,-0.64015
no_task_energy,material_shift_proxy,3,4,1,0.15298,0.02266,0.02266,0,0,0,38.65474,2.86782,1,0.87279,1,0.04078,0.33193,0.00009,0.00000,0.00915,cylinder,lift,0.2400,0.09902,0.58365
no_task_energy,material_shift_proxy,3,5,0,0.01179,0.04391,0.08211,1,0,0,42.11811,1.61035,1,-0.80107,1,0.10859,0.25701,0.03110,0.00000,0.02271,cylinder,lift,0.2400,0.08662,0.97846
no_task_energy,material_shift_proxy,3,6,1,0.14897,0.09200,0.09200,0,0,0,43.39715,3.22448,1,0.72834,1,0.08131,0.26048,0.04542,0.00000,0.00483,cylinder,lift,0.2400,0.08770,-1.63527
no_task_energy,material_shift_proxy,3,7,0,0.12993,0.13222,0.13222,0,0,0,40.44785,2.24476,1,-0.33000,1,0.02530,0.26189,0.02266,0.00000,0.00279,cylinder,lift,0.2400,0.09332,2.23509
no_task_energy,material_shift_proxy,3,8,1,0.08288,0.06041,0.06041,0,0,0,40.12667,2.07426,1,0.79415,1,0.02570,0.29262,0.02834,0.00000,0.02719,cylinder,lift,0.2400,0.09729,0.58985
no_task_energy,material_shift_proxy,3,9,1,0.14137,0.05053,0.05053,0,0,0,38.57555,2.72676,1,0.81473,1,0.03381,0.31249,0.04399,0.00000,0.00989,cylinder,lift,0.2400,0.09823,1.16810
no_task_energy,material_shift_proxy,3,10,1,0.12530,0.07644,0.07644,0,0,0,42.35812,2.79533,1,0.76076,1,0.07658,0.25480,0.01404,0.00000,0.01024,cylinder,lift,0.2400,0.08872,-0.20094
no_task_energy,material_shift_proxy,3,11,1,0.13231,0.08588,0.08588,0,0,0,35.64065,2.32351,1,0.74109,1,0.08465,0.43595,0.00484,0.00000,0.01095,cylinder,lift,0.2400,0.10341,0.06276
no_task_energy,material_shift_proxy,3,12,1,0.13513,0.08832,0.08832,0,0,0,42.45297,2.99668,1,0.73600,1,0.07226,0.25874,0.03940,0.00000,0.01069,cylinder,lift,0.2400,0.08922,-1.70511
no_task_energy,material_shift_proxy,3,13,0,0.01179,0.02172,0.05992,1,0,0,39.58712,1.41915,1,-0.75484,1,0.10917,0.25250,0.04999,0.00000,0.03302,cylinder,lift,0.2400,0.08757,1.76210
no_task_energy,material_shift_proxy,3,14,0,0.01179,0.05643,0.09464,1,0,0,38.27235,1.45358,1,-0.82717,1,0.09948,0.25789,0.04822,0.00000,0.03293,cylinder,lift,0.2400,0.08857,2.16602
no_task_energy,material_shift_proxy,4,0,0,0.01562,0.03180,0.06618,1,0,0,41.33032,2.07790,1,-0.76787,1,0.05569,0.25528,0.04922,0.00000,0.01401,cylinder,lift,0.2400,0.09127,-1.68013
no_task_energy,material_shift_proxy,4,1,1,0.12327,0.06673,0.06673,0,0,0,35.92752,2.00117,1,0.78098,1,0.06961,0.42016,0.04883,0.00000,0.00275,cylinder,lift,0.2400,0.10265,-1.36558
no_task_energy,material_shift_proxy,4,2,0,0.01177,0.02581,0.06404,1,0,0,41.33799,1.69009,1,-0.76342,1,0.07692,0.25511,0.01361,0.00000,0.03277,cylinder,lift,0.2400,0.08964,0.36266
no_task_energy,material_shift_proxy,4,3,0,0.01293,0.02205,0.05912,1,0,0,44.33143,1.80997,1,-0.75318,1,0.10421,0.25405,0.04893,0.00000,0.01240,cylinder,lift,0.2400,0.08606,1.86647
no_task_energy,material_shift_proxy,4,4,0,0.01285,0.03424,0.07138,1,0,0,42.95268,2.00050,1,-0.77872,1,0.07576,0.25550,0.02377,0.00000,0.01455,cylinder,lift,0.2400,0.08923,2.21500
no_task_energy,material_shift_proxy,4,5,0,0.06097,0.03559,0.03559,1,0,0,39.20729,2.17725,1,-0.70414,1,0.01337,0.25389,0.05000,0.00000,0.01143,cylinder,lift,0.2400,0.09541,1.90315
no_task_energy,material_shift_proxy,4,6,0,0.01179,0.06950,0.10771,1,0,0,41.03707,1.55435,1,-0.85440,1,0.11891,0.25825,0.03933,0.00000,0.03006,cylinder,lift,0.2400,0.08627,1.72423
no_task_energy,material_shift_proxy,4,7,0,0.01179,0.02032,0.05853,1,0,0,42.74098,1.41303,1,-0.75193,1,0.08881,0.25322,0.02840,0.00000,0.01182,cylinder,lift,0.2400,0.08761,1.17093
no_task_energy,material_shift_proxy,4,8,0,0.01220,0.05579,0.09359,1,0,0,40.01729,2.05477,1,-0.82498,1,0.04177,0.25799,0.04595,0.00000,0.01988,cylinder,lift,0.2400,0.09329,-1.18349
no_task_energy,material_shift_proxy,4,9,0,0.00691,0.03151,0.07460,1,0,0,38.70115,2.03056,1,-0.78541,1,0.02127,0.27764,0.03567,0.00000,0.01302,cylinder,lift,0.2400,0.09661,-1.17679
no_task_energy,material_shift_proxy,4,10,1,0.08823,0.03274,0.03274,0,0,0,41.39923,2.43405,1,0.85179,1,0.03773,0.25249,0.04529,0.00000,0.01056,cylinder,lift,0.2400,0.09279,1.62092
no_task_energy,material_shift_proxy,4,11,1,0.16480,0.01264,0.01264,0,0,0,45.62155,3.61387,1,0.89366,1,0.10484,0.25326,0.04007,0.00000,0.00661,cylinder,lift,0.2400,0.08543,1.88420
no_task_energy,material_shift_proxy,4,12,0,0.01179,0.01704,0.05525,1,0,0,37.91293,1.50268,1,-0.74510,1,0.06773,0.25553,0.01070,0.00000,0.03047,cylinder,lift,0.2400,0.09163,-0.22680
no_task_energy,material_shift_proxy,4,13,1,0.11965,0.02935,0.02935,0,0,0,41.32321,2.73023,1,0.85885,1,0.05439,0.25672,0.03192,0.00000,0.00648,cylinder,lift,0.2400,0.09066,2.51766
no_task_energy,material_shift_proxy,4,14,1,0.16587,0.10029,0.10029,0,0,0,39.33769,3.26596,1,0.71107,1,0.01786,0.26256,0.04830,0.00000,0.01157,cylinder,lift,0.2400,0.09496,-0.82821
no_task_energy,material_shift_proxy,5,0,0,0.00878,0.06993,0.11115,1,0,0,39.57192,1.97121,1,-0.86157,1,0.01457,0.27717,0.02239,0.00000,0.00704,cylinder,lift,0.2400,0.09650,-2.24686
no_task_energy,material_shift_proxy,5,1,0,0.01178,0.00162,0.03984,1,0,0,35.33028,1.37572,1,-0.71300,1,0.05934,0.33732,0.00251,0.00000,0.02596,cylinder,lift,0.2400,0.09930,-0.07703
no_task_energy,material_shift_proxy,5,2,0,0.01138,0.04184,0.08046,1,0,0,42.83247,1.77131,1,-0.79763,1,0.07765,0.25681,0.01637,0.00000,0.01807,cylinder,lift,0.2400,0.08938,-0.25338
no_task_energy,material_shift_proxy,5,3,1,0.15281,0.06739,0.06739,0,0,0,38.22816,2.77305,1,0.77961,1,0.03071,0.32105,0.02572,0.00000,0.00417,cylinder,lift,0.2400,0.09846,1.11591
no_task_energy,material_shift_proxy,5,4,1,0.16313,0.02499,0.02499,0,0,0,39.26383,3.08261,1,0.86795,1,0.01891,0.25435,0.04300,0.00000,0.01887,cylinder,lift,0.2400,0.09557,-1.19054
no_task_energy,material_shift_proxy,5,5,1,0.12008,0.06134,0.06134,0,0,0,42.29646,2.76129,1,0.79221,1,0.08059,0.25544,0.04636,0.00000,0.00845,cylinder,lift,0.2400,0.08813,1.64421
no_task_energy,material_shift_proxy,5,6,0,0.01790,0.02249,0.05460,1,0,0,42.65666,2.34156,1,-0.74374,1,0.09801,0.25216,0.05000,0.00000,0.01539,cylinder,lift,0.2400,0.08700,2.02034
no_task_energy,material_shift_proxy,5,7,0,0.01179,0.02603,0.06423,1,0,0,37.86678,1.46285,1,-0.76382,1,0.05079,0.25571,0.02656,0.00000,0.03670,cylinder,lift,0.2400,0.09400,0.72907
no_task_energy,material_shift_proxy,5,8,1,0.16247,0.03505,0.03505,0,0,0,37.81240,2.93829,1,0.84699,1,0.02556,0.30448,0.04409,0.00000,0.00546,cylinder,lift,0.2400,0.09780,-1.65555
no_task_energy,material_shift_proxy,5,9,0,0.01489,0.07759,0.11270,1,0,0,42.95112,1.84456,1,-0.86480,1,0.05654,0.25804,0.02274,0.00000,0.00710,cylinder,lift,0.2400,0.09050,-0.77486
no_task_energy,material_shift_proxy,5,10,0,0.00990,0.04412,0.08422,1,0,0,40.61360,1.85908,1,-0.80546,1,0.01814,0.25468,0.04597,0.00000,0.01130,cylinder,lift,0.2400,0.09490,-0.75111
no_task_energy,material_shift_proxy,5,11,0,0.01775,0.07679,0.10905,1,0,0,39.73042,1.79249,1,-0.85718,1,0.03397,0.29196,0.04905,0.00000,0.02134,cylinder,lift,0.2400,0.09712,1.44232
no_task_energy,material_shift_proxy,5,12,0,0.01179,0.11414,0.15234,1,0,0,35.92306,1.37716,1,-0.88000,1,0.06986,0.26324,0.04692,0.00000,0.03744,cylinder,lift,0.2400,0.09209,1.42449
no_task_energy,material_shift_proxy,5,13,0,0.01457,0.01143,0.04686,1,0,0,41.99497,2.02446,1,-0.72763,1,0.06508,0.25221,0.04901,0.00000,0.01212,cylinder,lift,0.2400,0.09010,-2.36546
no_task_energy,material_shift_proxy,5,14,0,0.01294,0.02389,0.06094,1,0,0,38.95115,2.01982,1,-0.75697,1,0.02827,0.25352,0.04990,0.00000,0.00979,cylinder,lift,0.2400,0.09370,1.43594
no_task_energy,material_shift_proxy,6,0,1,0.16472,0.01097,0.01097,0,0,0,61.61921,3.08503,1,0.89714,1,0.03023,0.25370,0.01224,0.00000,0.00566,cylinder,lift,0.2400,0.09309,-2.46338
no_task_energy,material_shift_proxy,6,1,0,0.01076,0.06361,0.10284,1,0,0,43.13703,2.01315,1,-0.84425,1,0.10523,0.25631,0.01946,0.00000,0.01071,cylinder,lift,0.2400,0.08579,2.23965
no_task_energy,material_shift_proxy,6,2,0,0.01329,0.00866,0.04537,1,0,0,41.63062,1.78404,1,-0.72451,1,0.05854,0.25266,0.03900,0.00000,0.01467,cylinder,lift,0.2400,0.09103,0.87896
no_task_energy,material_shift_proxy,6,3,0,0.01179,0.09286,0.13107,1,0,0,65.72036,1.45002,1,-0.88000,1,0.10291,0.26094,0.01947,0.00000,0.00793,cylinder,lift,0.2400,0.08576,0.85357
no_task_energy,material_shift_proxy,6,4,1,0.12178,0.08555,0.08555,0,0,0,37.52213,2.51205,1,0.74178,1,0.03991,0.33450,0.03760,0.00000,0.00898,cylinder,lift,0.2400,0.09895,-1.40169
no_task_energy,material_shift_proxy,6,5,0,0.01022,0.05812,0.09789,1,0,0,44.57103,2.43560,1,-0.83394,1,0.09208,0.25783,0.04910,0.00000,0.01061,cylinder,lift,0.2400,0.08715,1.56133
no_task_energy,material_shift_proxy,6,6,1,0.09924,0.04586,0.04586,0,0,0,44.44663,2.62550,1,0.82446,1,0.06179,0.25284,0.04580,0.00000,0.02501,cylinder,lift,0.2400,0.09022,-0.69830
no_task_energy,material_shift_proxy,6,7,1,0.15381,0.03696,0.03696,0,0,0,39.65889,2.92263,1,0.84300,1,0.01320,0.27346,0.03164,0.00000,0.00575,cylinder,lift,0.2400,0.09649,-1.23024
no_task_energy,material_shift_proxy,6,8,0,0.01116,0.03034,0.06918,1,0,0,42.69870,1.73547,1,-0.77413,1,0.08392,0.25511,0.02338,0.00000,0.03198,cylinder,lift,0.2400,0.09009,0.06904
no_task_energy,material_shift_proxy,6,9,0,0.01169,0.00968,0.04799,1,0,0,31.06730,1.74458,1,-0.72998,1,0.04313,0.25322,0.04266,0.00000,0.01642,cylinder,lift,0.2400,0.09166,0.78716
no_task_energy,material_shift_proxy,6,10,1,0.10999,0.06822,0.06822,0,0,0,41.61335,2.67595,1,0.77788,1,0.07177,0.25626,0.04997,0.00000,0.01209,cylinder,lift,0.2400,0.08940,1.78923
no_task_energy,material_shift_proxy,6,11,0,0.01352,0.02510,0.06157,1,0,0,49.60698,1.56862,1,-0.75828,1,0.03179,0.25488,0.02713,0.00000,0.01671,cylinder,lift,0.2400,0.09402,-2.32903
no_task_energy,material_shift_proxy,6,12,0,0.01147,0.09294,0.13147,1,0,0,36.31747,1.62660,1,-0.88000,1,0.03707,0.26226,0.01377,0.00000,0.02613,cylinder,lift,0.2400,0.09439,-0.24050
no_task_energy,material_shift_proxy,6,13,1,0.16466,0.04689,0.04689,0,0,0,39.24271,3.11995,1,0.82231,1,0.01928,0.29039,0.00084,0.00000,0.00625,cylinder,lift,0.2400,0.09707,0.04248
no_task_energy,material_shift_proxy,6,14,0,0.01179,0.03810,0.07631,1,0,0,43.50247,1.58565,1,-0.78898,1,0.11397,0.25757,0.03990,0.00000,0.05911,cylinder,lift,0.2400,0.08597,0.70871
no_task_energy,material_shift_proxy,7,0,0,0.06758,0.04982,0.04982,1,0,0,41.52227,2.29898,1,-0.73380,1,0.04813,0.25857,0.04676,0.00000,0.00796,cylinder,lift,0.2400,0.09146,0.68946
no_task_energy,material_shift_proxy,7,1,0,0.01411,0.00977,0.04566,1,0,0,38.50694,1.83858,1,-0.72512,1,0.02109,0.26781,0.00481,0.00000,0.01624,cylinder,lift,0.2400,0.09628,-0.21042
no_task_energy,material_shift_proxy,7,2,1,0.16650,0.06685,0.06685,0,0,0,43.41157,3.62648,1,0.78073,1,0.08600,0.25864,0.00114,0.00000,0.00329,cylinder,lift,0.2400,0.08706,0.37065
no_task_energy,material_shift_proxy,7,3,0,0.01179,0.03539,0.07360,1,0,0,38.27619,1.39053,1,-0.78333,1,0.03493,0.27653,0.00051,0.00000,0.02748,cylinder,lift,0.2400,0.09661,0.52699
no_task_energy,material_shift_proxy,7,4,1,0.07335,0.02240,0.02240,0,0,0,43.18927,2.43949,1,0.87334,1,0.08698,0.25549,0.01789,0.00000,0.01781,cylinder,lift,0.2400,0.08838,0.64765
no_task_energy,material_shift_proxy,7,5,1,0.12296,0.05484,0.05484,0,0,0,38.24606,2.52872,1,0.80575,1,0.01725,0.26860,0.04677,0.00000,0.01219,cylinder,lift,0.2400,0.09628,-1.58577
no_task_energy,material_shift_proxy,7,6,0,0.01133,0.04344,0.08210,1,0,0,40.55597,1.95775,1,-0.80104,1,0.04783,0.25651,0.04813,0.00000,0.01549,cylinder,lift,0.2400,0.09223,0.87594
no_task_energy,material_shift_proxy,7,7,0,0.01876,0.05161,0.08284,1,0,0,44.23435,2.38859,1,-0.80259,1,0.09428,0.25532,0.04642,0.00000,0.00717,cylinder,lift,0.2400,0.08658,0.61336
no_task_energy,material_shift_proxy,7,8,1,0.10291,0.06689,0.06689,0,0,0,40.58283,2.43346,1,0.78064,1,0.02791,0.25780,0.04988,0.00000,0.00872,cylinder,lift,0.2400,0.09363,1.68029
no_task_energy,material_shift_proxy,7,9,1,0.14437,0.04525,0.04525,0,0,0,34.18581,2.20189,1,0.82572,1,0.11851,0.52524,0.01506,0.00000,0.00636,cylinder,lift,0.2400,0.10738,0.86650
no_task_energy,material_shift_proxy,7,10,0,0.01177,0.02197,0.06021,1,0,0,38.58743,1.58624,1,-0.75543,1,0.06943,0.25480,0.01926,0.00000,0.02496,cylinder,lift,0.2400,0.09091,0.63748
no_task_energy,material_shift_proxy,7,11,1,0.15561,0.08931,0.08931,0,0,0,37.38862,2.87078,1,0.73394,1,0.03626,0.33607,0.04344,0.00000,0.00504,cylinder,lift,0.2400,0.09896,-1.70690
no_task_energy,material_shift_proxy,7,12,1,0.12564,0.03306,0.03306,0,0,0,41.30500,2.73339,1,0.85112,1,0.05185,0.25777,0.03882,0.00000,0.01035,cylinder,lift,0.2400,0.09130,-0.60874
no_task_energy,material_shift_proxy,7,13,1,0.15252,0.04649,0.04649,0,0,0,36.77109,2.74853,1,0.82314,1,0.03618,0.33578,0.00258,0.00000,0.00515,cylinder,lift,0.2400,0.09894,-0.34808
no_task_energy,material_shift_proxy,7,14,1,0.16645,0.04795,0.04795,0,0,0,38.99788,3.25760,1,0.82011,1,0.03640,0.31713,0.00234,0.00000,0.01221,cylinder,lift,0.2400,0.09827,-0.14321
no_collision_energy,combined_composition_shift,0,0,0,-0.00206,0.05950,0.11156,1,1,0,6.07011,0.67733,0,-1.18660,1,0.23137,0.13513,0.00000,0.00000,0.17311,t_shape,clutter_safe,0.3800,0.18000,-0.17400
no_collision_energy,combined_composition_shift,0,1,0,-0.00206,0.03027,0.08232,1,1,0,48.19055,2.55113,0,-1.15151,1,0.21430,0.13590,0.00000,0.00000,0.12750,t_shape,clutter_safe,0.3800,0.18000,-2.80327
no_collision_energy,combined_composition_shift,0,2,0,-0.00206,0.08314,0.13520,1,1,0,24.92182,0.69450,0,-1.20556,1,0.14071,0.12769,0.00000,0.00000,0.14878,t_shape,clutter_safe,0.3800,0.18000,-0.03426
no_collision_energy,combined_composition_shift,0,3,0,-0.00265,0.03255,0.08520,1,1,0,49.12763,2.21022,0,-1.15750,1,0.20211,0.12872,0.00000,0.00000,0.12418,t_shape,clutter_safe,0.3800,0.18000,3.07098
no_collision_energy,combined_composition_shift,0,4,0,0.12445,0.12819,0.12819,0,1,0,104.34923,7.28199,0,-0.68000,1,0.24554,0.13658,0.00000,0.00000,0.13388,t_shape,clutter_safe,0.3800,0.18000,0.21859
no_collision_energy,combined_composition_shift,0,5,0,0.16105,0.04649,0.04649,0,1,0,53.27801,3.65323,0,-0.52684,1,0.19738,0.12619,0.00000,0.00000,0.10545,t_shape,clutter_safe,0.3800,0.18000,-2.84338
no_collision_energy,combined_composition_shift,0,6,0,0.02497,0.06234,0.08737,1,1,0,59.76247,2.63434,0,-1.16201,1,0.19018,0.12878,0.00000,0.00000,0.10237,t_shape,clutter_safe,0.3800,0.18000,-0.07133
no_collision_energy,combined_composition_shift,0,7,0,0.15584,0.04650,0.04650,0,1,0,79.49190,6.52882,0,-0.52688,1,0.13834,0.13059,0.00000,0.00000,0.12064,t_shape,clutter_safe,0.3800,0.18000,-0.18608
no_collision_energy,combined_composition_shift,0,8,0,0.16237,0.04416,0.04416,0,1,0,78.99225,6.46736,0,-0.52199,1,0.18319,0.13100,0.00000,0.00000,0.12147,t_shape,clutter_safe,0.3800,0.18000,-0.15975
no_collision_energy,combined_composition_shift,0,9,0,-0.00206,0.11897,0.17102,1,0,0,0.00000,0.57088,1,-0.84567,1,0.18078,0.13247,0.00000,0.00000,0.14818,t_shape,clutter_safe,0.3800,0.18000,-0.19011
no_collision_energy,combined_composition_shift,0,10,0,0.15803,0.03941,0.03941,0,1,0,62.01786,5.10277,0,-0.51211,1,0.14894,0.13028,0.00000,0.00000,0.11157,t_shape,clutter_safe,0.3800,0.17677,-0.09988
no_collision_energy,combined_composition_shift,0,11,0,0.15599,0.06480,0.06480,0,1,0,62.75170,5.05414,0,-0.56499,1,0.09891,0.13239,0.00000,0.00000,0.13359,t_shape,clutter_safe,0.3800,0.18000,-0.14212
no_collision_energy,combined_composition_shift,0,12,0,-0.00206,0.04882,0.10087,1,1,0,40.60075,1.06895,0,-1.19016,1,0.17109,0.13171,0.00000,0.00000,0.13256,t_shape,clutter_safe,0.3800,0.18000,0.11040
no_collision_energy,combined_composition_shift,0,13,0,-0.00206,0.10030,0.15236,1,1,0,0.00000,0.57374,0,-1.19590,1,0.05325,0.13422,0.03752,0.06253,0.13716,t_shape,clutter_safe,0.3800,0.18000,-0.33395
no_collision_energy,combined_composition_shift,0,14,0,0.10718,0.10804,0.10804,0,1,0,64.69163,3.35461,0,-0.65509,1,0.16599,0.13394,0.00000,0.00000,0.11570,t_shape,clutter_safe,0.3800,0.18000,0.04509
no_collision_energy,combined_composition_shift,1,0,0,-0.00206,0.06434,0.11639,1,1,0,26.64673,0.90347,0,-1.21477,1,0.09001,0.13289,0.01275,0.02125,0.11468,t_shape,clutter_safe,0.3800,0.18000,-0.14042
no_collision_energy,combined_composition_shift,1,1,0,0.03135,0.08195,0.10060,1,1,0,22.88799,1.13171,0,-1.18959,1,0.21078,0.13707,0.00000,0.00000,0.12581,t_shape,clutter_safe,0.3800,0.18000,0.01506
no_collision_energy,combined_composition_shift,1,2,0,0.12214,0.09428,0.09428,0,1,0,64.93723,3.86713,0,-0.62643,1,0.18712,0.13388,0.00000,0.00000,0.09203,t_shape,clutter_safe,0.3800,0.18000,-0.24677
no_collision_energy,combined_composition_shift,1,3,0,0.15207,0.08374,0.08374,0,1,0,78.36885,6.20217,0,-0.60446,1,0.14027,0.13588,0.00000,0.00000,0.14024,t_shape,clutter_safe,0.3800,0.18000,-0.41589
no_collision_energy,combined_composition_shift,1,4,0,0.10488,0.05183,0.05183,0,1,0,66.76216,4.43658,0,-0.53799,1,0.18272,0.13319,0.00000,0.00000,0.04796,t_shape,clutter_safe,0.3800,0.16617,0.13147
no_collision_energy,combined_composition_shift,1,5,0,0.06397,0.04904,0.04904,1,1,0,61.18788,2.56017,0,-1.08218,1,0.23206,0.13584,0.00000,0.00000,0.15861,t_shape,clutter_safe,0.3800,0.18000,-0.05428
no_collision_energy,combined_composition_shift,1,6,0,0.15229,0.10920,0.10920,0,1,0,64.88427,4.11311,0,-0.65749,1,0.13738,0.13441,0.00000,0.00000,0.13740,t_shape,clutter_safe,0.3800,0.18000,-2.71569
no_collision_energy,combined_composition_shift,1,7,0,0.15361,0.08349,0.08349,0,1,0,77.67314,6.06426,0,-0.60393,1,0.19064,0.13635,0.00000,0.00000,0.11374,t_shape,clutter_safe,0.3800,0.18000,-3.11439
no_collision_energy,combined_composition_shift,1,8,0,0.03636,0.06631,0.07996,1,1,0,43.08233,2.13491,0,-1.14657,1,0.17687,0.16744,0.14878,0.24796,0.03625,t_shape,clutter_safe,0.3800,0.15253,-1.48185
no_collision_energy,combined_composition_shift,1,9,0,0.15661,0.02098,0.02098,0,1,0,65.68034,5.40301,0,-0.47371,1,0.11407,0.13017,0.00000,0.00000,0.11004,t_shape,clutter_safe,0.3800,0.18000,-0.22406
no_collision_energy,combined_composition_shift,1,10,0,0.07478,0.04915,0.04915,0,1,0,43.03046,3.07127,0,-0.53239,1,0.24224,0.12673,0.00000,0.00000,0.19945,t_shape,clutter_safe,0.3800,0.18000,0.92198
no_collision_energy,combined_composition_shift,1,11,0,0.13911,0.03779,0.03779,0,1,0,33.92264,1.49767,0,-0.50874,1,0.21569,0.13126,0.00000,0.00000,0.17109,t_shape,clutter_safe,0.3800,0.18000,-0.61747
no_collision_energy,combined_composition_shift,1,12,0,-0.00206,0.28360,0.33566,1,1,0,76.01779,3.24118,0,-1.23000,1,0.15359,0.13368,0.00000,0.00000,0.14743,t_shape,clutter_safe,0.3800,0.18000,0.16658
no_collision_energy,combined_composition_shift,1,13,0,0.04351,0.03594,0.04244,1,1,0,69.56404,2.91088,0,-1.06841,1,0.14389,0.12796,0.00000,0.00000,0.13768,t_shape,clutter_safe,0.3800,0.18000,0.22019
no_collision_energy,combined_composition_shift,1,14,0,0.15265,0.05437,0.05437,0,1,0,52.54414,3.22277,0,-0.54326,1,0.14302,0.13635,0.00000,0.00000,0.11225,t_shape,clutter_safe,0.3800,0.18000,-3.01901
no_collision_energy,combined_composition_shift,2,0,0,-0.00206,0.08362,0.13567,1,1,0,8.73122,0.62869,0,-1.20029,1,0.18394,0.13173,0.00000,0.00000,0.14616,t_shape,clutter_safe,0.3800,0.18000,-0.12917
no_collision_energy,combined_composition_shift,2,1,0,-0.00206,0.12917,0.18123,1,0,0,5.25122,0.61781,1,-0.84942,1,0.20191,0.12735,0.00000,0.00000,0.12394,t_shape,clutter_safe,0.3800,0.18000,-0.01161
no_collision_energy,combined_composition_shift,2,2,0,0.15362,0.12273,0.12273,0,1,0,79.85152,6.44458,0,-0.68000,1,0.17185,0.13770,0.00000,0.00000,0.09329,t_shape,clutter_safe,0.3800,0.18000,-0.16413
no_collision_energy,combined_composition_shift,2,3,0,0.16187,0.06126,0.06126,0,1,0,69.79301,5.78850,0,-0.55761,1,0.12431,0.13223,0.00000,0.00000,0.12246,t_shape,clutter_safe,0.3800,0.18000,-0.24204
no_collision_energy,combined_composition_shift,2,4,0,0.15672,0.03676,0.03676,0,1,0,82.33158,6.73845,0,-0.50657,1,0.18293,0.13093,0.00000,0.00000,0.12522,t_shape,clutter_safe,0.3800,0.18000,3.05367
no_collision_energy,combined_composition_shift,2,5,0,0.11662,0.07952,0.07952,0,1,0,74.05417,4.18879,0,-0.59566,1,0.14425,0.13515,0.00000,0.00000,0.11874,t_shape,clutter_safe,0.3800,0.18000,-3.12515
no_collision_energy,combined_composition_shift,2,6,0,0.01799,0.16960,0.20162,1,1,0,54.46593,2.77670,0,-1.23000,1,0.16940,0.13729,0.00000,0.00000,0.13302,t_shape,clutter_safe,0.3800,0.18000,0.13926
no_collision_energy,combined_composition_shift,2,7,0,0.09176,0.06996,0.06996,0,1,0,44.07757,2.69223,0,-0.57574,1,0.19322,0.13378,0.00000,0.00000,0.11633,t_shape,clutter_safe,0.3800,0.18000,-0.15182
no_collision_energy,combined_composition_shift,2,8,0,0.10420,0.07102,0.07102,0,1,0,70.83359,4.84312,0,-0.57795,1,0.16693,0.13648,0.00000,0.00000,0.13310,t_shape,clutter_safe,0.3800,0.18000,-0.05792
no_collision_energy,combined_composition_shift,2,9,0,0.16209,0.10427,0.10427,0,1,0,67.83111,5.62892,0,-0.64723,1,0.14236,0.13671,0.00000,0.00000,0.07197,t_shape,clutter_safe,0.3800,0.17150,-0.25205
no_collision_energy,combined_composition_shift,2,10,0,0.16105,0.04901,0.04901,0,1,0,55.61889,3.18327,0,-0.53210,1,0.17118,0.12848,0.00000,0.00000,0.12084,t_shape,clutter_safe,0.3800,0.18000,2.66828
no_collision_energy,combined_composition_shift,2,11,1,0.15929,0.05153,0.05153,0,0,0,77.28512,6.42312,1,0.81264,1,0.15559,0.12988,0.00000,0.00000,0.11789,t_shape,clutter_safe,0.3800,0.18000,-0.24313
no_collision_energy,combined_composition_shift,2,12,0,0.02167,0.05313,0.08145,1,1,0,61.05946,2.60980,0,-1.14969,1,0.19480,0.13019,0.00000,0.00000,0.13319,t_shape,clutter_safe,0.3800,0.18000,0.13699
no_collision_energy,combined_composition_shift,2,13,0,0.16246,0.03487,0.03487,0,1,0,58.80931,4.74396,0,-0.50264,1,0.06077,0.12669,0.01842,0.03071,0.09500,t_shape,clutter_safe,0.3800,0.18000,-0.14131
no_collision_energy,combined_composition_shift,2,14,0,0.15761,0.03793,0.03793,0,1,0,77.26244,6.26709,0,-0.50903,1,0.15847,0.13127,0.00000,0.00000,0.12627,t_shape,clutter_safe,0.3800,0.18000,-0.04404
no_collision_energy,combined_composition_shift,3,0,0,0.16151,0.10673,0.10673,0,1,0,83.85637,6.93574,0,-0.65236,1,0.16886,0.13719,0.00000,0.00000,0.10775,t_shape,clutter_safe,0.3800,0.18000,3.01660
no_collision_energy,combined_composition_shift,3,1,0,0.14831,0.04905,0.04905,0,1,0,49.76320,2.20002,0,-0.53220,1,0.21167,0.13133,0.07090,0.11817,0.15243,t_shape,clutter_safe,0.3800,0.18000,-0.08444
no_collision_energy,combined_composition_shift,3,2,0,0.16008,0.11978,0.11978,0,1,0,79.62082,6.65179,0,-0.67954,1,0.14547,0.13734,0.00000,0.00000,0.10387,t_shape,clutter_safe,0.3800,0.18000,3.02732
no_collision_energy,combined_composition_shift,3,3,0,0.15141,0.07701,0.07701,0,1,0,77.19109,5.93062,0,-0.59045,1,0.08999,0.13640,0.00000,0.00000,0.12700,t_shape,clutter_safe,0.3800,0.18000,0.00247
no_collision_energy,combined_composition_shift,3,4,0,0.14283,0.11949,0.11949,0,1,0,71.74284,4.34078,0,-0.67893,1,0.19131,0.13524,0.03040,0.05066,0.10538,t_shape,clutter_safe,0.3800,0.18000,0.33040
no_collision_energy,combined_composition_shift,3,5,0,-0.00206,0.04268,0.09473,1,1,0,60.11375,2.07341,0,-1.17736,1,0.05600,0.13667,0.00000,0.00000,0.12889,t_shape,clutter_safe,0.3800,0.18000,-0.13361
no_collision_energy,combined_composition_shift,3,6,0,0.13963,0.00400,0.00400,0,1,0,49.97724,2.56368,0,-0.43833,1,0.13189,0.12799,0.00000,0.00000,0.14785,t_shape,clutter_safe,0.3800,0.18000,-0.21916
no_collision_energy,combined_composition_shift,3,7,0,-0.00206,0.05064,0.10269,1,1,0,20.15492,1.15148,0,-1.19395,1,0.11761,0.12758,0.00000,0.00000,0.11845,t_shape,clutter_safe,0.3800,0.18000,-0.28168
no_collision_energy,combined_composition_shift,3,8,1,0.16317,0.05168,0.05168,0,0,0,57.83583,4.67974,1,0.81233,1,0.04125,0.12736,0.00000,0.00000,0.11136,t_shape,clutter_safe,0.3800,0.18000,-0.14973
no_collision_energy,combined_composition_shift,3,9,0,0.03833,0.08590,0.09758,1,1,0,16.44446,0.98578,0,-1.18215,1,0.14841,0.13296,0.13182,0.21971,0.12976,t_shape,clutter_safe,0.3800,0.18000,0.03068
no_collision_energy,combined_composition_shift,3,10,0,-0.00206,0.08743,0.13949,1,1,0,25.56317,0.71134,0,-1.20691,1,0.18309,0.12762,0.00000,0.00000,0.15861,t_shape,clutter_safe,0.3800,0.18000,3.03623
no_collision_energy,combined_composition_shift,3,11,0,0.16079,0.00222,0.00222,0,1,0,72.06474,5.98874,0,-0.43463,1,0.08986,0.12846,0.00000,0.00000,0.09334,t_shape,clutter_safe,0.3800,0.18000,-0.02295
no_collision_energy,combined_composition_shift,3,12,0,0.11107,0.03426,0.03426,0,1,0,72.19879,5.02470,0,-0.50137,1,0.23107,0.13233,0.00000,0.00000,0.12027,t_shape,clutter_safe,0.3800,0.18000,0.15347
no_collision_energy,combined_composition_shift,3,13,0,0.14246,0.06742,0.06742,0,1,0,80.98501,5.10395,0,-0.57045,1,0.16496,0.12903,0.00000,0.00000,0.11340,t_shape,clutter_safe,0.3800,0.18000,0.17932
no_collision_energy,combined_composition_shift,3,14,0,-0.00206,0.11353,0.16558,1,0,0,2.01346,0.54021,1,-0.84322,1,0.14667,0.12810,0.00000,0.00000,0.10284,t_shape,clutter_safe,0.3800,0.18000,-0.02451
no_collision_energy,combined_composition_shift,4,0,0,-0.00206,0.11772,0.16978,1,1,0,6.05373,0.61339,0,-1.19907,1,0.15318,0.12774,0.13763,0.22938,0.15565,t_shape,clutter_safe,0.3800,0.18000,1.82152
no_collision_energy,combined_composition_shift,4,1,0,0.15308,0.12157,0.12157,0,1,0,60.42230,5.01803,0,-0.68000,1,0.08276,0.13737,0.00000,0.00000,0.11601,t_shape,clutter_safe,0.3800,0.18000,0.13456
no_collision_energy,combined_composition_shift,4,2,0,0.00622,0.02369,0.06747,1,1,0,49.85825,2.25884,0,-1.12056,1,0.16149,0.12689,0.00000,0.00000,0.12729,t_shape,clutter_safe,0.3800,0.18000,-0.13388
no_collision_energy,combined_composition_shift,4,3,0,-0.00206,0.06409,0.11615,1,0,0,3.23070,0.57552,1,-0.83802,1,0.22262,0.12806,0.18933,0.31556,0.14307,t_shape,clutter_safe,0.3800,0.18000,0.07773
no_collision_energy,combined_composition_shift,4,4,0,0.03834,0.19447,0.20613,1,1,0,77.30420,5.13844,0,-1.23000,1,0.10546,0.13702,0.00000,0.00000,0.10692,t_shape,clutter_safe,0.3800,0.18000,3.12566
no_collision_energy,combined_composition_shift,4,5,0,-0.00206,0.06603,0.11809,1,1,0,56.68586,2.01621,0,-1.22603,1,0.06349,0.13724,0.00000,0.00000,0.10225,t_shape,clutter_safe,0.3800,0.18000,-2.91910
no_collision_energy,combined_composition_shift,4,6,0,0.15334,0.08397,0.08397,0,1,0,79.93759,6.50163,0,-0.60494,1,0.23589,0.13363,0.00000,0.00000,0.12530,t_shape,clutter_safe,0.3800,0.18000,-2.96722
no_collision_energy,combined_composition_shift,4,7,0,-0.00206,0.07967,0.13172,1,1,0,11.30651,0.62866,0,-1.20029,1,0.14190,0.12664,0.11171,0.18619,0.14273,t_shape,clutter_safe,0.3800,0.18000,0.02426
no_collision_energy,combined_composition_shift,4,8,1,0.16226,0.02109,0.02109,0,0,0,67.75522,5.62361,1,0.87606,1,0.12553,0.12914,0.00000,0.00000,0.16256,t_shape,clutter_safe,0.3800,0.18000,-0.19572
no_collision_energy,combined_composition_shift,4,9,0,0.01715,0.03283,0.06568,1,1,0,33.10875,2.17163,0,-1.11684,1,0.23800,0.12687,0.00000,0.00000,0.16971,t_shape,clutter_safe,0.3800,0.18000,-0.09728
no_collision_energy,combined_composition_shift,4,10,0,0.02731,0.02058,0.04327,1,1,0,62.60053,2.92137,0,-1.07016,1,0.13873,0.12700,0.00000,0.00000,0.12007,t_shape,clutter_safe,0.3800,0.18000,-3.14034
no_collision_energy,combined_composition_shift,4,11,0,0.03902,0.05026,0.06124,1,1,0,37.46900,1.67933,0,-1.10759,1,0.10923,0.13241,0.00000,0.00000,0.12767,t_shape,clutter_safe,0.3800,0.18000,0.00289
no_collision_energy,combined_composition_shift,4,12,0,0.13503,0.06678,0.06678,0,1,0,38.38137,2.18319,0,-0.56913,1,0.15613,0.13454,0.00000,0.00000,0.11827,t_shape,clutter_safe,0.3800,0.18000,-0.30060
no_collision_energy,combined_composition_shift,4,13,0,-0.00206,0.17180,0.22386,1,0,0,4.74625,0.68483,1,-0.85479,1,0.15040,0.13582,0.00000,0.00000,0.10391,t_shape,clutter_safe,0.3800,0.18000,0.15094
no_collision_energy,combined_composition_shift,4,14,0,0.15595,0.02255,0.02255,0,1,0,63.94204,5.18773,0,-0.47698,1,0.07719,0.13027,0.00000,0.00000,0.11422,t_shape,clutter_safe,0.3800,0.18000,-0.11666
no_collision_energy,combined_composition_shift,5,0,0,0.03112,0.05161,0.07049,1,1,0,58.05105,2.44173,0,-1.12685,1,0.18982,0.13146,0.00000,0.00000,0.15407,t_shape,clutter_safe,0.3800,0.18000,-0.17476
no_collision_energy,combined_composition_shift,5,1,0,-0.00206,0.06066,0.11272,1,1,0,64.21726,2.87208,0,-1.21484,1,0.19591,0.13726,0.00000,0.00000,0.12995,t_shape,clutter_safe,0.3800,0.18000,2.88770
no_collision_energy,combined_composition_shift,5,2,0,-0.00206,0.05047,0.10253,1,1,0,36.87813,1.39132,0,-1.19360,1,0.09293,0.13376,0.00000,0.00000,0.14525,t_shape,clutter_safe,0.3800,0.18000,0.02970
no_collision_energy,combined_composition_shift,5,3,0,-0.00206,0.08444,0.13650,1,0,0,6.61588,0.57898,1,-0.84632,1,0.14410,0.13018,0.17711,0.29518,0.11640,t_shape,clutter_safe,0.3800,0.18000,2.84752
no_collision_energy,combined_composition_shift,5,4,0,-0.00206,0.10188,0.15394,1,1,0,48.05490,1.12098,0,-1.23000,1,0.05845,0.13455,0.05087,0.08478,0.14212,t_shape,clutter_safe,0.3800,0.18000,-0.16529
no_collision_energy,combined_composition_shift,5,5,0,0.16102,0.07640,0.07640,0,1,0,66.96709,5.14008,0,-0.58917,1,0.10757,0.13579,0.00000,0.00000,0.14340,t_shape,clutter_safe,0.3800,0.18000,0.23330
no_collision_energy,combined_composition_shift,5,6,0,0.16122,0.08642,0.08642,0,1,0,68.10463,5.46438,0,-0.61003,1,0.11467,0.13644,0.00000,0.00000,0.13508,t_shape,clutter_safe,0.3800,0.17980,-0.14283
no_collision_energy,combined_composition_shift,5,7,1,0.16096,0.02716,0.02716,0,0,0,76.39358,6.29768,1,0.86341,1,0.18102,0.12812,0.00000,0.00000,0.11661,t_shape,clutter_safe,0.3800,0.18000,-0.14079
no_collision_energy,combined_composition_shift,5,8,0,-0.00206,0.08981,0.14187,1,1,0,46.42120,1.27548,0,-1.23000,1,0.22640,0.13194,0.00000,0.00000,0.13615,t_shape,clutter_safe,0.3800,0.18000,-0.39387
no_collision_energy,combined_composition_shift,5,9,0,0.07206,0.01534,0.01534,0,1,0,44.31264,2.86956,0,-0.46196,1,0.18548,0.12720,0.00000,0.00000,0.09752,t_shape,clutter_safe,0.3800,0.17973,0.06751
no_collision_energy,combined_composition_shift,5,10,0,0.12032,0.09964,0.09964,0,1,0,80.68085,5.25573,0,-0.63758,1,0.15119,0.13420,0.00000,0.00000,0.12195,t_shape,clutter_safe,0.3800,0.18000,0.25001
no_collision_energy,combined_composition_shift,5,11,0,0.10239,0.07656,0.07656,0,1,0,60.53128,3.51628,0,-0.58950,1,0.15480,0.13352,0.00000,0.00000,0.13355,t_shape,clutter_safe,0.3800,0.18000,0.12220
no_collision_energy,combined_composition_shift,5,12,0,0.14991,0.09175,0.09175,0,1,0,81.05528,6.12405,0,-0.62114,1,0.15474,0.13687,0.00000,0.00000,0.11274,t_shape,clutter_safe,0.3800,0.18000,2.99239
no_collision_energy,combined_composition_shift,5,13,0,0.11725,0.02350,0.02350,0,1,0,98.76485,5.08463,0,-0.47895,1,0.21114,0.13092,0.00000,0.00000,0.12144,t_shape,clutter_safe,0.3800,0.18000,-0.06808
no_collision_energy,combined_composition_shift,5,14,0,-0.00206,0.02260,0.07466,1,1,0,58.29651,2.73738,0,-1.13554,1,0.20933,0.13542,0.00000,0.00000,0.12936,t_shape,clutter_safe,0.3800,0.18000,3.08306
no_collision_energy,combined_composition_shift,6,0,0,0.16142,0.01189,0.01189,0,1,0,65.50383,5.44273,0,-0.45476,1,0.05320,0.12693,0.13759,0.22932,0.09661,t_shape,clutter_safe,0.3800,0.18000,0.20969
no_collision_energy,combined_composition_shift,6,1,1,0.15957,0.09845,0.09845,0,0,0,56.61927,4.71021,1,0.71490,1,0.02628,0.14309,0.02169,0.03615,0.11376,t_shape,clutter_safe,0.3800,0.18000,-0.01275
no_collision_energy,combined_composition_shift,6,2,0,-0.00206,0.10807,0.16013,1,1,0,8.29337,0.64384,0,-1.20151,1,0.20862,0.13089,0.00000,0.00000,0.14967,t_shape,clutter_safe,0.3800,0.18000,-0.01650
no_collision_energy,combined_composition_shift,6,3,0,-0.00206,0.03475,0.08680,1,1,0,43.28776,2.09787,0,-1.16084,1,0.20697,0.13767,0.00000,0.00000,0.11027,t_shape,clutter_safe,0.3800,0.18000,-0.14877
no_collision_energy,combined_composition_shift,6,4,0,-0.00206,0.08679,0.13885,1,1,0,12.33526,0.76294,0,-1.21104,1,0.25751,0.12917,0.00000,0.00000,0.15066,t_shape,clutter_safe,0.3800,0.18000,-2.82089
no_collision_energy,combined_composition_shift,6,5,1,0.16226,0.00314,0.00314,0,0,0,65.22219,5.40384,1,0.91345,1,0.10573,0.12618,0.00000,0.00000,0.06593,t_shape,clutter_safe,0.3800,0.16949,3.05047
no_collision_energy,combined_composition_shift,6,6,0,0.16220,0.02096,0.02096,0,1,0,65.86310,5.36444,0,-0.47366,1,0.12699,0.13051,0.00000,0.00000,0.11497,t_shape,clutter_safe,0.3800,0.18000,-0.00074
no_collision_energy,combined_composition_shift,6,7,0,0.15668,0.09398,0.09398,0,1,0,48.52034,3.24643,0,-0.62580,1,0.08001,0.13175,0.00000,0.00000,0.16862,t_shape,clutter_safe,0.3800,0.18000,0.25922
no_collision_energy,combined_composition_shift,6,8,0,-0.00206,0.08210,0.13416,1,1,0,82.27573,2.85561,0,-1.23000,1,0.20587,0.13697,0.00000,0.00000,0.17841,t_shape,clutter_safe,0.3800,0.18000,-0.13612
no_collision_energy,combined_composition_shift,6,9,0,0.15659,0.06686,0.06686,0,1,0,50.85875,3.57957,0,-0.56930,1,0.10572,0.12883,0.00000,0.00000,0.11312,t_shape,clutter_safe,0.3800,0.18000,0.19317
no_collision_energy,combined_composition_shift,6,10,0,0.12294,0.04963,0.04963,0,1,0,70.99468,3.94302,0,-0.53340,1,0.18942,0.12607,0.00000,0.00000,0.10553,t_shape,clutter_safe,0.3800,0.18000,3.05082
no_collision_energy,combined_composition_shift,6,11,0,0.04405,0.05961,0.06557,1,1,0,44.90865,3.07736,0,-1.11660,1,0.14728,0.16545,0.00457,0.00761,0.13056,t_shape,clutter_safe,0.3800,0.18000,-2.99114
no_collision_energy,combined_composition_shift,6,12,0,0.15895,0.01843,0.01843,0,1,0,63.04229,5.18583,0,-0.46841,1,0.06271,0.12827,0.00000,0.00000,0.08753,t_shape,clutter_safe,0.3800,0.17640,3.01592
no_collision_energy,combined_composition_shift,6,13,0,0.16200,0.00428,0.00428,0,1,0,62.65128,5.07986,0,-0.43892,1,0.16052,0.12676,0.00000,0.00000,0.11976,t_shape,clutter_safe,0.3800,0.17687,0.23692
no_collision_energy,combined_composition_shift,6,14,0,0.01423,0.02015,0.05592,1,1,0,45.08033,2.18479,0,-1.09649,1,0.15861,0.13786,0.00000,0.00000,0.11354,t_shape,clutter_safe,0.3800,0.17314,-2.61818
no_collision_energy,combined_composition_shift,7,0,0,0.15764,0.07948,0.07948,0,1,0,47.24416,3.13288,0,-0.59557,1,0.15124,0.13046,0.12457,0.20762,0.10761,t_shape,clutter_safe,0.3800,0.18000,0.27157
no_collision_energy,combined_composition_shift,7,1,1,0.16171,0.08692,0.08692,0,0,0,75.02761,6.27919,1,0.73892,1,0.10688,0.13461,0.00000,0.00000,0.10128,t_shape,clutter_safe,0.3800,0.18000,-0.05180
no_collision_energy,combined_composition_shift,7,2,0,-0.00207,0.03638,0.08845,1,1,0,56.63168,2.45686,0,-1.16427,1,0.11256,0.12793,0.00000,0.00000,0.11543,t_shape,clutter_safe,0.3800,0.18000,2.80328
no_collision_energy,combined_composition_shift,7,3,0,0.10106,0.08571,0.08571,0,1,0,61.13008,3.27940,0,-0.60856,1,0.12750,0.13574,0.00000,0.00000,0.11426,t_shape,clutter_safe,0.3800,0.18000,-0.38063
no_collision_energy,combined_composition_shift,7,4,0,0.07437,0.07428,0.07428,0,1,0,36.93441,2.79268,0,-0.58476,1,0.17356,0.21953,0.14099,0.23498,0.11763,t_shape,clutter_safe,0.3800,0.18000,0.17670
no_collision_energy,combined_composition_shift,7,5,0,0.16319,0.03837,0.03837,0,1,0,51.11092,4.10780,0,-0.50993,1,0.20383,0.13026,0.00000,0.00000,0.12481,t_shape,clutter_safe,0.3800,0.18000,0.36409
no_collision_energy,combined_composition_shift,7,6,0,0.09949,0.05436,0.05436,0,1,0,66.48817,5.20214,0,-0.54324,1,0.24817,0.13294,0.00000,0.00000,0.13641,t_shape,clutter_safe,0.3800,0.18000,3.13392
no_collision_energy,combined_composition_shift,7,7,0,0.15110,0.04555,0.04555,0,1,0,72.61106,5.61649,0,-0.52489,1,0.07717,0.13346,0.00000,0.00000,0.10755,t_shape,clutter_safe,0.3800,0.18000,-0.18557
no_collision_energy,combined_composition_shift,7,8,0,0.15594,0.04637,0.04637,0,1,0,37.24259,3.11109,0,-0.52661,1,0.21108,0.12711,0.00000,0.00000,0.10530,t_shape,clutter_safe,0.3800,0.18000,0.30658
no_collision_energy,combined_composition_shift,7,9,0,0.07508,0.04329,0.04329,0,1,0,40.08135,2.84377,0,-0.52020,1,0.19215,0.12707,0.02743,0.04572,0.03094,t_shape,clutter_safe,0.3800,0.16520,0.12659
no_collision_energy,combined_composition_shift,7,10,0,0.15932,0.07145,0.07145,0,1,0,65.53592,5.42324,0,-0.57885,1,0.11819,0.13219,0.00000,0.00000,0.12271,t_shape,clutter_safe,0.3800,0.18000,0.04698
no_collision_energy,combined_composition_shift,7,11,0,-0.00206,0.07280,0.12486,1,1,0,47.72816,1.35678,0,-1.23000,1,0.14023,0.13219,0.04374,0.07290,0.19767,t_shape,clutter_safe,0.3800,0.18000,0.32146
no_collision_energy,combined_composition_shift,7,12,0,-0.00206,0.06658,0.11863,1,1,0,17.89056,0.69506,0,-1.20276,1,0.22720,0.13086,0.00000,0.00000,0.13820,t_shape,clutter_safe,0.3800,0.18000,-0.20177
no_collision_energy,combined_composition_shift,7,13,0,0.15695,0.03328,0.03328,0,1,0,70.24357,5.70039,0,-0.49933,1,0.12392,0.13072,0.00000,0.00000,0.05671,t_shape,clutter_safe,0.3800,0.16908,-3.11763
no_collision_energy,combined_composition_shift,7,14,0,0.15941,0.02647,0.02647,0,1,0,39.94945,3.28167,0,-0.48514,1,0.14850,0.12934,0.00000,0.00000,0.09406,t_shape,clutter_safe,0.3800,0.18000,0.15819
no_collision_energy,adversarial_clutter_gap,0,0,0,-0.00206,0.13198,0.18404,1,1,0,1.32707,0.54630,0,-1.19370,1,0.22512,0.05462,0.07078,0.11796,0.14387,t_shape,clutter_safe,0.4600,0.18000,-1.26540
no_collision_energy,adversarial_clutter_gap,0,1,0,0.04970,0.05177,0.05207,1,1,0,46.00493,3.10444,0,-1.08849,1,0.21587,0.05470,0.00000,0.00000,0.11368,t_shape,clutter_safe,0.4600,0.18000,0.21604
no_collision_energy,adversarial_clutter_gap,0,2,0,0.13787,0.08742,0.08742,0,1,0,127.42446,8.13227,0,-0.61212,1,0.25045,0.06437,0.00000,0.00000,0.13125,t_shape,clutter_safe,0.4600,0.18000,-0.25460
no_collision_energy,adversarial_clutter_gap,0,3,0,0.03194,0.03051,0.04857,1,1,0,78.88559,3.65845,0,-1.08118,1,0.17313,0.06176,0.00000,0.00000,0.16221,t_shape,clutter_safe,0.4600,0.18000,-0.64563
no_collision_energy,adversarial_clutter_gap,0,4,0,0.08060,0.03546,0.03546,0,1,0,77.96436,4.80558,0,-0.50388,1,0.23385,0.06045,0.00000,0.00000,0.11617,t_shape,clutter_safe,0.4600,0.18000,-0.23192
no_collision_energy,adversarial_clutter_gap,0,5,0,0.06007,0.05485,0.05485,1,1,0,123.79876,4.95489,0,-1.09428,1,0.23623,0.06335,0.00000,0.00000,0.12534,t_shape,clutter_safe,0.4600,0.18000,-0.32761
no_collision_energy,adversarial_clutter_gap,0,6,0,-0.00206,0.04668,0.09874,1,1,0,45.81547,2.32346,0,-1.18571,1,0.20193,0.05947,0.00000,0.00000,0.15986,t_shape,clutter_safe,0.4600,0.18000,2.18783
no_collision_energy,adversarial_clutter_gap,0,7,0,0.12624,0.02001,0.02001,0,1,0,91.41448,7.27439,0,-0.47169,1,0.29147,0.05518,0.00000,0.00000,0.15150,t_shape,clutter_safe,0.4600,0.18000,-2.78361
no_collision_energy,adversarial_clutter_gap,0,8,0,-0.00206,0.03406,0.08611,1,1,0,33.97850,1.80430,0,-1.15940,1,0.24185,0.05788,0.01159,0.01931,0.04233,t_shape,clutter_safe,0.4600,0.14006,1.80274
no_collision_energy,adversarial_clutter_gap,0,9,0,0.03263,0.03881,0.05618,1,1,0,33.31541,2.07377,0,-1.09705,1,0.11501,0.05707,0.09700,0.16166,0.11232,t_shape,clutter_safe,0.4600,0.18000,0.28243
no_collision_energy,adversarial_clutter_gap,0,10,0,-0.00206,0.06167,0.11373,1,1,0,17.61971,0.87103,0,-1.20662,1,0.16449,0.05951,0.00000,0.00000,0.11050,t_shape,clutter_safe,0.4600,0.18000,0.10464
no_collision_energy,adversarial_clutter_gap,0,11,0,0.03610,0.09589,0.10979,1,1,0,14.28428,0.91949,0,-1.20228,1,0.14341,0.06129,0.00000,0.00000,0.11762,t_shape,clutter_safe,0.4600,0.18000,-1.29255
no_collision_energy,adversarial_clutter_gap,0,12,0,-0.00206,0.02085,0.07291,1,0,0,2.02968,0.57565,1,-0.74795,1,0.19854,0.06107,0.00000,0.00000,0.19017,t_shape,clutter_safe,0.4600,0.18000,-2.08321
no_collision_energy,adversarial_clutter_gap,0,13,0,0.07360,0.04326,0.04326,0,1,0,52.67138,4.02291,0,-0.52012,1,0.19207,0.05422,0.00000,0.00000,0.13141,t_shape,clutter_safe,0.4600,0.18000,3.13512
no_collision_energy,adversarial_clutter_gap,0,14,0,0.02460,0.03859,0.06398,1,1,0,43.46929,2.60241,0,-1.11330,1,0.19054,0.05853,0.00000,0.00000,0.10034,t_shape,clutter_safe,0.4600,0.18000,-2.71383
no_collision_energy,adversarial_clutter_gap,1,0,0,0.16345,0.01778,0.01778,0,1,0,72.82132,5.82562,0,-0.46703,1,0.13722,0.05871,0.00000,0.00000,0.15565,t_shape,clutter_safe,0.4600,0.17851,-0.20692
no_collision_energy,adversarial_clutter_gap,1,1,0,0.10668,0.05388,0.05388,0,1,0,66.40322,4.07375,0,-0.54225,1,0.16724,0.06188,0.15780,0.26299,0.11654,t_shape,clutter_safe,0.4600,0.18000,-0.14801
no_collision_energy,adversarial_clutter_gap,1,2,0,0.13960,0.05967,0.05967,0,1,0,77.04891,4.37931,0,-0.55431,1,0.25319,0.05405,0.00000,0.00000,0.12154,t_shape,clutter_safe,0.4600,0.18000,2.92833
no_collision_energy,adversarial_clutter_gap,1,3,0,0.07103,0.03906,0.03906,0,1,0,56.22475,2.81903,0,-0.51137,1,0.19194,0.05847,0.00000,0.00000,0.11314,t_shape,clutter_safe,0.4600,0.18000,-0.26095
no_collision_energy,adversarial_clutter_gap,1,4,0,0.11169,0.06476,0.06476,0,1,0,76.86406,4.22111,0,-0.56491,1,0.15479,0.05858,0.05105,0.08508,0.09124,t_shape,clutter_safe,0.4600,0.18000,0.31569
no_collision_energy,adversarial_clutter_gap,1,5,0,0.12619,0.07677,0.07677,0,1,0,65.71753,3.73612,0,-0.58994,1,0.11796,0.05972,0.00000,0.00000,0.11448,t_shape,clutter_safe,0.4600,0.18000,-2.82754
no_collision_energy,adversarial_clutter_gap,1,6,0,-0.00206,0.03153,0.08358,1,1,0,39.36827,1.89461,0,-1.15413,1,0.15647,0.06188,0.00000,0.00000,0.12174,t_shape,clutter_safe,0.4600,0.18000,-0.15487
no_collision_energy,adversarial_clutter_gap,1,7,0,-0.00206,0.07652,0.12858,1,1,0,58.57002,2.28949,0,-1.23000,1,0.24502,0.06469,0.00000,0.00000,0.05093,t_shape,clutter_safe,0.4600,0.15602,1.44408
no_collision_energy,adversarial_clutter_gap,1,8,0,-0.00206,0.07200,0.12405,1,1,0,32.82994,2.27523,0,-1.23000,1,0.27713,0.05742,0.00000,0.00000,0.06704,t_shape,clutter_safe,0.4600,0.13945,-1.26290
no_collision_energy,adversarial_clutter_gap,1,9,0,0.01187,0.16834,0.20646,1,1,0,55.66000,3.07813,0,-1.23000,1,0.23834,0.06136,0.00000,0.00000,0.04917,t_shape,clutter_safe,0.4600,0.16022,-2.79280
no_collision_energy,adversarial_clutter_gap,1,10,0,0.02187,0.03177,0.05990,1,1,0,56.04658,3.40193,0,-1.10480,1,0.21427,0.05568,0.00000,0.00000,0.12494,t_shape,clutter_safe,0.4600,0.18000,0.42075
no_collision_energy,adversarial_clutter_gap,1,11,0,0.06274,0.03249,0.03249,1,1,0,98.14286,5.17681,0,-1.04769,1,0.18421,0.05765,0.00000,0.00000,0.10742,t_shape,clutter_safe,0.4600,0.18000,0.00421
no_collision_energy,adversarial_clutter_gap,1,12,0,0.07401,0.03177,0.03177,0,1,0,93.49826,3.79445,0,-0.49619,1,0.17334,0.05817,0.00000,0.00000,0.09945,t_shape,clutter_safe,0.4600,0.17571,-2.88725
no_collision_energy,adversarial_clutter_gap,1,13,0,-0.00206,0.05720,0.10926,1,1,0,24.83080,0.84764,0,-1.19544,1,0.08724,0.05591,0.18331,0.30552,0.13140,t_shape,clutter_safe,0.4600,0.18000,-0.16313
no_collision_energy,adversarial_clutter_gap,1,14,0,-0.00206,0.01896,0.07101,1,1,0,33.70108,1.62901,0,-1.12795,1,0.20411,0.05990,0.05861,0.09769,0.02086,t_shape,clutter_safe,0.4600,0.15621,1.32005
no_collision_energy,adversarial_clutter_gap,2,0,0,0.14792,0.05289,0.05289,0,1,0,87.26263,6.98167,0,-0.54018,1,0.17967,0.06111,0.00000,0.00000,0.13114,t_shape,clutter_safe,0.4600,0.18000,-0.21589
no_collision_energy,adversarial_clutter_gap,2,1,0,0.05616,0.09921,0.09921,1,1,0,69.16999,3.48610,0,-1.18668,1,0.16891,0.06455,0.00000,0.00000,0.11564,t_shape,clutter_safe,0.4600,0.18000,-0.07873
no_collision_energy,adversarial_clutter_gap,2,2,0,-0.00206,0.05807,0.11013,1,1,0,20.15920,0.75666,0,-1.18997,1,0.20067,0.05846,0.00000,0.00000,0.12655,t_shape,clutter_safe,0.4600,0.18000,0.01007
no_collision_energy,adversarial_clutter_gap,2,3,0,-0.00206,0.03830,0.09036,1,1,0,20.67095,1.10357,0,-1.16825,1,0.22174,0.05516,0.00000,0.00000,0.12966,t_shape,clutter_safe,0.4600,0.18000,-1.11444
no_collision_energy,adversarial_clutter_gap,2,4,0,0.03090,0.07634,0.09544,1,1,0,21.20475,0.67215,0,-1.15260,1,0.17552,0.06424,0.00000,0.00000,0.20378,t_shape,clutter_safe,0.4600,0.18000,-0.14450
no_collision_energy,adversarial_clutter_gap,2,5,0,-0.00206,0.03638,0.08844,1,1,0,33.07821,1.86531,0,-1.16426,1,0.24542,0.05611,0.00000,0.00000,0.03918,t_shape,clutter_safe,0.4600,0.15226,1.83447
no_collision_energy,adversarial_clutter_gap,2,6,0,-0.00206,0.11116,0.16322,1,1,0,6.46508,0.67375,0,-1.20390,1,0.19909,0.06324,0.00000,0.00000,0.11372,t_shape,clutter_safe,0.4600,0.18000,-0.00828
no_collision_energy,adversarial_clutter_gap,2,7,0,0.09237,0.00834,0.00834,0,1,0,80.22658,5.26184,0,-0.44738,1,0.14093,0.05553,0.04351,0.07252,0.10742,t_shape,clutter_safe,0.4600,0.18000,2.91103
no_collision_energy,adversarial_clutter_gap,2,8,0,0.05363,0.04119,0.04119,1,1,0,77.94461,3.78753,0,-1.06580,1,0.18154,0.05506,0.07074,0.11790,0.09806,t_shape,clutter_safe,0.4600,0.18000,-2.80687
no_collision_energy,adversarial_clutter_gap,2,9,0,-0.00206,0.04083,0.09289,1,1,0,9.03831,0.64369,0,-1.14501,1,0.14896,0.06156,0.00000,0.00000,0.11727,t_shape,clutter_safe,0.4600,0.18000,-1.37254
no_collision_energy,adversarial_clutter_gap,2,10,0,0.04409,0.06985,0.07576,1,1,0,64.12958,3.15440,0,-1.13783,1,0.19826,0.06335,0.09164,0.15274,0.13171,t_shape,clutter_safe,0.4600,0.18000,0.56679
no_collision_energy,adversarial_clutter_gap,2,11,0,0.07105,0.06860,0.06860,0,1,0,88.07563,4.80756,0,-0.57293,1,0.20005,0.06067,0.00000,0.00000,0.11852,t_shape,clutter_safe,0.4600,0.18000,-2.88146
no_collision_energy,adversarial_clutter_gap,2,12,0,0.10864,0.08521,0.08521,0,1,0,95.83635,6.06381,0,-0.60753,1,0.16487,0.06140,0.00000,0.00000,0.09731,t_shape,clutter_safe,0.4600,0.18000,0.11757
no_collision_energy,adversarial_clutter_gap,2,13,0,-0.00206,0.04676,0.09881,1,1,0,19.68788,0.84358,0,-1.17335,1,0.16567,0.06245,0.00000,0.00000,0.14141,t_shape,clutter_safe,0.4600,0.18000,3.06468
no_collision_energy,adversarial_clutter_gap,2,14,0,0.15648,0.07681,0.07681,0,1,0,74.42022,6.15750,0,-0.59002,1,0.12449,0.06051,0.00000,0.00000,0.10744,t_shape,clutter_safe,0.4600,0.18000,0.01685
no_collision_energy,adversarial_clutter_gap,3,0,0,0.01934,0.08731,0.11796,1,1,0,25.90702,2.08860,0,-1.22575,1,0.18242,0.05466,0.04264,0.07107,0.14795,t_shape,clutter_safe,0.4600,0.18000,0.98548
no_collision_energy,adversarial_clutter_gap,3,1,0,0.08680,0.03923,0.03923,0,1,0,65.70358,5.22398,0,-0.51173,1,0.22777,0.05665,0.00000,0.00000,0.10557,t_shape,clutter_safe,0.4600,0.18000,3.13834
no_collision_energy,adversarial_clutter_gap,3,2,0,0.04355,0.02957,0.03603,1,1,0,77.09555,4.23834,0,-1.05505,1,0.25962,0.05925,0.00000,0.00000,0.12300,t_shape,clutter_safe,0.4600,0.18000,-2.88006
no_collision_energy,adversarial_clutter_gap,3,3,0,-0.00754,0.21970,0.27725,1,1,0,62.42610,3.29833,0,-1.23000,1,0.26007,0.06122,0.00000,0.00000,0.10240,t_shape,clutter_safe,0.4600,0.16451,-0.17890
no_collision_energy,adversarial_clutter_gap,3,4,0,0.06805,0.06017,0.06017,1,1,0,48.49923,2.73056,0,-1.10535,1,0.17427,0.06105,0.00000,0.00000,0.12579,t_shape,clutter_safe,0.4600,0.18000,0.16334
no_collision_energy,adversarial_clutter_gap,3,5,0,-0.00206,0.02253,0.07459,1,1,0,33.82941,2.06744,0,-1.13539,1,0.19478,0.05757,0.00000,0.00000,0.10162,t_shape,clutter_safe,0.4600,0.18000,-0.31328
no_collision_energy,adversarial_clutter_gap,3,6,0,0.04170,0.07293,0.08124,1,1,0,61.93430,2.93079,0,-1.14924,1,0.15580,0.06095,0.00000,0.00000,0.10122,t_shape,clutter_safe,0.4600,0.18000,-0.14470
no_collision_energy,adversarial_clutter_gap,3,7,0,0.02028,0.06842,0.09814,1,1,0,29.07054,2.40065,0,-1.18446,1,0.15303,0.05546,0.00000,0.00000,0.12162,t_shape,clutter_safe,0.4600,0.18000,1.21892
no_collision_energy,adversarial_clutter_gap,3,8,0,-0.00206,0.12900,0.18106,1,1,0,0.00000,0.57495,0,-1.19600,1,0.22756,0.06234,0.11239,0.18731,0.15799,t_shape,clutter_safe,0.4600,0.18000,1.89880
no_collision_energy,adversarial_clutter_gap,3,9,0,-0.00206,0.07011,0.12217,1,1,0,24.21089,1.05636,0,-1.23000,1,0.19735,0.06595,0.00000,0.00000,0.12610,t_shape,clutter_safe,0.4600,0.18000,-2.74388
no_collision_energy,adversarial_clutter_gap,3,10,0,0.05568,0.03113,0.03113,1,1,0,69.89800,4.69156,0,-1.04485,1,0.18275,0.05980,0.00000,0.00000,0.13488,t_shape,clutter_safe,0.4600,0.18000,-0.36360
no_collision_energy,adversarial_clutter_gap,3,11,0,0.05320,0.03882,0.03882,1,1,0,50.91093,2.25931,0,-1.06087,1,0.10186,0.05984,0.00000,0.00000,0.12428,t_shape,clutter_safe,0.4600,0.18000,0.28634
no_collision_energy,adversarial_clutter_gap,3,12,0,0.10412,0.13155,0.13155,0,1,0,121.45814,5.07210,0,-0.68000,1,0.22598,0.06574,0.00000,0.00000,0.11261,t_shape,clutter_safe,0.4600,0.18000,-3.03158
no_collision_energy,adversarial_clutter_gap,3,13,0,-0.00208,0.01143,0.06351,1,1,0,71.58832,2.94101,0,-1.11231,1,0.23251,0.06075,0.00000,0.00000,0.13159,t_shape,clutter_safe,0.4600,0.18000,0.39755
no_collision_energy,adversarial_clutter_gap,3,14,0,0.05588,0.05278,0.05278,1,1,0,83.06621,3.77107,0,-1.08995,1,0.12878,0.06380,0.00000,0.00000,0.13103,t_shape,clutter_safe,0.4600,0.18000,0.20208
no_collision_energy,adversarial_clutter_gap,4,0,0,0.02569,0.04898,0.07329,1,1,0,20.02292,1.48722,0,-1.13269,1,0.16070,0.05579,0.00000,0.00000,0.11487,t_shape,clutter_safe,0.4600,0.18000,1.19392
no_collision_energy,adversarial_clutter_gap,4,1,0,0.04961,0.07063,0.07102,1,1,0,44.31478,1.91496,0,-1.12795,1,0.19803,0.05579,0.00000,0.00000,0.11836,t_shape,clutter_safe,0.4600,0.18000,-0.32583
no_collision_energy,adversarial_clutter_gap,4,2,0,0.02018,0.06684,0.09667,1,1,0,58.34213,1.57452,0,-1.18139,1,0.19158,0.06191,0.00000,0.00000,0.13058,t_shape,clutter_safe,0.4600,0.18000,-2.94893
no_collision_energy,adversarial_clutter_gap,4,3,0,0.04629,0.01412,0.01782,1,1,0,96.79193,4.23585,0,-1.01713,1,0.26545,0.06487,0.00000,0.00000,0.14518,t_shape,clutter_safe,0.4600,0.18000,0.28881
no_collision_energy,adversarial_clutter_gap,4,4,0,-0.00206,0.00970,0.06176,1,1,0,48.53511,2.03592,0,-1.10867,1,0.26756,0.06442,0.00000,0.00000,0.13575,t_shape,clutter_safe,0.4600,0.18000,2.62139
no_collision_energy,adversarial_clutter_gap,4,5,0,-0.00206,0.07936,0.13142,1,1,0,4.30357,0.67315,0,-1.20385,1,0.16059,0.05941,0.10898,0.18163,0.18211,t_shape,clutter_safe,0.4600,0.18000,0.42950
no_collision_energy,adversarial_clutter_gap,4,6,0,0.01808,0.05716,0.08909,1,1,0,83.62424,4.47287,0,-1.16560,1,0.27671,0.06551,0.00000,0.00000,0.13912,t_shape,clutter_safe,0.4600,0.18000,0.30574
no_collision_energy,adversarial_clutter_gap,4,7,0,0.10640,0.11289,0.11289,0,1,0,89.53153,4.07976,0,-0.66518,1,0.21028,0.06497,0.22411,0.37352,0.12433,t_shape,clutter_safe,0.4600,0.18000,0.38210
no_collision_energy,adversarial_clutter_gap,4,8,0,0.07293,0.02547,0.02547,0,1,0,63.86925,3.56266,0,-0.48305,1,0.09811,0.05785,0.00000,0.00000,0.12268,t_shape,clutter_safe,0.4600,0.18000,-0.30605
no_collision_energy,adversarial_clutter_gap,4,9,0,-0.00206,0.03803,0.09009,1,1,0,76.52154,2.33398,0,-1.16768,1,0.13840,0.06106,0.00000,0.00000,0.12434,t_shape,clutter_safe,0.4600,0.18000,-0.01854
no_collision_energy,adversarial_clutter_gap,4,10,0,0.07227,0.09049,0.09049,0,1,0,77.64520,4.46624,0,-0.61853,1,0.18052,0.06347,0.00000,0.00000,0.11902,t_shape,clutter_safe,0.4600,0.18000,-0.19335
no_collision_energy,adversarial_clutter_gap,4,11,0,0.02883,0.09742,0.11859,1,1,0,34.36140,1.09219,0,-1.22707,1,0.19966,0.05974,0.00000,0.00000,0.17102,t_shape,clutter_safe,0.4600,0.18000,-0.05447
no_collision_energy,adversarial_clutter_gap,4,12,0,0.07915,0.08039,0.08039,0,1,0,85.03388,5.10351,0,-0.59747,1,0.17063,0.06380,0.00000,0.00000,0.12697,t_shape,clutter_safe,0.4600,0.18000,-2.79530
no_collision_energy,adversarial_clutter_gap,4,13,0,0.06338,0.03616,0.03616,1,1,0,58.64742,2.57879,0,-1.05534,1,0.19433,0.05726,0.00000,0.00000,0.12285,t_shape,clutter_safe,0.4600,0.18000,-0.17928
no_collision_energy,adversarial_clutter_gap,4,14,0,0.04899,0.09873,0.09974,1,1,0,50.54461,2.02634,0,-1.18779,1,0.05635,0.06376,0.11830,0.19716,0.09859,t_shape,clutter_safe,0.4600,0.18000,-0.25839
no_collision_energy,adversarial_clutter_gap,5,0,0,-0.00332,0.39254,0.44586,1,1,0,85.77264,4.85546,0,-1.23000,1,0.21333,0.06121,0.00000,0.00000,0.09774,t_shape,clutter_safe,0.4600,0.18000,-0.04141
no_collision_energy,adversarial_clutter_gap,5,1,0,-0.00206,0.02700,0.07906,1,1,0,66.25685,3.28521,0,-1.14470,1,0.22551,0.06404,0.00000,0.00000,0.13969,t_shape,clutter_safe,0.4600,0.18000,-0.29134
no_collision_energy,adversarial_clutter_gap,5,2,0,-0.00016,0.05938,0.10954,1,1,0,36.31690,1.47748,0,-1.20821,1,0.16854,0.05844,0.00000,0.00000,0.11879,t_shape,clutter_safe,0.4600,0.18000,0.19842
no_collision_energy,adversarial_clutter_gap,5,3,0,-0.00206,0.03245,0.08451,1,1,0,86.20639,3.81145,0,-1.15606,1,0.18936,0.06511,0.00000,0.00000,0.12899,t_shape,clutter_safe,0.4600,0.18000,-0.50670
no_collision_energy,adversarial_clutter_gap,5,4,0,-0.00206,0.07163,0.12368,1,1,0,6.25708,0.55337,0,-1.19427,1,0.18791,0.05625,0.00723,0.01206,0.02941,t_shape,clutter_safe,0.4600,0.16591,1.41574
no_collision_energy,adversarial_clutter_gap,5,5,0,-0.00206,0.04029,0.09235,1,1,0,57.78430,3.23186,0,-1.17239,1,0.17188,0.05724,0.00000,0.00000,0.10627,t_shape,clutter_safe,0.4600,0.18000,3.00303
no_collision_energy,adversarial_clutter_gap,5,6,0,0.09006,0.10004,0.10004,0,1,0,80.20501,3.96972,0,-0.63842,1,0.11014,0.06490,0.00000,0.00000,0.12044,t_shape,clutter_safe,0.4600,0.18000,2.87437
no_collision_energy,adversarial_clutter_gap,5,7,0,-0.00206,0.04090,0.09296,1,1,0,60.03662,2.02977,0,-1.17366,1,0.13478,0.06413,0.00000,0.00000,0.13270,t_shape,clutter_safe,0.4600,0.18000,-2.81784
no_collision_energy,adversarial_clutter_gap,5,8,0,0.09458,0.05823,0.05823,0,1,0,77.16263,4.91669,0,-0.55131,1,0.21456,0.05587,0.00000,0.00000,0.09904,t_shape,clutter_safe,0.4600,0.18000,0.15567
no_collision_energy,adversarial_clutter_gap,5,9,0,0.03850,0.04340,0.05490,1,1,0,65.08691,3.38571,0,-1.09438,1,0.17447,0.06503,0.00000,0.00000,0.15641,t_shape,clutter_safe,0.4600,0.18000,0.38380
no_collision_energy,adversarial_clutter_gap,5,10,1,0.16116,0.03579,0.03579,0,0,0,88.59691,7.31090,1,0.84544,1,0.23372,0.05687,0.00000,0.00000,0.10363,t_shape,clutter_safe,0.4600,0.18000,-0.14155
no_collision_energy,adversarial_clutter_gap,5,11,0,0.15290,0.05835,0.05835,0,1,0,72.66068,5.62857,0,-0.55157,1,0.20169,0.06291,0.00000,0.00000,0.15832,t_shape,clutter_safe,0.4600,0.18000,-0.25318
no_collision_energy,adversarial_clutter_gap,5,12,0,0.15162,0.07962,0.07962,0,1,0,77.56574,6.29490,0,-0.59587,1,0.17440,0.06169,0.00000,0.00000,0.10411,t_shape,clutter_safe,0.4600,0.18000,3.01481
no_collision_energy,adversarial_clutter_gap,5,13,0,0.06791,0.04227,0.04227,1,1,0,84.60579,4.58869,0,-1.06807,1,0.16874,0.06031,0.00000,0.00000,0.11144,t_shape,clutter_safe,0.4600,0.18000,0.27143
no_collision_energy,adversarial_clutter_gap,5,14,0,0.01595,0.02338,0.05743,1,1,0,49.49485,2.37204,0,-1.09966,1,0.05068,0.06362,0.11912,0.19853,0.10643,t_shape,clutter_safe,0.4600,0.18000,0.21687
no_collision_energy,adversarial_clutter_gap,6,0,0,-0.00206,0.02620,0.07826,1,1,0,96.11257,4.46677,0,-1.14304,1,0.20358,0.06449,0.00000,0.00000,0.14745,t_shape,clutter_safe,0.4600,0.18000,-0.11178
no_collision_energy,adversarial_clutter_gap,6,1,0,-0.00206,0.19626,0.24831,1,1,0,0.00000,0.59468,0,-1.19757,1,0.26575,0.26940,0.00000,0.00000,0.13533,t_shape,clutter_safe,0.4600,0.18000,-1.60161
no_collision_energy,adversarial_clutter_gap,6,2,0,0.04312,0.04334,0.05022,1,1,0,70.06462,2.80266,0,-1.08462,1,0.16584,0.05427,0.00000,0.00000,0.09547,t_shape,clutter_safe,0.4600,0.18000,0.31969
no_collision_energy,adversarial_clutter_gap,6,3,0,-0.00206,0.07876,0.13081,1,1,0,9.30788,0.59460,0,-1.19757,1,0.21781,0.20885,0.00000,0.00000,0.11630,t_shape,clutter_safe,0.4600,0.18000,-1.68078
no_collision_energy,adversarial_clutter_gap,6,4,0,0.00739,0.08478,0.12739,1,1,0,44.48364,2.19695,0,-1.23000,1,0.23368,0.05946,0.00000,0.00000,0.04779,t_shape,clutter_safe,0.4600,0.13589,1.71588
no_collision_energy,adversarial_clutter_gap,6,5,0,0.03847,0.14429,0.15583,1,1,0,39.07784,1.17123,0,-1.23000,1,0.24427,0.06465,0.15632,0.26053,0.17504,t_shape,clutter_safe,0.4600,0.18000,-3.03973
no_collision_energy,adversarial_clutter_gap,6,6,0,0.08026,0.04931,0.04931,0,1,0,55.64616,4.31609,0,-0.53272,1,0.13909,0.05663,0.05702,0.09503,0.10905,t_shape,clutter_safe,0.4600,0.18000,-2.96943
no_collision_energy,adversarial_clutter_gap,6,7,0,0.06266,0.03721,0.03721,1,1,0,57.11145,2.39699,0,-1.05752,1,0.17252,0.05661,0.00000,0.00000,0.13209,t_shape,clutter_safe,0.4600,0.18000,-0.09736
no_collision_energy,adversarial_clutter_gap,6,8,0,-0.00206,0.05035,0.10241,1,1,0,5.54003,0.56503,0,-1.15855,1,0.16268,0.05615,0.00000,0.00000,0.13487,t_shape,clutter_safe,0.4600,0.18000,1.42450
no_collision_energy,adversarial_clutter_gap,6,9,0,-0.00206,0.02354,0.07560,1,1,0,24.40356,1.44110,0,-1.13750,1,0.16618,0.05705,0.00000,0.00000,0.10208,t_shape,clutter_safe,0.4600,0.18000,1.88543
no_collision_energy,adversarial_clutter_gap,6,10,0,0.06010,0.04956,0.04956,1,1,0,75.94336,3.15247,0,-1.08326,1,0.13734,0.05768,0.00945,0.01576,0.09585,t_shape,clutter_safe,0.4600,0.18000,0.40327
no_collision_energy,adversarial_clutter_gap,6,11,0,-0.00207,0.07638,0.12844,1,1,0,48.40408,1.68171,0,-1.23000,1,0.13198,0.06169,0.06555,0.10924,0.08798,t_shape,clutter_safe,0.4600,0.17827,-0.03880
no_collision_energy,adversarial_clutter_gap,6,12,0,0.16029,0.04116,0.04116,0,1,0,68.61533,5.70631,0,-0.51575,1,0.10990,0.05717,0.00000,0.00000,0.11567,t_shape,clutter_safe,0.4600,0.18000,-0.03827
no_collision_energy,adversarial_clutter_gap,6,13,0,0.03478,0.02801,0.04323,1,1,0,45.15457,2.52784,0,-1.07007,1,0.15159,0.05745,0.10521,0.17535,0.11563,t_shape,clutter_safe,0.4600,0.18000,0.33130
no_collision_energy,adversarial_clutter_gap,6,14,0,0.15779,0.03788,0.03788,0,1,0,44.10075,3.39390,0,-0.50891,1,0.17075,0.05870,0.00000,0.00000,0.10612,t_shape,clutter_safe,0.4600,0.18000,0.31253
no_collision_energy,adversarial_clutter_gap,7,0,0,0.04961,0.03376,0.03415,1,1,0,73.93470,4.05317,0,-1.05114,1,0.16504,0.05494,0.00000,0.00000,0.09858,t_shape,clutter_safe,0.4600,0.18000,0.08883
no_collision_energy,adversarial_clutter_gap,7,1,0,-0.00222,0.06900,0.12122,1,1,0,26.46744,1.62989,0,-1.23000,1,0.14720,0.05865,0.00000,0.00000,0.10506,t_shape,clutter_safe,0.4600,0.18000,1.47501
no_collision_energy,adversarial_clutter_gap,7,2,0,-0.00206,0.01844,0.07050,1,1,0,44.81206,2.82320,0,-1.12687,1,0.18561,0.05743,0.00000,0.00000,0.11982,t_shape,clutter_safe,0.4600,0.18000,-0.37759
no_collision_energy,adversarial_clutter_gap,7,3,0,0.04642,0.13144,0.13503,1,1,0,77.59712,4.10802,0,-1.23000,1,0.19719,0.06343,0.00000,0.00000,0.11512,t_shape,clutter_safe,0.4600,0.18000,-2.84781
no_collision_energy,adversarial_clutter_gap,7,4,0,0.11922,0.05364,0.05364,0,1,0,89.08186,4.71599,0,-0.54176,1,0.17292,0.05694,0.03405,0.05676,0.11094,t_shape,clutter_safe,0.4600,0.18000,0.35276
no_collision_energy,adversarial_clutter_gap,7,5,0,0.04996,0.04597,0.04601,1,1,0,77.54890,3.91833,0,-1.07586,1,0.19638,0.05819,0.00000,0.00000,0.10854,t_shape,clutter_safe,0.4600,0.18000,0.30871
no_collision_energy,adversarial_clutter_gap,7,6,0,-0.00207,0.02083,0.07290,1,1,0,84.26825,4.74265,0,-1.13187,1,0.21189,0.05926,0.00000,0.00000,0.13581,t_shape,clutter_safe,0.4600,0.18000,2.92651
no_collision_energy,adversarial_clutter_gap,7,7,0,-0.00206,0.06496,0.11702,1,1,0,14.97192,0.68226,0,-1.19838,1,0.18499,0.05595,0.00000,0.00000,0.12835,t_shape,clutter_safe,0.4600,0.18000,-3.10210
no_collision_energy,adversarial_clutter_gap,7,8,0,-0.00258,0.04727,0.09985,1,1,0,47.17259,2.06598,0,-1.18801,1,0.21134,0.06061,0.00000,0.00000,0.07614,t_shape,clutter_safe,0.4600,0.16666,-1.85853
no_collision_energy,adversarial_clutter_gap,7,9,0,-0.00206,0.07071,0.12277,1,1,0,79.83011,3.30503,0,-1.23000,1,0.23000,0.06414,0.00000,0.00000,0.11915,t_shape,clutter_safe,0.4600,0.18000,-0.00666
no_collision_energy,adversarial_clutter_gap,7,10,0,0.09128,0.06581,0.06581,0,1,0,51.50388,2.49353,0,-0.56710,1,0.07892,0.05971,0.01717,0.02861,0.09161,t_shape,clutter_safe,0.4600,0.18000,-0.19773
no_collision_energy,adversarial_clutter_gap,7,11,0,0.03437,0.03114,0.04677,1,1,0,52.75698,2.62075,0,-1.07743,1,0.27147,0.06473,0.00000,0.00000,0.07847,t_shape,clutter_safe,0.4600,0.15108,2.79486
no_collision_energy,adversarial_clutter_gap,7,12,0,0.03847,0.04969,0.06122,1,1,0,59.09968,2.68966,0,-1.10753,1,0.17960,0.05873,0.00000,0.00000,0.11450,t_shape,clutter_safe,0.4600,0.18000,0.32526
no_collision_energy,adversarial_clutter_gap,7,13,0,-0.00206,0.10919,0.16125,1,1,0,8.57096,0.72595,0,-1.20808,1,0.21810,0.05667,0.01080,0.01800,0.01233,t_shape,clutter_safe,0.4600,0.15341,1.73979
no_collision_energy,adversarial_clutter_gap,7,14,0,0.04752,0.01596,0.01844,1,1,0,88.59800,4.54612,0,-1.01842,1,0.15558,0.05836,0.00000,0.00000,0.12915,t_shape,clutter_safe,0.4600,0.18000,0.21905
no_collision_energy,material_shift_proxy,0,0,1,0.15446,0.03927,0.03927,0,0,0,42.03923,3.14135,1,0.83819,1,0.03184,0.25863,0.00149,0.00000,0.00576,cylinder,lift,0.2400,0.09293,-0.52777
no_collision_energy,material_shift_proxy,0,1,0,0.01548,0.09377,0.12829,1,0,0,44.61831,2.10261,1,-0.88000,1,0.09291,0.26009,0.02947,0.00000,0.01630,cylinder,lift,0.2400,0.08723,0.95474
no_collision_energy,material_shift_proxy,0,2,0,0.01374,0.03990,0.07616,1,0,0,36.77609,2.02442,1,-0.78866,1,0.10419,0.25658,0.00544,0.00000,0.00951,cylinder,lift,0.2400,0.08578,-0.45666
no_collision_energy,material_shift_proxy,0,3,0,0.01784,0.01413,0.04629,1,0,0,41.02714,1.99735,1,-0.72643,1,0.03550,0.25382,0.00034,0.00000,0.01383,cylinder,lift,0.2400,0.09335,0.54418
no_collision_energy,material_shift_proxy,0,4,1,0.16651,0.05737,0.05737,0,0,0,33.41141,2.80059,1,0.80048,1,0.12025,0.54558,0.03458,0.00000,0.00155,cylinder,lift,0.2400,0.10803,-0.35810
no_collision_energy,material_shift_proxy,0,5,1,0.11314,0.09886,0.09886,0,0,0,40.81368,2.54083,1,0.71404,1,0.03210,0.25774,0.01014,0.00000,0.00544,cylinder,lift,0.2400,0.09288,-0.56469
no_collision_energy,material_shift_proxy,0,6,0,0.01722,0.00918,0.04197,1,0,0,42.65018,2.03565,1,-0.71743,1,0.07087,0.25264,0.04099,0.00000,0.00922,cylinder,lift,0.2400,0.08921,-1.24598
no_collision_energy,material_shift_proxy,0,7,0,0.01170,0.05534,0.09364,1,0,0,41.62045,2.25244,1,-0.82508,1,0.08509,0.25917,0.02654,0.00000,0.02500,cylinder,lift,0.2400,0.08929,-0.95388
no_collision_energy,material_shift_proxy,0,8,0,0.01179,0.07770,0.11591,1,0,0,44.61968,1.71343,1,-0.87148,1,0.09501,0.26034,0.00859,0.00000,0.02286,cylinder,lift,0.2400,0.08804,0.14943
no_collision_energy,material_shift_proxy,0,9,0,0.01297,0.04038,0.07741,1,0,0,43.72614,1.90866,1,-0.79127,1,0.07833,0.25498,0.02608,0.00000,0.01936,cylinder,lift,0.2400,0.08873,0.89088
no_collision_energy,material_shift_proxy,0,10,1,0.16192,0.04568,0.04568,0,0,0,37.88933,2.93049,1,0.82484,1,0.04852,0.36734,0.04546,0.00000,0.00318,cylinder,lift,0.2400,0.10041,2.06162
no_collision_energy,material_shift_proxy,0,11,1,0.10315,0.03953,0.03953,0,0,0,41.98517,2.64631,1,0.83765,1,0.08907,0.25384,0.03571,0.00000,0.01439,cylinder,lift,0.2400,0.08783,-1.23673
no_collision_energy,material_shift_proxy,0,12,1,0.16650,0.02569,0.02569,0,0,0,35.23194,2.93876,1,0.86649,1,0.08627,0.45806,0.01483,0.00000,0.00239,cylinder,lift,0.2400,0.10442,0.30948
no_collision_energy,material_shift_proxy,0,13,0,0.03198,0.11363,0.13165,1,0,0,32.11453,1.70745,1,-0.88000,1,0.12590,0.53117,0.01216,0.00000,0.01509,cylinder,lift,0.2400,0.10729,0.44883
no_collision_energy,material_shift_proxy,0,14,0,0.01335,0.00739,0.04404,1,0,0,46.07506,2.26591,1,-0.72175,1,0.10235,0.25226,0.04999,0.00000,0.00521,cylinder,lift,0.2400,0.08555,1.96453
no_collision_energy,material_shift_proxy,1,0,1,0.11474,0.05826,0.05826,0,0,0,41.87060,2.69147,1,0.79863,1,0.04778,0.25333,0.01231,0.00000,0.00953,cylinder,lift,0.2400,0.09165,-2.47206
no_collision_energy,material_shift_proxy,1,1,0,0.01534,0.05623,0.09089,1,0,0,28.55104,1.52865,1,-0.81936,1,0.06385,0.38236,0.01654,0.00000,0.01239,cylinder,lift,0.2400,0.10110,0.10003
no_collision_energy,material_shift_proxy,1,2,1,0.16571,0.06295,0.06295,0,0,0,42.56820,3.47485,1,0.78885,1,0.04815,0.25787,0.04993,0.00000,0.00472,cylinder,lift,0.2400,0.09114,2.09076
no_collision_energy,material_shift_proxy,1,3,1,0.14936,0.03442,0.03442,0,0,0,44.03104,3.24210,1,0.84829,1,0.09500,0.25469,0.04992,0.00000,0.00902,cylinder,lift,0.2400,0.08669,0.95946
no_collision_energy,material_shift_proxy,1,4,1,0.10504,0.02150,0.02150,0,0,0,37.19787,2.24193,1,0.87522,1,0.03209,0.30649,0.01102,0.00000,0.01091,cylinder,lift,0.2400,0.09795,0.01085
no_collision_energy,material_shift_proxy,1,5,1,0.15819,0.04625,0.04625,0,0,0,35.43461,2.63305,1,0.82365,1,0.06633,0.39880,0.02630,0.00000,0.00681,cylinder,lift,0.2400,0.10191,-0.04258
no_collision_energy,material_shift_proxy,1,6,1,0.16389,0.01547,0.01547,0,0,0,38.54188,2.94273,1,0.88778,1,0.03457,0.32540,0.04082,0.00000,0.00526,cylinder,lift,0.2400,0.09876,1.00686
no_collision_energy,material_shift_proxy,1,7,0,0.11862,0.11093,0.11093,0,0,0,42.01879,2.75025,1,-0.31110,1,0.02893,0.25849,0.00041,0.00000,0.02230,cylinder,lift,0.2400,0.09326,0.33405
no_collision_energy,material_shift_proxy,1,8,1,0.12521,0.06148,0.06148,0,0,0,31.40901,2.18657,1,0.79191,1,0.06326,0.39813,0.04088,0.00000,0.00666,cylinder,lift,0.2400,0.10160,0.80972
no_collision_energy,material_shift_proxy,1,9,1,0.10352,0.05664,0.05664,0,0,0,41.87648,2.55208,1,0.80200,1,0.05456,0.25523,0.04644,0.00000,0.00600,cylinder,lift,0.2400,0.09059,-1.40258
no_collision_energy,material_shift_proxy,1,10,1,0.12621,0.03459,0.03459,0,0,0,36.37558,2.42020,1,0.84793,1,0.07491,0.41840,0.00215,0.00000,0.00983,cylinder,lift,0.2400,0.10250,0.28661
no_collision_energy,material_shift_proxy,1,11,1,0.14481,0.01828,0.01828,0,0,0,33.90981,2.40304,1,0.88193,1,0.10175,0.48615,0.03686,0.00000,0.00718,cylinder,lift,0.2400,0.10556,0.43433
no_collision_energy,material_shift_proxy,1,12,0,0.01169,0.03816,0.07647,1,0,0,39.20435,1.70004,1,-0.78931,1,0.02439,0.25655,0.03407,0.00000,0.01613,cylinder,lift,0.2400,0.09473,2.85457
no_collision_energy,material_shift_proxy,1,13,1,0.15653,0.03552,0.03552,0,0,0,43.88496,3.31780,1,0.84601,1,0.08903,0.25286,0.04954,0.00000,0.00329,cylinder,lift,0.2400,0.08674,-1.91588
no_collision_energy,material_shift_proxy,1,14,1,0.16257,0.03032,0.03032,0,0,0,39.35748,3.06636,1,0.85684,1,0.04143,0.25357,0.04996,0.00000,0.02236,cylinder,lift,0.2400,0.09357,-1.81145
no_collision_energy,material_shift_proxy,2,0,1,0.15491,0.04056,0.04056,0,0,0,40.70321,3.02799,1,0.83550,1,0.01268,0.25483,0.03915,0.00000,0.00447,cylinder,lift,0.2400,0.09480,1.81012
no_collision_energy,material_shift_proxy,2,1,0,0.01138,0.05677,0.09538,1,0,0,38.01992,1.50575,1,-0.82872,1,0.03135,0.28564,0.01400,0.00000,0.02111,cylinder,lift,0.2400,0.09687,0.29445
no_collision_energy,material_shift_proxy,2,2,0,0.01428,0.00948,0.04520,1,0,0,41.39027,1.93487,1,-0.72417,1,0.07567,0.25270,0.03303,0.00000,0.01423,cylinder,lift,0.2400,0.08921,0.41436
no_collision_energy,material_shift_proxy,2,3,1,0.09721,0.07524,0.07524,0,0,0,42.41240,2.62164,1,0.76324,1,0.06362,0.26107,0.04688,0.00000,0.00918,cylinder,lift,0.2400,0.08996,0.94498
no_collision_energy,material_shift_proxy,2,4,0,0.01095,0.00752,0.04656,1,0,0,38.14738,1.91727,1,-0.72700,1,0.02663,0.29173,0.00302,0.00000,0.01112,cylinder,lift,0.2400,0.09736,-0.01538
no_collision_energy,material_shift_proxy,2,5,0,0.02000,0.00649,0.03649,1,0,0,42.50623,2.09489,1,-0.70602,1,0.07760,0.25256,0.04741,0.00000,0.01457,cylinder,lift,0.2400,0.08904,1.46130
no_collision_energy,material_shift_proxy,2,6,1,0.13247,0.06526,0.06526,0,0,0,36.04967,2.41910,1,0.78404,1,0.07554,0.42333,0.05000,0.00000,0.00628,cylinder,lift,0.2400,0.10292,1.02433
no_collision_energy,material_shift_proxy,2,7,0,0.01111,0.09530,0.13419,1,0,0,42.98948,2.35648,1,-0.88000,1,0.07766,0.26262,0.04761,0.00000,0.03582,cylinder,lift,0.2400,0.09011,0.94959
no_collision_energy,material_shift_proxy,2,8,1,0.13843,0.07891,0.07891,0,0,0,37.15933,2.62839,1,0.75561,1,0.03153,0.32070,0.04999,0.00000,0.00616,cylinder,lift,0.2400,0.09835,1.56953
no_collision_energy,material_shift_proxy,2,9,1,0.10205,0.06697,0.06697,0,0,0,37.36209,2.29483,1,0.78047,1,0.03829,0.30985,0.05000,0.00000,0.01806,cylinder,lift,0.2400,0.09789,1.32922
no_collision_energy,material_shift_proxy,2,10,1,0.11940,0.02820,0.02820,0,0,0,35.25987,2.28067,1,0.86125,1,0.06678,0.39716,0.00255,0.00000,0.00998,cylinder,lift,0.2400,0.10164,-0.39471
no_collision_energy,material_shift_proxy,2,11,0,0.01179,0.02351,0.06172,1,0,0,41.06626,1.41720,1,-0.75858,1,0.10595,0.25225,0.01216,0.00000,0.03130,cylinder,lift,0.2400,0.08774,-0.26806
no_collision_energy,material_shift_proxy,2,12,1,0.10735,0.06269,0.06269,0,0,0,42.82280,2.68828,1,0.78939,1,0.09293,0.25575,0.04738,0.00000,0.01663,cylinder,lift,0.2400,0.08765,1.37331
no_collision_energy,material_shift_proxy,2,13,1,0.14581,0.04377,0.04377,0,0,0,44.61322,3.20112,1,0.82881,1,0.07741,0.25887,0.04213,0.00000,0.00815,cylinder,lift,0.2400,0.08786,0.67549
no_collision_energy,material_shift_proxy,2,14,1,0.10891,0.10408,0.10408,0,0,0,41.26229,2.47007,1,0.70316,1,0.03924,0.25816,0.00675,0.00000,0.00414,cylinder,lift,0.2400,0.09201,-0.21471
no_collision_energy,material_shift_proxy,3,0,0,0.01178,0.05160,0.08982,1,0,0,33.00585,1.54464,1,-0.81713,1,0.11201,0.25804,0.00254,0.00000,0.01418,cylinder,lift,0.2400,0.08542,0.65034
no_collision_energy,material_shift_proxy,3,1,1,0.14376,0.07023,0.07023,0,0,0,43.51262,3.10438,1,0.77369,1,0.05713,0.25703,0.04808,0.00000,0.01635,cylinder,lift,0.2400,0.09008,1.49666
no_collision_energy,material_shift_proxy,3,2,0,0.01176,0.02181,0.06005,1,0,0,40.81090,1.59087,1,-0.75510,1,0.06530,0.25394,0.00901,0.00000,0.02250,cylinder,lift,0.2400,0.09110,0.24273
no_collision_energy,material_shift_proxy,3,3,1,0.08930,0.02990,0.02990,0,0,0,42.30547,2.52384,1,0.85771,1,0.05447,0.25244,0.00249,0.00000,0.00935,cylinder,lift,0.2400,0.09093,-0.64015
no_collision_energy,material_shift_proxy,3,4,1,0.15298,0.02266,0.02266,0,0,0,38.65474,2.86782,1,0.87279,1,0.04078,0.33193,0.00009,0.00000,0.00915,cylinder,lift,0.2400,0.09902,0.58365
no_collision_energy,material_shift_proxy,3,5,0,0.01179,0.04391,0.08211,1,0,0,42.11811,1.61035,1,-0.80107,1,0.10859,0.25701,0.03110,0.00000,0.02271,cylinder,lift,0.2400,0.08662,0.97846
no_collision_energy,material_shift_proxy,3,6,1,0.14897,0.09200,0.09200,0,0,0,43.39715,3.22448,1,0.72834,1,0.08131,0.26048,0.04542,0.00000,0.00483,cylinder,lift,0.2400,0.08770,-1.63527
no_collision_energy,material_shift_proxy,3,7,0,0.12993,0.13222,0.13222,0,0,0,40.44785,2.24476,1,-0.33000,1,0.02530,0.26189,0.02266,0.00000,0.00279,cylinder,lift,0.2400,0.09332,2.23509
no_collision_energy,material_shift_proxy,3,8,1,0.08288,0.06041,0.06041,0,0,0,40.12667,2.07426,1,0.79415,1,0.02570,0.29262,0.02834,0.00000,0.02719,cylinder,lift,0.2400,0.09729,0.58985
no_collision_energy,material_shift_proxy,3,9,1,0.14137,0.05053,0.05053,0,0,0,38.57555,2.72676,1,0.81473,1,0.03381,0.31249,0.04399,0.00000,0.00989,cylinder,lift,0.2400,0.09823,1.16810
no_collision_energy,material_shift_proxy,3,10,1,0.12530,0.07644,0.07644,0,0,0,42.35812,2.79533,1,0.76076,1,0.07658,0.25480,0.01404,0.00000,0.01024,cylinder,lift,0.2400,0.08872,-0.20094
no_collision_energy,material_shift_proxy,3,11,1,0.13231,0.08588,0.08588,0,0,0,35.64065,2.32351,1,0.74109,1,0.08465,0.43595,0.00484,0.00000,0.01095,cylinder,lift,0.2400,0.10341,0.06276
no_collision_energy,material_shift_proxy,3,12,1,0.13513,0.08832,0.08832,0,0,0,42.45297,2.99668,1,0.73600,1,0.07226,0.25874,0.03940,0.00000,0.01069,cylinder,lift,0.2400,0.08922,-1.70511
no_collision_energy,material_shift_proxy,3,13,0,0.01179,0.02172,0.05992,1,0,0,39.58712,1.41915,1,-0.75484,1,0.10917,0.25250,0.04999,0.00000,0.03302,cylinder,lift,0.2400,0.08757,1.76210
no_collision_energy,material_shift_proxy,3,14,0,0.01147,0.08342,0.12195,1,0,0,44.95355,2.54350,1,-0.88000,1,0.10051,0.26249,0.01120,0.00000,0.00901,cylinder,lift,0.2400,0.08611,0.10160
no_collision_energy,material_shift_proxy,4,0,0,0.01562,0.03180,0.06618,1,0,0,41.33032,2.07790,1,-0.76787,1,0.05569,0.25528,0.04922,0.00000,0.01401,cylinder,lift,0.2400,0.09127,-1.68013
no_collision_energy,material_shift_proxy,4,1,0,0.01169,0.06283,0.10113,1,0,0,42.00124,1.69461,1,-0.84070,1,0.06105,0.25857,0.00328,0.00000,0.02107,cylinder,lift,0.2400,0.09091,0.35684
no_collision_energy,material_shift_proxy,4,2,0,0.01177,0.02581,0.06404,1,0,0,41.33799,1.69009,1,-0.76342,1,0.07692,0.25511,0.01361,0.00000,0.03277,cylinder,lift,0.2400,0.08964,0.36266
no_collision_energy,material_shift_proxy,4,3,0,0.01293,0.02205,0.05912,1,0,0,44.33143,1.80997,1,-0.75318,1,0.10421,0.25405,0.04893,0.00000,0.01240,cylinder,lift,0.2400,0.08606,1.86647
no_collision_energy,material_shift_proxy,4,4,0,0.01285,0.03424,0.07138,1,0,0,42.95268,2.00050,1,-0.77872,1,0.07576,0.25550,0.02377,0.00000,0.01455,cylinder,lift,0.2400,0.08923,2.21500
no_collision_energy,material_shift_proxy,4,5,0,0.06097,0.03559,0.03559,1,0,0,39.20729,2.17725,1,-0.70414,1,0.01337,0.25389,0.05000,0.00000,0.01143,cylinder,lift,0.2400,0.09541,1.90315
no_collision_energy,material_shift_proxy,4,6,0,0.01179,0.06950,0.10771,1,0,0,41.03707,1.55435,1,-0.85440,1,0.11891,0.25825,0.03933,0.00000,0.03006,cylinder,lift,0.2400,0.08627,1.72423
no_collision_energy,material_shift_proxy,4,7,0,0.01179,0.02032,0.05853,1,0,0,42.74098,1.41303,1,-0.75193,1,0.08881,0.25322,0.02840,0.00000,0.01182,cylinder,lift,0.2400,0.08761,1.17093
no_collision_energy,material_shift_proxy,4,8,0,0.01220,0.05579,0.09359,1,0,0,40.01729,2.05477,1,-0.82498,1,0.04177,0.25799,0.04595,0.00000,0.01988,cylinder,lift,0.2400,0.09329,-1.18349
no_collision_energy,material_shift_proxy,4,9,0,0.00691,0.03151,0.07460,1,0,0,38.70115,2.03056,1,-0.78541,1,0.02127,0.27764,0.03567,0.00000,0.01302,cylinder,lift,0.2400,0.09661,-1.17679
no_collision_energy,material_shift_proxy,4,10,1,0.08823,0.03274,0.03274,0,0,0,41.39923,2.43405,1,0.85179,1,0.03773,0.25249,0.04529,0.00000,0.01056,cylinder,lift,0.2400,0.09279,1.62092
no_collision_energy,material_shift_proxy,4,11,1,0.16480,0.01264,0.01264,0,0,0,45.62155,3.61387,1,0.89366,1,0.10484,0.25326,0.04007,0.00000,0.00661,cylinder,lift,0.2400,0.08543,1.88420
no_collision_energy,material_shift_proxy,4,12,0,0.01179,0.01704,0.05525,1,0,0,37.91293,1.50268,1,-0.74510,1,0.06773,0.25553,0.01070,0.00000,0.03047,cylinder,lift,0.2400,0.09163,-0.22680
no_collision_energy,material_shift_proxy,4,13,1,0.11965,0.02935,0.02935,0,0,0,41.32321,2.73023,1,0.85885,1,0.05439,0.25672,0.03192,0.00000,0.00648,cylinder,lift,0.2400,0.09066,2.51766
no_collision_energy,material_shift_proxy,4,14,1,0.16587,0.10029,0.10029,0,0,0,39.33769,3.26596,1,0.71107,1,0.01786,0.26256,0.04830,0.00000,0.01157,cylinder,lift,0.2400,0.09496,-0.82821
no_collision_energy,material_shift_proxy,5,0,0,0.00878,0.06993,0.11115,1,0,0,39.57192,1.97121,1,-0.86157,1,0.01457,0.27717,0.02239,0.00000,0.00704,cylinder,lift,0.2400,0.09650,-2.24686
no_collision_energy,material_shift_proxy,5,1,0,0.01178,0.00162,0.03984,1,0,0,35.33028,1.37572,1,-0.71300,1,0.05934,0.33732,0.00251,0.00000,0.02596,cylinder,lift,0.2400,0.09930,-0.07703
no_collision_energy,material_shift_proxy,5,2,0,0.01138,0.04184,0.08046,1,0,0,42.83247,1.77131,1,-0.79763,1,0.07765,0.25681,0.01637,0.00000,0.01807,cylinder,lift,0.2400,0.08938,-0.25338
no_collision_energy,material_shift_proxy,5,3,1,0.15281,0.06739,0.06739,0,0,0,38.22816,2.77305,1,0.77961,1,0.03071,0.32105,0.02572,0.00000,0.00417,cylinder,lift,0.2400,0.09846,1.11591
no_collision_energy,material_shift_proxy,5,4,1,0.16313,0.02499,0.02499,0,0,0,39.26383,3.08261,1,0.86795,1,0.01891,0.25435,0.04300,0.00000,0.01887,cylinder,lift,0.2400,0.09557,-1.19054
no_collision_energy,material_shift_proxy,5,5,1,0.12008,0.06134,0.06134,0,0,0,42.29646,2.76129,1,0.79221,1,0.08059,0.25544,0.04636,0.00000,0.00845,cylinder,lift,0.2400,0.08813,1.64421
no_collision_energy,material_shift_proxy,5,6,0,0.01790,0.02249,0.05460,1,0,0,42.65666,2.34156,1,-0.74374,1,0.09801,0.25216,0.05000,0.00000,0.01539,cylinder,lift,0.2400,0.08700,2.02034
no_collision_energy,material_shift_proxy,5,7,0,0.01179,0.02603,0.06423,1,0,0,37.86678,1.46285,1,-0.76382,1,0.05079,0.25571,0.02656,0.00000,0.03670,cylinder,lift,0.2400,0.09400,0.72907
no_collision_energy,material_shift_proxy,5,8,1,0.16247,0.03505,0.03505,0,0,0,37.81240,2.93829,1,0.84699,1,0.02556,0.30448,0.04409,0.00000,0.00546,cylinder,lift,0.2400,0.09780,-1.65555
no_collision_energy,material_shift_proxy,5,9,0,0.01489,0.07759,0.11270,1,0,0,42.95112,1.84456,1,-0.86480,1,0.05654,0.25804,0.02274,0.00000,0.00710,cylinder,lift,0.2400,0.09050,-0.77486
no_collision_energy,material_shift_proxy,5,10,0,0.00990,0.04412,0.08422,1,0,0,40.61360,1.85908,1,-0.80546,1,0.01814,0.25468,0.04597,0.00000,0.01130,cylinder,lift,0.2400,0.09490,-0.75111
no_collision_energy,material_shift_proxy,5,11,0,0.01775,0.07679,0.10905,1,0,0,39.73042,1.79249,1,-0.85718,1,0.03397,0.29196,0.04905,0.00000,0.02134,cylinder,lift,0.2400,0.09712,1.44232
no_collision_energy,material_shift_proxy,5,12,0,0.01179,0.05880,0.09701,1,0,0,39.85840,1.50418,1,-0.83211,1,0.05080,0.25767,0.00184,0.00000,0.06158,cylinder,lift,0.2400,0.09318,0.24364
no_collision_energy,material_shift_proxy,5,13,0,0.01457,0.01143,0.04686,1,0,0,41.99497,2.02446,1,-0.72763,1,0.06508,0.25221,0.04901,0.00000,0.01212,cylinder,lift,0.2400,0.09010,-2.36546
no_collision_energy,material_shift_proxy,5,14,0,0.01294,0.02389,0.06094,1,0,0,38.95115,2.01982,1,-0.75697,1,0.02827,0.25352,0.04990,0.00000,0.00979,cylinder,lift,0.2400,0.09370,1.43594
no_collision_energy,material_shift_proxy,6,0,1,0.16472,0.01097,0.01097,0,0,0,61.61921,3.08503,1,0.89714,1,0.03023,0.25370,0.01224,0.00000,0.00566,cylinder,lift,0.2400,0.09309,-2.46338
no_collision_energy,material_shift_proxy,6,1,0,0.01076,0.06361,0.10284,1,0,0,43.13703,2.01315,1,-0.84425,1,0.10523,0.25631,0.01946,0.00000,0.01071,cylinder,lift,0.2400,0.08579,2.23965
no_collision_energy,material_shift_proxy,6,2,0,0.01329,0.00866,0.04537,1,0,0,41.63062,1.78404,1,-0.72451,1,0.05854,0.25266,0.03900,0.00000,0.01467,cylinder,lift,0.2400,0.09103,0.87896
no_collision_energy,material_shift_proxy,6,3,0,0.01179,0.09286,0.13107,1,0,0,65.72036,1.45002,1,-0.88000,1,0.10291,0.26094,0.01947,0.00000,0.00793,cylinder,lift,0.2400,0.08576,0.85357
no_collision_energy,material_shift_proxy,6,4,1,0.12178,0.08555,0.08555,0,0,0,37.52213,2.51205,1,0.74178,1,0.03991,0.33450,0.03760,0.00000,0.00898,cylinder,lift,0.2400,0.09895,-1.40169
no_collision_energy,material_shift_proxy,6,5,0,0.01022,0.05812,0.09789,1,0,0,44.57103,2.43560,1,-0.83394,1,0.09208,0.25783,0.04910,0.00000,0.01061,cylinder,lift,0.2400,0.08715,1.56133
no_collision_energy,material_shift_proxy,6,6,1,0.09924,0.04586,0.04586,0,0,0,44.44663,2.62550,1,0.82446,1,0.06179,0.25284,0.04580,0.00000,0.02501,cylinder,lift,0.2400,0.09022,-0.69830
no_collision_energy,material_shift_proxy,6,7,1,0.15381,0.03696,0.03696,0,0,0,39.65889,2.92263,1,0.84300,1,0.01320,0.27346,0.03164,0.00000,0.00575,cylinder,lift,0.2400,0.09649,-1.23024
no_collision_energy,material_shift_proxy,6,8,0,0.01116,0.03034,0.06918,1,0,0,42.69870,1.73547,1,-0.77413,1,0.08392,0.25511,0.02338,0.00000,0.03198,cylinder,lift,0.2400,0.09009,0.06904
no_collision_energy,material_shift_proxy,6,9,0,0.01169,0.00968,0.04799,1,0,0,31.06730,1.74458,1,-0.72998,1,0.04313,0.25322,0.04266,0.00000,0.01642,cylinder,lift,0.2400,0.09166,0.78716
no_collision_energy,material_shift_proxy,6,10,1,0.10999,0.06822,0.06822,0,0,0,41.61335,2.67595,1,0.77788,1,0.07177,0.25626,0.04997,0.00000,0.01209,cylinder,lift,0.2400,0.08940,1.78923
no_collision_energy,material_shift_proxy,6,11,0,0.01352,0.02510,0.06157,1,0,0,49.60698,1.56862,1,-0.75828,1,0.03179,0.25488,0.02713,0.00000,0.01671,cylinder,lift,0.2400,0.09402,-2.32903
no_collision_energy,material_shift_proxy,6,12,0,0.01147,0.09294,0.13147,1,0,0,36.31747,1.62660,1,-0.88000,1,0.03707,0.26226,0.01377,0.00000,0.02613,cylinder,lift,0.2400,0.09439,-0.24050
no_collision_energy,material_shift_proxy,6,13,1,0.16466,0.04689,0.04689,0,0,0,39.24271,3.11995,1,0.82231,1,0.01928,0.29039,0.00084,0.00000,0.00625,cylinder,lift,0.2400,0.09707,0.04248
no_collision_energy,material_shift_proxy,6,14,0,0.01179,0.03810,0.07631,1,0,0,43.50247,1.58565,1,-0.78898,1,0.11397,0.25757,0.03990,0.00000,0.05911,cylinder,lift,0.2400,0.08597,0.70871
no_collision_energy,material_shift_proxy,7,0,0,0.06758,0.04982,0.04982,1,0,0,41.52227,2.29898,1,-0.73380,1,0.04813,0.25857,0.04676,0.00000,0.00796,cylinder,lift,0.2400,0.09146,0.68946
no_collision_energy,material_shift_proxy,7,1,0,0.01411,0.00977,0.04566,1,0,0,38.50694,1.83858,1,-0.72512,1,0.02109,0.26781,0.00481,0.00000,0.01624,cylinder,lift,0.2400,0.09628,-0.21042
no_collision_energy,material_shift_proxy,7,2,1,0.16650,0.06685,0.06685,0,0,0,43.41157,3.62648,1,0.78073,1,0.08600,0.25864,0.00114,0.00000,0.00329,cylinder,lift,0.2400,0.08706,0.37065
no_collision_energy,material_shift_proxy,7,3,0,0.01179,0.03539,0.07360,1,0,0,38.27619,1.39053,1,-0.78333,1,0.03493,0.27653,0.00051,0.00000,0.02748,cylinder,lift,0.2400,0.09661,0.52699
no_collision_energy,material_shift_proxy,7,4,1,0.07335,0.02240,0.02240,0,0,0,43.18927,2.43949,1,0.87334,1,0.08698,0.25549,0.01789,0.00000,0.01781,cylinder,lift,0.2400,0.08838,0.64765
no_collision_energy,material_shift_proxy,7,5,1,0.12296,0.05484,0.05484,0,0,0,38.24606,2.52872,1,0.80575,1,0.01725,0.26860,0.04677,0.00000,0.01219,cylinder,lift,0.2400,0.09628,-1.58577
no_collision_energy,material_shift_proxy,7,6,0,0.01133,0.04344,0.08210,1,0,0,40.55597,1.95775,1,-0.80104,1,0.04783,0.25651,0.04813,0.00000,0.01549,cylinder,lift,0.2400,0.09223,0.87594
no_collision_energy,material_shift_proxy,7,7,0,0.01876,0.05161,0.08284,1,0,0,44.23435,2.38859,1,-0.80259,1,0.09428,0.25532,0.04642,0.00000,0.00717,cylinder,lift,0.2400,0.08658,0.61336
no_collision_energy,material_shift_proxy,7,8,1,0.10291,0.06689,0.06689,0,0,0,40.58283,2.43346,1,0.78064,1,0.02791,0.25780,0.04988,0.00000,0.00872,cylinder,lift,0.2400,0.09363,1.68029
no_collision_energy,material_shift_proxy,7,9,1,0.14437,0.04525,0.04525,0,0,0,34.18581,2.20189,1,0.82572,1,0.11851,0.52524,0.01506,0.00000,0.00636,cylinder,lift,0.2400,0.10738,0.86650
no_collision_energy,material_shift_proxy,7,10,0,0.01177,0.02197,0.06021,1,0,0,38.58743,1.58624,1,-0.75543,1,0.06943,0.25480,0.01926,0.00000,0.02496,cylinder,lift,0.2400,0.09091,0.63748
no_collision_energy,material_shift_proxy,7,11,1,0.15561,0.08931,0.08931,0,0,0,37.38862,2.87078,1,0.73394,1,0.03626,0.33607,0.04344,0.00000,0.00504,cylinder,lift,0.2400,0.09896,-1.70690
no_collision_energy,material_shift_proxy,7,12,1,0.12564,0.03306,0.03306,0,0,0,41.30500,2.73339,1,0.85112,1,0.05185,0.25777,0.03882,0.00000,0.01035,cylinder,lift,0.2400,0.09130,-0.60874
no_collision_energy,material_shift_proxy,7,13,1,0.15252,0.04649,0.04649,0,0,0,36.77109,2.74853,1,0.82314,1,0.03618,0.33578,0.00258,0.00000,0.00515,cylinder,lift,0.2400,0.09894,-0.34808
no_collision_energy,material_shift_proxy,7,14,1,0.16645,0.04795,0.04795,0,0,0,38.99788,3.25760,1,0.82011,1,0.03640,0.31713,0.00234,0.00000,0.01221,cylinder,lift,0.2400,0.09827,-0.14321
no_feasibility_energy,combined_composition_shift,0,0,0,-0.00206,0.05950,0.11156,1,1,0,6.07011,0.67733,0,-1.18660,1,0.23137,0.13513,0.00000,0.00000,0.17311,t_shape,clutter_safe,0.3800,0.18000,-0.17400
no_feasibility_energy,combined_composition_shift,0,1,0,-0.00206,0.03027,0.08232,1,1,0,48.19055,2.55113,0,-1.15151,1,0.21430,0.13590,0.00000,0.00000,0.12750,t_shape,clutter_safe,0.3800,0.18000,-2.80327
no_feasibility_energy,combined_composition_shift,0,2,0,-0.00206,0.08345,0.13551,1,1,0,22.61010,0.68312,0,-1.20465,1,0.14071,0.12769,0.00000,0.00000,0.14878,t_shape,clutter_safe,0.3800,0.18000,-0.03426
no_feasibility_energy,combined_composition_shift,0,3,0,-0.00265,0.03255,0.08520,1,1,0,49.12763,2.21022,0,-1.15750,1,0.20211,0.12872,0.00000,0.00000,0.12418,t_shape,clutter_safe,0.3800,0.18000,3.07098
no_feasibility_energy,combined_composition_shift,0,4,0,0.12445,0.12819,0.12819,0,1,0,104.34923,7.28199,0,-0.68000,1,0.24554,0.13658,0.00000,0.00000,0.13388,t_shape,clutter_safe,0.3800,0.18000,0.21859
no_feasibility_energy,combined_composition_shift,0,5,0,0.16105,0.04649,0.04649,0,1,0,53.27801,3.65323,0,-0.52684,1,0.19738,0.12619,0.00000,0.00000,0.10545,t_shape,clutter_safe,0.3800,0.18000,-2.84338
no_feasibility_energy,combined_composition_shift,0,6,0,0.02497,0.06234,0.08737,1,1,0,59.76247,2.63434,0,-1.16201,1,0.19018,0.12878,0.00000,0.00000,0.10237,t_shape,clutter_safe,0.3800,0.18000,-0.07133
no_feasibility_energy,combined_composition_shift,0,7,0,0.15585,0.04666,0.04666,0,1,0,79.42570,6.51815,0,-0.52720,1,0.13834,0.13059,0.00000,0.00000,0.12064,t_shape,clutter_safe,0.3800,0.18000,-0.18608
no_feasibility_energy,combined_composition_shift,0,8,0,0.16237,0.04416,0.04416,0,1,0,78.99225,6.46736,0,-0.52199,1,0.18319,0.13100,0.00000,0.00000,0.12147,t_shape,clutter_safe,0.3800,0.18000,-0.15975
no_feasibility_energy,combined_composition_shift,0,9,0,-0.00206,0.11077,0.16283,1,0,0,0.00000,0.57088,1,-0.84567,1,0.18078,0.13247,0.00000,0.00000,0.14818,t_shape,clutter_safe,0.3800,0.18000,-0.19011
no_feasibility_energy,combined_composition_shift,0,10,0,0.15803,0.03941,0.03941,0,1,0,62.01786,5.10277,0,-0.51211,1,0.14894,0.13028,0.00000,0.00000,0.11157,t_shape,clutter_safe,0.3800,0.17677,-0.09988
no_feasibility_energy,combined_composition_shift,0,11,0,0.15599,0.06480,0.06480,0,1,0,62.75170,5.05414,0,-0.56499,1,0.09891,0.13239,0.00000,0.00000,0.13359,t_shape,clutter_safe,0.3800,0.18000,-0.14212
no_feasibility_energy,combined_composition_shift,0,12,0,-0.00206,0.04882,0.10087,1,1,0,40.60075,1.06895,0,-1.19016,1,0.17109,0.13171,0.00000,0.00000,0.13256,t_shape,clutter_safe,0.3800,0.18000,0.11040
no_feasibility_energy,combined_composition_shift,0,13,0,-0.00206,0.10030,0.15236,1,1,0,0.00000,0.57374,0,-1.19590,1,0.05325,0.13422,0.03752,0.06253,0.13716,t_shape,clutter_safe,0.3800,0.18000,-0.33395
no_feasibility_energy,combined_composition_shift,0,14,0,0.10718,0.10804,0.10804,0,1,0,64.69163,3.35461,0,-0.65509,1,0.16599,0.13394,0.00000,0.00000,0.11570,t_shape,clutter_safe,0.3800,0.18000,0.04509
no_feasibility_energy,combined_composition_shift,1,0,0,-0.00206,0.14017,0.19223,1,0,0,6.62857,0.69632,1,-0.85571,1,0.09001,0.13289,0.01275,0.02125,0.11468,t_shape,clutter_safe,0.3800,0.18000,-0.14042
no_feasibility_energy,combined_composition_shift,1,1,0,0.03135,0.08195,0.10060,1,1,0,22.88799,1.13171,0,-1.18959,1,0.21078,0.13707,0.00000,0.00000,0.12581,t_shape,clutter_safe,0.3800,0.18000,0.01506
no_feasibility_energy,combined_composition_shift,1,2,0,0.12214,0.09428,0.09428,0,1,0,64.93723,3.86713,0,-0.62643,1,0.18712,0.13388,0.00000,0.00000,0.09203,t_shape,clutter_safe,0.3800,0.18000,-0.24677
no_feasibility_energy,combined_composition_shift,1,3,0,0.15207,0.08374,0.08374,0,1,0,78.36885,6.20217,0,-0.60446,1,0.14027,0.13588,0.00000,0.00000,0.14024,t_shape,clutter_safe,0.3800,0.18000,-0.41589
no_feasibility_energy,combined_composition_shift,1,4,0,0.10488,0.05183,0.05183,0,1,0,66.76216,4.43658,0,-0.53799,1,0.18272,0.13319,0.00000,0.00000,0.04796,t_shape,clutter_safe,0.3800,0.16617,0.13147
no_feasibility_energy,combined_composition_shift,1,5,0,0.06397,0.04904,0.04904,1,1,0,61.18788,2.56017,0,-1.08218,1,0.23206,0.13584,0.00000,0.00000,0.15861,t_shape,clutter_safe,0.3800,0.18000,-0.05428
no_feasibility_energy,combined_composition_shift,1,6,0,0.15229,0.10920,0.10920,0,1,0,64.88427,4.11311,0,-0.65749,1,0.13738,0.13441,0.00000,0.00000,0.13740,t_shape,clutter_safe,0.3800,0.18000,-2.71569
no_feasibility_energy,combined_composition_shift,1,7,0,0.15248,0.08546,0.08546,0,1,0,77.43383,5.96858,0,-0.60805,1,0.19064,0.13635,0.00000,0.00000,0.11374,t_shape,clutter_safe,0.3800,0.18000,-3.11439
no_feasibility_energy,combined_composition_shift,1,8,0,0.03636,0.06631,0.07996,1,1,0,43.08233,2.13491,0,-1.14657,1,0.17687,0.16744,0.14878,0.24796,0.03625,t_shape,clutter_safe,0.3800,0.15253,-1.48185
no_feasibility_energy,combined_composition_shift,1,9,0,0.15674,0.02110,0.02110,0,1,0,65.39112,5.38076,0,-0.47397,1,0.11407,0.13017,0.00000,0.00000,0.11004,t_shape,clutter_safe,0.3800,0.18000,-0.22406
no_feasibility_energy,combined_composition_shift,1,10,0,0.07478,0.04915,0.04915,0,1,0,43.03046,3.07127,0,-0.53239,1,0.24224,0.12673,0.00000,0.00000,0.19945,t_shape,clutter_safe,0.3800,0.18000,0.92198
no_feasibility_energy,combined_composition_shift,1,11,0,0.13911,0.03779,0.03779,0,1,0,33.92264,1.49767,0,-0.50874,1,0.21569,0.13126,0.00000,0.00000,0.17109,t_shape,clutter_safe,0.3800,0.18000,-0.61747
no_feasibility_energy,combined_composition_shift,1,12,0,-0.00206,0.28360,0.33566,1,1,0,76.01779,3.24118,0,-1.23000,1,0.15359,0.13368,0.00000,0.00000,0.14743,t_shape,clutter_safe,0.3800,0.18000,0.16658
no_feasibility_energy,combined_composition_shift,1,13,0,0.04351,0.03594,0.04244,1,1,0,69.56404,2.91088,0,-1.06841,1,0.14389,0.12796,0.00000,0.00000,0.13768,t_shape,clutter_safe,0.3800,0.18000,0.22019
no_feasibility_energy,combined_composition_shift,1,14,0,0.15265,0.05437,0.05437,0,1,0,52.54414,3.22277,0,-0.54326,1,0.14302,0.13635,0.00000,0.00000,0.11225,t_shape,clutter_safe,0.3800,0.18000,-3.01901
no_feasibility_energy,combined_composition_shift,2,0,0,-0.00206,0.08362,0.13567,1,1,0,8.73122,0.62869,0,-1.20029,1,0.18394,0.13173,0.00000,0.00000,0.14616,t_shape,clutter_safe,0.3800,0.18000,-0.12917
no_feasibility_energy,combined_composition_shift,2,1,0,-0.00206,0.12917,0.18123,1,0,0,5.25122,0.61781,1,-0.84942,1,0.20191,0.12735,0.00000,0.00000,0.12394,t_shape,clutter_safe,0.3800,0.18000,-0.01161
no_feasibility_energy,combined_composition_shift,2,2,0,0.15367,0.12275,0.12275,0,1,0,79.04538,6.38958,0,-0.68000,1,0.17185,0.13770,0.00000,0.00000,0.09329,t_shape,clutter_safe,0.3800,0.18000,-0.16413
no_feasibility_energy,combined_composition_shift,2,3,0,0.16171,0.06102,0.06102,0,1,0,70.41822,5.85861,0,-0.55713,1,0.12431,0.13223,0.00000,0.00000,0.12246,t_shape,clutter_safe,0.3800,0.18000,-0.24204
no_feasibility_energy,combined_composition_shift,2,4,0,0.15679,0.03721,0.03721,0,1,0,83.62037,6.81686,0,-0.50752,1,0.18293,0.13093,0.00000,0.00000,0.12522,t_shape,clutter_safe,0.3800,0.18000,3.05367
no_feasibility_energy,combined_composition_shift,2,5,0,0.11513,0.07742,0.07742,0,1,0,74.20661,4.19891,0,-0.59130,1,0.14425,0.13515,0.00000,0.00000,0.11874,t_shape,clutter_safe,0.3800,0.18000,-3.12515
no_feasibility_energy,combined_composition_shift,2,6,0,0.01799,0.16960,0.20162,1,1,0,54.46593,2.77670,0,-1.23000,1,0.16940,0.13729,0.00000,0.00000,0.13302,t_shape,clutter_safe,0.3800,0.18000,0.13926
no_feasibility_energy,combined_composition_shift,2,7,0,0.09176,0.06996,0.06996,0,1,0,44.07757,2.69223,0,-0.57574,1,0.19322,0.13378,0.00000,0.00000,0.11633,t_shape,clutter_safe,0.3800,0.18000,-0.15182
no_feasibility_energy,combined_composition_shift,2,8,0,0.10420,0.07102,0.07102,0,1,0,70.83359,4.84312,0,-0.57795,1,0.16693,0.13648,0.00000,0.00000,0.13310,t_shape,clutter_safe,0.3800,0.18000,-0.05792
no_feasibility_energy,combined_composition_shift,2,9,0,0.16209,0.10427,0.10427,0,1,0,67.83111,5.62892,0,-0.64723,1,0.14236,0.13671,0.00000,0.00000,0.07197,t_shape,clutter_safe,0.3800,0.17150,-0.25205
no_feasibility_energy,combined_composition_shift,2,10,0,0.16111,0.04915,0.04915,0,1,0,54.30559,3.20686,0,-0.53239,1,0.17118,0.12848,0.00000,0.00000,0.12084,t_shape,clutter_safe,0.3800,0.18000,2.66828
no_feasibility_energy,combined_composition_shift,2,11,1,0.15929,0.05153,0.05153,0,0,0,77.28512,6.42312,1,0.81264,1,0.15559,0.12988,0.00000,0.00000,0.11789,t_shape,clutter_safe,0.3800,0.18000,-0.24313
no_feasibility_energy,combined_composition_shift,2,12,0,0.02167,0.05313,0.08145,1,1,0,61.05946,2.60980,0,-1.14969,1,0.19480,0.13019,0.00000,0.00000,0.13319,t_shape,clutter_safe,0.3800,0.18000,0.13699
no_feasibility_energy,combined_composition_shift,2,13,0,0.16210,0.03509,0.03509,0,1,0,58.37722,4.71848,0,-0.50311,1,0.06077,0.12669,0.01842,0.03071,0.09500,t_shape,clutter_safe,0.3800,0.18000,-0.14131
no_feasibility_energy,combined_composition_shift,2,14,0,0.15761,0.03793,0.03793,0,1,0,77.26244,6.26709,0,-0.50903,1,0.15847,0.13127,0.00000,0.00000,0.12627,t_shape,clutter_safe,0.3800,0.18000,-0.04404
no_feasibility_energy,combined_composition_shift,3,0,0,0.16147,0.10678,0.10678,0,1,0,83.09347,6.85513,0,-0.65246,1,0.16886,0.13719,0.00000,0.00000,0.10775,t_shape,clutter_safe,0.3800,0.18000,3.01660
no_feasibility_energy,combined_composition_shift,3,1,0,0.14831,0.04905,0.04905,0,1,0,49.76320,2.20002,0,-0.53220,1,0.21167,0.13133,0.07090,0.11817,0.15243,t_shape,clutter_safe,0.3800,0.18000,-0.08444
no_feasibility_energy,combined_composition_shift,3,2,0,0.16028,0.00452,0.00452,0,1,0,81.06262,6.75406,0,-0.43942,1,0.17748,0.12873,0.00000,0.00000,0.14239,t_shape,clutter_safe,0.3800,0.18000,-0.16578
no_feasibility_energy,combined_composition_shift,3,3,0,0.15141,0.07701,0.07701,0,1,0,77.19109,5.93062,0,-0.59045,1,0.08999,0.13640,0.00000,0.00000,0.12700,t_shape,clutter_safe,0.3800,0.18000,0.00247
no_feasibility_energy,combined_composition_shift,3,4,0,0.14848,0.11907,0.11907,0,1,0,71.24671,4.36287,0,-0.67806,1,0.19131,0.13524,0.03040,0.05066,0.10538,t_shape,clutter_safe,0.3800,0.18000,0.33040
no_feasibility_energy,combined_composition_shift,3,5,0,-0.00206,0.04168,0.09374,1,1,0,60.43193,2.03009,0,-1.17530,1,0.05600,0.13667,0.00000,0.00000,0.12889,t_shape,clutter_safe,0.3800,0.18000,-0.13361
no_feasibility_energy,combined_composition_shift,3,6,0,0.13875,0.00491,0.00491,0,1,0,49.57405,2.67184,0,-0.44023,1,0.13189,0.12799,0.00000,0.00000,0.14785,t_shape,clutter_safe,0.3800,0.18000,-0.21916
no_feasibility_energy,combined_composition_shift,3,7,0,-0.00206,0.05064,0.10269,1,1,0,20.15492,1.15148,0,-1.19395,1,0.11761,0.12758,0.00000,0.00000,0.11845,t_shape,clutter_safe,0.3800,0.18000,-0.28168
no_feasibility_energy,combined_composition_shift,3,8,1,0.16314,0.05180,0.05180,0,0,0,57.81001,4.67956,1,0.81207,1,0.04125,0.12736,0.00000,0.00000,0.11136,t_shape,clutter_safe,0.3800,0.18000,-0.14973
no_feasibility_energy,combined_composition_shift,3,9,0,0.12605,0.05515,0.05515,0,1,0,50.30861,2.89874,0,-0.54489,1,0.26951,0.32151,0.00000,0.00000,0.16439,t_shape,clutter_safe,0.3800,0.18000,-2.67237
no_feasibility_energy,combined_composition_shift,3,10,0,-0.00206,0.08743,0.13949,1,1,0,25.56317,0.71134,0,-1.20691,1,0.18309,0.12762,0.00000,0.00000,0.15861,t_shape,clutter_safe,0.3800,0.18000,3.03623
no_feasibility_energy,combined_composition_shift,3,11,0,0.16109,0.00136,0.00136,0,1,0,71.78514,5.94232,0,-0.43283,1,0.08986,0.12846,0.00000,0.00000,0.09334,t_shape,clutter_safe,0.3800,0.18000,-0.02295
no_feasibility_energy,combined_composition_shift,3,12,0,0.15766,0.06630,0.06630,0,1,0,60.53374,4.48866,0,-0.56812,1,0.19003,0.12929,0.00000,0.00000,0.13642,t_shape,clutter_safe,0.3800,0.18000,-2.64926
no_feasibility_energy,combined_composition_shift,3,13,1,0.13955,0.07571,0.07571,0,0,0,100.52664,5.95284,1,0.76227,1,0.16496,0.12903,0.00000,0.00000,0.11340,t_shape,clutter_safe,0.3800,0.18000,0.17932
no_feasibility_energy,combined_composition_shift,3,14,0,-0.00206,0.11353,0.16558,1,0,0,2.01346,0.54021,1,-0.84322,1,0.14667,0.12810,0.00000,0.00000,0.10284,t_shape,clutter_safe,0.3800,0.18000,-0.02451
no_feasibility_energy,combined_composition_shift,4,0,0,-0.00206,0.11772,0.16978,1,1,0,6.05373,0.61339,0,-1.19907,1,0.15318,0.12774,0.13763,0.22938,0.15565,t_shape,clutter_safe,0.3800,0.18000,1.82152
no_feasibility_energy,combined_composition_shift,4,1,0,0.15308,0.12157,0.12157,0,1,0,60.42230,5.01803,0,-0.68000,1,0.08276,0.13737,0.00000,0.00000,0.11601,t_shape,clutter_safe,0.3800,0.18000,0.13456
no_feasibility_energy,combined_composition_shift,4,2,0,0.04034,0.03733,0.04698,1,1,0,49.12908,2.23802,0,-1.07788,1,0.16149,0.12689,0.00000,0.00000,0.12729,t_shape,clutter_safe,0.3800,0.18000,-0.13388
no_feasibility_energy,combined_composition_shift,4,3,0,-0.00206,0.06409,0.11615,1,0,0,3.23070,0.57552,1,-0.83802,1,0.22262,0.12806,0.18933,0.31556,0.14307,t_shape,clutter_safe,0.3800,0.18000,0.07773
no_feasibility_energy,combined_composition_shift,4,4,0,0.03834,0.19447,0.20613,1,1,0,77.30420,5.13844,0,-1.23000,1,0.10546,0.13702,0.00000,0.00000,0.10692,t_shape,clutter_safe,0.3800,0.18000,3.12566
no_feasibility_energy,combined_composition_shift,4,5,0,-0.00207,0.07400,0.12607,1,1,0,56.98965,2.00549,0,-1.23000,1,0.06349,0.13724,0.00000,0.00000,0.10225,t_shape,clutter_safe,0.3800,0.18000,-2.91910
no_feasibility_energy,combined_composition_shift,4,6,0,0.15334,0.08397,0.08397,0,1,0,79.93759,6.50163,0,-0.60494,1,0.23589,0.13363,0.00000,0.00000,0.12530,t_shape,clutter_safe,0.3800,0.18000,-2.96722
no_feasibility_energy,combined_composition_shift,4,7,0,-0.00206,0.08087,0.13293,1,1,0,10.35388,0.62080,0,-1.19966,1,0.14190,0.12664,0.11171,0.18619,0.14273,t_shape,clutter_safe,0.3800,0.18000,0.02426
no_feasibility_energy,combined_composition_shift,4,8,1,0.16226,0.02109,0.02109,0,0,0,67.75522,5.62361,1,0.87606,1,0.12553,0.12914,0.00000,0.00000,0.16256,t_shape,clutter_safe,0.3800,0.18000,-0.19572
no_feasibility_energy,combined_composition_shift,4,9,0,0.01715,0.03283,0.06568,1,1,0,33.10875,2.17163,0,-1.11684,1,0.23800,0.12687,0.00000,0.00000,0.16971,t_shape,clutter_safe,0.3800,0.18000,-0.09728
no_feasibility_energy,combined_composition_shift,4,10,0,0.04306,0.02864,0.03558,1,1,0,65.96508,3.01824,0,-1.05413,1,0.13873,0.12700,0.00000,0.00000,0.12007,t_shape,clutter_safe,0.3800,0.18000,-3.14034
no_feasibility_energy,combined_composition_shift,4,11,0,0.03902,0.05026,0.06124,1,1,0,37.46900,1.67933,0,-1.10759,1,0.10923,0.13241,0.00000,0.00000,0.12767,t_shape,clutter_safe,0.3800,0.18000,0.00289
no_feasibility_energy,combined_composition_shift,4,12,0,0.13288,0.06836,0.06836,0,1,0,38.52771,2.17860,0,-0.57242,1,0.15613,0.13454,0.00000,0.00000,0.11827,t_shape,clutter_safe,0.3800,0.18000,-0.30060
no_feasibility_energy,combined_composition_shift,4,13,0,-0.00206,0.16695,0.21901,1,0,0,5.22537,0.67221,1,-0.85378,1,0.15040,0.13582,0.00000,0.00000,0.10391,t_shape,clutter_safe,0.3800,0.18000,0.15094
no_feasibility_energy,combined_composition_shift,4,14,0,0.15595,0.02255,0.02255,0,1,0,63.94204,5.18773,0,-0.47698,1,0.07719,0.13027,0.00000,0.00000,0.11422,t_shape,clutter_safe,0.3800,0.18000,-0.11666
no_feasibility_energy,combined_composition_shift,5,0,0,0.03112,0.05161,0.07049,1,1,0,58.05105,2.44173,0,-1.12685,1,0.18982,0.13146,0.00000,0.00000,0.15407,t_shape,clutter_safe,0.3800,0.18000,-0.17476
no_feasibility_energy,combined_composition_shift,5,1,0,-0.00206,0.06066,0.11272,1,1,0,64.21726,2.87208,0,-1.21484,1,0.19591,0.13726,0.00000,0.00000,0.12995,t_shape,clutter_safe,0.3800,0.18000,2.88770
no_feasibility_energy,combined_composition_shift,5,2,0,-0.00206,0.05047,0.10253,1,1,0,36.87813,1.39132,0,-1.19360,1,0.09293,0.13376,0.00000,0.00000,0.14525,t_shape,clutter_safe,0.3800,0.18000,0.02970
no_feasibility_energy,combined_composition_shift,5,3,0,-0.00206,0.08444,0.13650,1,0,0,6.61588,0.57898,1,-0.84632,1,0.14410,0.13018,0.17711,0.29518,0.11640,t_shape,clutter_safe,0.3800,0.18000,2.84752
no_feasibility_energy,combined_composition_shift,5,4,0,-0.00206,0.10472,0.15678,1,1,0,49.52804,1.14313,0,-1.23000,1,0.05845,0.13455,0.05087,0.08478,0.14212,t_shape,clutter_safe,0.3800,0.18000,-0.16529
no_feasibility_energy,combined_composition_shift,5,5,0,0.16102,0.07640,0.07640,0,1,0,66.96709,5.14008,0,-0.58917,1,0.10757,0.13579,0.00000,0.00000,0.14340,t_shape,clutter_safe,0.3800,0.18000,0.23330
no_feasibility_energy,combined_composition_shift,5,6,0,0.15101,0.07422,0.07422,0,1,0,75.98067,5.67846,0,-0.58462,1,0.13130,0.13001,0.00000,0.00000,0.15352,t_shape,clutter_safe,0.3800,0.18000,-0.27858
no_feasibility_energy,combined_composition_shift,5,7,1,0.16089,0.02744,0.02744,0,0,0,75.76720,6.23621,1,0.86283,1,0.18102,0.12812,0.00000,0.00000,0.11661,t_shape,clutter_safe,0.3800,0.18000,-0.14079
no_feasibility_energy,combined_composition_shift,5,8,0,-0.00206,0.08981,0.14187,1,1,0,46.42120,1.27548,0,-1.23000,1,0.22640,0.13194,0.00000,0.00000,0.13615,t_shape,clutter_safe,0.3800,0.18000,-0.39387
no_feasibility_energy,combined_composition_shift,5,9,0,0.07206,0.01534,0.01534,0,1,0,44.31264,2.86956,0,-0.46196,1,0.18548,0.12720,0.00000,0.00000,0.09752,t_shape,clutter_safe,0.3800,0.17973,0.06751
no_feasibility_energy,combined_composition_shift,5,10,0,0.12032,0.09964,0.09964,0,1,0,80.68085,5.25573,0,-0.63758,1,0.15119,0.13420,0.00000,0.00000,0.12195,t_shape,clutter_safe,0.3800,0.18000,0.25001
no_feasibility_energy,combined_composition_shift,5,11,0,0.10239,0.07656,0.07656,0,1,0,60.53128,3.51628,0,-0.58950,1,0.15480,0.13352,0.00000,0.00000,0.13355,t_shape,clutter_safe,0.3800,0.18000,0.12220
no_feasibility_energy,combined_composition_shift,5,12,0,0.14982,0.09174,0.09174,0,1,0,80.30170,6.07054,0,-0.62112,1,0.15474,0.13687,0.00000,0.00000,0.11274,t_shape,clutter_safe,0.3800,0.18000,2.99239
no_feasibility_energy,combined_composition_shift,5,13,0,0.11725,0.02350,0.02350,0,1,0,98.76485,5.08463,0,-0.47895,1,0.21114,0.13092,0.00000,0.00000,0.12144,t_shape,clutter_safe,0.3800,0.18000,-0.06808
no_feasibility_energy,combined_composition_shift,5,14,0,-0.00206,0.02260,0.07466,1,1,0,58.29651,2.73738,0,-1.13554,1,0.20933,0.13542,0.00000,0.00000,0.12936,t_shape,clutter_safe,0.3800,0.18000,3.08306
no_feasibility_energy,combined_composition_shift,6,0,0,-0.00206,0.00924,0.06130,1,1,0,60.21938,2.60420,0,-1.10771,1,0.16661,0.13364,0.01443,0.02404,0.10827,t_shape,clutter_safe,0.3800,0.18000,-0.40294
no_feasibility_energy,combined_composition_shift,6,1,1,0.15957,0.09845,0.09845,0,0,0,56.61927,4.71021,1,0.71490,1,0.02628,0.14309,0.02169,0.03615,0.11376,t_shape,clutter_safe,0.3800,0.18000,-0.01275
no_feasibility_energy,combined_composition_shift,6,2,0,-0.00206,0.10807,0.16013,1,1,0,8.29337,0.64384,0,-1.20151,1,0.20862,0.13089,0.00000,0.00000,0.14967,t_shape,clutter_safe,0.3800,0.18000,-0.01650
no_feasibility_energy,combined_composition_shift,6,3,0,0.07121,0.05339,0.05339,0,1,0,39.05075,2.74170,0,-0.54122,1,0.22327,0.13034,0.00000,0.00000,0.17633,t_shape,clutter_safe,0.3800,0.18000,-0.54651
no_feasibility_energy,combined_composition_shift,6,4,0,-0.00206,0.08679,0.13885,1,1,0,12.33526,0.76294,0,-1.21104,1,0.25751,0.12917,0.00000,0.00000,0.15066,t_shape,clutter_safe,0.3800,0.18000,-2.82089
no_feasibility_energy,combined_composition_shift,6,5,1,0.16226,0.00314,0.00314,0,0,0,65.22219,5.40384,1,0.91345,1,0.10573,0.12618,0.00000,0.00000,0.06593,t_shape,clutter_safe,0.3800,0.16949,3.05047
no_feasibility_energy,combined_composition_shift,6,6,0,0.16220,0.02096,0.02096,0,1,0,65.86310,5.36444,0,-0.47366,1,0.12699,0.13051,0.00000,0.00000,0.11497,t_shape,clutter_safe,0.3800,0.18000,-0.00074
no_feasibility_energy,combined_composition_shift,6,7,0,0.15668,0.09398,0.09398,0,1,0,48.52034,3.24643,0,-0.62580,1,0.08001,0.13175,0.00000,0.00000,0.16862,t_shape,clutter_safe,0.3800,0.18000,0.25922
no_feasibility_energy,combined_composition_shift,6,8,0,-0.00206,0.08481,0.13687,1,1,0,81.83576,2.88070,0,-1.23000,1,0.20587,0.13697,0.00000,0.00000,0.17841,t_shape,clutter_safe,0.3800,0.18000,-0.13612
no_feasibility_energy,combined_composition_shift,6,9,0,0.15659,0.06686,0.06686,0,1,0,50.85875,3.57957,0,-0.56930,1,0.10572,0.12883,0.00000,0.00000,0.11312,t_shape,clutter_safe,0.3800,0.18000,0.19317
no_feasibility_energy,combined_composition_shift,6,10,0,0.12294,0.04963,0.04963,0,1,0,70.99468,3.94302,0,-0.53340,1,0.18942,0.12607,0.00000,0.00000,0.10553,t_shape,clutter_safe,0.3800,0.18000,3.05082
no_feasibility_energy,combined_composition_shift,6,11,0,0.10913,0.05604,0.05604,0,1,0,57.86432,3.74523,0,-0.54675,1,0.14728,0.16545,0.00457,0.00761,0.13056,t_shape,clutter_safe,0.3800,0.18000,-2.99114
no_feasibility_energy,combined_composition_shift,6,12,0,0.15895,0.01843,0.01843,0,1,0,63.04229,5.18583,0,-0.46841,1,0.06271,0.12827,0.00000,0.00000,0.08753,t_shape,clutter_safe,0.3800,0.17640,3.01592
no_feasibility_energy,combined_composition_shift,6,13,0,0.16200,0.00428,0.00428,0,1,0,62.65128,5.07986,0,-0.43892,1,0.16052,0.12676,0.00000,0.00000,0.11976,t_shape,clutter_safe,0.3800,0.17687,0.23692
no_feasibility_energy,combined_composition_shift,6,14,0,0.01423,0.02015,0.05592,1,1,0,45.08033,2.18479,0,-1.09649,1,0.15861,0.13786,0.00000,0.00000,0.11354,t_shape,clutter_safe,0.3800,0.17314,-2.61818
no_feasibility_energy,combined_composition_shift,7,0,0,0.15764,0.07948,0.07948,0,1,0,47.24416,3.13288,0,-0.59557,1,0.15124,0.13046,0.12457,0.20762,0.10761,t_shape,clutter_safe,0.3800,0.18000,0.27157
no_feasibility_energy,combined_composition_shift,7,1,1,0.16171,0.08692,0.08692,0,0,0,75.02761,6.27919,1,0.73892,1,0.10688,0.13461,0.00000,0.00000,0.10128,t_shape,clutter_safe,0.3800,0.18000,-0.05180
no_feasibility_energy,combined_composition_shift,7,2,0,-0.00207,0.03638,0.08845,1,1,0,56.63168,2.45686,0,-1.16427,1,0.11256,0.12793,0.00000,0.00000,0.11543,t_shape,clutter_safe,0.3800,0.18000,2.80328
no_feasibility_energy,combined_composition_shift,7,3,0,0.10179,0.08477,0.08477,0,1,0,59.01712,3.21292,0,-0.60661,1,0.12750,0.13574,0.00000,0.00000,0.11426,t_shape,clutter_safe,0.3800,0.18000,-0.38063
no_feasibility_energy,combined_composition_shift,7,4,0,-0.00206,0.10514,0.15719,1,1,0,0.00000,0.60174,0,-1.19814,1,0.12451,0.13730,0.09350,0.15583,0.09690,t_shape,clutter_safe,0.3800,0.18000,2.93805
no_feasibility_energy,combined_composition_shift,7,5,0,0.11382,0.11205,0.11205,0,1,0,89.22964,5.14097,0,-0.66345,1,0.23617,0.13663,0.00000,0.00000,0.14260,t_shape,clutter_safe,0.3800,0.18000,0.30082
no_feasibility_energy,combined_composition_shift,7,6,0,0.09949,0.05436,0.05436,0,1,0,66.48817,5.20214,0,-0.54324,1,0.24817,0.13294,0.00000,0.00000,0.13641,t_shape,clutter_safe,0.3800,0.18000,3.13392
no_feasibility_energy,combined_composition_shift,7,7,0,0.15110,0.04555,0.04555,0,1,0,72.61106,5.61649,0,-0.52489,1,0.07717,0.13346,0.00000,0.00000,0.10755,t_shape,clutter_safe,0.3800,0.18000,-0.18557
no_feasibility_energy,combined_composition_shift,7,8,0,0.15594,0.04637,0.04637,0,1,0,37.24259,3.11109,0,-0.52661,1,0.21108,0.12711,0.00000,0.00000,0.10530,t_shape,clutter_safe,0.3800,0.18000,0.30658
no_feasibility_energy,combined_composition_shift,7,9,0,0.07508,0.04329,0.04329,0,1,0,40.08135,2.84377,0,-0.52020,1,0.19215,0.12707,0.02743,0.04572,0.03094,t_shape,clutter_safe,0.3800,0.16520,0.12659
no_feasibility_energy,combined_composition_shift,7,10,0,0.15932,0.07145,0.07145,0,1,0,65.53592,5.42324,0,-0.57885,1,0.11819,0.13219,0.00000,0.00000,0.12271,t_shape,clutter_safe,0.3800,0.18000,0.04698
no_feasibility_energy,combined_composition_shift,7,11,0,-0.00206,0.07280,0.12486,1,1,0,47.72816,1.35678,0,-1.23000,1,0.14023,0.13219,0.04374,0.07290,0.19767,t_shape,clutter_safe,0.3800,0.18000,0.32146
no_feasibility_energy,combined_composition_shift,7,12,0,-0.00206,0.06173,0.11379,1,1,0,16.94961,0.70839,0,-1.19373,1,0.22720,0.13086,0.00000,0.00000,0.13820,t_shape,clutter_safe,0.3800,0.18000,-0.20177
no_feasibility_energy,combined_composition_shift,7,13,0,0.15695,0.03328,0.03328,0,1,0,70.24357,5.70039,0,-0.49933,1,0.12392,0.13072,0.00000,0.00000,0.05671,t_shape,clutter_safe,0.3800,0.16908,-3.11763
no_feasibility_energy,combined_composition_shift,7,14,0,0.15941,0.02647,0.02647,0,1,0,39.94945,3.28167,0,-0.48514,1,0.14850,0.12934,0.00000,0.00000,0.09406,t_shape,clutter_safe,0.3800,0.18000,0.15819
no_feasibility_energy,adversarial_clutter_gap,0,0,0,-0.00206,0.09557,0.14763,1,0,0,0.00000,0.59612,1,-0.84769,1,0.26019,0.06234,0.03546,0.05911,0.20939,t_shape,clutter_safe,0.4600,0.18000,2.42700
no_feasibility_energy,adversarial_clutter_gap,0,1,0,0.04970,0.05177,0.05207,1,1,0,46.00493,3.10444,0,-1.08849,1,0.21587,0.05470,0.00000,0.00000,0.11368,t_shape,clutter_safe,0.4600,0.18000,0.21604
no_feasibility_energy,adversarial_clutter_gap,0,2,0,0.13787,0.08742,0.08742,0,1,0,127.42446,8.13227,0,-0.61212,1,0.25045,0.06437,0.00000,0.00000,0.13125,t_shape,clutter_safe,0.4600,0.18000,-0.25460
no_feasibility_energy,adversarial_clutter_gap,0,3,0,0.03194,0.03051,0.04857,1,1,0,78.88559,3.65845,0,-1.08118,1,0.17313,0.06176,0.00000,0.00000,0.16221,t_shape,clutter_safe,0.4600,0.18000,-0.64563
no_feasibility_energy,adversarial_clutter_gap,0,4,0,0.08060,0.03546,0.03546,0,1,0,77.96436,4.80558,0,-0.50388,1,0.23385,0.06045,0.00000,0.00000,0.11617,t_shape,clutter_safe,0.4600,0.18000,-0.23192
no_feasibility_energy,adversarial_clutter_gap,0,5,0,0.06007,0.05485,0.05485,1,1,0,123.79876,4.95489,0,-1.09428,1,0.23623,0.06335,0.00000,0.00000,0.12534,t_shape,clutter_safe,0.4600,0.18000,-0.32761
no_feasibility_energy,adversarial_clutter_gap,0,6,0,-0.00206,0.04723,0.09928,1,1,0,45.24514,2.28838,0,-1.18684,1,0.20193,0.05947,0.00000,0.00000,0.15986,t_shape,clutter_safe,0.4600,0.18000,2.18783
no_feasibility_energy,adversarial_clutter_gap,0,7,0,0.12624,0.02001,0.02001,0,1,0,91.41448,7.27439,0,-0.47169,1,0.29147,0.05518,0.00000,0.00000,0.15150,t_shape,clutter_safe,0.4600,0.18000,-2.78361
no_feasibility_energy,adversarial_clutter_gap,0,8,0,-0.00206,0.04329,0.09535,1,1,0,35.75345,1.88059,0,-1.17864,1,0.18506,0.07067,0.00000,0.00000,0.04997,t_shape,clutter_safe,0.4600,0.14615,-1.38424
no_feasibility_energy,adversarial_clutter_gap,0,9,0,0.02834,0.04086,0.06252,1,1,0,29.16682,1.84488,0,-1.11025,1,0.11501,0.05707,0.09700,0.16166,0.11232,t_shape,clutter_safe,0.4600,0.18000,0.28243
no_feasibility_energy,adversarial_clutter_gap,0,10,0,-0.00206,0.06167,0.11373,1,1,0,17.61971,0.87103,0,-1.20662,1,0.16449,0.05951,0.00000,0.00000,0.11050,t_shape,clutter_safe,0.4600,0.18000,0.10464
no_feasibility_energy,adversarial_clutter_gap,0,11,0,0.03588,0.10000,0.11413,1,1,0,13.89433,0.90085,0,-1.20983,1,0.14341,0.06129,0.00000,0.00000,0.11762,t_shape,clutter_safe,0.4600,0.18000,-1.29255
no_feasibility_energy,adversarial_clutter_gap,0,12,0,-0.00206,0.02010,0.07216,1,0,0,1.80137,0.57473,1,-0.74630,1,0.19854,0.06107,0.00000,0.00000,0.19017,t_shape,clutter_safe,0.4600,0.18000,-2.08321
no_feasibility_energy,adversarial_clutter_gap,0,13,0,0.07360,0.04326,0.04326,0,1,0,52.67138,4.02291,0,-0.52012,1,0.19207,0.05422,0.00000,0.00000,0.13141,t_shape,clutter_safe,0.4600,0.18000,3.13512
no_feasibility_energy,adversarial_clutter_gap,0,14,0,0.02460,0.03859,0.06398,1,1,0,43.46929,2.60241,0,-1.11330,1,0.19054,0.05853,0.00000,0.00000,0.10034,t_shape,clutter_safe,0.4600,0.18000,-2.71383
no_feasibility_energy,adversarial_clutter_gap,1,0,0,0.16345,0.01778,0.01778,0,1,0,72.82132,5.82562,0,-0.46703,1,0.13722,0.05871,0.00000,0.00000,0.15565,t_shape,clutter_safe,0.4600,0.17851,-0.20692
no_feasibility_energy,adversarial_clutter_gap,1,1,0,0.10668,0.05388,0.05388,0,1,0,66.40322,4.07375,0,-0.54225,1,0.16724,0.06188,0.15780,0.26299,0.11654,t_shape,clutter_safe,0.4600,0.18000,-0.14801
no_feasibility_energy,adversarial_clutter_gap,1,2,0,0.13960,0.05967,0.05967,0,1,0,77.04891,4.37931,0,-0.55431,1,0.25319,0.05405,0.00000,0.00000,0.12154,t_shape,clutter_safe,0.4600,0.18000,2.92833
no_feasibility_energy,adversarial_clutter_gap,1,3,0,0.07103,0.03906,0.03906,0,1,0,56.22475,2.81903,0,-0.51137,1,0.19194,0.05847,0.00000,0.00000,0.11314,t_shape,clutter_safe,0.4600,0.18000,-0.26095
no_feasibility_energy,adversarial_clutter_gap,1,4,0,0.11169,0.06476,0.06476,0,1,0,76.86406,4.22111,0,-0.56491,1,0.15479,0.05858,0.05105,0.08508,0.09124,t_shape,clutter_safe,0.4600,0.18000,0.31569
no_feasibility_energy,adversarial_clutter_gap,1,5,0,0.12619,0.07677,0.07677,0,1,0,65.71753,3.73612,0,-0.58994,1,0.11796,0.05972,0.00000,0.00000,0.11448,t_shape,clutter_safe,0.4600,0.18000,-2.82754
no_feasibility_energy,adversarial_clutter_gap,1,6,0,-0.00206,0.03153,0.08358,1,1,0,39.36827,1.89461,0,-1.15413,1,0.15647,0.06188,0.00000,0.00000,0.12174,t_shape,clutter_safe,0.4600,0.18000,-0.15487
no_feasibility_energy,adversarial_clutter_gap,1,7,0,-0.00206,0.07652,0.12858,1,1,0,58.57002,2.28949,0,-1.23000,1,0.24502,0.06469,0.00000,0.00000,0.05093,t_shape,clutter_safe,0.4600,0.15602,1.44408
no_feasibility_energy,adversarial_clutter_gap,1,8,0,-0.00206,0.04426,0.09632,1,1,0,83.83217,2.97119,0,-1.18067,1,0.19519,0.05985,0.00000,0.00000,0.12888,t_shape,clutter_safe,0.4600,0.18000,-3.02451
no_feasibility_energy,adversarial_clutter_gap,1,9,0,0.01187,0.16834,0.20646,1,1,0,55.66000,3.07813,0,-1.23000,1,0.23834,0.06136,0.00000,0.00000,0.04917,t_shape,clutter_safe,0.4600,0.16022,-2.79280
no_feasibility_energy,adversarial_clutter_gap,1,10,0,0.02187,0.03177,0.05990,1,1,0,56.04658,3.40193,0,-1.10480,1,0.21427,0.05568,0.00000,0.00000,0.12494,t_shape,clutter_safe,0.4600,0.18000,0.42075
no_feasibility_energy,adversarial_clutter_gap,1,11,0,0.05715,0.04339,0.04339,1,1,0,103.18386,4.90690,0,-1.07040,1,0.18421,0.05765,0.00000,0.00000,0.10742,t_shape,clutter_safe,0.4600,0.18000,0.00421
no_feasibility_energy,adversarial_clutter_gap,1,12,0,0.07401,0.03177,0.03177,0,1,0,93.49826,3.79445,0,-0.49619,1,0.17334,0.05817,0.00000,0.00000,0.09945,t_shape,clutter_safe,0.4600,0.17571,-2.88725
no_feasibility_energy,adversarial_clutter_gap,1,13,0,-0.00206,0.06098,0.11304,1,1,0,26.06282,0.88234,0,-1.20608,1,0.08724,0.05591,0.18331,0.30552,0.13140,t_shape,clutter_safe,0.4600,0.18000,-0.16313
no_feasibility_energy,adversarial_clutter_gap,1,14,0,-0.00206,0.01934,0.07140,1,1,0,33.41356,1.60268,0,-1.12875,1,0.20411,0.05990,0.05861,0.09769,0.02086,t_shape,clutter_safe,0.4600,0.15621,1.32005
no_feasibility_energy,adversarial_clutter_gap,2,0,0,0.14650,0.05321,0.05321,0,1,0,87.46079,6.99256,0,-0.54086,1,0.17967,0.06111,0.00000,0.00000,0.13114,t_shape,clutter_safe,0.4600,0.18000,-0.21589
no_feasibility_energy,adversarial_clutter_gap,2,1,0,0.05963,0.09542,0.09542,1,1,0,69.23105,3.50688,0,-1.17879,1,0.16891,0.06455,0.00000,0.00000,0.11564,t_shape,clutter_safe,0.4600,0.18000,-0.07873
no_feasibility_energy,adversarial_clutter_gap,2,2,0,-0.00206,0.05807,0.11013,1,1,0,20.15920,0.75666,0,-1.18997,1,0.20067,0.05846,0.00000,0.00000,0.12655,t_shape,clutter_safe,0.4600,0.18000,0.01007
no_feasibility_energy,adversarial_clutter_gap,2,3,0,-0.00206,0.03830,0.09036,1,1,0,20.67095,1.10357,0,-1.16825,1,0.22174,0.05516,0.00000,0.00000,0.12966,t_shape,clutter_safe,0.4600,0.18000,-1.11444
no_feasibility_energy,adversarial_clutter_gap,2,4,0,0.03090,0.07634,0.09544,1,1,0,21.20475,0.67215,0,-1.15260,1,0.17552,0.06424,0.00000,0.00000,0.20378,t_shape,clutter_safe,0.4600,0.18000,-0.14450
no_feasibility_energy,adversarial_clutter_gap,2,5,0,-0.00206,0.03481,0.08687,1,1,0,31.58951,1.81041,0,-1.16099,1,0.24542,0.05611,0.00000,0.00000,0.03918,t_shape,clutter_safe,0.4600,0.15226,1.83447
no_feasibility_energy,adversarial_clutter_gap,2,6,0,-0.00206,0.11116,0.16322,1,1,0,6.46508,0.67375,0,-1.20390,1,0.19909,0.06324,0.00000,0.00000,0.11372,t_shape,clutter_safe,0.4600,0.18000,-0.00828
no_feasibility_energy,adversarial_clutter_gap,2,7,0,0.00396,0.09083,0.13688,1,1,0,42.94449,2.75938,0,-1.23000,1,0.15046,0.08778,0.00000,0.00000,0.11956,t_shape,clutter_safe,0.4600,0.18000,2.82180
no_feasibility_energy,adversarial_clutter_gap,2,8,0,0.05461,0.04224,0.04224,1,1,0,67.75765,3.99636,0,-1.06799,1,0.18154,0.05506,0.07074,0.11790,0.09806,t_shape,clutter_safe,0.4600,0.18000,-2.80687
no_feasibility_energy,adversarial_clutter_gap,2,9,0,-0.00206,0.04083,0.09289,1,1,0,9.03831,0.64369,0,-1.14501,1,0.14896,0.06156,0.00000,0.00000,0.11727,t_shape,clutter_safe,0.4600,0.18000,-1.37254
no_feasibility_energy,adversarial_clutter_gap,2,10,0,0.04409,0.06985,0.07576,1,1,0,64.12958,3.15440,0,-1.13783,1,0.19826,0.06335,0.09164,0.15274,0.13171,t_shape,clutter_safe,0.4600,0.18000,0.56679
no_feasibility_energy,adversarial_clutter_gap,2,11,0,0.07105,0.06860,0.06860,0,1,0,88.07563,4.80756,0,-0.57293,1,0.20005,0.06067,0.00000,0.00000,0.11852,t_shape,clutter_safe,0.4600,0.18000,-2.88146
no_feasibility_energy,adversarial_clutter_gap,2,12,0,0.04224,0.05168,0.05943,1,1,0,47.38270,2.95899,0,-1.10382,1,0.23741,0.05583,0.00000,0.00000,0.13171,t_shape,clutter_safe,0.4600,0.18000,-2.87062
no_feasibility_energy,adversarial_clutter_gap,2,13,0,-0.00206,0.04676,0.09881,1,1,0,19.68788,0.84358,0,-1.17335,1,0.16567,0.06245,0.00000,0.00000,0.14141,t_shape,clutter_safe,0.4600,0.18000,3.06468
no_feasibility_energy,adversarial_clutter_gap,2,14,0,0.15648,0.07681,0.07681,0,1,0,74.42022,6.15750,0,-0.59002,1,0.12449,0.06051,0.00000,0.00000,0.10744,t_shape,clutter_safe,0.4600,0.18000,0.01685
no_feasibility_energy,adversarial_clutter_gap,3,0,0,0.01121,0.07759,0.11639,1,1,0,25.45917,1.99947,0,-1.22247,1,0.18242,0.05466,0.04264,0.07107,0.14795,t_shape,clutter_safe,0.4600,0.18000,0.98548
no_feasibility_energy,adversarial_clutter_gap,3,1,0,0.08680,0.03923,0.03923,0,1,0,65.70358,5.22398,0,-0.51173,1,0.22777,0.05665,0.00000,0.00000,0.10557,t_shape,clutter_safe,0.4600,0.18000,3.13834
no_feasibility_energy,adversarial_clutter_gap,3,2,0,0.04169,0.03144,0.03975,1,1,0,78.54251,3.75634,0,-1.06281,1,0.25962,0.05925,0.00000,0.00000,0.12300,t_shape,clutter_safe,0.4600,0.18000,-2.88006
no_feasibility_energy,adversarial_clutter_gap,3,3,0,-0.00754,0.21970,0.27725,1,1,0,62.42610,3.29833,0,-1.23000,1,0.26007,0.06122,0.00000,0.00000,0.10240,t_shape,clutter_safe,0.4600,0.16451,-0.17890
no_feasibility_energy,adversarial_clutter_gap,3,4,0,0.06805,0.06017,0.06017,1,1,0,48.49923,2.73056,0,-1.10535,1,0.17427,0.06105,0.00000,0.00000,0.12579,t_shape,clutter_safe,0.4600,0.18000,0.16334
no_feasibility_energy,adversarial_clutter_gap,3,5,0,-0.00206,0.02253,0.07459,1,1,0,33.82941,2.06744,0,-1.13539,1,0.19478,0.05757,0.00000,0.00000,0.10162,t_shape,clutter_safe,0.4600,0.18000,-0.31328
no_feasibility_energy,adversarial_clutter_gap,3,6,0,0.04170,0.07293,0.08124,1,1,0,61.93430,2.93079,0,-1.14924,1,0.15580,0.06095,0.00000,0.00000,0.10122,t_shape,clutter_safe,0.4600,0.18000,-0.14470
no_feasibility_energy,adversarial_clutter_gap,3,7,0,0.02028,0.06842,0.09814,1,1,0,29.07054,2.40065,0,-1.18446,1,0.15303,0.05546,0.00000,0.00000,0.12162,t_shape,clutter_safe,0.4600,0.18000,1.21892
no_feasibility_energy,adversarial_clutter_gap,3,8,0,-0.00206,0.12900,0.18106,1,1,0,0.00000,0.57495,0,-1.19600,1,0.22756,0.06234,0.11239,0.18731,0.15799,t_shape,clutter_safe,0.4600,0.18000,1.89880
no_feasibility_energy,adversarial_clutter_gap,3,9,0,-0.00206,0.07122,0.12327,1,1,0,25.65126,1.09030,0,-1.23000,1,0.19735,0.06595,0.00000,0.00000,0.12610,t_shape,clutter_safe,0.4600,0.18000,-2.74388
no_feasibility_energy,adversarial_clutter_gap,3,10,0,0.05568,0.03113,0.03113,1,1,0,69.89800,4.69156,0,-1.04485,1,0.18275,0.05980,0.00000,0.00000,0.13488,t_shape,clutter_safe,0.4600,0.18000,-0.36360
no_feasibility_energy,adversarial_clutter_gap,3,11,0,0.05320,0.03882,0.03882,1,1,0,50.91093,2.25931,0,-1.06087,1,0.10186,0.05984,0.00000,0.00000,0.12428,t_shape,clutter_safe,0.4600,0.18000,0.28634
no_feasibility_energy,adversarial_clutter_gap,3,12,0,0.10562,0.13336,0.13336,0,1,0,115.84439,4.89003,0,-0.68000,1,0.22598,0.06574,0.00000,0.00000,0.11261,t_shape,clutter_safe,0.4600,0.18000,-3.03158
no_feasibility_energy,adversarial_clutter_gap,3,13,0,-0.00208,0.01143,0.06351,1,1,0,71.58832,2.94101,0,-1.11231,1,0.23251,0.06075,0.00000,0.00000,0.13159,t_shape,clutter_safe,0.4600,0.18000,0.39755
no_feasibility_energy,adversarial_clutter_gap,3,14,0,0.05588,0.05278,0.05278,1,1,0,83.06621,3.77107,0,-1.08995,1,0.12878,0.06380,0.00000,0.00000,0.13103,t_shape,clutter_safe,0.4600,0.18000,0.20208
no_feasibility_energy,adversarial_clutter_gap,4,0,0,-0.00841,0.05719,0.11559,1,1,0,18.35021,1.45080,0,-1.22082,1,0.16070,0.05579,0.00000,0.00000,0.11487,t_shape,clutter_safe,0.4600,0.18000,1.19392
no_feasibility_energy,adversarial_clutter_gap,4,1,0,-0.00206,0.01719,0.06925,1,1,0,59.26174,2.97604,0,-1.12427,1,0.19803,0.05579,0.00000,0.00000,0.11836,t_shape,clutter_safe,0.4600,0.18000,-0.32583
no_feasibility_energy,adversarial_clutter_gap,4,2,0,0.02018,0.06684,0.09667,1,1,0,58.34213,1.57452,0,-1.18139,1,0.19158,0.06191,0.00000,0.00000,0.13058,t_shape,clutter_safe,0.4600,0.18000,-2.94893
no_feasibility_energy,adversarial_clutter_gap,4,3,0,0.04629,0.01412,0.01782,1,1,0,96.79193,4.23585,0,-1.01713,1,0.26545,0.06487,0.00000,0.00000,0.14518,t_shape,clutter_safe,0.4600,0.18000,0.28881
no_feasibility_energy,adversarial_clutter_gap,4,4,0,-0.00206,0.00970,0.06176,1,1,0,48.53511,2.03592,0,-1.10867,1,0.26756,0.06442,0.00000,0.00000,0.13575,t_shape,clutter_safe,0.4600,0.18000,2.62139
no_feasibility_energy,adversarial_clutter_gap,4,5,0,-0.00206,0.07936,0.13142,1,1,0,4.30357,0.67315,0,-1.20385,1,0.16059,0.05941,0.10898,0.18163,0.18211,t_shape,clutter_safe,0.4600,0.18000,0.42950
no_feasibility_energy,adversarial_clutter_gap,4,6,0,0.01808,0.05716,0.08909,1,1,0,83.62424,4.47287,0,-1.16560,1,0.27671,0.06551,0.00000,0.00000,0.13912,t_shape,clutter_safe,0.4600,0.18000,0.30574
no_feasibility_energy,adversarial_clutter_gap,4,7,0,0.10640,0.11289,0.11289,0,1,0,89.53153,4.07976,0,-0.66518,1,0.21028,0.06497,0.22411,0.37352,0.12433,t_shape,clutter_safe,0.4600,0.18000,0.38210
no_feasibility_energy,adversarial_clutter_gap,4,8,0,0.07356,0.02615,0.02615,0,1,0,62.23528,3.56625,0,-0.48447,1,0.09811,0.05785,0.00000,0.00000,0.12268,t_shape,clutter_safe,0.4600,0.18000,-0.30605
no_feasibility_energy,adversarial_clutter_gap,4,9,0,-0.00206,0.03803,0.09009,1,1,0,76.52154,2.33398,0,-1.16768,1,0.13840,0.06106,0.00000,0.00000,0.12434,t_shape,clutter_safe,0.4600,0.18000,-0.01854
no_feasibility_energy,adversarial_clutter_gap,4,10,0,0.07227,0.09049,0.09049,0,1,0,77.64520,4.46624,0,-0.61853,1,0.18052,0.06347,0.00000,0.00000,0.11902,t_shape,clutter_safe,0.4600,0.18000,-0.19335
no_feasibility_energy,adversarial_clutter_gap,4,11,0,0.02883,0.09742,0.11859,1,1,0,34.36140,1.09219,0,-1.22707,1,0.19966,0.05974,0.00000,0.00000,0.17102,t_shape,clutter_safe,0.4600,0.18000,-0.05447
no_feasibility_energy,adversarial_clutter_gap,4,12,0,0.07915,0.08039,0.08039,0,1,0,85.03388,5.10351,0,-0.59747,1,0.17063,0.06380,0.00000,0.00000,0.12697,t_shape,clutter_safe,0.4600,0.18000,-2.79530
no_feasibility_energy,adversarial_clutter_gap,4,13,0,0.06338,0.03616,0.03616,1,1,0,58.64742,2.57879,0,-1.05534,1,0.19433,0.05726,0.00000,0.00000,0.12285,t_shape,clutter_safe,0.4600,0.18000,-0.17928
no_feasibility_energy,adversarial_clutter_gap,4,14,0,0.04948,0.09745,0.09797,1,1,0,50.43779,2.08424,0,-1.18409,1,0.05635,0.06376,0.11830,0.19716,0.09859,t_shape,clutter_safe,0.4600,0.18000,-0.25839
no_feasibility_energy,adversarial_clutter_gap,5,0,0,-0.00343,0.39556,0.44898,1,1,0,85.84579,4.86378,0,-1.23000,1,0.21333,0.06121,0.00000,0.00000,0.09774,t_shape,clutter_safe,0.4600,0.18000,-0.04141
no_feasibility_energy,adversarial_clutter_gap,5,1,0,-0.00206,0.02700,0.07906,1,1,0,66.25685,3.28521,0,-1.14470,1,0.22551,0.06404,0.00000,0.00000,0.13969,t_shape,clutter_safe,0.4600,0.18000,-0.29134
no_feasibility_energy,adversarial_clutter_gap,5,2,0,-0.00016,0.05938,0.10954,1,1,0,36.31690,1.47748,0,-1.20821,1,0.16854,0.05844,0.00000,0.00000,0.11879,t_shape,clutter_safe,0.4600,0.18000,0.19842
no_feasibility_energy,adversarial_clutter_gap,5,3,0,-0.00206,0.03245,0.08451,1,1,0,86.46598,3.82018,0,-1.15606,1,0.18936,0.06511,0.00000,0.00000,0.12899,t_shape,clutter_safe,0.4600,0.18000,-0.50670
no_feasibility_energy,adversarial_clutter_gap,5,4,0,-0.00206,0.06824,0.12030,1,1,0,10.45431,0.56192,0,-1.19495,1,0.18791,0.05625,0.00723,0.01206,0.02941,t_shape,clutter_safe,0.4600,0.16591,1.41574
no_feasibility_energy,adversarial_clutter_gap,5,5,0,-0.00206,0.04029,0.09235,1,1,0,57.78430,3.23186,0,-1.17239,1,0.17188,0.05724,0.00000,0.00000,0.10627,t_shape,clutter_safe,0.4600,0.18000,3.00303
no_feasibility_energy,adversarial_clutter_gap,5,6,0,0.09006,0.10004,0.10004,0,1,0,80.20501,3.96972,0,-0.63842,1,0.11014,0.06490,0.00000,0.00000,0.12044,t_shape,clutter_safe,0.4600,0.18000,2.87437
no_feasibility_energy,adversarial_clutter_gap,5,7,0,-0.00206,0.04090,0.09296,1,1,0,60.03662,2.02977,0,-1.17366,1,0.13478,0.06413,0.00000,0.00000,0.13270,t_shape,clutter_safe,0.4600,0.18000,-2.81784
no_feasibility_energy,adversarial_clutter_gap,5,8,0,0.09458,0.05823,0.05823,0,1,0,77.16263,4.91669,0,-0.55131,1,0.21456,0.05587,0.00000,0.00000,0.09904,t_shape,clutter_safe,0.4600,0.18000,0.15567
no_feasibility_energy,adversarial_clutter_gap,5,9,0,0.03850,0.04340,0.05490,1,1,0,65.08691,3.38571,0,-1.09438,1,0.17447,0.06503,0.00000,0.00000,0.15641,t_shape,clutter_safe,0.4600,0.18000,0.38380
no_feasibility_energy,adversarial_clutter_gap,5,10,1,0.16116,0.03579,0.03579,0,0,0,88.59691,7.31090,1,0.84544,1,0.23372,0.05687,0.00000,0.00000,0.10363,t_shape,clutter_safe,0.4600,0.18000,-0.14155
no_feasibility_energy,adversarial_clutter_gap,5,11,0,0.15290,0.05835,0.05835,0,1,0,72.66068,5.62857,0,-0.55157,1,0.20169,0.06291,0.00000,0.00000,0.15832,t_shape,clutter_safe,0.4600,0.18000,-0.25318
no_feasibility_energy,adversarial_clutter_gap,5,12,0,0.15162,0.07962,0.07962,0,1,0,77.56574,6.29490,0,-0.59587,1,0.17440,0.06169,0.00000,0.00000,0.10411,t_shape,clutter_safe,0.4600,0.18000,3.01481
no_feasibility_energy,adversarial_clutter_gap,5,13,0,0.06791,0.04227,0.04227,1,1,0,84.60579,4.58869,0,-1.06807,1,0.16874,0.06031,0.00000,0.00000,0.11144,t_shape,clutter_safe,0.4600,0.18000,0.27143
no_feasibility_energy,adversarial_clutter_gap,5,14,0,0.03724,0.02521,0.03798,1,1,0,75.52587,3.06523,0,-1.05912,1,0.10334,0.05879,0.00000,0.00000,0.10915,t_shape,clutter_safe,0.4600,0.18000,-3.07567
no_feasibility_energy,adversarial_clutter_gap,6,0,0,-0.00206,0.02620,0.07826,1,1,0,96.11257,4.46677,0,-1.14304,1,0.20358,0.06449,0.00000,0.00000,0.14745,t_shape,clutter_safe,0.4600,0.18000,-0.11178
no_feasibility_energy,adversarial_clutter_gap,6,1,0,-0.00206,0.19626,0.24831,1,1,0,0.00000,0.59468,0,-1.19757,1,0.26575,0.26940,0.00000,0.00000,0.13533,t_shape,clutter_safe,0.4600,0.18000,-1.60161
no_feasibility_energy,adversarial_clutter_gap,6,2,0,0.04312,0.04334,0.05022,1,1,0,70.06462,2.80266,0,-1.08462,1,0.16584,0.05427,0.00000,0.00000,0.09547,t_shape,clutter_safe,0.4600,0.18000,0.31969
no_feasibility_energy,adversarial_clutter_gap,6,3,0,-0.00206,0.07876,0.13081,1,1,0,9.30788,0.59460,0,-1.19757,1,0.21781,0.20885,0.00000,0.00000,0.11630,t_shape,clutter_safe,0.4600,0.18000,-1.68078
no_feasibility_energy,adversarial_clutter_gap,6,4,0,0.00376,0.08988,0.13611,1,1,0,43.84381,2.15306,0,-1.23000,1,0.23368,0.05946,0.00000,0.00000,0.04779,t_shape,clutter_safe,0.4600,0.13589,1.71588
no_feasibility_energy,adversarial_clutter_gap,6,5,0,0.03847,0.14429,0.15583,1,1,0,39.07784,1.17123,0,-1.23000,1,0.24427,0.06465,0.15632,0.26053,0.17504,t_shape,clutter_safe,0.4600,0.18000,-3.03973
no_feasibility_energy,adversarial_clutter_gap,6,6,0,0.08026,0.04931,0.04931,0,1,0,55.64616,4.31609,0,-0.53272,1,0.13909,0.05663,0.05702,0.09503,0.10905,t_shape,clutter_safe,0.4600,0.18000,-2.96943
no_feasibility_energy,adversarial_clutter_gap,6,7,0,0.06266,0.03721,0.03721,1,1,0,57.11145,2.39699,0,-1.05752,1,0.17252,0.05661,0.00000,0.00000,0.13209,t_shape,clutter_safe,0.4600,0.18000,-0.09736
no_feasibility_energy,adversarial_clutter_gap,6,8,0,-0.00206,0.05035,0.10241,1,1,0,5.54003,0.56503,0,-1.15855,1,0.16268,0.05615,0.00000,0.00000,0.13487,t_shape,clutter_safe,0.4600,0.18000,1.42450
no_feasibility_energy,adversarial_clutter_gap,6,9,0,-0.00206,0.02354,0.07560,1,1,0,24.40356,1.44110,0,-1.13750,1,0.16618,0.05705,0.00000,0.00000,0.10208,t_shape,clutter_safe,0.4600,0.18000,1.88543
no_feasibility_energy,adversarial_clutter_gap,6,10,0,0.06010,0.04956,0.04956,1,1,0,75.94336,3.15247,0,-1.08326,1,0.13734,0.05768,0.00945,0.01576,0.09585,t_shape,clutter_safe,0.4600,0.18000,0.40327
no_feasibility_energy,adversarial_clutter_gap,6,11,0,-0.00207,0.07638,0.12844,1,1,0,48.40408,1.68171,0,-1.23000,1,0.13198,0.06169,0.06555,0.10924,0.08798,t_shape,clutter_safe,0.4600,0.17827,-0.03880
no_feasibility_energy,adversarial_clutter_gap,6,12,0,0.16032,0.04111,0.04111,0,1,0,68.06389,5.65936,0,-0.51565,1,0.10990,0.05717,0.00000,0.00000,0.11567,t_shape,clutter_safe,0.4600,0.18000,-0.03827
no_feasibility_energy,adversarial_clutter_gap,6,13,0,0.02141,0.03156,0.06015,1,1,0,58.26899,2.49814,0,-1.10532,1,0.22429,0.06242,0.00000,0.00000,0.15305,t_shape,clutter_safe,0.4600,0.17553,-2.59476
no_feasibility_energy,adversarial_clutter_gap,6,14,0,0.15779,0.03788,0.03788,0,1,0,44.10075,3.39390,0,-0.50891,1,0.17075,0.05870,0.00000,0.00000,0.10612,t_shape,clutter_safe,0.4600,0.18000,0.31253
no_feasibility_energy,adversarial_clutter_gap,7,0,0,0.04961,0.03376,0.03415,1,1,0,73.93470,4.05317,0,-1.05114,1,0.16504,0.05494,0.00000,0.00000,0.09858,t_shape,clutter_safe,0.4600,0.18000,0.08883
no_feasibility_energy,adversarial_clutter_gap,7,1,0,-0.00216,0.06572,0.11787,1,1,0,25.22448,1.52983,0,-1.22557,1,0.14720,0.05865,0.00000,0.00000,0.10506,t_shape,clutter_safe,0.4600,0.18000,1.47501
no_feasibility_energy,adversarial_clutter_gap,7,2,0,-0.00206,0.01844,0.07050,1,1,0,44.81206,2.82320,0,-1.12687,1,0.18561,0.05743,0.00000,0.00000,0.11982,t_shape,clutter_safe,0.4600,0.18000,-0.37759
no_feasibility_energy,adversarial_clutter_gap,7,3,0,0.07463,0.06722,0.06722,0,1,0,105.15789,5.37488,0,-0.57004,1,0.19719,0.06343,0.00000,0.00000,0.11512,t_shape,clutter_safe,0.4600,0.18000,-2.84781
no_feasibility_energy,adversarial_clutter_gap,7,4,0,0.11922,0.05364,0.05364,0,1,0,89.08186,4.71599,0,-0.54176,1,0.17292,0.05694,0.03405,0.05676,0.11094,t_shape,clutter_safe,0.4600,0.18000,0.35276
no_feasibility_energy,adversarial_clutter_gap,7,5,0,0.04996,0.04597,0.04601,1,1,0,77.54890,3.91833,0,-1.07586,1,0.19638,0.05819,0.00000,0.00000,0.10854,t_shape,clutter_safe,0.4600,0.18000,0.30871
no_feasibility_energy,adversarial_clutter_gap,7,6,0,-0.00207,0.02083,0.07290,1,1,0,84.26825,4.74265,0,-1.13187,1,0.21189,0.05926,0.00000,0.00000,0.13581,t_shape,clutter_safe,0.4600,0.18000,2.92651
no_feasibility_energy,adversarial_clutter_gap,7,7,0,-0.00206,0.06496,0.11702,1,1,0,14.97192,0.68226,0,-1.19838,1,0.18499,0.05595,0.00000,0.00000,0.12835,t_shape,clutter_safe,0.4600,0.18000,-3.10210
no_feasibility_energy,adversarial_clutter_gap,7,8,0,-0.00258,0.04727,0.09985,1,1,0,47.17259,2.06598,0,-1.18801,1,0.21134,0.06061,0.00000,0.00000,0.07614,t_shape,clutter_safe,0.4600,0.16666,-1.85853
no_feasibility_energy,adversarial_clutter_gap,7,9,0,-0.00206,0.07071,0.12277,1,1,0,79.83011,3.30503,0,-1.23000,1,0.23000,0.06414,0.00000,0.00000,0.11915,t_shape,clutter_safe,0.4600,0.18000,-0.00666
no_feasibility_energy,adversarial_clutter_gap,7,10,0,0.09128,0.06581,0.06581,0,1,0,51.50388,2.49353,0,-0.56710,1,0.07892,0.05971,0.01717,0.02861,0.09161,t_shape,clutter_safe,0.4600,0.18000,-0.19773
no_feasibility_energy,adversarial_clutter_gap,7,11,0,0.03280,0.02842,0.04562,1,1,0,53.61910,2.62990,0,-1.07504,1,0.27147,0.06473,0.00000,0.00000,0.07847,t_shape,clutter_safe,0.4600,0.15108,2.79486
no_feasibility_energy,adversarial_clutter_gap,7,12,0,0.10386,0.13474,0.13474,0,1,0,142.54138,5.76523,0,-0.68000,1,0.23963,0.06599,0.00000,0.00000,0.14310,t_shape,clutter_safe,0.4600,0.18000,-3.10789
no_feasibility_energy,adversarial_clutter_gap,7,13,0,-0.00206,0.10919,0.16125,1,1,0,8.57096,0.72595,0,-1.20808,1,0.21810,0.05667,0.01080,0.01800,0.01233,t_shape,clutter_safe,0.4600,0.15341,1.73979
no_feasibility_energy,adversarial_clutter_gap,7,14,0,0.04768,0.01597,0.01829,1,1,0,88.22673,4.51396,0,-1.01811,1,0.15558,0.05836,0.00000,0.00000,0.12915,t_shape,clutter_safe,0.4600,0.18000,0.21905
no_feasibility_energy,material_shift_proxy,0,0,1,0.15446,0.03927,0.03927,0,0,0,42.03923,3.14135,1,0.83819,1,0.03184,0.25863,0.00149,0.00000,0.00576,cylinder,lift,0.2400,0.09293,-0.52777
no_feasibility_energy,material_shift_proxy,0,1,0,0.01548,0.09377,0.12829,1,0,0,44.61831,2.10261,1,-0.88000,1,0.09291,0.26009,0.02947,0.00000,0.01630,cylinder,lift,0.2400,0.08723,0.95474
no_feasibility_energy,material_shift_proxy,0,2,0,0.01374,0.03990,0.07616,1,0,0,36.77609,2.02442,1,-0.78866,1,0.10419,0.25658,0.00544,0.00000,0.00951,cylinder,lift,0.2400,0.08578,-0.45666
no_feasibility_energy,material_shift_proxy,0,3,0,0.01784,0.01413,0.04629,1,0,0,41.02714,1.99735,1,-0.72643,1,0.03550,0.25382,0.00034,0.00000,0.01383,cylinder,lift,0.2400,0.09335,0.54418
no_feasibility_energy,material_shift_proxy,0,4,1,0.16651,0.05737,0.05737,0,0,0,33.41141,2.80059,1,0.80048,1,0.12025,0.54558,0.03458,0.00000,0.00155,cylinder,lift,0.2400,0.10803,-0.35810
no_feasibility_energy,material_shift_proxy,0,5,1,0.11314,0.09886,0.09886,0,0,0,40.81368,2.54083,1,0.71404,1,0.03210,0.25774,0.01014,0.00000,0.00544,cylinder,lift,0.2400,0.09288,-0.56469
no_feasibility_energy,material_shift_proxy,0,6,0,0.01722,0.00918,0.04197,1,0,0,42.65018,2.03565,1,-0.71743,1,0.07087,0.25264,0.04099,0.00000,0.00922,cylinder,lift,0.2400,0.08921,-1.24598
no_feasibility_energy,material_shift_proxy,0,7,0,0.01170,0.05534,0.09364,1,0,0,41.62045,2.25244,1,-0.82508,1,0.08509,0.25917,0.02654,0.00000,0.02500,cylinder,lift,0.2400,0.08929,-0.95388
no_feasibility_energy,material_shift_proxy,0,8,0,0.01179,0.07770,0.11591,1,0,0,44.61968,1.71343,1,-0.87148,1,0.09501,0.26034,0.00859,0.00000,0.02286,cylinder,lift,0.2400,0.08804,0.14943
no_feasibility_energy,material_shift_proxy,0,9,0,0.01297,0.04038,0.07741,1,0,0,43.72614,1.90866,1,-0.79127,1,0.07833,0.25498,0.02608,0.00000,0.01936,cylinder,lift,0.2400,0.08873,0.89088
no_feasibility_energy,material_shift_proxy,0,10,1,0.16192,0.04568,0.04568,0,0,0,37.88933,2.93049,1,0.82484,1,0.04852,0.36734,0.04546,0.00000,0.00318,cylinder,lift,0.2400,0.10041,2.06162
no_feasibility_energy,material_shift_proxy,0,11,1,0.10315,0.03953,0.03953,0,0,0,41.98517,2.64631,1,0.83765,1,0.08907,0.25384,0.03571,0.00000,0.01439,cylinder,lift,0.2400,0.08783,-1.23673
no_feasibility_energy,material_shift_proxy,0,12,1,0.16650,0.02569,0.02569,0,0,0,35.23194,2.93876,1,0.86649,1,0.08627,0.45806,0.01483,0.00000,0.00239,cylinder,lift,0.2400,0.10442,0.30948
no_feasibility_energy,material_shift_proxy,0,13,0,0.03198,0.11363,0.13165,1,0,0,32.11453,1.70745,1,-0.88000,1,0.12590,0.53117,0.01216,0.00000,0.01509,cylinder,lift,0.2400,0.10729,0.44883
no_feasibility_energy,material_shift_proxy,0,14,0,0.01335,0.00739,0.04404,1,0,0,46.07506,2.26591,1,-0.72175,1,0.10235,0.25226,0.04999,0.00000,0.00521,cylinder,lift,0.2400,0.08555,1.96453
no_feasibility_energy,material_shift_proxy,1,0,1,0.11474,0.05826,0.05826,0,0,0,41.87060,2.69147,1,0.79863,1,0.04778,0.25333,0.01231,0.00000,0.00953,cylinder,lift,0.2400,0.09165,-2.47206
no_feasibility_energy,material_shift_proxy,1,1,0,0.01534,0.05623,0.09089,1,0,0,28.55104,1.52865,1,-0.81936,1,0.06385,0.38236,0.01654,0.00000,0.01239,cylinder,lift,0.2400,0.10110,0.10003
no_feasibility_energy,material_shift_proxy,1,2,1,0.16571,0.06295,0.06295,0,0,0,42.56820,3.47485,1,0.78885,1,0.04815,0.25787,0.04993,0.00000,0.00472,cylinder,lift,0.2400,0.09114,2.09076
no_feasibility_energy,material_shift_proxy,1,3,1,0.14936,0.03442,0.03442,0,0,0,44.03104,3.24210,1,0.84829,1,0.09500,0.25469,0.04992,0.00000,0.00902,cylinder,lift,0.2400,0.08669,0.95946
no_feasibility_energy,material_shift_proxy,1,4,1,0.10504,0.02150,0.02150,0,0,0,37.19787,2.24193,1,0.87522,1,0.03209,0.30649,0.01102,0.00000,0.01091,cylinder,lift,0.2400,0.09795,0.01085
no_feasibility_energy,material_shift_proxy,1,5,1,0.15819,0.04625,0.04625,0,0,0,35.43461,2.63305,1,0.82365,1,0.06633,0.39880,0.02630,0.00000,0.00681,cylinder,lift,0.2400,0.10191,-0.04258
no_feasibility_energy,material_shift_proxy,1,6,1,0.16389,0.01547,0.01547,0,0,0,38.54188,2.94273,1,0.88778,1,0.03457,0.32540,0.04082,0.00000,0.00526,cylinder,lift,0.2400,0.09876,1.00686
no_feasibility_energy,material_shift_proxy,1,7,0,0.11862,0.11093,0.11093,0,0,0,42.01879,2.75025,1,-0.31110,1,0.02893,0.25849,0.00041,0.00000,0.02230,cylinder,lift,0.2400,0.09326,0.33405
no_feasibility_energy,material_shift_proxy,1,8,1,0.12521,0.06148,0.06148,0,0,0,31.40901,2.18657,1,0.79191,1,0.06326,0.39813,0.04088,0.00000,0.00666,cylinder,lift,0.2400,0.10160,0.80972
no_feasibility_energy,material_shift_proxy,1,9,1,0.10352,0.05664,0.05664,0,0,0,41.87648,2.55208,1,0.80200,1,0.05456,0.25523,0.04644,0.00000,0.00600,cylinder,lift,0.2400,0.09059,-1.40258
no_feasibility_energy,material_shift_proxy,1,10,1,0.12621,0.03459,0.03459,0,0,0,36.37558,2.42020,1,0.84793,1,0.07491,0.41840,0.00215,0.00000,0.00983,cylinder,lift,0.2400,0.10250,0.28661
no_feasibility_energy,material_shift_proxy,1,11,1,0.14481,0.01828,0.01828,0,0,0,33.90981,2.40304,1,0.88193,1,0.10175,0.48615,0.03686,0.00000,0.00718,cylinder,lift,0.2400,0.10556,0.43433
no_feasibility_energy,material_shift_proxy,1,12,0,0.01169,0.03816,0.07647,1,0,0,39.20435,1.70004,1,-0.78931,1,0.02439,0.25655,0.03407,0.00000,0.01613,cylinder,lift,0.2400,0.09473,2.85457
no_feasibility_energy,material_shift_proxy,1,13,1,0.15653,0.03552,0.03552,0,0,0,43.88496,3.31780,1,0.84601,1,0.08903,0.25286,0.04954,0.00000,0.00329,cylinder,lift,0.2400,0.08674,-1.91588
no_feasibility_energy,material_shift_proxy,1,14,1,0.16257,0.03032,0.03032,0,0,0,39.35748,3.06636,1,0.85684,1,0.04143,0.25357,0.04996,0.00000,0.02236,cylinder,lift,0.2400,0.09357,-1.81145
no_feasibility_energy,material_shift_proxy,2,0,1,0.15491,0.04056,0.04056,0,0,0,40.70321,3.02799,1,0.83550,1,0.01268,0.25483,0.03915,0.00000,0.00447,cylinder,lift,0.2400,0.09480,1.81012
no_feasibility_energy,material_shift_proxy,2,1,0,0.01138,0.05677,0.09538,1,0,0,38.01992,1.50575,1,-0.82872,1,0.03135,0.28564,0.01400,0.00000,0.02111,cylinder,lift,0.2400,0.09687,0.29445
no_feasibility_energy,material_shift_proxy,2,2,0,0.01428,0.00948,0.04520,1,0,0,41.39027,1.93487,1,-0.72417,1,0.07567,0.25270,0.03303,0.00000,0.01423,cylinder,lift,0.2400,0.08921,0.41436
no_feasibility_energy,material_shift_proxy,2,3,1,0.09721,0.07524,0.07524,0,0,0,42.41240,2.62164,1,0.76324,1,0.06362,0.26107,0.04688,0.00000,0.00918,cylinder,lift,0.2400,0.08996,0.94498
no_feasibility_energy,material_shift_proxy,2,4,0,0.01095,0.00752,0.04656,1,0,0,38.14738,1.91727,1,-0.72700,1,0.02663,0.29173,0.00302,0.00000,0.01112,cylinder,lift,0.2400,0.09736,-0.01538
no_feasibility_energy,material_shift_proxy,2,5,0,0.02000,0.00649,0.03649,1,0,0,42.50623,2.09489,1,-0.70602,1,0.07760,0.25256,0.04741,0.00000,0.01457,cylinder,lift,0.2400,0.08904,1.46130
no_feasibility_energy,material_shift_proxy,2,6,1,0.13247,0.06526,0.06526,0,0,0,36.04967,2.41910,1,0.78404,1,0.07554,0.42333,0.05000,0.00000,0.00628,cylinder,lift,0.2400,0.10292,1.02433
no_feasibility_energy,material_shift_proxy,2,7,0,0.01111,0.09530,0.13419,1,0,0,42.98948,2.35648,1,-0.88000,1,0.07766,0.26262,0.04761,0.00000,0.03582,cylinder,lift,0.2400,0.09011,0.94959
no_feasibility_energy,material_shift_proxy,2,8,1,0.13843,0.07891,0.07891,0,0,0,37.15933,2.62839,1,0.75561,1,0.03153,0.32070,0.04999,0.00000,0.00616,cylinder,lift,0.2400,0.09835,1.56953
no_feasibility_energy,material_shift_proxy,2,9,1,0.10205,0.06697,0.06697,0,0,0,37.36209,2.29483,1,0.78047,1,0.03829,0.30985,0.05000,0.00000,0.01806,cylinder,lift,0.2400,0.09789,1.32922
no_feasibility_energy,material_shift_proxy,2,10,1,0.11940,0.02820,0.02820,0,0,0,35.25987,2.28067,1,0.86125,1,0.06678,0.39716,0.00255,0.00000,0.00998,cylinder,lift,0.2400,0.10164,-0.39471
no_feasibility_energy,material_shift_proxy,2,11,0,0.01179,0.02351,0.06172,1,0,0,41.06626,1.41720,1,-0.75858,1,0.10595,0.25225,0.01216,0.00000,0.03130,cylinder,lift,0.2400,0.08774,-0.26806
no_feasibility_energy,material_shift_proxy,2,12,1,0.10735,0.06269,0.06269,0,0,0,42.82280,2.68828,1,0.78939,1,0.09293,0.25575,0.04738,0.00000,0.01663,cylinder,lift,0.2400,0.08765,1.37331
no_feasibility_energy,material_shift_proxy,2,13,1,0.14581,0.04377,0.04377,0,0,0,44.61322,3.20112,1,0.82881,1,0.07741,0.25887,0.04213,0.00000,0.00815,cylinder,lift,0.2400,0.08786,0.67549
no_feasibility_energy,material_shift_proxy,2,14,1,0.10891,0.10408,0.10408,0,0,0,41.26229,2.47007,1,0.70316,1,0.03924,0.25816,0.00675,0.00000,0.00414,cylinder,lift,0.2400,0.09201,-0.21471
no_feasibility_energy,material_shift_proxy,3,0,0,0.01178,0.05160,0.08982,1,0,0,33.00585,1.54464,1,-0.81713,1,0.11201,0.25804,0.00254,0.00000,0.01418,cylinder,lift,0.2400,0.08542,0.65034
no_feasibility_energy,material_shift_proxy,3,1,1,0.14376,0.07023,0.07023,0,0,0,43.51262,3.10438,1,0.77369,1,0.05713,0.25703,0.04808,0.00000,0.01635,cylinder,lift,0.2400,0.09008,1.49666
no_feasibility_energy,material_shift_proxy,3,2,0,0.01176,0.02181,0.06005,1,0,0,40.81090,1.59087,1,-0.75510,1,0.06530,0.25394,0.00901,0.00000,0.02250,cylinder,lift,0.2400,0.09110,0.24273
no_feasibility_energy,material_shift_proxy,3,3,1,0.08930,0.02990,0.02990,0,0,0,42.30547,2.52384,1,0.85771,1,0.05447,0.25244,0.00249,0.00000,0.00935,cylinder,lift,0.2400,0.09093,-0.64015
no_feasibility_energy,material_shift_proxy,3,4,1,0.15298,0.02266,0.02266,0,0,0,38.65474,2.86782,1,0.87279,1,0.04078,0.33193,0.00009,0.00000,0.00915,cylinder,lift,0.2400,0.09902,0.58365
no_feasibility_energy,material_shift_proxy,3,5,0,0.01179,0.04391,0.08211,1,0,0,42.11811,1.61035,1,-0.80107,1,0.10859,0.25701,0.03110,0.00000,0.02271,cylinder,lift,0.2400,0.08662,0.97846
no_feasibility_energy,material_shift_proxy,3,6,1,0.14897,0.09200,0.09200,0,0,0,43.39715,3.22448,1,0.72834,1,0.08131,0.26048,0.04542,0.00000,0.00483,cylinder,lift,0.2400,0.08770,-1.63527
no_feasibility_energy,material_shift_proxy,3,7,0,0.12993,0.13222,0.13222,0,0,0,40.44785,2.24476,1,-0.33000,1,0.02530,0.26189,0.02266,0.00000,0.00279,cylinder,lift,0.2400,0.09332,2.23509
no_feasibility_energy,material_shift_proxy,3,8,1,0.08288,0.06041,0.06041,0,0,0,40.12667,2.07426,1,0.79415,1,0.02570,0.29262,0.02834,0.00000,0.02719,cylinder,lift,0.2400,0.09729,0.58985
no_feasibility_energy,material_shift_proxy,3,9,1,0.14137,0.05053,0.05053,0,0,0,38.57555,2.72676,1,0.81473,1,0.03381,0.31249,0.04399,0.00000,0.00989,cylinder,lift,0.2400,0.09823,1.16810
no_feasibility_energy,material_shift_proxy,3,10,1,0.12530,0.07644,0.07644,0,0,0,42.35812,2.79533,1,0.76076,1,0.07658,0.25480,0.01404,0.00000,0.01024,cylinder,lift,0.2400,0.08872,-0.20094
no_feasibility_energy,material_shift_proxy,3,11,1,0.13231,0.08588,0.08588,0,0,0,35.64065,2.32351,1,0.74109,1,0.08465,0.43595,0.00484,0.00000,0.01095,cylinder,lift,0.2400,0.10341,0.06276
no_feasibility_energy,material_shift_proxy,3,12,1,0.13513,0.08832,0.08832,0,0,0,42.45297,2.99668,1,0.73600,1,0.07226,0.25874,0.03940,0.00000,0.01069,cylinder,lift,0.2400,0.08922,-1.70511
no_feasibility_energy,material_shift_proxy,3,13,0,0.01179,0.02172,0.05992,1,0,0,39.58712,1.41915,1,-0.75484,1,0.10917,0.25250,0.04999,0.00000,0.03302,cylinder,lift,0.2400,0.08757,1.76210
no_feasibility_energy,material_shift_proxy,3,14,0,0.01179,0.05643,0.09464,1,0,0,38.27235,1.45358,1,-0.82717,1,0.09948,0.25789,0.04822,0.00000,0.03293,cylinder,lift,0.2400,0.08857,2.16602
no_feasibility_energy,material_shift_proxy,4,0,0,0.01562,0.03180,0.06618,1,0,0,41.33032,2.07790,1,-0.76787,1,0.05569,0.25528,0.04922,0.00000,0.01401,cylinder,lift,0.2400,0.09127,-1.68013
no_feasibility_energy,material_shift_proxy,4,1,0,0.01169,0.06283,0.10113,1,0,0,42.00124,1.69461,1,-0.84070,1,0.06105,0.25857,0.00328,0.00000,0.02107,cylinder,lift,0.2400,0.09091,0.35684
no_feasibility_energy,material_shift_proxy,4,2,0,0.01177,0.02581,0.06404,1,0,0,41.33799,1.69009,1,-0.76342,1,0.07692,0.25511,0.01361,0.00000,0.03277,cylinder,lift,0.2400,0.08964,0.36266
no_feasibility_energy,material_shift_proxy,4,3,0,0.01293,0.02205,0.05912,1,0,0,44.33143,1.80997,1,-0.75318,1,0.10421,0.25405,0.04893,0.00000,0.01240,cylinder,lift,0.2400,0.08606,1.86647
no_feasibility_energy,material_shift_proxy,4,4,0,0.01285,0.03424,0.07138,1,0,0,42.95268,2.00050,1,-0.77872,1,0.07576,0.25550,0.02377,0.00000,0.01455,cylinder,lift,0.2400,0.08923,2.21500
no_feasibility_energy,material_shift_proxy,4,5,0,0.06097,0.03559,0.03559,1,0,0,39.20729,2.17725,1,-0.70414,1,0.01337,0.25389,0.05000,0.00000,0.01143,cylinder,lift,0.2400,0.09541,1.90315
no_feasibility_energy,material_shift_proxy,4,6,0,0.01179,0.06950,0.10771,1,0,0,41.03707,1.55435,1,-0.85440,1,0.11891,0.25825,0.03933,0.00000,0.03006,cylinder,lift,0.2400,0.08627,1.72423
no_feasibility_energy,material_shift_proxy,4,7,0,0.01179,0.02032,0.05853,1,0,0,42.74098,1.41303,1,-0.75193,1,0.08881,0.25322,0.02840,0.00000,0.01182,cylinder,lift,0.2400,0.08761,1.17093
no_feasibility_energy,material_shift_proxy,4,8,0,0.01220,0.05579,0.09359,1,0,0,40.01729,2.05477,1,-0.82498,1,0.04177,0.25799,0.04595,0.00000,0.01988,cylinder,lift,0.2400,0.09329,-1.18349
no_feasibility_energy,material_shift_proxy,4,9,0,0.00691,0.03151,0.07460,1,0,0,38.70115,2.03056,1,-0.78541,1,0.02127,0.27764,0.03567,0.00000,0.01302,cylinder,lift,0.2400,0.09661,-1.17679
no_feasibility_energy,material_shift_proxy,4,10,1,0.08823,0.03274,0.03274,0,0,0,41.39923,2.43405,1,0.85179,1,0.03773,0.25249,0.04529,0.00000,0.01056,cylinder,lift,0.2400,0.09279,1.62092
no_feasibility_energy,material_shift_proxy,4,11,1,0.16480,0.01264,0.01264,0,0,0,45.62155,3.61387,1,0.89366,1,0.10484,0.25326,0.04007,0.00000,0.00661,cylinder,lift,0.2400,0.08543,1.88420
no_feasibility_energy,material_shift_proxy,4,12,0,0.01179,0.01704,0.05525,1,0,0,37.91293,1.50268,1,-0.74510,1,0.06773,0.25553,0.01070,0.00000,0.03047,cylinder,lift,0.2400,0.09163,-0.22680
no_feasibility_energy,material_shift_proxy,4,13,1,0.11965,0.02935,0.02935,0,0,0,41.32321,2.73023,1,0.85885,1,0.05439,0.25672,0.03192,0.00000,0.00648,cylinder,lift,0.2400,0.09066,2.51766
no_feasibility_energy,material_shift_proxy,4,14,1,0.16587,0.10029,0.10029,0,0,0,39.33769,3.26596,1,0.71107,1,0.01786,0.26256,0.04830,0.00000,0.01157,cylinder,lift,0.2400,0.09496,-0.82821
no_feasibility_energy,material_shift_proxy,5,0,0,0.00878,0.06993,0.11115,1,0,0,39.57192,1.97121,1,-0.86157,1,0.01457,0.27717,0.02239,0.00000,0.00704,cylinder,lift,0.2400,0.09650,-2.24686
no_feasibility_energy,material_shift_proxy,5,1,0,0.01178,0.00162,0.03984,1,0,0,35.33028,1.37572,1,-0.71300,1,0.05934,0.33732,0.00251,0.00000,0.02596,cylinder,lift,0.2400,0.09930,-0.07703
no_feasibility_energy,material_shift_proxy,5,2,0,0.01138,0.04184,0.08046,1,0,0,42.83247,1.77131,1,-0.79763,1,0.07765,0.25681,0.01637,0.00000,0.01807,cylinder,lift,0.2400,0.08938,-0.25338
no_feasibility_energy,material_shift_proxy,5,3,1,0.15281,0.06739,0.06739,0,0,0,38.22816,2.77305,1,0.77961,1,0.03071,0.32105,0.02572,0.00000,0.00417,cylinder,lift,0.2400,0.09846,1.11591
no_feasibility_energy,material_shift_proxy,5,4,1,0.16313,0.02499,0.02499,0,0,0,39.26383,3.08261,1,0.86795,1,0.01891,0.25435,0.04300,0.00000,0.01887,cylinder,lift,0.2400,0.09557,-1.19054
no_feasibility_energy,material_shift_proxy,5,5,1,0.12008,0.06134,0.06134,0,0,0,42.29646,2.76129,1,0.79221,1,0.08059,0.25544,0.04636,0.00000,0.00845,cylinder,lift,0.2400,0.08813,1.64421
no_feasibility_energy,material_shift_proxy,5,6,0,0.01790,0.02249,0.05460,1,0,0,42.65666,2.34156,1,-0.74374,1,0.09801,0.25216,0.05000,0.00000,0.01539,cylinder,lift,0.2400,0.08700,2.02034
no_feasibility_energy,material_shift_proxy,5,7,0,0.01179,0.02603,0.06423,1,0,0,37.86678,1.46285,1,-0.76382,1,0.05079,0.25571,0.02656,0.00000,0.03670,cylinder,lift,0.2400,0.09400,0.72907
no_feasibility_energy,material_shift_proxy,5,8,1,0.16247,0.03505,0.03505,0,0,0,37.81240,2.93829,1,0.84699,1,0.02556,0.30448,0.04409,0.00000,0.00546,cylinder,lift,0.2400,0.09780,-1.65555
no_feasibility_energy,material_shift_proxy,5,9,0,0.01489,0.07759,0.11270,1,0,0,42.95112,1.84456,1,-0.86480,1,0.05654,0.25804,0.02274,0.00000,0.00710,cylinder,lift,0.2400,0.09050,-0.77486
no_feasibility_energy,material_shift_proxy,5,10,0,0.00990,0.04412,0.08422,1,0,0,40.61360,1.85908,1,-0.80546,1,0.01814,0.25468,0.04597,0.00000,0.01130,cylinder,lift,0.2400,0.09490,-0.75111
no_feasibility_energy,material_shift_proxy,5,11,0,0.01775,0.07679,0.10905,1,0,0,39.73042,1.79249,1,-0.85718,1,0.03397,0.29196,0.04905,0.00000,0.02134,cylinder,lift,0.2400,0.09712,1.44232
no_feasibility_energy,material_shift_proxy,5,12,0,0.01179,0.05880,0.09701,1,0,0,39.85840,1.50418,1,-0.83211,1,0.05080,0.25767,0.00184,0.00000,0.06158,cylinder,lift,0.2400,0.09318,0.24364
no_feasibility_energy,material_shift_proxy,5,13,0,0.01457,0.01143,0.04686,1,0,0,41.99497,2.02446,1,-0.72763,1,0.06508,0.25221,0.04901,0.00000,0.01212,cylinder,lift,0.2400,0.09010,-2.36546
no_feasibility_energy,material_shift_proxy,5,14,0,0.01294,0.02389,0.06094,1,0,0,38.95115,2.01982,1,-0.75697,1,0.02827,0.25352,0.04990,0.00000,0.00979,cylinder,lift,0.2400,0.09370,1.43594
no_feasibility_energy,material_shift_proxy,6,0,1,0.16472,0.01097,0.01097,0,0,0,61.61921,3.08503,1,0.89714,1,0.03023,0.25370,0.01224,0.00000,0.00566,cylinder,lift,0.2400,0.09309,-2.46338
no_feasibility_energy,material_shift_proxy,6,1,0,0.01076,0.06361,0.10284,1,0,0,43.13703,2.01315,1,-0.84425,1,0.10523,0.25631,0.01946,0.00000,0.01071,cylinder,lift,0.2400,0.08579,2.23965
no_feasibility_energy,material_shift_proxy,6,2,0,0.01329,0.00866,0.04537,1,0,0,41.63062,1.78404,1,-0.72451,1,0.05854,0.25266,0.03900,0.00000,0.01467,cylinder,lift,0.2400,0.09103,0.87896
no_feasibility_energy,material_shift_proxy,6,3,0,0.01179,0.09286,0.13107,1,0,0,65.72036,1.45002,1,-0.88000,1,0.10291,0.26094,0.01947,0.00000,0.00793,cylinder,lift,0.2400,0.08576,0.85357
no_feasibility_energy,material_shift_proxy,6,4,1,0.12178,0.08555,0.08555,0,0,0,37.52213,2.51205,1,0.74178,1,0.03991,0.33450,0.03760,0.00000,0.00898,cylinder,lift,0.2400,0.09895,-1.40169
no_feasibility_energy,material_shift_proxy,6,5,0,0.01022,0.05812,0.09789,1,0,0,44.57103,2.43560,1,-0.83394,1,0.09208,0.25783,0.04910,0.00000,0.01061,cylinder,lift,0.2400,0.08715,1.56133
no_feasibility_energy,material_shift_proxy,6,6,1,0.09924,0.04586,0.04586,0,0,0,44.44663,2.62550,1,0.82446,1,0.06179,0.25284,0.04580,0.00000,0.02501,cylinder,lift,0.2400,0.09022,-0.69830
no_feasibility_energy,material_shift_proxy,6,7,1,0.15381,0.03696,0.03696,0,0,0,39.65889,2.92263,1,0.84300,1,0.01320,0.27346,0.03164,0.00000,0.00575,cylinder,lift,0.2400,0.09649,-1.23024
no_feasibility_energy,material_shift_proxy,6,8,0,0.01116,0.03034,0.06918,1,0,0,42.69870,1.73547,1,-0.77413,1,0.08392,0.25511,0.02338,0.00000,0.03198,cylinder,lift,0.2400,0.09009,0.06904
no_feasibility_energy,material_shift_proxy,6,9,0,0.01169,0.00968,0.04799,1,0,0,31.06730,1.74458,1,-0.72998,1,0.04313,0.25322,0.04266,0.00000,0.01642,cylinder,lift,0.2400,0.09166,0.78716
no_feasibility_energy,material_shift_proxy,6,10,1,0.10999,0.06822,0.06822,0,0,0,41.61335,2.67595,1,0.77788,1,0.07177,0.25626,0.04997,0.00000,0.01209,cylinder,lift,0.2400,0.08940,1.78923
no_feasibility_energy,material_shift_proxy,6,11,0,0.01352,0.02510,0.06157,1,0,0,49.60698,1.56862,1,-0.75828,1,0.03179,0.25488,0.02713,0.00000,0.01671,cylinder,lift,0.2400,0.09402,-2.32903
no_feasibility_energy,material_shift_proxy,6,12,0,0.01147,0.09294,0.13147,1,0,0,36.31747,1.62660,1,-0.88000,1,0.03707,0.26226,0.01377,0.00000,0.02613,cylinder,lift,0.2400,0.09439,-0.24050
no_feasibility_energy,material_shift_proxy,6,13,1,0.16466,0.04689,0.04689,0,0,0,39.24271,3.11995,1,0.82231,1,0.01928,0.29039,0.00084,0.00000,0.00625,cylinder,lift,0.2400,0.09707,0.04248
no_feasibility_energy,material_shift_proxy,6,14,0,0.01179,0.03810,0.07631,1,0,0,43.50247,1.58565,1,-0.78898,1,0.11397,0.25757,0.03990,0.00000,0.05911,cylinder,lift,0.2400,0.08597,0.70871
no_feasibility_energy,material_shift_proxy,7,0,0,0.06758,0.04982,0.04982,1,0,0,41.52227,2.29898,1,-0.73380,1,0.04813,0.25857,0.04676,0.00000,0.00796,cylinder,lift,0.2400,0.09146,0.68946
no_feasibility_energy,material_shift_proxy,7,1,0,0.01411,0.00977,0.04566,1,0,0,38.50694,1.83858,1,-0.72512,1,0.02109,0.26781,0.00481,0.00000,0.01624,cylinder,lift,0.2400,0.09628,-0.21042
no_feasibility_energy,material_shift_proxy,7,2,1,0.16650,0.06685,0.06685,0,0,0,43.41157,3.62648,1,0.78073,1,0.08600,0.25864,0.00114,0.00000,0.00329,cylinder,lift,0.2400,0.08706,0.37065
no_feasibility_energy,material_shift_proxy,7,3,0,0.01179,0.03539,0.07360,1,0,0,38.27619,1.39053,1,-0.78333,1,0.03493,0.27653,0.00051,0.00000,0.02748,cylinder,lift,0.2400,0.09661,0.52699
no_feasibility_energy,material_shift_proxy,7,4,1,0.07335,0.02240,0.02240,0,0,0,43.18927,2.43949,1,0.87334,1,0.08698,0.25549,0.01789,0.00000,0.01781,cylinder,lift,0.2400,0.08838,0.64765
no_feasibility_energy,material_shift_proxy,7,5,1,0.12296,0.05484,0.05484,0,0,0,38.24606,2.52872,1,0.80575,1,0.01725,0.26860,0.04677,0.00000,0.01219,cylinder,lift,0.2400,0.09628,-1.58577
no_feasibility_energy,material_shift_proxy,7,6,0,0.01133,0.04344,0.08210,1,0,0,40.55597,1.95775,1,-0.80104,1,0.04783,0.25651,0.04813,0.00000,0.01549,cylinder,lift,0.2400,0.09223,0.87594
no_feasibility_energy,material_shift_proxy,7,7,0,0.01876,0.05161,0.08284,1,0,0,44.23435,2.38859,1,-0.80259,1,0.09428,0.25532,0.04642,0.00000,0.00717,cylinder,lift,0.2400,0.08658,0.61336
no_feasibility_energy,material_shift_proxy,7,8,1,0.10291,0.06689,0.06689,0,0,0,40.58283,2.43346,1,0.78064,1,0.02791,0.25780,0.04988,0.00000,0.00872,cylinder,lift,0.2400,0.09363,1.68029
no_feasibility_energy,material_shift_proxy,7,9,1,0.14437,0.04525,0.04525,0,0,0,34.18581,2.20189,1,0.82572,1,0.11851,0.52524,0.01506,0.00000,0.00636,cylinder,lift,0.2400,0.10738,0.86650
no_feasibility_energy,material_shift_proxy,7,10,0,0.01177,0.02197,0.06021,1,0,0,38.58743,1.58624,1,-0.75543,1,0.06943,0.25480,0.01926,0.00000,0.02496,cylinder,lift,0.2400,0.09091,0.63748
no_feasibility_energy,material_shift_proxy,7,11,1,0.15561,0.08931,0.08931,0,0,0,37.38862,2.87078,1,0.73394,1,0.03626,0.33607,0.04344,0.00000,0.00504,cylinder,lift,0.2400,0.09896,-1.70690
no_feasibility_energy,material_shift_proxy,7,12,1,0.12564,0.03306,0.03306,0,0,0,41.30500,2.73339,1,0.85112,1,0.05185,0.25777,0.03882,0.00000,0.01035,cylinder,lift,0.2400,0.09130,-0.60874
no_feasibility_energy,material_shift_proxy,7,13,1,0.15252,0.04649,0.04649,0,0,0,36.77109,2.74853,1,0.82314,1,0.03618,0.33578,0.00258,0.00000,0.00515,cylinder,lift,0.2400,0.09894,-0.34808
no_feasibility_energy,material_shift_proxy,7,14,1,0.16645,0.04795,0.04795,0,0,0,38.99788,3.25760,1,0.82011,1,0.03640,0.31713,0.00234,0.00000,0.01221,cylinder,lift,0.2400,0.09827,-0.14321
no_transformer_context,combined_composition_shift,0,0,0,-0.00206,0.05950,0.11156,1,1,0,6.07011,0.67733,0,-1.18660,1,0.23137,0.13513,0.00000,0.00000,0.17311,t_shape,clutter_safe,0.3800,0.18000,-0.17400
no_transformer_context,combined_composition_shift,0,1,0,-0.00206,0.03027,0.08232,1,1,0,48.19055,2.55113,0,-1.15151,1,0.21430,0.13590,0.00000,0.00000,0.12750,t_shape,clutter_safe,0.3800,0.18000,-2.80327
no_transformer_context,combined_composition_shift,0,2,0,-0.00206,0.08314,0.13520,1,1,0,24.92182,0.69450,0,-1.20556,1,0.14071,0.12769,0.00000,0.00000,0.14878,t_shape,clutter_safe,0.3800,0.18000,-0.03426
no_transformer_context,combined_composition_shift,0,3,0,-0.00265,0.03255,0.08520,1,1,0,49.12763,2.21022,0,-1.15750,1,0.20211,0.12872,0.00000,0.00000,0.12418,t_shape,clutter_safe,0.3800,0.18000,3.07098
no_transformer_context,combined_composition_shift,0,4,0,0.12445,0.12819,0.12819,0,1,0,104.34923,7.28199,0,-0.68000,1,0.24554,0.13658,0.00000,0.00000,0.13388,t_shape,clutter_safe,0.3800,0.18000,0.21859
no_transformer_context,combined_composition_shift,0,5,0,0.16105,0.04649,0.04649,0,1,0,53.27801,3.65323,0,-0.52684,1,0.19738,0.12619,0.00000,0.00000,0.10545,t_shape,clutter_safe,0.3800,0.18000,-2.84338
no_transformer_context,combined_composition_shift,0,6,0,0.02497,0.06234,0.08737,1,1,0,59.76247,2.63434,0,-1.16201,1,0.19018,0.12878,0.00000,0.00000,0.10237,t_shape,clutter_safe,0.3800,0.18000,-0.07133
no_transformer_context,combined_composition_shift,0,7,0,0.15585,0.04666,0.04666,0,1,0,79.42570,6.51815,0,-0.52720,1,0.13834,0.13059,0.00000,0.00000,0.12064,t_shape,clutter_safe,0.3800,0.18000,-0.18608
no_transformer_context,combined_composition_shift,0,8,0,0.16237,0.04416,0.04416,0,1,0,78.99225,6.46736,0,-0.52199,1,0.18319,0.13100,0.00000,0.00000,0.12147,t_shape,clutter_safe,0.3800,0.18000,-0.15975
no_transformer_context,combined_composition_shift,0,9,0,-0.00206,0.10891,0.16096,1,0,0,0.00000,0.57088,1,-0.84567,1,0.18078,0.13247,0.00000,0.00000,0.14818,t_shape,clutter_safe,0.3800,0.18000,-0.19011
no_transformer_context,combined_composition_shift,0,10,0,0.15780,0.03984,0.03984,0,1,0,62.28029,5.14595,0,-0.51301,1,0.14894,0.13028,0.00000,0.00000,0.11157,t_shape,clutter_safe,0.3800,0.17677,-0.09988
no_transformer_context,combined_composition_shift,0,11,0,0.15599,0.06480,0.06480,0,1,0,62.75170,5.05414,0,-0.56499,1,0.09891,0.13239,0.00000,0.00000,0.13359,t_shape,clutter_safe,0.3800,0.18000,-0.14212
no_transformer_context,combined_composition_shift,0,12,0,-0.00206,0.04882,0.10087,1,1,0,40.60075,1.06895,0,-1.19016,1,0.17109,0.13171,0.00000,0.00000,0.13256,t_shape,clutter_safe,0.3800,0.18000,0.11040
no_transformer_context,combined_composition_shift,0,13,0,-0.00206,0.10030,0.15236,1,1,0,0.00000,0.57374,0,-1.19590,1,0.05325,0.13422,0.03752,0.06253,0.13716,t_shape,clutter_safe,0.3800,0.18000,-0.33395
no_transformer_context,combined_composition_shift,0,14,0,0.10718,0.10804,0.10804,0,1,0,64.69163,3.35461,0,-0.65509,1,0.16599,0.13394,0.00000,0.00000,0.11570,t_shape,clutter_safe,0.3800,0.18000,0.04509
no_transformer_context,combined_composition_shift,1,0,0,-0.00206,0.06434,0.11639,1,1,0,26.64673,0.90347,0,-1.21477,1,0.09001,0.13289,0.01275,0.02125,0.11468,t_shape,clutter_safe,0.3800,0.18000,-0.14042
no_transformer_context,combined_composition_shift,1,1,0,0.03135,0.08195,0.10060,1,1,0,22.88799,1.13171,0,-1.18959,1,0.21078,0.13707,0.00000,0.00000,0.12581,t_shape,clutter_safe,0.3800,0.18000,0.01506
no_transformer_context,combined_composition_shift,1,2,0,0.12214,0.09428,0.09428,0,1,0,64.93723,3.86713,0,-0.62643,1,0.18712,0.13388,0.00000,0.00000,0.09203,t_shape,clutter_safe,0.3800,0.18000,-0.24677
no_transformer_context,combined_composition_shift,1,3,0,0.15207,0.08374,0.08374,0,1,0,78.36885,6.20217,0,-0.60446,1,0.14027,0.13588,0.00000,0.00000,0.14024,t_shape,clutter_safe,0.3800,0.18000,-0.41589
no_transformer_context,combined_composition_shift,1,4,0,0.10488,0.05183,0.05183,0,1,0,66.76216,4.43658,0,-0.53799,1,0.18272,0.13319,0.00000,0.00000,0.04796,t_shape,clutter_safe,0.3800,0.16617,0.13147
no_transformer_context,combined_composition_shift,1,5,0,0.02532,0.04415,0.06883,1,1,0,70.32359,2.43086,0,-1.12341,1,0.23206,0.13584,0.00000,0.00000,0.15861,t_shape,clutter_safe,0.3800,0.18000,-0.05428
no_transformer_context,combined_composition_shift,1,6,0,0.15229,0.10920,0.10920,0,1,0,64.88427,4.11311,0,-0.65749,1,0.13738,0.13441,0.00000,0.00000,0.13740,t_shape,clutter_safe,0.3800,0.18000,-2.71569
no_transformer_context,combined_composition_shift,1,7,0,0.15248,0.08546,0.08546,0,1,0,77.43383,5.96858,0,-0.60805,1,0.19064,0.13635,0.00000,0.00000,0.11374,t_shape,clutter_safe,0.3800,0.18000,-3.11439
no_transformer_context,combined_composition_shift,1,8,0,0.04551,0.07449,0.07897,1,1,0,41.88359,2.08795,0,-1.14453,1,0.17687,0.16744,0.14878,0.24796,0.03625,t_shape,clutter_safe,0.3800,0.15253,-1.48185
no_transformer_context,combined_composition_shift,1,9,0,0.15661,0.02098,0.02098,0,1,0,65.68034,5.40301,0,-0.47371,1,0.11407,0.13017,0.00000,0.00000,0.11004,t_shape,clutter_safe,0.3800,0.18000,-0.22406
no_transformer_context,combined_composition_shift,1,10,0,0.07478,0.04915,0.04915,0,1,0,43.03046,3.07127,0,-0.53239,1,0.24224,0.12673,0.00000,0.00000,0.19945,t_shape,clutter_safe,0.3800,0.18000,0.92198
no_transformer_context,combined_composition_shift,1,11,0,0.13911,0.03779,0.03779,0,1,0,33.92264,1.49767,0,-0.50874,1,0.21569,0.13126,0.00000,0.00000,0.17109,t_shape,clutter_safe,0.3800,0.18000,-0.61747
no_transformer_context,combined_composition_shift,1,12,0,-0.00206,0.28360,0.33566,1,1,0,76.01779,3.24118,0,-1.23000,1,0.15359,0.13368,0.00000,0.00000,0.14743,t_shape,clutter_safe,0.3800,0.18000,0.16658
no_transformer_context,combined_composition_shift,1,13,0,0.04351,0.03594,0.04244,1,1,0,69.56404,2.91088,0,-1.06841,1,0.14389,0.12796,0.00000,0.00000,0.13768,t_shape,clutter_safe,0.3800,0.18000,0.22019
no_transformer_context,combined_composition_shift,1,14,0,0.15265,0.05437,0.05437,0,1,0,52.54414,3.22277,0,-0.54326,1,0.14302,0.13635,0.00000,0.00000,0.11225,t_shape,clutter_safe,0.3800,0.18000,-3.01901
no_transformer_context,combined_composition_shift,2,0,0,-0.00206,0.08362,0.13567,1,1,0,8.73122,0.62869,0,-1.20029,1,0.18394,0.13173,0.00000,0.00000,0.14616,t_shape,clutter_safe,0.3800,0.18000,-0.12917
no_transformer_context,combined_composition_shift,2,1,0,-0.00206,0.12917,0.18123,1,0,0,5.25122,0.61781,1,-0.84942,1,0.20191,0.12735,0.00000,0.00000,0.12394,t_shape,clutter_safe,0.3800,0.18000,-0.01161
no_transformer_context,combined_composition_shift,2,2,0,0.15362,0.12273,0.12273,0,1,0,79.85152,6.44458,0,-0.68000,1,0.17185,0.13770,0.00000,0.00000,0.09329,t_shape,clutter_safe,0.3800,0.18000,-0.16413
no_transformer_context,combined_composition_shift,2,3,0,0.16187,0.06126,0.06126,0,1,0,69.79301,5.78850,0,-0.55761,1,0.12431,0.13223,0.00000,0.00000,0.12246,t_shape,clutter_safe,0.3800,0.18000,-0.24204
no_transformer_context,combined_composition_shift,2,4,0,0.15672,0.03676,0.03676,0,1,0,82.33158,6.73845,0,-0.50657,1,0.18293,0.13093,0.00000,0.00000,0.12522,t_shape,clutter_safe,0.3800,0.18000,3.05367
no_transformer_context,combined_composition_shift,2,5,0,0.11662,0.07952,0.07952,0,1,0,74.05417,4.18879,0,-0.59566,1,0.14425,0.13515,0.00000,0.00000,0.11874,t_shape,clutter_safe,0.3800,0.18000,-3.12515
no_transformer_context,combined_composition_shift,2,6,0,0.01799,0.16960,0.20162,1,1,0,54.46593,2.77670,0,-1.23000,1,0.16940,0.13729,0.00000,0.00000,0.13302,t_shape,clutter_safe,0.3800,0.18000,0.13926
no_transformer_context,combined_composition_shift,2,7,0,0.09176,0.06996,0.06996,0,1,0,44.07757,2.69223,0,-0.57574,1,0.19322,0.13378,0.00000,0.00000,0.11633,t_shape,clutter_safe,0.3800,0.18000,-0.15182
no_transformer_context,combined_composition_shift,2,8,0,0.10420,0.07102,0.07102,0,1,0,70.83359,4.84312,0,-0.57795,1,0.16693,0.13648,0.00000,0.00000,0.13310,t_shape,clutter_safe,0.3800,0.18000,-0.05792
no_transformer_context,combined_composition_shift,2,9,0,0.16209,0.10427,0.10427,0,1,0,67.83111,5.62892,0,-0.64723,1,0.14236,0.13671,0.00000,0.00000,0.07197,t_shape,clutter_safe,0.3800,0.17150,-0.25205
no_transformer_context,combined_composition_shift,2,10,0,0.16111,0.04915,0.04915,0,1,0,54.30559,3.20686,0,-0.53239,1,0.17118,0.12848,0.00000,0.00000,0.12084,t_shape,clutter_safe,0.3800,0.18000,2.66828
no_transformer_context,combined_composition_shift,2,11,1,0.15929,0.05153,0.05153,0,0,0,77.28512,6.42312,1,0.81264,1,0.15559,0.12988,0.00000,0.00000,0.11789,t_shape,clutter_safe,0.3800,0.18000,-0.24313
no_transformer_context,combined_composition_shift,2,12,0,0.02068,0.04881,0.07813,1,1,0,59.89089,2.55842,0,-1.14276,1,0.19480,0.13019,0.00000,0.00000,0.13319,t_shape,clutter_safe,0.3800,0.18000,0.13699
no_transformer_context,combined_composition_shift,2,13,0,0.16210,0.03509,0.03509,0,1,0,58.37722,4.71848,0,-0.50311,1,0.06077,0.12669,0.01842,0.03071,0.09500,t_shape,clutter_safe,0.3800,0.18000,-0.14131
no_transformer_context,combined_composition_shift,2,14,0,0.15761,0.03793,0.03793,0,1,0,77.26244,6.26709,0,-0.50903,1,0.15847,0.13127,0.00000,0.00000,0.12627,t_shape,clutter_safe,0.3800,0.18000,-0.04404
no_transformer_context,combined_composition_shift,3,0,0,0.16147,0.10678,0.10678,0,1,0,83.09347,6.85513,0,-0.65246,1,0.16886,0.13719,0.00000,0.00000,0.10775,t_shape,clutter_safe,0.3800,0.18000,3.01660
no_transformer_context,combined_composition_shift,3,1,0,0.14831,0.04905,0.04905,0,1,0,49.76320,2.20002,0,-0.53220,1,0.21167,0.13133,0.07090,0.11817,0.15243,t_shape,clutter_safe,0.3800,0.18000,-0.08444
no_transformer_context,combined_composition_shift,3,2,0,0.16008,0.11978,0.11978,0,1,0,79.62082,6.65179,0,-0.67954,1,0.14547,0.13734,0.00000,0.00000,0.10387,t_shape,clutter_safe,0.3800,0.18000,3.02732
no_transformer_context,combined_composition_shift,3,3,0,0.15141,0.07701,0.07701,0,1,0,77.19109,5.93062,0,-0.59045,1,0.08999,0.13640,0.00000,0.00000,0.12700,t_shape,clutter_safe,0.3800,0.18000,0.00247
no_transformer_context,combined_composition_shift,3,4,0,0.14848,0.11907,0.11907,0,1,0,71.24671,4.36287,0,-0.67806,1,0.19131,0.13524,0.03040,0.05066,0.10538,t_shape,clutter_safe,0.3800,0.18000,0.33040
no_transformer_context,combined_composition_shift,3,5,0,-0.00206,0.04168,0.09374,1,1,0,60.43193,2.03009,0,-1.17530,1,0.05600,0.13667,0.00000,0.00000,0.12889,t_shape,clutter_safe,0.3800,0.18000,-0.13361
no_transformer_context,combined_composition_shift,3,6,0,0.13875,0.00491,0.00491,0,1,0,49.57405,2.67184,0,-0.44023,1,0.13189,0.12799,0.00000,0.00000,0.14785,t_shape,clutter_safe,0.3800,0.18000,-0.21916
no_transformer_context,combined_composition_shift,3,7,0,-0.00206,0.05064,0.10269,1,1,0,20.15492,1.15148,0,-1.19395,1,0.11761,0.12758,0.00000,0.00000,0.11845,t_shape,clutter_safe,0.3800,0.18000,-0.28168
no_transformer_context,combined_composition_shift,3,8,1,0.16305,0.05228,0.05228,0,0,0,57.74616,4.67647,1,0.81107,1,0.04125,0.12736,0.00000,0.00000,0.11136,t_shape,clutter_safe,0.3800,0.18000,-0.14973
no_transformer_context,combined_composition_shift,3,9,0,0.12605,0.05515,0.05515,0,1,0,50.30861,2.89874,0,-0.54489,1,0.26951,0.32151,0.00000,0.00000,0.16439,t_shape,clutter_safe,0.3800,0.18000,-2.67237
no_transformer_context,combined_composition_shift,3,10,0,-0.00206,0.08743,0.13949,1,1,0,25.56317,0.71134,0,-1.20691,1,0.18309,0.12762,0.00000,0.00000,0.15861,t_shape,clutter_safe,0.3800,0.18000,3.03623
no_transformer_context,combined_composition_shift,3,11,0,0.16109,0.00136,0.00136,0,1,0,71.78514,5.94232,0,-0.43283,1,0.08986,0.12846,0.00000,0.00000,0.09334,t_shape,clutter_safe,0.3800,0.18000,-0.02295
no_transformer_context,combined_composition_shift,3,12,0,0.11107,0.03426,0.03426,0,1,0,72.19879,5.02470,0,-0.50137,1,0.23107,0.13233,0.00000,0.00000,0.12027,t_shape,clutter_safe,0.3800,0.18000,0.15347
no_transformer_context,combined_composition_shift,3,13,1,0.13955,0.07571,0.07571,0,0,0,100.52664,5.95284,1,0.76227,1,0.16496,0.12903,0.00000,0.00000,0.11340,t_shape,clutter_safe,0.3800,0.18000,0.17932
no_transformer_context,combined_composition_shift,3,14,0,-0.00206,0.11353,0.16558,1,0,0,2.01346,0.54021,1,-0.84322,1,0.14667,0.12810,0.00000,0.00000,0.10284,t_shape,clutter_safe,0.3800,0.18000,-0.02451
no_transformer_context,combined_composition_shift,4,0,0,-0.00206,0.11772,0.16978,1,1,0,6.05373,0.61339,0,-1.19907,1,0.15318,0.12774,0.13763,0.22938,0.15565,t_shape,clutter_safe,0.3800,0.18000,1.82152
no_transformer_context,combined_composition_shift,4,1,0,0.16208,0.05812,0.05812,0,1,0,64.48905,5.26050,0,-0.55109,1,0.11935,0.13236,0.00000,0.00000,0.10943,t_shape,clutter_safe,0.3800,0.18000,-0.02434
no_transformer_context,combined_composition_shift,4,2,0,0.00622,0.02369,0.06747,1,1,0,49.85825,2.25884,0,-1.12056,1,0.16149,0.12689,0.00000,0.00000,0.12729,t_shape,clutter_safe,0.3800,0.18000,-0.13388
no_transformer_context,combined_composition_shift,4,3,0,-0.00206,0.06409,0.11615,1,0,0,3.23070,0.57552,1,-0.83802,1,0.22262,0.12806,0.18933,0.31556,0.14307,t_shape,clutter_safe,0.3800,0.18000,0.07773
no_transformer_context,combined_composition_shift,4,4,0,0.03834,0.19447,0.20613,1,1,0,77.30420,5.13844,0,-1.23000,1,0.10546,0.13702,0.00000,0.00000,0.10692,t_shape,clutter_safe,0.3800,0.18000,3.12566
no_transformer_context,combined_composition_shift,4,5,0,-0.00207,0.07400,0.12607,1,1,0,56.98965,2.00549,0,-1.23000,1,0.06349,0.13724,0.00000,0.00000,0.10225,t_shape,clutter_safe,0.3800,0.18000,-2.91910
no_transformer_context,combined_composition_shift,4,6,0,0.15334,0.08397,0.08397,0,1,0,79.93759,6.50163,0,-0.60494,1,0.23589,0.13363,0.00000,0.00000,0.12530,t_shape,clutter_safe,0.3800,0.18000,-2.96722
no_transformer_context,combined_composition_shift,4,7,0,-0.00206,0.08087,0.13293,1,1,0,10.35388,0.62080,0,-1.19966,1,0.14190,0.12664,0.11171,0.18619,0.14273,t_shape,clutter_safe,0.3800,0.18000,0.02426
no_transformer_context,combined_composition_shift,4,8,1,0.16226,0.02109,0.02109,0,0,0,67.75522,5.62361,1,0.87606,1,0.12553,0.12914,0.00000,0.00000,0.16256,t_shape,clutter_safe,0.3800,0.18000,-0.19572
no_transformer_context,combined_composition_shift,4,9,0,0.01715,0.03283,0.06568,1,1,0,33.10875,2.17163,0,-1.11684,1,0.23800,0.12687,0.00000,0.00000,0.16971,t_shape,clutter_safe,0.3800,0.18000,-0.09728
no_transformer_context,combined_composition_shift,4,10,0,0.02731,0.02058,0.04327,1,1,0,62.60053,2.92137,0,-1.07016,1,0.13873,0.12700,0.00000,0.00000,0.12007,t_shape,clutter_safe,0.3800,0.18000,-3.14034
no_transformer_context,combined_composition_shift,4,11,0,0.01313,0.04227,0.07914,1,1,0,34.87551,1.72939,0,-1.14487,1,0.10923,0.13241,0.00000,0.00000,0.12767,t_shape,clutter_safe,0.3800,0.18000,0.00289
no_transformer_context,combined_composition_shift,4,12,0,0.13288,0.06836,0.06836,0,1,0,38.52771,2.17860,0,-0.57242,1,0.15613,0.13454,0.00000,0.00000,0.11827,t_shape,clutter_safe,0.3800,0.18000,-0.30060
no_transformer_context,combined_composition_shift,4,13,0,-0.00206,0.16695,0.21901,1,0,0,5.22537,0.67221,1,-0.85378,1,0.15040,0.13582,0.00000,0.00000,0.10391,t_shape,clutter_safe,0.3800,0.18000,0.15094
no_transformer_context,combined_composition_shift,4,14,0,0.15595,0.02255,0.02255,0,1,0,63.94204,5.18773,0,-0.47698,1,0.07719,0.13027,0.00000,0.00000,0.11422,t_shape,clutter_safe,0.3800,0.18000,-0.11666
no_transformer_context,combined_composition_shift,5,0,0,0.03112,0.05161,0.07049,1,1,0,58.05105,2.44173,0,-1.12685,1,0.18982,0.13146,0.00000,0.00000,0.15407,t_shape,clutter_safe,0.3800,0.18000,-0.17476
no_transformer_context,combined_composition_shift,5,1,0,-0.00206,0.06066,0.11272,1,1,0,64.21726,2.87208,0,-1.21484,1,0.19591,0.13726,0.00000,0.00000,0.12995,t_shape,clutter_safe,0.3800,0.18000,2.88770
no_transformer_context,combined_composition_shift,5,2,0,-0.00206,0.05047,0.10253,1,1,0,36.87813,1.39132,0,-1.19360,1,0.09293,0.13376,0.00000,0.00000,0.14525,t_shape,clutter_safe,0.3800,0.18000,0.02970
no_transformer_context,combined_composition_shift,5,3,0,-0.00206,0.08444,0.13650,1,0,0,6.61588,0.57898,1,-0.84632,1,0.14410,0.13018,0.17711,0.29518,0.11640,t_shape,clutter_safe,0.3800,0.18000,2.84752
no_transformer_context,combined_composition_shift,5,4,0,-0.00206,0.10188,0.15394,1,1,0,48.05490,1.12098,0,-1.23000,1,0.05845,0.13455,0.05087,0.08478,0.14212,t_shape,clutter_safe,0.3800,0.18000,-0.16529
no_transformer_context,combined_composition_shift,5,5,0,0.16102,0.07640,0.07640,0,1,0,66.96709,5.14008,0,-0.58917,1,0.10757,0.13579,0.00000,0.00000,0.14340,t_shape,clutter_safe,0.3800,0.18000,0.23330
no_transformer_context,combined_composition_shift,5,6,0,0.16122,0.08642,0.08642,0,1,0,68.10463,5.46438,0,-0.61003,1,0.11467,0.13644,0.00000,0.00000,0.13508,t_shape,clutter_safe,0.3800,0.17980,-0.14283
no_transformer_context,combined_composition_shift,5,7,1,0.16089,0.02744,0.02744,0,0,0,75.76720,6.23621,1,0.86283,1,0.18102,0.12812,0.00000,0.00000,0.11661,t_shape,clutter_safe,0.3800,0.18000,-0.14079
no_transformer_context,combined_composition_shift,5,8,0,0.16105,0.04050,0.04050,0,1,0,78.32497,6.50015,0,-0.51437,1,0.24899,0.12988,0.00000,0.00000,0.13521,t_shape,clutter_safe,0.3800,0.18000,2.92679
no_transformer_context,combined_composition_shift,5,9,0,0.07206,0.01534,0.01534,0,1,0,44.31264,2.86956,0,-0.46196,1,0.18548,0.12720,0.00000,0.00000,0.09752,t_shape,clutter_safe,0.3800,0.17973,0.06751
no_transformer_context,combined_composition_shift,5,10,0,0.12032,0.09964,0.09964,0,1,0,80.68085,5.25573,0,-0.63758,1,0.15119,0.13420,0.00000,0.00000,0.12195,t_shape,clutter_safe,0.3800,0.18000,0.25001
no_transformer_context,combined_composition_shift,5,11,0,0.10239,0.07656,0.07656,0,1,0,60.53128,3.51628,0,-0.58950,1,0.15480,0.13352,0.00000,0.00000,0.13355,t_shape,clutter_safe,0.3800,0.18000,0.12220
no_transformer_context,combined_composition_shift,5,12,0,0.14982,0.09174,0.09174,0,1,0,80.30170,6.07054,0,-0.62112,1,0.15474,0.13687,0.00000,0.00000,0.11274,t_shape,clutter_safe,0.3800,0.18000,2.99239
no_transformer_context,combined_composition_shift,5,13,0,0.11725,0.02350,0.02350,0,1,0,98.76485,5.08463,0,-0.47895,1,0.21114,0.13092,0.00000,0.00000,0.12144,t_shape,clutter_safe,0.3800,0.18000,-0.06808
no_transformer_context,combined_composition_shift,5,14,0,-0.00206,0.02260,0.07466,1,1,0,58.29651,2.73738,0,-1.13554,1,0.20933,0.13542,0.00000,0.00000,0.12936,t_shape,clutter_safe,0.3800,0.18000,3.08306
no_transformer_context,combined_composition_shift,6,0,0,-0.00206,0.00924,0.06130,1,1,0,60.21938,2.60420,0,-1.10771,1,0.16661,0.13364,0.01443,0.02404,0.10827,t_shape,clutter_safe,0.3800,0.18000,-0.40294
no_transformer_context,combined_composition_shift,6,1,1,0.15957,0.09845,0.09845,0,0,0,56.61927,4.71021,1,0.71490,1,0.02628,0.14309,0.02169,0.03615,0.11376,t_shape,clutter_safe,0.3800,0.18000,-0.01275
no_transformer_context,combined_composition_shift,6,2,0,-0.00206,0.10807,0.16013,1,1,0,8.29337,0.64384,0,-1.20151,1,0.20862,0.13089,0.00000,0.00000,0.14967,t_shape,clutter_safe,0.3800,0.18000,-0.01650
no_transformer_context,combined_composition_shift,6,3,0,-0.00206,0.03475,0.08680,1,1,0,43.28776,2.09787,0,-1.16084,1,0.20697,0.13767,0.00000,0.00000,0.11027,t_shape,clutter_safe,0.3800,0.18000,-0.14877
no_transformer_context,combined_composition_shift,6,4,0,-0.00206,0.08679,0.13885,1,1,0,12.33526,0.76294,0,-1.21104,1,0.25751,0.12917,0.00000,0.00000,0.15066,t_shape,clutter_safe,0.3800,0.18000,-2.82089
no_transformer_context,combined_composition_shift,6,5,1,0.16226,0.00314,0.00314,0,0,0,65.22219,5.40384,1,0.91345,1,0.10573,0.12618,0.00000,0.00000,0.06593,t_shape,clutter_safe,0.3800,0.16949,3.05047
no_transformer_context,combined_composition_shift,6,6,0,0.16220,0.02096,0.02096,0,1,0,65.86310,5.36444,0,-0.47366,1,0.12699,0.13051,0.00000,0.00000,0.11497,t_shape,clutter_safe,0.3800,0.18000,-0.00074
no_transformer_context,combined_composition_shift,6,7,0,0.15668,0.09398,0.09398,0,1,0,48.52034,3.24643,0,-0.62580,1,0.08001,0.13175,0.00000,0.00000,0.16862,t_shape,clutter_safe,0.3800,0.18000,0.25922
no_transformer_context,combined_composition_shift,6,8,0,-0.00206,0.08481,0.13687,1,1,0,81.83576,2.88070,0,-1.23000,1,0.20587,0.13697,0.00000,0.00000,0.17841,t_shape,clutter_safe,0.3800,0.18000,-0.13612
no_transformer_context,combined_composition_shift,6,9,0,0.15659,0.06686,0.06686,0,1,0,50.85875,3.57957,0,-0.56930,1,0.10572,0.12883,0.00000,0.00000,0.11312,t_shape,clutter_safe,0.3800,0.18000,0.19317
no_transformer_context,combined_composition_shift,6,10,0,0.12294,0.04963,0.04963,0,1,0,70.99468,3.94302,0,-0.53340,1,0.18942,0.12607,0.00000,0.00000,0.10553,t_shape,clutter_safe,0.3800,0.18000,3.05082
no_transformer_context,combined_composition_shift,6,11,0,0.10610,0.05728,0.05728,0,1,0,66.43265,3.78030,0,-0.54933,1,0.14728,0.16545,0.00457,0.00761,0.13056,t_shape,clutter_safe,0.3800,0.18000,-2.99114
no_transformer_context,combined_composition_shift,6,12,0,0.15902,0.01796,0.01796,0,1,0,64.54422,5.30223,0,-0.46742,1,0.06271,0.12827,0.00000,0.00000,0.08753,t_shape,clutter_safe,0.3800,0.17640,3.01592
no_transformer_context,combined_composition_shift,6,13,0,0.16200,0.00428,0.00428,0,1,0,62.65128,5.07986,0,-0.43892,1,0.16052,0.12676,0.00000,0.00000,0.11976,t_shape,clutter_safe,0.3800,0.17687,0.23692
no_transformer_context,combined_composition_shift,6,14,0,0.01423,0.02015,0.05592,1,1,0,45.08033,2.18479,0,-1.09649,1,0.15861,0.13786,0.00000,0.00000,0.11354,t_shape,clutter_safe,0.3800,0.17314,-2.61818
no_transformer_context,combined_composition_shift,7,0,0,0.15764,0.07948,0.07948,0,1,0,47.24416,3.13288,0,-0.59557,1,0.15124,0.13046,0.12457,0.20762,0.10761,t_shape,clutter_safe,0.3800,0.18000,0.27157
no_transformer_context,combined_composition_shift,7,1,1,0.16171,0.08692,0.08692,0,0,0,75.02761,6.27919,1,0.73892,1,0.10688,0.13461,0.00000,0.00000,0.10128,t_shape,clutter_safe,0.3800,0.18000,-0.05180
no_transformer_context,combined_composition_shift,7,2,0,-0.00207,0.03638,0.08845,1,1,0,56.63168,2.45686,0,-1.16427,1,0.11256,0.12793,0.00000,0.00000,0.11543,t_shape,clutter_safe,0.3800,0.18000,2.80328
no_transformer_context,combined_composition_shift,7,3,0,0.10106,0.08571,0.08571,0,1,0,61.13008,3.27940,0,-0.60856,1,0.12750,0.13574,0.00000,0.00000,0.11426,t_shape,clutter_safe,0.3800,0.18000,-0.38063
no_transformer_context,combined_composition_shift,7,4,0,-0.00206,0.10024,0.15230,1,1,0,0.00000,0.60174,0,-1.19814,1,0.12451,0.13730,0.09350,0.15583,0.09690,t_shape,clutter_safe,0.3800,0.18000,2.93805
no_transformer_context,combined_composition_shift,7,5,0,0.11382,0.11205,0.11205,0,1,0,89.22964,5.14097,0,-0.66345,1,0.23617,0.13663,0.00000,0.00000,0.14260,t_shape,clutter_safe,0.3800,0.18000,0.30082
no_transformer_context,combined_composition_shift,7,6,0,0.09949,0.05436,0.05436,0,1,0,66.48817,5.20214,0,-0.54324,1,0.24817,0.13294,0.00000,0.00000,0.13641,t_shape,clutter_safe,0.3800,0.18000,3.13392
no_transformer_context,combined_composition_shift,7,7,0,0.15110,0.04555,0.04555,0,1,0,72.61106,5.61649,0,-0.52489,1,0.07717,0.13346,0.00000,0.00000,0.10755,t_shape,clutter_safe,0.3800,0.18000,-0.18557
no_transformer_context,combined_composition_shift,7,8,0,0.15594,0.04637,0.04637,0,1,0,37.24259,3.11109,0,-0.52661,1,0.21108,0.12711,0.00000,0.00000,0.10530,t_shape,clutter_safe,0.3800,0.18000,0.30658
no_transformer_context,combined_composition_shift,7,9,0,0.07508,0.04329,0.04329,0,1,0,40.08135,2.84377,0,-0.52020,1,0.19215,0.12707,0.02743,0.04572,0.03094,t_shape,clutter_safe,0.3800,0.16520,0.12659
no_transformer_context,combined_composition_shift,7,10,0,0.15932,0.07145,0.07145,0,1,0,65.53592,5.42324,0,-0.57885,1,0.11819,0.13219,0.00000,0.00000,0.12271,t_shape,clutter_safe,0.3800,0.18000,0.04698
no_transformer_context,combined_composition_shift,7,11,0,-0.00206,0.07280,0.12486,1,1,0,47.72816,1.35678,0,-1.23000,1,0.14023,0.13219,0.04374,0.07290,0.19767,t_shape,clutter_safe,0.3800,0.18000,0.32146
no_transformer_context,combined_composition_shift,7,12,0,-0.00206,0.06173,0.11379,1,1,0,16.94961,0.70839,0,-1.19373,1,0.22720,0.13086,0.00000,0.00000,0.13820,t_shape,clutter_safe,0.3800,0.18000,-0.20177
no_transformer_context,combined_composition_shift,7,13,0,0.15695,0.03328,0.03328,0,1,0,70.24357,5.70039,0,-0.49933,1,0.12392,0.13072,0.00000,0.00000,0.05671,t_shape,clutter_safe,0.3800,0.16908,-3.11763
no_transformer_context,combined_composition_shift,7,14,0,0.15941,0.02647,0.02647,0,1,0,39.94945,3.28167,0,-0.48514,1,0.14850,0.12934,0.00000,0.00000,0.09406,t_shape,clutter_safe,0.3800,0.18000,0.15819
no_transformer_context,adversarial_clutter_gap,0,0,0,-0.00206,0.13198,0.18404,1,1,0,1.32707,0.54630,0,-1.19370,1,0.22512,0.05462,0.07078,0.11796,0.14387,t_shape,clutter_safe,0.4600,0.18000,-1.26540
no_transformer_context,adversarial_clutter_gap,0,1,0,0.04970,0.05177,0.05207,1,1,0,46.00493,3.10444,0,-1.08849,1,0.21587,0.05470,0.00000,0.00000,0.11368,t_shape,clutter_safe,0.4600,0.18000,0.21604
no_transformer_context,adversarial_clutter_gap,0,2,0,0.13787,0.08742,0.08742,0,1,0,127.42446,8.13227,0,-0.61212,1,0.25045,0.06437,0.00000,0.00000,0.13125,t_shape,clutter_safe,0.4600,0.18000,-0.25460
no_transformer_context,adversarial_clutter_gap,0,3,0,0.03194,0.03051,0.04857,1,1,0,78.88559,3.65845,0,-1.08118,1,0.17313,0.06176,0.00000,0.00000,0.16221,t_shape,clutter_safe,0.4600,0.18000,-0.64563
no_transformer_context,adversarial_clutter_gap,0,4,0,0.08060,0.03546,0.03546,0,1,0,77.96436,4.80558,0,-0.50388,1,0.23385,0.06045,0.00000,0.00000,0.11617,t_shape,clutter_safe,0.4600,0.18000,-0.23192
no_transformer_context,adversarial_clutter_gap,0,5,0,0.06007,0.05485,0.05485,1,1,0,123.79876,4.95489,0,-1.09428,1,0.23623,0.06335,0.00000,0.00000,0.12534,t_shape,clutter_safe,0.4600,0.18000,-0.32761
no_transformer_context,adversarial_clutter_gap,0,6,0,-0.00206,0.04668,0.09874,1,1,0,45.81547,2.32346,0,-1.18571,1,0.20193,0.05947,0.00000,0.00000,0.15986,t_shape,clutter_safe,0.4600,0.18000,2.18783
no_transformer_context,adversarial_clutter_gap,0,7,0,0.12624,0.02001,0.02001,0,1,0,91.41448,7.27439,0,-0.47169,1,0.29147,0.05518,0.00000,0.00000,0.15150,t_shape,clutter_safe,0.4600,0.18000,-2.78361
no_transformer_context,adversarial_clutter_gap,0,8,0,-0.00206,0.03406,0.08611,1,1,0,33.97850,1.80430,0,-1.15940,1,0.24185,0.05788,0.01159,0.01931,0.04233,t_shape,clutter_safe,0.4600,0.14006,1.80274
no_transformer_context,adversarial_clutter_gap,0,9,0,0.02834,0.04086,0.06252,1,1,0,29.16682,1.84488,0,-1.11025,1,0.11501,0.05707,0.09700,0.16166,0.11232,t_shape,clutter_safe,0.4600,0.18000,0.28243
no_transformer_context,adversarial_clutter_gap,0,10,0,-0.00206,0.06167,0.11373,1,1,0,17.61971,0.87103,0,-1.20662,1,0.16449,0.05951,0.00000,0.00000,0.11050,t_shape,clutter_safe,0.4600,0.18000,0.10464
no_transformer_context,adversarial_clutter_gap,0,11,0,0.03588,0.10000,0.11413,1,1,0,13.89433,0.90085,0,-1.20983,1,0.14341,0.06129,0.00000,0.00000,0.11762,t_shape,clutter_safe,0.4600,0.18000,-1.29255
no_transformer_context,adversarial_clutter_gap,0,12,0,-0.00206,0.02085,0.07291,1,0,0,2.02968,0.57565,1,-0.74795,1,0.19854,0.06107,0.00000,0.00000,0.19017,t_shape,clutter_safe,0.4600,0.18000,-2.08321
no_transformer_context,adversarial_clutter_gap,0,13,0,0.07360,0.04326,0.04326,0,1,0,52.67138,4.02291,0,-0.52012,1,0.19207,0.05422,0.00000,0.00000,0.13141,t_shape,clutter_safe,0.4600,0.18000,3.13512
no_transformer_context,adversarial_clutter_gap,0,14,0,0.02460,0.03859,0.06398,1,1,0,43.46929,2.60241,0,-1.11330,1,0.19054,0.05853,0.00000,0.00000,0.10034,t_shape,clutter_safe,0.4600,0.18000,-2.71383
no_transformer_context,adversarial_clutter_gap,1,0,0,0.16345,0.01778,0.01778,0,1,0,72.82132,5.82562,0,-0.46703,1,0.13722,0.05871,0.00000,0.00000,0.15565,t_shape,clutter_safe,0.4600,0.17851,-0.20692
no_transformer_context,adversarial_clutter_gap,1,1,0,0.10668,0.05388,0.05388,0,1,0,66.40322,4.07375,0,-0.54225,1,0.16724,0.06188,0.15780,0.26299,0.11654,t_shape,clutter_safe,0.4600,0.18000,-0.14801
no_transformer_context,adversarial_clutter_gap,1,2,0,0.13960,0.05967,0.05967,0,1,0,77.04891,4.37931,0,-0.55431,1,0.25319,0.05405,0.00000,0.00000,0.12154,t_shape,clutter_safe,0.4600,0.18000,2.92833
no_transformer_context,adversarial_clutter_gap,1,3,0,0.07103,0.03906,0.03906,0,1,0,56.22475,2.81903,0,-0.51137,1,0.19194,0.05847,0.00000,0.00000,0.11314,t_shape,clutter_safe,0.4600,0.18000,-0.26095
no_transformer_context,adversarial_clutter_gap,1,4,0,0.11169,0.06476,0.06476,0,1,0,76.86406,4.22111,0,-0.56491,1,0.15479,0.05858,0.05105,0.08508,0.09124,t_shape,clutter_safe,0.4600,0.18000,0.31569
no_transformer_context,adversarial_clutter_gap,1,5,0,0.12619,0.07677,0.07677,0,1,0,65.71753,3.73612,0,-0.58994,1,0.11796,0.05972,0.00000,0.00000,0.11448,t_shape,clutter_safe,0.4600,0.18000,-2.82754
no_transformer_context,adversarial_clutter_gap,1,6,0,-0.00206,0.03153,0.08358,1,1,0,39.36827,1.89461,0,-1.15413,1,0.15647,0.06188,0.00000,0.00000,0.12174,t_shape,clutter_safe,0.4600,0.18000,-0.15487
no_transformer_context,adversarial_clutter_gap,1,7,0,-0.00206,0.07652,0.12858,1,1,0,58.57002,2.28949,0,-1.23000,1,0.24502,0.06469,0.00000,0.00000,0.05093,t_shape,clutter_safe,0.4600,0.15602,1.44408
no_transformer_context,adversarial_clutter_gap,1,8,0,0.01030,0.04122,0.08092,1,1,0,82.17925,3.09093,0,-1.14859,1,0.19519,0.05985,0.00000,0.00000,0.12888,t_shape,clutter_safe,0.4600,0.18000,-3.02451
no_transformer_context,adversarial_clutter_gap,1,9,0,0.01187,0.16834,0.20646,1,1,0,55.66000,3.07813,0,-1.23000,1,0.23834,0.06136,0.00000,0.00000,0.04917,t_shape,clutter_safe,0.4600,0.16022,-2.79280
no_transformer_context,adversarial_clutter_gap,1,10,0,0.02187,0.03177,0.05990,1,1,0,56.04658,3.40193,0,-1.10480,1,0.21427,0.05568,0.00000,0.00000,0.12494,t_shape,clutter_safe,0.4600,0.18000,0.42075
no_transformer_context,adversarial_clutter_gap,1,11,0,0.05715,0.04339,0.04339,1,1,0,103.18386,4.90690,0,-1.07040,1,0.18421,0.05765,0.00000,0.00000,0.10742,t_shape,clutter_safe,0.4600,0.18000,0.00421
no_transformer_context,adversarial_clutter_gap,1,12,0,0.07401,0.03177,0.03177,0,1,0,93.49826,3.79445,0,-0.49619,1,0.17334,0.05817,0.00000,0.00000,0.09945,t_shape,clutter_safe,0.4600,0.17571,-2.88725
no_transformer_context,adversarial_clutter_gap,1,13,0,-0.00206,0.06098,0.11304,1,1,0,26.06282,0.88234,0,-1.20608,1,0.08724,0.05591,0.18331,0.30552,0.13140,t_shape,clutter_safe,0.4600,0.18000,-0.16313
no_transformer_context,adversarial_clutter_gap,1,14,0,-0.00206,0.01934,0.07140,1,1,0,33.41356,1.60268,0,-1.12875,1,0.20411,0.05990,0.05861,0.09769,0.02086,t_shape,clutter_safe,0.4600,0.15621,1.32005
no_transformer_context,adversarial_clutter_gap,2,0,0,0.14650,0.05321,0.05321,0,1,0,87.46079,6.99256,0,-0.54086,1,0.17967,0.06111,0.00000,0.00000,0.13114,t_shape,clutter_safe,0.4600,0.18000,-0.21589
no_transformer_context,adversarial_clutter_gap,2,1,0,0.05616,0.09921,0.09921,1,1,0,69.16999,3.48610,0,-1.18668,1,0.16891,0.06455,0.00000,0.00000,0.11564,t_shape,clutter_safe,0.4600,0.18000,-0.07873
no_transformer_context,adversarial_clutter_gap,2,2,0,-0.00206,0.05807,0.11013,1,1,0,20.15920,0.75666,0,-1.18997,1,0.20067,0.05846,0.00000,0.00000,0.12655,t_shape,clutter_safe,0.4600,0.18000,0.01007
no_transformer_context,adversarial_clutter_gap,2,3,0,-0.00206,0.03268,0.08473,1,1,0,35.93748,1.83220,0,-1.15653,1,0.16727,0.06019,0.00000,0.00000,0.02783,t_shape,clutter_safe,0.4600,0.15660,-1.48042
no_transformer_context,adversarial_clutter_gap,2,4,0,0.03090,0.07634,0.09544,1,1,0,21.20475,0.67215,0,-1.15260,1,0.17552,0.06424,0.00000,0.00000,0.20378,t_shape,clutter_safe,0.4600,0.18000,-0.14450
no_transformer_context,adversarial_clutter_gap,2,5,0,-0.00206,0.03481,0.08687,1,1,0,31.58951,1.81041,0,-1.16099,1,0.24542,0.05611,0.00000,0.00000,0.03918,t_shape,clutter_safe,0.4600,0.15226,1.83447
no_transformer_context,adversarial_clutter_gap,2,6,0,-0.00206,0.11116,0.16322,1,1,0,6.46508,0.67375,0,-1.20390,1,0.19909,0.06324,0.00000,0.00000,0.11372,t_shape,clutter_safe,0.4600,0.18000,-0.00828
no_transformer_context,adversarial_clutter_gap,2,7,0,0.00589,0.09247,0.13658,1,1,0,43.16371,2.78008,0,-1.23000,1,0.15046,0.08778,0.00000,0.00000,0.11956,t_shape,clutter_safe,0.4600,0.18000,2.82180
no_transformer_context,adversarial_clutter_gap,2,8,0,0.05363,0.04119,0.04119,1,1,0,77.94461,3.78753,0,-1.06580,1,0.18154,0.05506,0.07074,0.11790,0.09806,t_shape,clutter_safe,0.4600,0.18000,-2.80687
no_transformer_context,adversarial_clutter_gap,2,9,0,-0.00206,0.04083,0.09289,1,1,0,9.03831,0.64369,0,-1.14501,1,0.14896,0.06156,0.00000,0.00000,0.11727,t_shape,clutter_safe,0.4600,0.18000,-1.37254
no_transformer_context,adversarial_clutter_gap,2,10,0,0.04409,0.06985,0.07576,1,1,0,64.12958,3.15440,0,-1.13783,1,0.19826,0.06335,0.09164,0.15274,0.13171,t_shape,clutter_safe,0.4600,0.18000,0.56679
no_transformer_context,adversarial_clutter_gap,2,11,0,0.07105,0.06860,0.06860,0,1,0,88.07563,4.80756,0,-0.57293,1,0.20005,0.06067,0.00000,0.00000,0.11852,t_shape,clutter_safe,0.4600,0.18000,-2.88146
no_transformer_context,adversarial_clutter_gap,2,12,0,0.10864,0.08521,0.08521,0,1,0,95.83635,6.06381,0,-0.60753,1,0.16487,0.06140,0.00000,0.00000,0.09731,t_shape,clutter_safe,0.4600,0.18000,0.11757
no_transformer_context,adversarial_clutter_gap,2,13,0,0.18272,0.10962,0.10962,0,1,0,28.06330,1.34470,0,-0.65838,1,0.32225,0.06067,0.01241,0.02068,0.16568,t_shape,clutter_safe,0.4600,0.05627,1.45731
no_transformer_context,adversarial_clutter_gap,2,14,0,0.15648,0.07681,0.07681,0,1,0,74.42022,6.15750,0,-0.59002,1,0.12449,0.06051,0.00000,0.00000,0.10744,t_shape,clutter_safe,0.4600,0.18000,0.01685
no_transformer_context,adversarial_clutter_gap,3,0,0,0.01934,0.08731,0.11796,1,1,0,25.90702,2.08860,0,-1.22575,1,0.18242,0.05466,0.04264,0.07107,0.14795,t_shape,clutter_safe,0.4600,0.18000,0.98548
no_transformer_context,adversarial_clutter_gap,3,1,0,0.08680,0.03923,0.03923,0,1,0,65.70358,5.22398,0,-0.51173,1,0.22777,0.05665,0.00000,0.00000,0.10557,t_shape,clutter_safe,0.4600,0.18000,3.13834
no_transformer_context,adversarial_clutter_gap,3,2,0,0.04355,0.02957,0.03603,1,1,0,77.09555,4.23834,0,-1.05505,1,0.25962,0.05925,0.00000,0.00000,0.12300,t_shape,clutter_safe,0.4600,0.18000,-2.88006
no_transformer_context,adversarial_clutter_gap,3,3,0,-0.00754,0.21970,0.27725,1,1,0,62.42610,3.29833,0,-1.23000,1,0.26007,0.06122,0.00000,0.00000,0.10240,t_shape,clutter_safe,0.4600,0.16451,-0.17890
no_transformer_context,adversarial_clutter_gap,3,4,0,0.06805,0.06017,0.06017,1,1,0,48.49923,2.73056,0,-1.10535,1,0.17427,0.06105,0.00000,0.00000,0.12579,t_shape,clutter_safe,0.4600,0.18000,0.16334
no_transformer_context,adversarial_clutter_gap,3,5,0,-0.00206,0.02253,0.07459,1,1,0,33.82941,2.06744,0,-1.13539,1,0.19478,0.05757,0.00000,0.00000,0.10162,t_shape,clutter_safe,0.4600,0.18000,-0.31328
no_transformer_context,adversarial_clutter_gap,3,6,0,0.04170,0.07293,0.08124,1,1,0,61.93430,2.93079,0,-1.14924,1,0.15580,0.06095,0.00000,0.00000,0.10122,t_shape,clutter_safe,0.4600,0.18000,-0.14470
no_transformer_context,adversarial_clutter_gap,3,7,0,0.02028,0.06842,0.09814,1,1,0,29.07054,2.40065,0,-1.18446,1,0.15303,0.05546,0.00000,0.00000,0.12162,t_shape,clutter_safe,0.4600,0.18000,1.21892
no_transformer_context,adversarial_clutter_gap,3,8,0,-0.00206,0.12900,0.18106,1,1,0,0.00000,0.57495,0,-1.19600,1,0.22756,0.06234,0.11239,0.18731,0.15799,t_shape,clutter_safe,0.4600,0.18000,1.89880
no_transformer_context,adversarial_clutter_gap,3,9,0,-0.00206,0.07011,0.12217,1,1,0,24.21089,1.05636,0,-1.23000,1,0.19735,0.06595,0.00000,0.00000,0.12610,t_shape,clutter_safe,0.4600,0.18000,-2.74388
no_transformer_context,adversarial_clutter_gap,3,10,0,0.08052,0.05558,0.05558,0,1,0,78.39765,3.32700,0,-0.54579,1,0.18089,0.06039,0.00000,0.00000,0.10343,t_shape,clutter_safe,0.4600,0.18000,2.87686
no_transformer_context,adversarial_clutter_gap,3,11,0,0.05320,0.03882,0.03882,1,1,0,50.91093,2.25931,0,-1.06087,1,0.10186,0.05984,0.00000,0.00000,0.12428,t_shape,clutter_safe,0.4600,0.18000,0.28634
no_transformer_context,adversarial_clutter_gap,3,12,0,0.10562,0.13336,0.13336,0,1,0,115.84439,4.89003,0,-0.68000,1,0.22598,0.06574,0.00000,0.00000,0.11261,t_shape,clutter_safe,0.4600,0.18000,-3.03158
no_transformer_context,adversarial_clutter_gap,3,13,0,-0.00208,0.01143,0.06351,1,1,0,71.58832,2.94101,0,-1.11231,1,0.23251,0.06075,0.00000,0.00000,0.13159,t_shape,clutter_safe,0.4600,0.18000,0.39755
no_transformer_context,adversarial_clutter_gap,3,14,0,0.05588,0.05278,0.05278,1,1,0,83.06621,3.77107,0,-1.08995,1,0.12878,0.06380,0.00000,0.00000,0.13103,t_shape,clutter_safe,0.4600,0.18000,0.20208
no_transformer_context,adversarial_clutter_gap,4,0,0,0.02569,0.04898,0.07329,1,1,0,20.02292,1.48722,0,-1.13269,1,0.16070,0.05579,0.00000,0.00000,0.11487,t_shape,clutter_safe,0.4600,0.18000,1.19392
no_transformer_context,adversarial_clutter_gap,4,1,0,0.04961,0.07063,0.07102,1,1,0,44.31478,1.91496,0,-1.12795,1,0.19803,0.05579,0.00000,0.00000,0.11836,t_shape,clutter_safe,0.4600,0.18000,-0.32583
no_transformer_context,adversarial_clutter_gap,4,2,0,0.02018,0.06684,0.09667,1,1,0,58.34213,1.57452,0,-1.18139,1,0.19158,0.06191,0.00000,0.00000,0.13058,t_shape,clutter_safe,0.4600,0.18000,-2.94893
no_transformer_context,adversarial_clutter_gap,4,3,0,0.04629,0.01412,0.01782,1,1,0,96.79193,4.23585,0,-1.01713,1,0.26545,0.06487,0.00000,0.00000,0.14518,t_shape,clutter_safe,0.4600,0.18000,0.28881
no_transformer_context,adversarial_clutter_gap,4,4,0,-0.00206,0.00970,0.06176,1,1,0,48.53511,2.03592,0,-1.10867,1,0.26756,0.06442,0.00000,0.00000,0.13575,t_shape,clutter_safe,0.4600,0.18000,2.62139
no_transformer_context,adversarial_clutter_gap,4,5,0,-0.00206,0.07936,0.13142,1,1,0,4.30357,0.67315,0,-1.20385,1,0.16059,0.05941,0.10898,0.18163,0.18211,t_shape,clutter_safe,0.4600,0.18000,0.42950
no_transformer_context,adversarial_clutter_gap,4,6,0,0.01808,0.05716,0.08909,1,1,0,83.62424,4.47287,0,-1.16560,1,0.27671,0.06551,0.00000,0.00000,0.13912,t_shape,clutter_safe,0.4600,0.18000,0.30574
no_transformer_context,adversarial_clutter_gap,4,7,0,0.10640,0.11289,0.11289,0,1,0,89.53153,4.07976,0,-0.66518,1,0.21028,0.06497,0.22411,0.37352,0.12433,t_shape,clutter_safe,0.4600,0.18000,0.38210
no_transformer_context,adversarial_clutter_gap,4,8,0,0.07293,0.02547,0.02547,0,1,0,63.86925,3.56266,0,-0.48305,1,0.09811,0.05785,0.00000,0.00000,0.12268,t_shape,clutter_safe,0.4600,0.18000,-0.30605
no_transformer_context,adversarial_clutter_gap,4,9,0,-0.00206,0.03803,0.09009,1,1,0,76.52154,2.33398,0,-1.16768,1,0.13840,0.06106,0.00000,0.00000,0.12434,t_shape,clutter_safe,0.4600,0.18000,-0.01854
no_transformer_context,adversarial_clutter_gap,4,10,0,0.07227,0.09049,0.09049,0,1,0,77.64520,4.46624,0,-0.61853,1,0.18052,0.06347,0.00000,0.00000,0.11902,t_shape,clutter_safe,0.4600,0.18000,-0.19335
no_transformer_context,adversarial_clutter_gap,4,11,0,0.02883,0.09742,0.11859,1,1,0,34.36140,1.09219,0,-1.22707,1,0.19966,0.05974,0.00000,0.00000,0.17102,t_shape,clutter_safe,0.4600,0.18000,-0.05447
no_transformer_context,adversarial_clutter_gap,4,12,0,0.07915,0.08039,0.08039,0,1,0,85.03388,5.10351,0,-0.59747,1,0.17063,0.06380,0.00000,0.00000,0.12697,t_shape,clutter_safe,0.4600,0.18000,-2.79530
no_transformer_context,adversarial_clutter_gap,4,13,0,0.06338,0.03616,0.03616,1,1,0,58.64742,2.57879,0,-1.05534,1,0.19433,0.05726,0.00000,0.00000,0.12285,t_shape,clutter_safe,0.4600,0.18000,-0.17928
no_transformer_context,adversarial_clutter_gap,4,14,0,0.04899,0.09873,0.09974,1,1,0,50.54461,2.02634,0,-1.18779,1,0.05635,0.06376,0.11830,0.19716,0.09859,t_shape,clutter_safe,0.4600,0.18000,-0.25839
no_transformer_context,adversarial_clutter_gap,5,0,0,-0.00343,0.39556,0.44898,1,1,0,85.84579,4.86378,0,-1.23000,1,0.21333,0.06121,0.00000,0.00000,0.09774,t_shape,clutter_safe,0.4600,0.18000,-0.04141
no_transformer_context,adversarial_clutter_gap,5,1,0,-0.00206,0.02700,0.07906,1,1,0,66.25685,3.28521,0,-1.14470,1,0.22551,0.06404,0.00000,0.00000,0.13969,t_shape,clutter_safe,0.4600,0.18000,-0.29134
no_transformer_context,adversarial_clutter_gap,5,2,0,-0.00016,0.05938,0.10954,1,1,0,36.31690,1.47748,0,-1.20821,1,0.16854,0.05844,0.00000,0.00000,0.11879,t_shape,clutter_safe,0.4600,0.18000,0.19842
no_transformer_context,adversarial_clutter_gap,5,3,0,-0.00206,0.03245,0.08451,1,1,0,86.46598,3.82018,0,-1.15606,1,0.18936,0.06511,0.00000,0.00000,0.12899,t_shape,clutter_safe,0.4600,0.18000,-0.50670
no_transformer_context,adversarial_clutter_gap,5,4,0,-0.00206,0.06824,0.12030,1,1,0,10.45431,0.56192,0,-1.19495,1,0.18791,0.05625,0.00723,0.01206,0.02941,t_shape,clutter_safe,0.4600,0.16591,1.41574
no_transformer_context,adversarial_clutter_gap,5,5,0,-0.00206,0.04029,0.09235,1,1,0,57.78430,3.23186,0,-1.17239,1,0.17188,0.05724,0.00000,0.00000,0.10627,t_shape,clutter_safe,0.4600,0.18000,3.00303
no_transformer_context,adversarial_clutter_gap,5,6,0,0.09006,0.10004,0.10004,0,1,0,80.20501,3.96972,0,-0.63842,1,0.11014,0.06490,0.00000,0.00000,0.12044,t_shape,clutter_safe,0.4600,0.18000,2.87437
no_transformer_context,adversarial_clutter_gap,5,7,0,-0.00206,0.04090,0.09296,1,1,0,60.03662,2.02977,0,-1.17366,1,0.13478,0.06413,0.00000,0.00000,0.13270,t_shape,clutter_safe,0.4600,0.18000,-2.81784
no_transformer_context,adversarial_clutter_gap,5,8,0,0.09458,0.05823,0.05823,0,1,0,77.16263,4.91669,0,-0.55131,1,0.21456,0.05587,0.00000,0.00000,0.09904,t_shape,clutter_safe,0.4600,0.18000,0.15567
no_transformer_context,adversarial_clutter_gap,5,9,0,0.03850,0.04340,0.05490,1,1,0,65.08691,3.38571,0,-1.09438,1,0.17447,0.06503,0.00000,0.00000,0.15641,t_shape,clutter_safe,0.4600,0.18000,0.38380
no_transformer_context,adversarial_clutter_gap,5,10,1,0.16116,0.03579,0.03579,0,0,0,88.59691,7.31090,1,0.84544,1,0.23372,0.05687,0.00000,0.00000,0.10363,t_shape,clutter_safe,0.4600,0.18000,-0.14155
no_transformer_context,adversarial_clutter_gap,5,11,0,0.15290,0.05835,0.05835,0,1,0,72.66068,5.62857,0,-0.55157,1,0.20169,0.06291,0.00000,0.00000,0.15832,t_shape,clutter_safe,0.4600,0.18000,-0.25318
no_transformer_context,adversarial_clutter_gap,5,12,0,0.15162,0.07962,0.07962,0,1,0,77.56574,6.29490,0,-0.59587,1,0.17440,0.06169,0.00000,0.00000,0.10411,t_shape,clutter_safe,0.4600,0.18000,3.01481
no_transformer_context,adversarial_clutter_gap,5,13,0,0.06791,0.04227,0.04227,1,1,0,84.60579,4.58869,0,-1.06807,1,0.16874,0.06031,0.00000,0.00000,0.11144,t_shape,clutter_safe,0.4600,0.18000,0.27143
no_transformer_context,adversarial_clutter_gap,5,14,0,0.03809,0.02464,0.03655,1,1,0,76.72810,3.26361,0,-1.05615,1,0.10334,0.05879,0.00000,0.00000,0.10915,t_shape,clutter_safe,0.4600,0.18000,-3.07567
no_transformer_context,adversarial_clutter_gap,6,0,0,-0.00206,0.02620,0.07826,1,1,0,96.11257,4.46677,0,-1.14304,1,0.20358,0.06449,0.00000,0.00000,0.14745,t_shape,clutter_safe,0.4600,0.18000,-0.11178
no_transformer_context,adversarial_clutter_gap,6,1,0,-0.00206,0.19626,0.24831,1,1,0,0.00000,0.59468,0,-1.19757,1,0.26575,0.26940,0.00000,0.00000,0.13533,t_shape,clutter_safe,0.4600,0.18000,-1.60161
no_transformer_context,adversarial_clutter_gap,6,2,0,0.04312,0.04334,0.05022,1,1,0,70.06462,2.80266,0,-1.08462,1,0.16584,0.05427,0.00000,0.00000,0.09547,t_shape,clutter_safe,0.4600,0.18000,0.31969
no_transformer_context,adversarial_clutter_gap,6,3,0,-0.00206,0.07876,0.13081,1,1,0,9.30788,0.59460,0,-1.19757,1,0.21781,0.20885,0.00000,0.00000,0.11630,t_shape,clutter_safe,0.4600,0.18000,-1.68078
no_transformer_context,adversarial_clutter_gap,6,4,0,0.00739,0.08478,0.12739,1,1,0,44.48364,2.19695,0,-1.23000,1,0.23368,0.05946,0.00000,0.00000,0.04779,t_shape,clutter_safe,0.4600,0.13589,1.71588
no_transformer_context,adversarial_clutter_gap,6,5,0,0.03847,0.14429,0.15583,1,1,0,39.07784,1.17123,0,-1.23000,1,0.24427,0.06465,0.15632,0.26053,0.17504,t_shape,clutter_safe,0.4600,0.18000,-3.03973
no_transformer_context,adversarial_clutter_gap,6,6,0,0.08026,0.04931,0.04931,0,1,0,55.64616,4.31609,0,-0.53272,1,0.13909,0.05663,0.05702,0.09503,0.10905,t_shape,clutter_safe,0.4600,0.18000,-2.96943
no_transformer_context,adversarial_clutter_gap,6,7,0,0.06266,0.03721,0.03721,1,1,0,57.11145,2.39699,0,-1.05752,1,0.17252,0.05661,0.00000,0.00000,0.13209,t_shape,clutter_safe,0.4600,0.18000,-0.09736
no_transformer_context,adversarial_clutter_gap,6,8,0,-0.00206,0.05035,0.10241,1,1,0,5.54003,0.56503,0,-1.15855,1,0.16268,0.05615,0.00000,0.00000,0.13487,t_shape,clutter_safe,0.4600,0.18000,1.42450
no_transformer_context,adversarial_clutter_gap,6,9,0,-0.00206,0.02354,0.07560,1,1,0,24.40356,1.44110,0,-1.13750,1,0.16618,0.05705,0.00000,0.00000,0.10208,t_shape,clutter_safe,0.4600,0.18000,1.88543
no_transformer_context,adversarial_clutter_gap,6,10,0,0.06010,0.04956,0.04956,1,1,0,75.94336,3.15247,0,-1.08326,1,0.13734,0.05768,0.00945,0.01576,0.09585,t_shape,clutter_safe,0.4600,0.18000,0.40327
no_transformer_context,adversarial_clutter_gap,6,11,0,-0.00207,0.07638,0.12844,1,1,0,48.40408,1.68171,0,-1.23000,1,0.13198,0.06169,0.06555,0.10924,0.08798,t_shape,clutter_safe,0.4600,0.17827,-0.03880
no_transformer_context,adversarial_clutter_gap,6,12,0,0.16029,0.04116,0.04116,0,1,0,68.61533,5.70631,0,-0.51575,1,0.10990,0.05717,0.00000,0.00000,0.11567,t_shape,clutter_safe,0.4600,0.18000,-0.03827
no_transformer_context,adversarial_clutter_gap,6,13,0,0.02141,0.03156,0.06015,1,1,0,58.26899,2.49814,0,-1.10532,1,0.22429,0.06242,0.00000,0.00000,0.15305,t_shape,clutter_safe,0.4600,0.17553,-2.59476
no_transformer_context,adversarial_clutter_gap,6,14,0,0.15779,0.03788,0.03788,0,1,0,44.10075,3.39390,0,-0.50891,1,0.17075,0.05870,0.00000,0.00000,0.10612,t_shape,clutter_safe,0.4600,0.18000,0.31253
no_transformer_context,adversarial_clutter_gap,7,0,0,0.04961,0.03376,0.03415,1,1,0,73.93470,4.05317,0,-1.05114,1,0.16504,0.05494,0.00000,0.00000,0.09858,t_shape,clutter_safe,0.4600,0.18000,0.08883
no_transformer_context,adversarial_clutter_gap,7,1,0,-0.00206,0.05477,0.10683,1,1,0,15.64237,0.93239,0,-1.19716,1,0.17987,0.05795,0.00000,0.00000,0.12059,t_shape,clutter_safe,0.4600,0.18000,-1.74505
no_transformer_context,adversarial_clutter_gap,7,2,0,-0.00206,0.01844,0.07050,1,1,0,44.81206,2.82320,0,-1.12687,1,0.18561,0.05743,0.00000,0.00000,0.11982,t_shape,clutter_safe,0.4600,0.18000,-0.37759
no_transformer_context,adversarial_clutter_gap,7,3,0,0.04642,0.13144,0.13503,1,1,0,77.59712,4.10802,0,-1.23000,1,0.19719,0.06343,0.00000,0.00000,0.11512,t_shape,clutter_safe,0.4600,0.18000,-2.84781
no_transformer_context,adversarial_clutter_gap,7,4,0,0.11922,0.05364,0.05364,0,1,0,89.08186,4.71599,0,-0.54176,1,0.17292,0.05694,0.03405,0.05676,0.11094,t_shape,clutter_safe,0.4600,0.18000,0.35276
no_transformer_context,adversarial_clutter_gap,7,5,0,0.04996,0.04597,0.04601,1,1,0,77.54890,3.91833,0,-1.07586,1,0.19638,0.05819,0.00000,0.00000,0.10854,t_shape,clutter_safe,0.4600,0.18000,0.30871
no_transformer_context,adversarial_clutter_gap,7,6,0,-0.00207,0.02083,0.07290,1,1,0,84.26825,4.74265,0,-1.13187,1,0.21189,0.05926,0.00000,0.00000,0.13581,t_shape,clutter_safe,0.4600,0.18000,2.92651
no_transformer_context,adversarial_clutter_gap,7,7,0,-0.00206,0.06496,0.11702,1,1,0,14.97192,0.68226,0,-1.19838,1,0.18499,0.05595,0.00000,0.00000,0.12835,t_shape,clutter_safe,0.4600,0.18000,-3.10210
no_transformer_context,adversarial_clutter_gap,7,8,0,0.00673,0.04721,0.09048,1,1,0,47.77271,2.11847,0,-1.16851,1,0.21134,0.06061,0.00000,0.00000,0.07614,t_shape,clutter_safe,0.4600,0.16666,-1.85853
no_transformer_context,adversarial_clutter_gap,7,9,0,-0.00206,0.07071,0.12277,1,1,0,79.83011,3.30503,0,-1.23000,1,0.23000,0.06414,0.00000,0.00000,0.11915,t_shape,clutter_safe,0.4600,0.18000,-0.00666
no_transformer_context,adversarial_clutter_gap,7,10,0,0.09103,0.06703,0.06703,0,1,0,51.54966,2.45658,0,-0.56965,1,0.07892,0.05971,0.01717,0.02861,0.09161,t_shape,clutter_safe,0.4600,0.18000,-0.19773
no_transformer_context,adversarial_clutter_gap,7,11,0,0.03437,0.03114,0.04677,1,1,0,52.75698,2.62075,0,-1.07743,1,0.27147,0.06473,0.00000,0.00000,0.07847,t_shape,clutter_safe,0.4600,0.15108,2.79486
no_transformer_context,adversarial_clutter_gap,7,12,0,0.03847,0.04969,0.06122,1,1,0,59.09968,2.68966,0,-1.10753,1,0.17960,0.05873,0.00000,0.00000,0.11450,t_shape,clutter_safe,0.4600,0.18000,0.32526
no_transformer_context,adversarial_clutter_gap,7,13,0,-0.00206,0.10919,0.16125,1,1,0,8.57096,0.72595,0,-1.20808,1,0.21810,0.05667,0.01080,0.01800,0.01233,t_shape,clutter_safe,0.4600,0.15341,1.73979
no_transformer_context,adversarial_clutter_gap,7,14,0,0.04752,0.01596,0.01844,1,1,0,88.59800,4.54612,0,-1.01842,1,0.15558,0.05836,0.00000,0.00000,0.12915,t_shape,clutter_safe,0.4600,0.18000,0.21905
no_transformer_context,material_shift_proxy,0,0,1,0.15446,0.03927,0.03927,0,0,0,42.03923,3.14135,1,0.83819,1,0.03184,0.25863,0.00149,0.00000,0.00576,cylinder,lift,0.2400,0.09293,-0.52777
no_transformer_context,material_shift_proxy,0,1,0,0.01548,0.09377,0.12829,1,0,0,44.61831,2.10261,1,-0.88000,1,0.09291,0.26009,0.02947,0.00000,0.01630,cylinder,lift,0.2400,0.08723,0.95474
no_transformer_context,material_shift_proxy,0,2,0,0.01374,0.03990,0.07616,1,0,0,36.77609,2.02442,1,-0.78866,1,0.10419,0.25658,0.00544,0.00000,0.00951,cylinder,lift,0.2400,0.08578,-0.45666
no_transformer_context,material_shift_proxy,0,3,0,0.01784,0.01413,0.04629,1,0,0,41.02714,1.99735,1,-0.72643,1,0.03550,0.25382,0.00034,0.00000,0.01383,cylinder,lift,0.2400,0.09335,0.54418
no_transformer_context,material_shift_proxy,0,4,1,0.16651,0.05737,0.05737,0,0,0,33.41141,2.80059,1,0.80048,1,0.12025,0.54558,0.03458,0.00000,0.00155,cylinder,lift,0.2400,0.10803,-0.35810
no_transformer_context,material_shift_proxy,0,5,1,0.11314,0.09886,0.09886,0,0,0,40.81368,2.54083,1,0.71404,1,0.03210,0.25774,0.01014,0.00000,0.00544,cylinder,lift,0.2400,0.09288,-0.56469
no_transformer_context,material_shift_proxy,0,6,0,0.01722,0.00918,0.04197,1,0,0,42.65018,2.03565,1,-0.71743,1,0.07087,0.25264,0.04099,0.00000,0.00922,cylinder,lift,0.2400,0.08921,-1.24598
no_transformer_context,material_shift_proxy,0,7,0,0.01170,0.05534,0.09364,1,0,0,41.62045,2.25244,1,-0.82508,1,0.08509,0.25917,0.02654,0.00000,0.02500,cylinder,lift,0.2400,0.08929,-0.95388
no_transformer_context,material_shift_proxy,0,8,0,0.01179,0.07770,0.11591,1,0,0,44.61968,1.71343,1,-0.87148,1,0.09501,0.26034,0.00859,0.00000,0.02286,cylinder,lift,0.2400,0.08804,0.14943
no_transformer_context,material_shift_proxy,0,9,0,0.01297,0.04038,0.07741,1,0,0,43.72614,1.90866,1,-0.79127,1,0.07833,0.25498,0.02608,0.00000,0.01936,cylinder,lift,0.2400,0.08873,0.89088
no_transformer_context,material_shift_proxy,0,10,1,0.16192,0.04568,0.04568,0,0,0,37.88933,2.93049,1,0.82484,1,0.04852,0.36734,0.04546,0.00000,0.00318,cylinder,lift,0.2400,0.10041,2.06162
no_transformer_context,material_shift_proxy,0,11,1,0.10315,0.03953,0.03953,0,0,0,41.98517,2.64631,1,0.83765,1,0.08907,0.25384,0.03571,0.00000,0.01439,cylinder,lift,0.2400,0.08783,-1.23673
no_transformer_context,material_shift_proxy,0,12,1,0.16650,0.02569,0.02569,0,0,0,35.23194,2.93876,1,0.86649,1,0.08627,0.45806,0.01483,0.00000,0.00239,cylinder,lift,0.2400,0.10442,0.30948
no_transformer_context,material_shift_proxy,0,13,0,0.03198,0.11363,0.13165,1,0,0,32.11453,1.70745,1,-0.88000,1,0.12590,0.53117,0.01216,0.00000,0.01509,cylinder,lift,0.2400,0.10729,0.44883
no_transformer_context,material_shift_proxy,0,14,0,0.01335,0.00739,0.04404,1,0,0,46.07506,2.26591,1,-0.72175,1,0.10235,0.25226,0.04999,0.00000,0.00521,cylinder,lift,0.2400,0.08555,1.96453
no_transformer_context,material_shift_proxy,1,0,1,0.11474,0.05826,0.05826,0,0,0,41.87060,2.69147,1,0.79863,1,0.04778,0.25333,0.01231,0.00000,0.00953,cylinder,lift,0.2400,0.09165,-2.47206
no_transformer_context,material_shift_proxy,1,1,0,0.01534,0.05623,0.09089,1,0,0,28.55104,1.52865,1,-0.81936,1,0.06385,0.38236,0.01654,0.00000,0.01239,cylinder,lift,0.2400,0.10110,0.10003
no_transformer_context,material_shift_proxy,1,2,1,0.16571,0.06295,0.06295,0,0,0,42.56820,3.47485,1,0.78885,1,0.04815,0.25787,0.04993,0.00000,0.00472,cylinder,lift,0.2400,0.09114,2.09076
no_transformer_context,material_shift_proxy,1,3,1,0.14936,0.03442,0.03442,0,0,0,44.03104,3.24210,1,0.84829,1,0.09500,0.25469,0.04992,0.00000,0.00902,cylinder,lift,0.2400,0.08669,0.95946
no_transformer_context,material_shift_proxy,1,4,1,0.10504,0.02150,0.02150,0,0,0,37.19787,2.24193,1,0.87522,1,0.03209,0.30649,0.01102,0.00000,0.01091,cylinder,lift,0.2400,0.09795,0.01085
no_transformer_context,material_shift_proxy,1,5,1,0.15819,0.04625,0.04625,0,0,0,35.43461,2.63305,1,0.82365,1,0.06633,0.39880,0.02630,0.00000,0.00681,cylinder,lift,0.2400,0.10191,-0.04258
no_transformer_context,material_shift_proxy,1,6,1,0.16389,0.01547,0.01547,0,0,0,38.54188,2.94273,1,0.88778,1,0.03457,0.32540,0.04082,0.00000,0.00526,cylinder,lift,0.2400,0.09876,1.00686
no_transformer_context,material_shift_proxy,1,7,0,0.11862,0.11093,0.11093,0,0,0,42.01879,2.75025,1,-0.31110,1,0.02893,0.25849,0.00041,0.00000,0.02230,cylinder,lift,0.2400,0.09326,0.33405
no_transformer_context,material_shift_proxy,1,8,1,0.12521,0.06148,0.06148,0,0,0,31.40901,2.18657,1,0.79191,1,0.06326,0.39813,0.04088,0.00000,0.00666,cylinder,lift,0.2400,0.10160,0.80972
no_transformer_context,material_shift_proxy,1,9,1,0.10352,0.05664,0.05664,0,0,0,41.87648,2.55208,1,0.80200,1,0.05456,0.25523,0.04644,0.00000,0.00600,cylinder,lift,0.2400,0.09059,-1.40258
no_transformer_context,material_shift_proxy,1,10,1,0.12621,0.03459,0.03459,0,0,0,36.37558,2.42020,1,0.84793,1,0.07491,0.41840,0.00215,0.00000,0.00983,cylinder,lift,0.2400,0.10250,0.28661
no_transformer_context,material_shift_proxy,1,11,1,0.14481,0.01828,0.01828,0,0,0,33.90981,2.40304,1,0.88193,1,0.10175,0.48615,0.03686,0.00000,0.00718,cylinder,lift,0.2400,0.10556,0.43433
no_transformer_context,material_shift_proxy,1,12,0,0.01169,0.03816,0.07647,1,0,0,39.20435,1.70004,1,-0.78931,1,0.02439,0.25655,0.03407,0.00000,0.01613,cylinder,lift,0.2400,0.09473,2.85457
no_transformer_context,material_shift_proxy,1,13,1,0.15653,0.03552,0.03552,0,0,0,43.88496,3.31780,1,0.84601,1,0.08903,0.25286,0.04954,0.00000,0.00329,cylinder,lift,0.2400,0.08674,-1.91588
no_transformer_context,material_shift_proxy,1,14,1,0.16257,0.03032,0.03032,0,0,0,39.35748,3.06636,1,0.85684,1,0.04143,0.25357,0.04996,0.00000,0.02236,cylinder,lift,0.2400,0.09357,-1.81145
no_transformer_context,material_shift_proxy,2,0,1,0.15491,0.04056,0.04056,0,0,0,40.70321,3.02799,1,0.83550,1,0.01268,0.25483,0.03915,0.00000,0.00447,cylinder,lift,0.2400,0.09480,1.81012
no_transformer_context,material_shift_proxy,2,1,0,0.01179,0.05479,0.09300,1,0,0,34.64355,1.36478,1,-0.82374,1,0.08750,0.25882,0.04991,0.00000,0.04557,cylinder,lift,0.2400,0.09106,2.20873
no_transformer_context,material_shift_proxy,2,2,0,0.01428,0.00948,0.04520,1,0,0,41.39027,1.93487,1,-0.72417,1,0.07567,0.25270,0.03303,0.00000,0.01423,cylinder,lift,0.2400,0.08921,0.41436
no_transformer_context,material_shift_proxy,2,3,1,0.09721,0.07524,0.07524,0,0,0,42.41240,2.62164,1,0.76324,1,0.06362,0.26107,0.04688,0.00000,0.00918,cylinder,lift,0.2400,0.08996,0.94498
no_transformer_context,material_shift_proxy,2,4,0,0.01095,0.00752,0.04656,1,0,0,38.14738,1.91727,1,-0.72700,1,0.02663,0.29173,0.00302,0.00000,0.01112,cylinder,lift,0.2400,0.09736,-0.01538
no_transformer_context,material_shift_proxy,2,5,0,0.02000,0.00649,0.03649,1,0,0,42.50623,2.09489,1,-0.70602,1,0.07760,0.25256,0.04741,0.00000,0.01457,cylinder,lift,0.2400,0.08904,1.46130
no_transformer_context,material_shift_proxy,2,6,1,0.13247,0.06526,0.06526,0,0,0,36.04967,2.41910,1,0.78404,1,0.07554,0.42333,0.05000,0.00000,0.00628,cylinder,lift,0.2400,0.10292,1.02433
no_transformer_context,material_shift_proxy,2,7,0,0.01111,0.09530,0.13419,1,0,0,42.98948,2.35648,1,-0.88000,1,0.07766,0.26262,0.04761,0.00000,0.03582,cylinder,lift,0.2400,0.09011,0.94959
no_transformer_context,material_shift_proxy,2,8,1,0.13843,0.07891,0.07891,0,0,0,37.15933,2.62839,1,0.75561,1,0.03153,0.32070,0.04999,0.00000,0.00616,cylinder,lift,0.2400,0.09835,1.56953
no_transformer_context,material_shift_proxy,2,9,1,0.10205,0.06697,0.06697,0,0,0,37.36209,2.29483,1,0.78047,1,0.03829,0.30985,0.05000,0.00000,0.01806,cylinder,lift,0.2400,0.09789,1.32922
no_transformer_context,material_shift_proxy,2,10,1,0.11940,0.02820,0.02820,0,0,0,35.25987,2.28067,1,0.86125,1,0.06678,0.39716,0.00255,0.00000,0.00998,cylinder,lift,0.2400,0.10164,-0.39471
no_transformer_context,material_shift_proxy,2,11,0,0.01179,0.02351,0.06172,1,0,0,41.06626,1.41720,1,-0.75858,1,0.10595,0.25225,0.01216,0.00000,0.03130,cylinder,lift,0.2400,0.08774,-0.26806
no_transformer_context,material_shift_proxy,2,12,1,0.10735,0.06269,0.06269,0,0,0,42.82280,2.68828,1,0.78939,1,0.09293,0.25575,0.04738,0.00000,0.01663,cylinder,lift,0.2400,0.08765,1.37331
no_transformer_context,material_shift_proxy,2,13,1,0.14581,0.04377,0.04377,0,0,0,44.61322,3.20112,1,0.82881,1,0.07741,0.25887,0.04213,0.00000,0.00815,cylinder,lift,0.2400,0.08786,0.67549
no_transformer_context,material_shift_proxy,2,14,1,0.10891,0.10408,0.10408,0,0,0,41.26229,2.47007,1,0.70316,1,0.03924,0.25816,0.00675,0.00000,0.00414,cylinder,lift,0.2400,0.09201,-0.21471
no_transformer_context,material_shift_proxy,3,0,0,0.09209,0.11872,0.11872,0,0,0,40.59699,2.19737,1,-0.32734,1,0.00323,0.26223,0.02794,0.00000,0.00306,cylinder,lift,0.2400,0.09564,1.19249
no_transformer_context,material_shift_proxy,3,1,1,0.14376,0.07023,0.07023,0,0,0,43.51262,3.10438,1,0.77369,1,0.05713,0.25703,0.04808,0.00000,0.01635,cylinder,lift,0.2400,0.09008,1.49666
no_transformer_context,material_shift_proxy,3,2,0,0.01176,0.02181,0.06005,1,0,0,40.81090,1.59087,1,-0.75510,1,0.06530,0.25394,0.00901,0.00000,0.02250,cylinder,lift,0.2400,0.09110,0.24273
no_transformer_context,material_shift_proxy,3,3,1,0.08930,0.02990,0.02990,0,0,0,42.30547,2.52384,1,0.85771,1,0.05447,0.25244,0.00249,0.00000,0.00935,cylinder,lift,0.2400,0.09093,-0.64015
no_transformer_context,material_shift_proxy,3,4,1,0.15298,0.02266,0.02266,0,0,0,38.65474,2.86782,1,0.87279,1,0.04078,0.33193,0.00009,0.00000,0.00915,cylinder,lift,0.2400,0.09902,0.58365
no_transformer_context,material_shift_proxy,3,5,0,0.01179,0.04391,0.08211,1,0,0,42.11811,1.61035,1,-0.80107,1,0.10859,0.25701,0.03110,0.00000,0.02271,cylinder,lift,0.2400,0.08662,0.97846
no_transformer_context,material_shift_proxy,3,6,1,0.14897,0.09200,0.09200,0,0,0,43.39715,3.22448,1,0.72834,1,0.08131,0.26048,0.04542,0.00000,0.00483,cylinder,lift,0.2400,0.08770,-1.63527
no_transformer_context,material_shift_proxy,3,7,0,0.12993,0.13222,0.13222,0,0,0,40.44785,2.24476,1,-0.33000,1,0.02530,0.26189,0.02266,0.00000,0.00279,cylinder,lift,0.2400,0.09332,2.23509
no_transformer_context,material_shift_proxy,3,8,1,0.08288,0.06041,0.06041,0,0,0,40.12667,2.07426,1,0.79415,1,0.02570,0.29262,0.02834,0.00000,0.02719,cylinder,lift,0.2400,0.09729,0.58985
no_transformer_context,material_shift_proxy,3,9,1,0.12759,0.02229,0.02229,0,0,0,39.51237,2.66790,1,0.87356,1,0.02409,0.25865,0.01473,0.00000,0.00791,cylinder,lift,0.2400,0.09395,2.93502
no_transformer_context,material_shift_proxy,3,10,0,0.15425,0.10764,0.10764,0,0,0,42.85526,3.23083,1,-0.30425,1,0.05231,0.26166,0.04994,0.00000,0.00540,cylinder,lift,0.2400,0.09077,-1.43942
no_transformer_context,material_shift_proxy,3,11,1,0.13231,0.08588,0.08588,0,0,0,35.64065,2.32351,1,0.74109,1,0.08465,0.43595,0.00484,0.00000,0.01095,cylinder,lift,0.2400,0.10341,0.06276
no_transformer_context,material_shift_proxy,3,12,1,0.13513,0.08832,0.08832,0,0,0,42.45297,2.99668,1,0.73600,1,0.07226,0.25874,0.03940,0.00000,0.01069,cylinder,lift,0.2400,0.08922,-1.70511
no_transformer_context,material_shift_proxy,3,13,0,0.01654,0.01411,0.04757,1,0,0,35.70892,1.68327,1,-0.72910,1,0.09557,0.42385,0.04079,0.00000,0.02650,cylinder,lift,0.2400,0.10302,1.12635
no_transformer_context,material_shift_proxy,3,14,0,0.01147,0.08342,0.12195,1,0,0,44.95355,2.54350,1,-0.88000,1,0.10051,0.26249,0.01120,0.00000,0.00901,cylinder,lift,0.2400,0.08611,0.10160
no_transformer_context,material_shift_proxy,4,0,0,0.06216,0.04903,0.04903,1,0,0,34.55373,1.85269,1,-0.73215,1,0.08527,0.44571,0.04768,0.00000,0.03839,cylinder,lift,0.2400,0.10380,1.33325
no_transformer_context,material_shift_proxy,4,1,0,0.01169,0.06283,0.10113,1,0,0,42.00124,1.69461,1,-0.84070,1,0.06105,0.25857,0.00328,0.00000,0.02107,cylinder,lift,0.2400,0.09091,0.35684
no_transformer_context,material_shift_proxy,4,2,0,0.01177,0.02581,0.06404,1,0,0,41.33799,1.69009,1,-0.76342,1,0.07692,0.25511,0.01361,0.00000,0.03277,cylinder,lift,0.2400,0.08964,0.36266
no_transformer_context,material_shift_proxy,4,3,0,0.01293,0.02205,0.05912,1,0,0,44.33143,1.80997,1,-0.75318,1,0.10421,0.25405,0.04893,0.00000,0.01240,cylinder,lift,0.2400,0.08606,1.86647
no_transformer_context,material_shift_proxy,4,4,0,0.01285,0.03424,0.07138,1,0,0,42.95268,2.00050,1,-0.77872,1,0.07576,0.25550,0.02377,0.00000,0.01455,cylinder,lift,0.2400,0.08923,2.21500
no_transformer_context,material_shift_proxy,4,5,0,0.06097,0.03559,0.03559,1,0,0,39.20729,2.17725,1,-0.70414,1,0.01337,0.25389,0.05000,0.00000,0.01143,cylinder,lift,0.2400,0.09541,1.90315
no_transformer_context,material_shift_proxy,4,6,0,0.01201,0.10662,0.14461,1,0,0,38.97277,1.79831,1,-0.88000,1,0.05856,0.26182,0.03546,0.00000,0.02056,cylinder,lift,0.2400,0.09161,-1.30025
no_transformer_context,material_shift_proxy,4,7,0,0.01179,0.02032,0.05853,1,0,0,42.74098,1.41303,1,-0.75193,1,0.08881,0.25322,0.02840,0.00000,0.01182,cylinder,lift,0.2400,0.08761,1.17093
no_transformer_context,material_shift_proxy,4,8,0,0.01130,0.04733,0.08602,1,0,0,39.74353,1.76745,1,-0.80922,1,0.05925,0.25702,0.03138,0.00000,0.03939,cylinder,lift,0.2400,0.09339,0.66049
no_transformer_context,material_shift_proxy,4,9,0,0.00691,0.03151,0.07460,1,0,0,38.70115,2.03056,1,-0.78541,1,0.02127,0.27764,0.03567,0.00000,0.01302,cylinder,lift,0.2400,0.09661,-1.17679
no_transformer_context,material_shift_proxy,4,10,1,0.12008,0.06142,0.06142,0,0,0,42.03547,2.08502,1,0.79204,1,0.07859,0.42484,0.01206,0.00000,0.00839,cylinder,lift,0.2400,0.10303,0.24414
no_transformer_context,material_shift_proxy,4,11,1,0.16480,0.01264,0.01264,0,0,0,45.62155,3.61387,1,0.89366,1,0.10484,0.25326,0.04007,0.00000,0.00661,cylinder,lift,0.2400,0.08543,1.88420
no_transformer_context,material_shift_proxy,4,12,0,0.01179,0.01704,0.05525,1,0,0,37.91293,1.50268,1,-0.74510,1,0.06773,0.25553,0.01070,0.00000,0.03047,cylinder,lift,0.2400,0.09163,-0.22680
no_transformer_context,material_shift_proxy,4,13,1,0.11965,0.02935,0.02935,0,0,0,41.32321,2.73023,1,0.85885,1,0.05439,0.25672,0.03192,0.00000,0.00648,cylinder,lift,0.2400,0.09066,2.51766
no_transformer_context,material_shift_proxy,4,14,1,0.12931,0.05892,0.05892,0,0,0,31.38750,2.07929,1,0.79725,1,0.16242,0.61930,0.01363,0.00000,0.01206,cylinder,lift,0.2400,0.11139,0.75693
no_transformer_context,material_shift_proxy,5,0,0,0.01171,0.08820,0.12649,1,0,0,41.83741,1.72605,1,-0.88000,1,0.11227,0.26268,0.01582,0.00000,0.02436,cylinder,lift,0.2400,0.08592,0.10856
no_transformer_context,material_shift_proxy,5,1,1,0.13395,0.04563,0.04563,0,0,0,34.80810,2.39135,1,0.82493,1,0.10143,0.47559,0.04989,0.00000,0.00966,cylinder,lift,0.2400,0.10528,1.47737
no_transformer_context,material_shift_proxy,5,2,0,0.01138,0.04184,0.08046,1,0,0,42.83247,1.77131,1,-0.79763,1,0.07765,0.25681,0.01637,0.00000,0.01807,cylinder,lift,0.2400,0.08938,-0.25338
no_transformer_context,material_shift_proxy,5,3,1,0.15281,0.06739,0.06739,0,0,0,38.22816,2.77305,1,0.77961,1,0.03071,0.32105,0.02572,0.00000,0.00417,cylinder,lift,0.2400,0.09846,1.11591
no_transformer_context,material_shift_proxy,5,4,0,0.02841,0.06701,0.08860,1,0,0,40.67417,1.98781,1,-0.81459,1,0.03333,0.25981,0.04917,0.00000,0.00504,cylinder,lift,0.2400,0.09271,-1.90883
no_transformer_context,material_shift_proxy,5,5,1,0.12008,0.06134,0.06134,0,0,0,42.29646,2.76129,1,0.79221,1,0.08059,0.25544,0.04636,0.00000,0.00845,cylinder,lift,0.2400,0.08813,1.64421
no_transformer_context,material_shift_proxy,5,6,0,0.01790,0.02249,0.05460,1,0,0,42.65666,2.34156,1,-0.74374,1,0.09801,0.25216,0.05000,0.00000,0.01539,cylinder,lift,0.2400,0.08700,2.02034
no_transformer_context,material_shift_proxy,5,7,0,0.01179,0.02603,0.06423,1,0,0,37.86678,1.46285,1,-0.76382,1,0.05079,0.25571,0.02656,0.00000,0.03670,cylinder,lift,0.2400,0.09400,0.72907
no_transformer_context,material_shift_proxy,5,8,0,0.14426,0.12706,0.12706,0,0,0,38.45213,2.78459,1,-0.33000,1,0.03325,0.32385,0.04992,0.00000,0.00796,cylinder,lift,0.2400,0.09836,0.93696
no_transformer_context,material_shift_proxy,5,9,0,0.01489,0.07759,0.11270,1,0,0,42.95112,1.84456,1,-0.86480,1,0.05654,0.25804,0.02274,0.00000,0.00710,cylinder,lift,0.2400,0.09050,-0.77486
no_transformer_context,material_shift_proxy,5,10,1,0.13514,0.06112,0.06112,0,0,0,39.81821,2.76592,1,0.79266,1,0.00860,0.25878,0.04760,0.00000,0.00763,cylinder,lift,0.2400,0.09582,1.67515
no_transformer_context,material_shift_proxy,5,11,0,0.01775,0.07679,0.10905,1,0,0,39.73042,1.79249,1,-0.85718,1,0.03397,0.29196,0.04905,0.00000,0.02134,cylinder,lift,0.2400,0.09712,1.44232
no_transformer_context,material_shift_proxy,5,12,0,0.01064,0.09446,0.13382,1,0,0,38.11612,1.80852,1,-0.88000,1,0.05814,0.26031,0.04999,0.00000,0.03717,cylinder,lift,0.2400,0.09328,-1.38043
no_transformer_context,material_shift_proxy,5,13,0,0.01457,0.01143,0.04686,1,0,0,41.99497,2.02446,1,-0.72763,1,0.06508,0.25221,0.04901,0.00000,0.01212,cylinder,lift,0.2400,0.09010,-2.36546
no_transformer_context,material_shift_proxy,5,14,0,0.01294,0.02389,0.06094,1,0,0,38.95115,2.01982,1,-0.75697,1,0.02827,0.25352,0.04990,0.00000,0.00979,cylinder,lift,0.2400,0.09370,1.43594
no_transformer_context,material_shift_proxy,6,0,1,0.16472,0.01097,0.01097,0,0,0,61.61921,3.08503,1,0.89714,1,0.03023,0.25370,0.01224,0.00000,0.00566,cylinder,lift,0.2400,0.09309,-2.46338
no_transformer_context,material_shift_proxy,6,1,0,0.01076,0.06361,0.10284,1,0,0,43.13703,2.01315,1,-0.84425,1,0.10523,0.25631,0.01946,0.00000,0.01071,cylinder,lift,0.2400,0.08579,2.23965
no_transformer_context,material_shift_proxy,6,2,0,0.01081,0.03298,0.07217,1,0,0,32.94182,1.59093,1,-0.78036,1,0.04292,0.25548,0.00156,0.00000,0.01396,cylinder,lift,0.2400,0.09259,0.01566
no_transformer_context,material_shift_proxy,6,3,0,0.01179,0.09286,0.13107,1,0,0,65.72036,1.45002,1,-0.88000,1,0.10291,0.26094,0.01947,0.00000,0.00793,cylinder,lift,0.2400,0.08576,0.85357
no_transformer_context,material_shift_proxy,6,4,1,0.12178,0.08555,0.08555,0,0,0,37.52213,2.51205,1,0.74178,1,0.03991,0.33450,0.03760,0.00000,0.00898,cylinder,lift,0.2400,0.09895,-1.40169
no_transformer_context,material_shift_proxy,6,5,0,0.01022,0.05812,0.09789,1,0,0,44.57103,2.43560,1,-0.83394,1,0.09208,0.25783,0.04910,0.00000,0.01061,cylinder,lift,0.2400,0.08715,1.56133
no_transformer_context,material_shift_proxy,6,6,0,0.01179,0.02959,0.06780,1,0,0,39.11097,1.42916,1,-0.77125,1,0.05332,0.25440,0.04418,0.00000,0.03167,cylinder,lift,0.2400,0.09325,1.54330
no_transformer_context,material_shift_proxy,6,7,1,0.15381,0.03696,0.03696,0,0,0,39.65889,2.92263,1,0.84300,1,0.01320,0.27346,0.03164,0.00000,0.00575,cylinder,lift,0.2400,0.09649,-1.23024
no_transformer_context,material_shift_proxy,6,8,0,0.01116,0.03034,0.06918,1,0,0,42.69870,1.73547,1,-0.77413,1,0.08392,0.25511,0.02338,0.00000,0.03198,cylinder,lift,0.2400,0.09009,0.06904
no_transformer_context,material_shift_proxy,6,9,0,0.01169,0.00968,0.04799,1,0,0,31.06730,1.74458,1,-0.72998,1,0.04313,0.25322,0.04266,0.00000,0.01642,cylinder,lift,0.2400,0.09166,0.78716
no_transformer_context,material_shift_proxy,6,10,1,0.10999,0.06822,0.06822,0,0,0,41.61335,2.67595,1,0.77788,1,0.07177,0.25626,0.04997,0.00000,0.01209,cylinder,lift,0.2400,0.08940,1.78923
no_transformer_context,material_shift_proxy,6,11,0,0.01352,0.02510,0.06157,1,0,0,49.60698,1.56862,1,-0.75828,1,0.03179,0.25488,0.02713,0.00000,0.01671,cylinder,lift,0.2400,0.09402,-2.32903
no_transformer_context,material_shift_proxy,6,12,0,0.01147,0.09294,0.13147,1,0,0,36.31747,1.62660,1,-0.88000,1,0.03707,0.26226,0.01377,0.00000,0.02613,cylinder,lift,0.2400,0.09439,-0.24050
no_transformer_context,material_shift_proxy,6,13,1,0.16466,0.04689,0.04689,0,0,0,39.24271,3.11995,1,0.82231,1,0.01928,0.29039,0.00084,0.00000,0.00625,cylinder,lift,0.2400,0.09707,0.04248
no_transformer_context,material_shift_proxy,6,14,0,0.01179,0.03810,0.07631,1,0,0,43.50247,1.58565,1,-0.78898,1,0.11397,0.25757,0.03990,0.00000,0.05911,cylinder,lift,0.2400,0.08597,0.70871
no_transformer_context,material_shift_proxy,7,0,0,0.06758,0.04982,0.04982,1,0,0,41.52227,2.29898,1,-0.73380,1,0.04813,0.25857,0.04676,0.00000,0.00796,cylinder,lift,0.2400,0.09146,0.68946
no_transformer_context,material_shift_proxy,7,1,0,0.01411,0.00977,0.04566,1,0,0,38.50694,1.83858,1,-0.72512,1,0.02109,0.26781,0.00481,0.00000,0.01624,cylinder,lift,0.2400,0.09628,-0.21042
no_transformer_context,material_shift_proxy,7,2,1,0.16650,0.06685,0.06685,0,0,0,43.41157,3.62648,1,0.78073,1,0.08600,0.25864,0.00114,0.00000,0.00329,cylinder,lift,0.2400,0.08706,0.37065
no_transformer_context,material_shift_proxy,7,3,0,0.01179,0.03539,0.07360,1,0,0,38.27619,1.39053,1,-0.78333,1,0.03493,0.27653,0.00051,0.00000,0.02748,cylinder,lift,0.2400,0.09661,0.52699
no_transformer_context,material_shift_proxy,7,4,1,0.07335,0.02240,0.02240,0,0,0,43.18927,2.43949,1,0.87334,1,0.08698,0.25549,0.01789,0.00000,0.01781,cylinder,lift,0.2400,0.08838,0.64765
no_transformer_context,material_shift_proxy,7,5,1,0.12296,0.05484,0.05484,0,0,0,38.24606,2.52872,1,0.80575,1,0.01725,0.26860,0.04677,0.00000,0.01219,cylinder,lift,0.2400,0.09628,-1.58577
no_transformer_context,material_shift_proxy,7,6,0,0.01133,0.04344,0.08210,1,0,0,40.55597,1.95775,1,-0.80104,1,0.04783,0.25651,0.04813,0.00000,0.01549,cylinder,lift,0.2400,0.09223,0.87594
no_transformer_context,material_shift_proxy,7,7,0,0.01876,0.05161,0.08284,1,0,0,44.23435,2.38859,1,-0.80259,1,0.09428,0.25532,0.04642,0.00000,0.00717,cylinder,lift,0.2400,0.08658,0.61336
no_transformer_context,material_shift_proxy,7,8,1,0.10291,0.06689,0.06689,0,0,0,40.58283,2.43346,1,0.78064,1,0.02791,0.25780,0.04988,0.00000,0.00872,cylinder,lift,0.2400,0.09363,1.68029
no_transformer_context,material_shift_proxy,7,9,1,0.14437,0.04525,0.04525,0,0,0,34.18581,2.20189,1,0.82572,1,0.11851,0.52524,0.01506,0.00000,0.00636,cylinder,lift,0.2400,0.10738,0.86650
no_transformer_context,material_shift_proxy,7,10,0,0.01369,0.09005,0.12636,1,0,0,40.61412,1.97658,1,-0.88000,1,0.04894,0.25891,0.01686,0.00000,0.02104,cylinder,lift,0.2400,0.09266,0.58595
no_transformer_context,material_shift_proxy,7,11,1,0.15561,0.08931,0.08931,0,0,0,37.38862,2.87078,1,0.73394,1,0.03626,0.33607,0.04344,0.00000,0.00504,cylinder,lift,0.2400,0.09896,-1.70690
no_transformer_context,material_shift_proxy,7,12,1,0.12564,0.03306,0.03306,0,0,0,41.30500,2.73339,1,0.85112,1,0.05185,0.25777,0.03882,0.00000,0.01035,cylinder,lift,0.2400,0.09130,-0.60874
no_transformer_context,material_shift_proxy,7,13,1,0.15252,0.04649,0.04649,0,0,0,36.77109,2.74853,1,0.82314,1,0.03618,0.33578,0.00258,0.00000,0.00515,cylinder,lift,0.2400,0.09894,-0.34808
no_transformer_context,material_shift_proxy,7,14,1,0.16645,0.04795,0.04795,0,0,0,38.99788,3.25760,1,0.82011,1,0.03640,0.31713,0.00234,0.00000,0.01221,cylinder,lift,0.2400,0.09827,-0.14321
no_robust_perturbation,combined_composition_shift,0,0,0,0.16003,0.03915,0.03915,0,1,0,78.73149,6.48227,0,-0.51157,1,0.19873,0.13073,0.00000,0.00000,0.10139,t_shape,clutter_safe,0.3800,0.18000,-0.00333
no_robust_perturbation,combined_composition_shift,0,1,0,0.03792,0.07014,0.08222,1,1,0,79.82139,3.09833,0,-1.15129,1,0.22544,0.13579,0.00000,0.00000,0.13153,t_shape,clutter_safe,0.3800,0.18000,-0.04327
no_robust_perturbation,combined_composition_shift,0,2,0,-0.00206,0.08314,0.13520,1,1,0,24.92182,0.69450,0,-1.20556,1,0.14071,0.12769,0.00000,0.00000,0.14878,t_shape,clutter_safe,0.3800,0.18000,-0.03426
no_robust_perturbation,combined_composition_shift,0,3,0,0.16048,0.03877,0.03877,0,1,0,74.82204,6.15360,0,-0.51077,1,0.17070,0.12905,0.00000,0.00000,0.10894,t_shape,clutter_safe,0.3800,0.18000,0.08497
no_robust_perturbation,combined_composition_shift,0,4,0,0.12445,0.12819,0.12819,0,1,0,104.34923,7.28199,0,-0.68000,1,0.24554,0.13658,0.00000,0.00000,0.13388,t_shape,clutter_safe,0.3800,0.18000,0.21859
no_robust_perturbation,combined_composition_shift,0,5,0,0.16105,0.04649,0.04649,0,1,0,53.27801,3.65323,0,-0.52684,1,0.19738,0.12619,0.00000,0.00000,0.10545,t_shape,clutter_safe,0.3800,0.18000,-2.84338
no_robust_perturbation,combined_composition_shift,0,6,0,0.02497,0.06234,0.08737,1,1,0,59.76247,2.63434,0,-1.16201,1,0.19018,0.12878,0.00000,0.00000,0.10237,t_shape,clutter_safe,0.3800,0.18000,-0.07133
no_robust_perturbation,combined_composition_shift,0,7,0,0.16203,0.04249,0.04249,0,1,0,75.71375,6.24033,0,-0.51852,1,0.18916,0.13047,0.00000,0.00000,0.10788,t_shape,clutter_safe,0.3800,0.18000,0.02522
no_robust_perturbation,combined_composition_shift,0,8,0,0.15801,0.08466,0.08466,0,1,0,77.15272,6.42472,0,-0.60637,1,0.12343,0.13339,0.00000,0.00000,0.15340,t_shape,clutter_safe,0.3800,0.18000,0.10355
no_robust_perturbation,combined_composition_shift,0,9,0,-0.00206,0.12297,0.17503,1,0,0,0.00000,0.54268,1,-0.84341,1,0.16060,0.12630,0.00000,0.00000,0.15452,t_shape,clutter_safe,0.3800,0.18000,-0.32691
no_robust_perturbation,combined_composition_shift,0,10,0,0.15803,0.03941,0.03941,0,1,0,62.01786,5.10277,0,-0.51211,1,0.14894,0.13028,0.00000,0.00000,0.11157,t_shape,clutter_safe,0.3800,0.17677,-0.09988
no_robust_perturbation,combined_composition_shift,0,11,0,0.15599,0.06480,0.06480,0,1,0,62.75170,5.05414,0,-0.56499,1,0.09891,0.13239,0.00000,0.00000,0.13359,t_shape,clutter_safe,0.3800,0.18000,-0.14212
no_robust_perturbation,combined_composition_shift,0,12,0,-0.00206,0.04882,0.10087,1,1,0,40.60075,1.06895,0,-1.19016,1,0.17109,0.13171,0.00000,0.00000,0.13256,t_shape,clutter_safe,0.3800,0.18000,0.11040
no_robust_perturbation,combined_composition_shift,0,13,0,-0.00206,0.10030,0.15236,1,1,0,0.00000,0.57374,0,-1.19590,1,0.05325,0.13422,0.03752,0.06253,0.13716,t_shape,clutter_safe,0.3800,0.18000,-0.33395
no_robust_perturbation,combined_composition_shift,0,14,0,0.10718,0.10804,0.10804,0,1,0,64.69163,3.35461,0,-0.65509,1,0.16599,0.13394,0.00000,0.00000,0.11570,t_shape,clutter_safe,0.3800,0.18000,0.04509
no_robust_perturbation,combined_composition_shift,1,0,0,-0.00206,0.14017,0.19223,1,0,0,6.62857,0.69632,1,-0.85571,1,0.09001,0.13289,0.01275,0.02125,0.11468,t_shape,clutter_safe,0.3800,0.18000,-0.14042
no_robust_perturbation,combined_composition_shift,1,1,0,-0.00206,0.06092,0.11297,1,1,0,37.58997,1.53571,0,-1.21536,1,0.20174,0.13239,0.00000,0.00000,0.11794,t_shape,clutter_safe,0.3800,0.18000,-0.04213
no_robust_perturbation,combined_composition_shift,1,2,0,0.12214,0.09428,0.09428,0,1,0,64.93723,3.86713,0,-0.62643,1,0.18712,0.13388,0.00000,0.00000,0.09203,t_shape,clutter_safe,0.3800,0.18000,-0.24677
no_robust_perturbation,combined_composition_shift,1,3,0,0.16214,0.04775,0.04775,0,1,0,64.89487,3.56713,0,-0.52948,1,0.14881,0.12655,0.00000,0.00000,0.13712,t_shape,clutter_safe,0.3800,0.18000,-0.51023
no_robust_perturbation,combined_composition_shift,1,4,0,0.10488,0.05183,0.05183,0,1,0,66.76216,4.43658,0,-0.53799,1,0.18272,0.13319,0.00000,0.00000,0.04796,t_shape,clutter_safe,0.3800,0.16617,0.13147
no_robust_perturbation,combined_composition_shift,1,5,0,0.13471,0.13197,0.13197,0,1,0,94.85994,6.88051,0,-0.68000,1,0.20016,0.13606,0.00000,0.00000,0.16472,t_shape,clutter_safe,0.3800,0.18000,-0.11562
no_robust_perturbation,combined_composition_shift,1,6,0,0.15352,0.06591,0.06591,0,1,0,73.70612,5.73848,0,-0.56731,1,0.19026,0.12861,0.00000,0.00000,0.10912,t_shape,clutter_safe,0.3800,0.18000,-0.01595
no_robust_perturbation,combined_composition_shift,1,7,0,0.15248,0.08546,0.08546,0,1,0,77.43383,5.96858,0,-0.60805,1,0.19064,0.13635,0.00000,0.00000,0.11374,t_shape,clutter_safe,0.3800,0.18000,-3.11439
no_robust_perturbation,combined_composition_shift,1,8,0,0.03636,0.06631,0.07996,1,1,0,43.08233,2.13491,0,-1.14657,1,0.17687,0.16744,0.14878,0.24796,0.03625,t_shape,clutter_safe,0.3800,0.15253,-1.48185
no_robust_perturbation,combined_composition_shift,1,9,0,0.15861,0.10979,0.10979,0,1,0,66.42641,5.43094,0,-0.65872,1,0.10576,0.13636,0.00000,0.00000,0.10765,t_shape,clutter_safe,0.3800,0.18000,-0.24639
no_robust_perturbation,combined_composition_shift,1,10,0,0.07478,0.04915,0.04915,0,1,0,43.03046,3.07127,0,-0.53239,1,0.24224,0.12673,0.00000,0.00000,0.19945,t_shape,clutter_safe,0.3800,0.18000,0.92198
no_robust_perturbation,combined_composition_shift,1,11,0,0.13911,0.03779,0.03779,0,1,0,33.92264,1.49767,0,-0.50874,1,0.21569,0.13126,0.00000,0.00000,0.17109,t_shape,clutter_safe,0.3800,0.18000,-0.61747
no_robust_perturbation,combined_composition_shift,1,12,0,-0.00206,0.28360,0.33566,1,1,0,76.01779,3.24118,0,-1.23000,1,0.15359,0.13368,0.00000,0.00000,0.14743,t_shape,clutter_safe,0.3800,0.18000,0.16658
no_robust_perturbation,combined_composition_shift,1,13,0,0.04351,0.03594,0.04244,1,1,0,69.56404,2.91088,0,-1.06841,1,0.14389,0.12796,0.00000,0.00000,0.13768,t_shape,clutter_safe,0.3800,0.18000,0.22019
no_robust_perturbation,combined_composition_shift,1,14,0,0.15265,0.05437,0.05437,0,1,0,52.54414,3.22277,0,-0.54326,1,0.14302,0.13635,0.00000,0.00000,0.11225,t_shape,clutter_safe,0.3800,0.18000,-3.01901
no_robust_perturbation,combined_composition_shift,2,0,0,0.08976,0.03957,0.03957,0,1,0,80.00473,5.64679,0,-0.51243,1,0.17165,0.13127,0.00000,0.00000,0.10971,t_shape,clutter_safe,0.3800,0.18000,3.08098
no_robust_perturbation,combined_composition_shift,2,1,0,-0.00206,0.12917,0.18123,1,0,0,5.25122,0.61781,1,-0.84942,1,0.20191,0.12735,0.00000,0.00000,0.12394,t_shape,clutter_safe,0.3800,0.18000,-0.01161
no_robust_perturbation,combined_composition_shift,2,2,0,0.15293,0.12251,0.12251,0,1,0,79.42402,6.40940,0,-0.68000,1,0.17185,0.13770,0.00000,0.00000,0.09329,t_shape,clutter_safe,0.3800,0.18000,-0.16413
no_robust_perturbation,combined_composition_shift,2,3,0,0.16171,0.06102,0.06102,0,1,0,70.41822,5.85861,0,-0.55713,1,0.12431,0.13223,0.00000,0.00000,0.12246,t_shape,clutter_safe,0.3800,0.18000,-0.24204
no_robust_perturbation,combined_composition_shift,2,4,0,0.15655,0.05211,0.05211,0,1,0,84.57548,6.90567,0,-0.53855,1,0.17706,0.13137,0.00700,0.01167,0.14616,t_shape,clutter_safe,0.3800,0.18000,0.05370
no_robust_perturbation,combined_composition_shift,2,5,0,0.11513,0.07742,0.07742,0,1,0,74.20661,4.19891,0,-0.59130,1,0.14425,0.13515,0.00000,0.00000,0.11874,t_shape,clutter_safe,0.3800,0.18000,-3.12515
no_robust_perturbation,combined_composition_shift,2,6,0,0.09040,0.07228,0.07228,0,1,0,65.70215,4.48342,0,-0.58058,1,0.18186,0.13570,0.00000,0.00000,0.10070,t_shape,clutter_safe,0.3800,0.18000,-3.10539
no_robust_perturbation,combined_composition_shift,2,7,0,0.15346,0.06553,0.06553,0,1,0,77.50696,6.16429,0,-0.56652,1,0.14587,0.13315,0.01633,0.02722,0.10886,t_shape,clutter_safe,0.3800,0.18000,0.04723
no_robust_perturbation,combined_composition_shift,2,8,0,-0.00318,0.01836,0.07154,1,1,0,50.48833,2.05607,0,-1.12904,1,0.16044,0.13267,0.00000,0.00000,0.12117,t_shape,clutter_safe,0.3800,0.18000,0.02227
no_robust_perturbation,combined_composition_shift,2,9,0,0.16209,0.10427,0.10427,0,1,0,67.83111,5.62892,0,-0.64723,1,0.14236,0.13671,0.00000,0.00000,0.07197,t_shape,clutter_safe,0.3800,0.17150,-0.25205
no_robust_perturbation,combined_composition_shift,2,10,0,0.15581,0.05042,0.05042,0,1,0,70.24768,5.83828,0,-0.53503,1,0.14838,0.12876,0.01831,0.03052,0.09997,t_shape,clutter_safe,0.3800,0.17089,3.06424
no_robust_perturbation,combined_composition_shift,2,11,1,0.15929,0.05153,0.05153,0,0,0,77.28512,6.42312,1,0.81264,1,0.15559,0.12988,0.00000,0.00000,0.11789,t_shape,clutter_safe,0.3800,0.18000,-0.24313
no_robust_perturbation,combined_composition_shift,2,12,0,0.02167,0.05313,0.08145,1,1,0,61.05946,2.60980,0,-1.14969,1,0.19480,0.13019,0.00000,0.00000,0.13319,t_shape,clutter_safe,0.3800,0.18000,0.13699
no_robust_perturbation,combined_composition_shift,2,13,0,0.16246,0.03487,0.03487,0,1,0,58.80931,4.74396,0,-0.50264,1,0.06077,0.12669,0.01842,0.03071,0.09500,t_shape,clutter_safe,0.3800,0.18000,-0.14131
no_robust_perturbation,combined_composition_shift,2,14,0,-0.00206,0.04923,0.10128,1,1,0,60.09506,2.20069,0,-1.19101,1,0.18302,0.12646,0.00000,0.00000,0.11136,t_shape,clutter_safe,0.3800,0.18000,0.10297
no_robust_perturbation,combined_composition_shift,3,0,0,0.16147,0.10678,0.10678,0,1,0,83.09347,6.85513,0,-0.65246,1,0.16886,0.13719,0.00000,0.00000,0.10775,t_shape,clutter_safe,0.3800,0.18000,3.01660
no_robust_perturbation,combined_composition_shift,3,1,0,0.14831,0.04905,0.04905,0,1,0,49.76320,2.20002,0,-0.53220,1,0.21167,0.13133,0.07090,0.11817,0.15243,t_shape,clutter_safe,0.3800,0.18000,-0.08444
no_robust_perturbation,combined_composition_shift,3,2,0,0.16008,0.11978,0.11978,0,1,0,79.62082,6.65179,0,-0.67954,1,0.14547,0.13734,0.00000,0.00000,0.10387,t_shape,clutter_safe,0.3800,0.18000,3.02732
no_robust_perturbation,combined_composition_shift,3,3,0,0.15141,0.07701,0.07701,0,1,0,77.19109,5.93062,0,-0.59045,1,0.08999,0.13640,0.00000,0.00000,0.12700,t_shape,clutter_safe,0.3800,0.18000,0.00247
no_robust_perturbation,combined_composition_shift,3,4,0,-0.00206,0.06954,0.12160,1,0,0,52.96357,1.66748,1,-0.88000,1,0.12648,0.12701,0.01017,0.01694,0.11005,t_shape,clutter_safe,0.3800,0.18000,-0.19392
no_robust_perturbation,combined_composition_shift,3,5,0,-0.00206,0.04168,0.09374,1,1,0,60.43193,2.03009,0,-1.17530,1,0.05600,0.13667,0.00000,0.00000,0.12889,t_shape,clutter_safe,0.3800,0.18000,-0.13361
no_robust_perturbation,combined_composition_shift,3,6,0,0.13875,0.00491,0.00491,0,1,0,49.57405,2.67184,0,-0.44023,1,0.13189,0.12799,0.00000,0.00000,0.14785,t_shape,clutter_safe,0.3800,0.18000,-0.21916
no_robust_perturbation,combined_composition_shift,3,7,0,-0.00206,0.05064,0.10269,1,1,0,20.15492,1.15148,0,-1.19395,1,0.11761,0.12758,0.00000,0.00000,0.11845,t_shape,clutter_safe,0.3800,0.18000,-0.28168
no_robust_perturbation,combined_composition_shift,3,8,1,0.16314,0.05180,0.05180,0,0,0,57.81001,4.67956,1,0.81207,1,0.04125,0.12736,0.00000,0.00000,0.11136,t_shape,clutter_safe,0.3800,0.18000,-0.14973
no_robust_perturbation,combined_composition_shift,3,9,0,0.03833,0.08590,0.09758,1,1,0,16.44446,0.98578,0,-1.18215,1,0.14841,0.13296,0.13182,0.21971,0.12976,t_shape,clutter_safe,0.3800,0.18000,0.03068
no_robust_perturbation,combined_composition_shift,3,10,0,-0.00206,0.08743,0.13949,1,1,0,25.56317,0.71134,0,-1.20691,1,0.18309,0.12762,0.00000,0.00000,0.15861,t_shape,clutter_safe,0.3800,0.18000,3.03623
no_robust_perturbation,combined_composition_shift,3,11,0,0.16079,0.00222,0.00222,0,1,0,72.06474,5.98874,0,-0.43463,1,0.08986,0.12846,0.00000,0.00000,0.09334,t_shape,clutter_safe,0.3800,0.18000,-0.02295
no_robust_perturbation,combined_composition_shift,3,12,0,-0.00206,0.09799,0.15005,1,1,0,7.60813,0.61157,0,-1.19893,1,0.18584,0.13103,0.00000,0.00000,0.13867,t_shape,clutter_safe,0.3800,0.18000,-0.22003
no_robust_perturbation,combined_composition_shift,3,13,0,0.14246,0.06742,0.06742,0,1,0,80.98501,5.10395,0,-0.57045,1,0.16496,0.12903,0.00000,0.00000,0.11340,t_shape,clutter_safe,0.3800,0.18000,0.17932
no_robust_perturbation,combined_composition_shift,3,14,0,-0.00206,0.11353,0.16558,1,0,0,2.01346,0.54021,1,-0.84322,1,0.14667,0.12810,0.00000,0.00000,0.10284,t_shape,clutter_safe,0.3800,0.18000,-0.02451
no_robust_perturbation,combined_composition_shift,4,0,0,-0.00206,0.11772,0.16978,1,1,0,6.05373,0.61339,0,-1.19907,1,0.15318,0.12774,0.13763,0.22938,0.15565,t_shape,clutter_safe,0.3800,0.18000,1.82152
no_robust_perturbation,combined_composition_shift,4,1,0,0.15308,0.12157,0.12157,0,1,0,60.42230,5.01803,0,-0.68000,1,0.08276,0.13737,0.00000,0.00000,0.11601,t_shape,clutter_safe,0.3800,0.18000,0.13456
no_robust_perturbation,combined_composition_shift,4,2,0,0.15059,0.01720,0.01720,0,1,0,41.25695,1.96928,0,-0.46583,1,0.14056,0.12924,0.00000,0.00000,0.12042,t_shape,clutter_safe,0.3800,0.18000,-0.36506
no_robust_perturbation,combined_composition_shift,4,3,0,-0.00206,0.06409,0.11615,1,0,0,3.23070,0.57552,1,-0.83802,1,0.22262,0.12806,0.18933,0.31556,0.14307,t_shape,clutter_safe,0.3800,0.18000,0.07773
no_robust_perturbation,combined_composition_shift,4,4,0,0.03834,0.19447,0.20613,1,1,0,77.30420,5.13844,0,-1.23000,1,0.10546,0.13702,0.00000,0.00000,0.10692,t_shape,clutter_safe,0.3800,0.18000,3.12566
no_robust_perturbation,combined_composition_shift,4,5,0,-0.00206,0.06603,0.11809,1,1,0,56.68586,2.01621,0,-1.22603,1,0.06349,0.13724,0.00000,0.00000,0.10225,t_shape,clutter_safe,0.3800,0.18000,-2.91910
no_robust_perturbation,combined_composition_shift,4,6,0,0.15334,0.08397,0.08397,0,1,0,79.93759,6.50163,0,-0.60494,1,0.23589,0.13363,0.00000,0.00000,0.12530,t_shape,clutter_safe,0.3800,0.18000,-2.96722
no_robust_perturbation,combined_composition_shift,4,7,0,-0.00206,0.08087,0.13293,1,1,0,10.35388,0.62080,0,-1.19966,1,0.14190,0.12664,0.11171,0.18619,0.14273,t_shape,clutter_safe,0.3800,0.18000,0.02426
no_robust_perturbation,combined_composition_shift,4,8,1,0.16226,0.02109,0.02109,0,0,0,67.75522,5.62361,1,0.87606,1,0.12553,0.12914,0.00000,0.00000,0.16256,t_shape,clutter_safe,0.3800,0.18000,-0.19572
no_robust_perturbation,combined_composition_shift,4,9,0,-0.00410,0.03461,0.08871,1,1,0,79.81772,3.28091,0,-1.16481,1,0.19772,0.13704,0.00000,0.00000,0.09779,t_shape,clutter_safe,0.3800,0.18000,-0.17918
no_robust_perturbation,combined_composition_shift,4,10,0,0.04306,0.02864,0.03558,1,1,0,65.96508,3.01824,0,-1.05413,1,0.13873,0.12700,0.00000,0.00000,0.12007,t_shape,clutter_safe,0.3800,0.18000,-3.14034
no_robust_perturbation,combined_composition_shift,4,11,0,0.03902,0.05026,0.06124,1,1,0,37.46900,1.67933,0,-1.10759,1,0.10923,0.13241,0.00000,0.00000,0.12767,t_shape,clutter_safe,0.3800,0.18000,0.00289
no_robust_perturbation,combined_composition_shift,4,12,0,0.11910,0.10135,0.10135,0,1,0,60.01217,3.53928,0,-0.64115,1,0.16526,0.13614,0.00000,0.00000,0.09676,t_shape,clutter_safe,0.3800,0.18000,-0.19031
no_robust_perturbation,combined_composition_shift,4,13,0,-0.00206,0.17180,0.22386,1,0,0,4.74625,0.68483,1,-0.85479,1,0.15040,0.13582,0.00000,0.00000,0.10391,t_shape,clutter_safe,0.3800,0.18000,0.15094
no_robust_perturbation,combined_composition_shift,4,14,0,0.15595,0.02255,0.02255,0,1,0,63.94204,5.18773,0,-0.47698,1,0.07719,0.13027,0.00000,0.00000,0.11422,t_shape,clutter_safe,0.3800,0.18000,-0.11666
no_robust_perturbation,combined_composition_shift,5,0,0,0.16228,0.01634,0.01634,0,1,0,66.55018,5.48621,0,-0.46404,1,0.12145,0.12701,0.00000,0.00000,0.13869,t_shape,clutter_safe,0.3800,0.18000,3.13626
no_robust_perturbation,combined_composition_shift,5,1,0,-0.00206,0.06066,0.11272,1,1,0,64.21726,2.87208,0,-1.21484,1,0.19591,0.13726,0.00000,0.00000,0.12995,t_shape,clutter_safe,0.3800,0.18000,2.88770
no_robust_perturbation,combined_composition_shift,5,2,0,-0.00206,0.05047,0.10253,1,1,0,36.87813,1.39132,0,-1.19360,1,0.09293,0.13376,0.00000,0.00000,0.14525,t_shape,clutter_safe,0.3800,0.18000,0.02970
no_robust_perturbation,combined_composition_shift,5,3,0,-0.00206,0.08444,0.13650,1,0,0,6.61588,0.57898,1,-0.84632,1,0.14410,0.13018,0.17711,0.29518,0.11640,t_shape,clutter_safe,0.3800,0.18000,2.84752
no_robust_perturbation,combined_composition_shift,5,4,0,-0.00206,0.10472,0.15678,1,1,0,49.52804,1.14313,0,-1.23000,1,0.05845,0.13455,0.05087,0.08478,0.14212,t_shape,clutter_safe,0.3800,0.18000,-0.16529
no_robust_perturbation,combined_composition_shift,5,5,0,0.16102,0.07640,0.07640,0,1,0,66.96709,5.14008,0,-0.58917,1,0.10757,0.13579,0.00000,0.00000,0.14340,t_shape,clutter_safe,0.3800,0.18000,0.23330
no_robust_perturbation,combined_composition_shift,5,6,0,0.16127,0.09348,0.09348,0,1,0,66.27922,5.46043,0,-0.62475,1,0.13799,0.13575,0.01053,0.01755,0.10254,t_shape,clutter_safe,0.3800,0.18000,0.06737
no_robust_perturbation,combined_composition_shift,5,7,1,0.16088,0.02757,0.02757,0,0,0,75.93071,6.25225,1,0.86257,1,0.18102,0.12812,0.00000,0.00000,0.11661,t_shape,clutter_safe,0.3800,0.18000,-0.14079
no_robust_perturbation,combined_composition_shift,5,8,0,0.16105,0.04050,0.04050,0,1,0,78.32497,6.50015,0,-0.51437,1,0.24899,0.12988,0.00000,0.00000,0.13521,t_shape,clutter_safe,0.3800,0.18000,2.92679
no_robust_perturbation,combined_composition_shift,5,9,0,0.07206,0.01534,0.01534,0,1,0,44.31264,2.86956,0,-0.46196,1,0.18548,0.12720,0.00000,0.00000,0.09752,t_shape,clutter_safe,0.3800,0.17973,0.06751
no_robust_perturbation,combined_composition_shift,5,10,0,0.12032,0.09964,0.09964,0,1,0,80.68085,5.25573,0,-0.63758,1,0.15119,0.13420,0.00000,0.00000,0.12195,t_shape,clutter_safe,0.3800,0.18000,0.25001
no_robust_perturbation,combined_composition_shift,5,11,0,0.02799,0.03431,0.05631,1,1,0,63.21900,2.44689,0,-1.09732,1,0.16728,0.13071,0.00000,0.00000,0.12416,t_shape,clutter_safe,0.3800,0.18000,0.01545
no_robust_perturbation,combined_composition_shift,5,12,0,0.15768,0.03759,0.03759,0,1,0,68.64690,5.58043,0,-0.50831,1,0.11507,0.13029,0.00000,0.00000,0.13016,t_shape,clutter_safe,0.3800,0.18000,0.01924
no_robust_perturbation,combined_composition_shift,5,13,0,0.14249,0.06883,0.06883,0,1,0,40.20481,2.72350,0,-0.57340,1,0.16205,0.13522,0.00000,0.00000,0.12964,t_shape,clutter_safe,0.3800,0.18000,-0.32626
no_robust_perturbation,combined_composition_shift,5,14,0,-0.00206,0.02260,0.07466,1,1,0,58.29651,2.73738,0,-1.13554,1,0.20933,0.13542,0.00000,0.00000,0.12936,t_shape,clutter_safe,0.3800,0.18000,3.08306
no_robust_perturbation,combined_composition_shift,6,0,0,0.16142,0.01189,0.01189,0,1,0,65.50383,5.44273,0,-0.45476,1,0.05320,0.12693,0.13759,0.22932,0.09661,t_shape,clutter_safe,0.3800,0.18000,0.20969
no_robust_perturbation,combined_composition_shift,6,1,1,0.15957,0.09845,0.09845,0,0,0,56.61927,4.71021,1,0.71490,1,0.02628,0.14309,0.02169,0.03615,0.11376,t_shape,clutter_safe,0.3800,0.18000,-0.01275
no_robust_perturbation,combined_composition_shift,6,2,0,-0.00206,0.06487,0.11693,1,1,0,58.04229,2.33260,0,-1.22360,1,0.19742,0.13126,0.00000,0.00000,0.11261,t_shape,clutter_safe,0.3800,0.18000,-3.02648
no_robust_perturbation,combined_composition_shift,6,3,0,0.15454,0.10971,0.10971,0,1,0,80.85224,6.60136,0,-0.65857,1,0.17221,0.13683,0.00000,0.00000,0.14724,t_shape,clutter_safe,0.3800,0.18000,-3.06361
no_robust_perturbation,combined_composition_shift,6,4,0,0.05083,0.06916,0.06916,1,1,0,79.71906,5.40273,0,-1.12409,1,0.12961,0.13325,0.01364,0.02274,0.09818,t_shape,clutter_safe,0.3800,0.18000,2.99716
no_robust_perturbation,combined_composition_shift,6,5,1,0.16226,0.00314,0.00314,0,0,0,65.22219,5.40384,1,0.91345,1,0.10573,0.12618,0.00000,0.00000,0.06593,t_shape,clutter_safe,0.3800,0.16949,3.05047
no_robust_perturbation,combined_composition_shift,6,6,0,0.16220,0.02096,0.02096,0,1,0,65.86310,5.36444,0,-0.47366,1,0.12699,0.13051,0.00000,0.00000,0.11497,t_shape,clutter_safe,0.3800,0.18000,-0.00074
no_robust_perturbation,combined_composition_shift,6,7,0,0.15668,0.09398,0.09398,0,1,0,48.52034,3.24643,0,-0.62580,1,0.08001,0.13175,0.00000,0.00000,0.16862,t_shape,clutter_safe,0.3800,0.18000,0.25922
no_robust_perturbation,combined_composition_shift,6,8,0,-0.00206,0.08481,0.13687,1,1,0,81.83576,2.88070,0,-1.23000,1,0.20587,0.13697,0.00000,0.00000,0.17841,t_shape,clutter_safe,0.3800,0.18000,-0.13612
no_robust_perturbation,combined_composition_shift,6,9,0,0.15543,0.06715,0.06715,0,1,0,49.11875,3.49760,0,-0.56989,1,0.10572,0.12883,0.00000,0.00000,0.11312,t_shape,clutter_safe,0.3800,0.18000,0.19317
no_robust_perturbation,combined_composition_shift,6,10,0,0.12294,0.04963,0.04963,0,1,0,70.99468,3.94302,0,-0.53340,1,0.18942,0.12607,0.00000,0.00000,0.10553,t_shape,clutter_safe,0.3800,0.18000,3.05082
no_robust_perturbation,combined_composition_shift,6,11,0,0.10913,0.05604,0.05604,0,1,0,57.86432,3.74523,0,-0.54675,1,0.14728,0.16545,0.00457,0.00761,0.13056,t_shape,clutter_safe,0.3800,0.18000,-2.99114
no_robust_perturbation,combined_composition_shift,6,12,0,0.15895,0.01843,0.01843,0,1,0,63.04229,5.18583,0,-0.46841,1,0.06271,0.12827,0.00000,0.00000,0.08753,t_shape,clutter_safe,0.3800,0.17640,3.01592
no_robust_perturbation,combined_composition_shift,6,13,0,0.13279,0.12928,0.12928,0,1,0,69.44492,3.85696,0,-0.68000,1,0.12786,0.13673,0.00000,0.00000,0.10619,t_shape,clutter_safe,0.3800,0.17872,0.27356
no_robust_perturbation,combined_composition_shift,6,14,0,0.02509,0.01095,0.03586,1,1,0,42.59384,2.06314,0,-1.05470,1,0.15861,0.13786,0.00000,0.00000,0.11354,t_shape,clutter_safe,0.3800,0.17314,-2.61818
no_robust_perturbation,combined_composition_shift,7,0,0,0.15764,0.07948,0.07948,0,1,0,47.24416,3.13288,0,-0.59557,1,0.15124,0.13046,0.12457,0.20762,0.10761,t_shape,clutter_safe,0.3800,0.18000,0.27157
no_robust_perturbation,combined_composition_shift,7,1,1,0.16171,0.08676,0.08676,0,0,0,75.31677,6.30972,1,0.73925,1,0.10688,0.13461,0.00000,0.00000,0.10128,t_shape,clutter_safe,0.3800,0.18000,-0.05180
no_robust_perturbation,combined_composition_shift,7,2,0,-0.00220,0.04916,0.10136,1,1,0,56.36883,2.50027,0,-1.19117,1,0.11256,0.12793,0.00000,0.00000,0.11543,t_shape,clutter_safe,0.3800,0.18000,2.80328
no_robust_perturbation,combined_composition_shift,7,3,0,0.10179,0.08477,0.08477,0,1,0,59.01712,3.21292,0,-0.60661,1,0.12750,0.13574,0.00000,0.00000,0.11426,t_shape,clutter_safe,0.3800,0.18000,-0.38063
no_robust_perturbation,combined_composition_shift,7,4,0,-0.00206,0.10514,0.15719,1,1,0,0.00000,0.60174,0,-1.19814,1,0.12451,0.13730,0.09350,0.15583,0.09690,t_shape,clutter_safe,0.3800,0.18000,2.93805
no_robust_perturbation,combined_composition_shift,7,5,0,0.16319,0.03837,0.03837,0,1,0,51.11092,4.10780,0,-0.50993,1,0.20383,0.13026,0.00000,0.00000,0.12481,t_shape,clutter_safe,0.3800,0.18000,0.36409
no_robust_perturbation,combined_composition_shift,7,6,0,0.08679,0.01498,0.01498,0,1,0,69.16137,3.91660,0,-0.46120,1,0.21823,0.12615,0.00000,0.00000,0.10741,t_shape,clutter_safe,0.3800,0.18000,0.08210
no_robust_perturbation,combined_composition_shift,7,7,0,0.15110,0.04555,0.04555,0,1,0,72.61106,5.61649,0,-0.52489,1,0.07717,0.13346,0.00000,0.00000,0.10755,t_shape,clutter_safe,0.3800,0.18000,-0.18557
no_robust_perturbation,combined_composition_shift,7,8,0,-0.00206,0.11208,0.16414,1,1,0,5.57565,0.59574,0,-1.19766,1,0.15212,0.13238,0.00000,0.00000,0.12676,t_shape,clutter_safe,0.3800,0.18000,2.88692
no_robust_perturbation,combined_composition_shift,7,9,0,0.07301,0.06879,0.06879,0,1,0,37.10247,2.39679,0,-0.57331,1,0.19215,0.12707,0.02743,0.04572,0.03094,t_shape,clutter_safe,0.3800,0.16520,0.12659
no_robust_perturbation,combined_composition_shift,7,10,0,0.04632,0.05967,0.06335,1,1,0,55.17380,2.69960,0,-1.11198,1,0.13133,0.13139,0.00000,0.00000,0.10391,t_shape,clutter_safe,0.3800,0.18000,-0.08420
no_robust_perturbation,combined_composition_shift,7,11,0,-0.00206,0.07280,0.12486,1,1,0,47.72816,1.35678,0,-1.23000,1,0.14023,0.13219,0.04374,0.07290,0.19767,t_shape,clutter_safe,0.3800,0.18000,0.32146
no_robust_perturbation,combined_composition_shift,7,12,0,-0.00206,0.05995,0.11200,1,1,0,16.15245,0.71764,0,-1.19075,1,0.22720,0.13086,0.00000,0.00000,0.13820,t_shape,clutter_safe,0.3800,0.18000,-0.20177
no_robust_perturbation,combined_composition_shift,7,13,0,0.15695,0.03328,0.03328,0,1,0,70.24357,5.70039,0,-0.49933,1,0.12392,0.13072,0.00000,0.00000,0.05671,t_shape,clutter_safe,0.3800,0.16908,-3.11763
no_robust_perturbation,combined_composition_shift,7,14,0,0.15941,0.02647,0.02647,0,1,0,39.94945,3.28167,0,-0.48514,1,0.14850,0.12934,0.00000,0.00000,0.09406,t_shape,clutter_safe,0.3800,0.18000,0.15819
no_robust_perturbation,adversarial_clutter_gap,0,0,0,-0.00206,0.09557,0.14763,1,0,0,0.00000,0.59612,1,-0.84769,1,0.26019,0.06234,0.03546,0.05911,0.20939,t_shape,clutter_safe,0.4600,0.18000,2.42700
no_robust_perturbation,adversarial_clutter_gap,0,1,0,0.04970,0.05177,0.05207,1,1,0,46.00493,3.10444,0,-1.08849,1,0.21587,0.05470,0.00000,0.00000,0.11368,t_shape,clutter_safe,0.4600,0.18000,0.21604
no_robust_perturbation,adversarial_clutter_gap,0,2,0,0.04271,0.02720,0.03450,1,1,0,46.98369,2.30117,0,-1.05187,1,0.20372,0.06178,0.00000,0.00000,0.12776,t_shape,clutter_safe,0.4600,0.18000,-0.43877
no_robust_perturbation,adversarial_clutter_gap,0,3,0,0.03194,0.03051,0.04857,1,1,0,78.88559,3.65845,0,-1.08118,1,0.17313,0.06176,0.00000,0.00000,0.16221,t_shape,clutter_safe,0.4600,0.18000,-0.64563
no_robust_perturbation,adversarial_clutter_gap,0,4,0,0.08060,0.03546,0.03546,0,1,0,77.96436,4.80558,0,-0.50388,1,0.23385,0.06045,0.00000,0.00000,0.11617,t_shape,clutter_safe,0.4600,0.18000,-0.23192
no_robust_perturbation,adversarial_clutter_gap,0,5,0,0.00875,0.01345,0.05470,1,1,0,56.10442,3.94569,0,-1.09396,1,0.21691,0.05782,0.01432,0.02387,0.11163,t_shape,clutter_safe,0.4600,0.18000,-0.37181
no_robust_perturbation,adversarial_clutter_gap,0,6,0,-0.00206,0.04723,0.09928,1,1,0,45.24514,2.28838,0,-1.18684,1,0.20193,0.05947,0.00000,0.00000,0.15986,t_shape,clutter_safe,0.4600,0.18000,2.18783
no_robust_perturbation,adversarial_clutter_gap,0,7,0,0.12624,0.02001,0.02001,0,1,0,91.41448,7.27439,0,-0.47169,1,0.29147,0.05518,0.00000,0.00000,0.15150,t_shape,clutter_safe,0.4600,0.18000,-2.78361
no_robust_perturbation,adversarial_clutter_gap,0,8,0,-0.00206,0.04329,0.09535,1,1,0,35.75345,1.88059,0,-1.17864,1,0.18506,0.07067,0.00000,0.00000,0.04997,t_shape,clutter_safe,0.4600,0.14615,-1.38424
no_robust_perturbation,adversarial_clutter_gap,0,9,0,0.03263,0.03881,0.05618,1,1,0,33.31541,2.07377,0,-1.09705,1,0.11501,0.05707,0.09700,0.16166,0.11232,t_shape,clutter_safe,0.4600,0.18000,0.28243
no_robust_perturbation,adversarial_clutter_gap,0,10,0,-0.00206,0.06167,0.11373,1,1,0,17.61971,0.87103,0,-1.20662,1,0.16449,0.05951,0.00000,0.00000,0.11050,t_shape,clutter_safe,0.4600,0.18000,0.10464
no_robust_perturbation,adversarial_clutter_gap,0,11,0,0.03610,0.09589,0.10979,1,1,0,14.28428,0.91949,0,-1.20228,1,0.14341,0.06129,0.00000,0.00000,0.11762,t_shape,clutter_safe,0.4600,0.18000,-1.29255
no_robust_perturbation,adversarial_clutter_gap,0,12,0,-0.00206,0.02010,0.07216,1,0,0,1.80137,0.57473,1,-0.74630,1,0.19854,0.06107,0.00000,0.00000,0.19017,t_shape,clutter_safe,0.4600,0.18000,-2.08321
no_robust_perturbation,adversarial_clutter_gap,0,13,0,0.07360,0.04326,0.04326,0,1,0,52.67138,4.02291,0,-0.52012,1,0.19207,0.05422,0.00000,0.00000,0.13141,t_shape,clutter_safe,0.4600,0.18000,3.13512
no_robust_perturbation,adversarial_clutter_gap,0,14,0,-0.00206,0.05201,0.10407,1,1,0,15.07687,0.85712,0,-1.18538,1,0.17465,0.06383,0.00000,0.00000,0.11191,t_shape,clutter_safe,0.4600,0.18000,-1.78421
no_robust_perturbation,adversarial_clutter_gap,1,0,0,0.16345,0.01778,0.01778,0,1,0,72.82132,5.82562,0,-0.46703,1,0.13722,0.05871,0.00000,0.00000,0.15565,t_shape,clutter_safe,0.4600,0.17851,-0.20692
no_robust_perturbation,adversarial_clutter_gap,1,1,0,0.10668,0.05388,0.05388,0,1,0,66.40322,4.07375,0,-0.54225,1,0.16724,0.06188,0.15780,0.26299,0.11654,t_shape,clutter_safe,0.4600,0.18000,-0.14801
no_robust_perturbation,adversarial_clutter_gap,1,2,0,0.13960,0.05967,0.05967,0,1,0,77.04891,4.37931,0,-0.55431,1,0.25319,0.05405,0.00000,0.00000,0.12154,t_shape,clutter_safe,0.4600,0.18000,2.92833
no_robust_perturbation,adversarial_clutter_gap,1,3,0,0.07103,0.03906,0.03906,0,1,0,56.22475,2.81903,0,-0.51137,1,0.19194,0.05847,0.00000,0.00000,0.11314,t_shape,clutter_safe,0.4600,0.18000,-0.26095
no_robust_perturbation,adversarial_clutter_gap,1,4,0,0.11169,0.06476,0.06476,0,1,0,76.86406,4.22111,0,-0.56491,1,0.15479,0.05858,0.05105,0.08508,0.09124,t_shape,clutter_safe,0.4600,0.18000,0.31569
no_robust_perturbation,adversarial_clutter_gap,1,5,0,0.12619,0.07677,0.07677,0,1,0,65.71753,3.73612,0,-0.58994,1,0.11796,0.05972,0.00000,0.00000,0.11448,t_shape,clutter_safe,0.4600,0.18000,-2.82754
no_robust_perturbation,adversarial_clutter_gap,1,6,0,0.15701,0.07649,0.07649,0,1,0,81.58565,6.64316,0,-0.58935,1,0.15352,0.06286,0.00000,0.00000,0.12683,t_shape,clutter_safe,0.4600,0.18000,-0.17580
no_robust_perturbation,adversarial_clutter_gap,1,7,0,-0.00206,0.07652,0.12858,1,1,0,58.57002,2.28949,0,-1.23000,1,0.24502,0.06469,0.00000,0.00000,0.05093,t_shape,clutter_safe,0.4600,0.15602,1.44408
no_robust_perturbation,adversarial_clutter_gap,1,8,0,-0.00206,0.07410,0.12616,1,1,0,34.38922,2.33994,0,-1.23000,1,0.27713,0.05742,0.00000,0.00000,0.06704,t_shape,clutter_safe,0.4600,0.13945,-1.26290
no_robust_perturbation,adversarial_clutter_gap,1,9,0,0.01187,0.16834,0.20646,1,1,0,55.66000,3.07813,0,-1.23000,1,0.23834,0.06136,0.00000,0.00000,0.04917,t_shape,clutter_safe,0.4600,0.16022,-2.79280
no_robust_perturbation,adversarial_clutter_gap,1,10,0,-0.00238,0.05666,0.10904,1,1,0,22.81171,1.22046,0,-1.20717,1,0.19940,0.06364,0.00000,0.00000,0.08765,t_shape,clutter_safe,0.4600,0.17157,1.01574
no_robust_perturbation,adversarial_clutter_gap,1,11,0,0.05559,0.03337,0.03337,1,1,0,109.52482,5.05499,0,-1.04953,1,0.18421,0.05765,0.00000,0.00000,0.10742,t_shape,clutter_safe,0.4600,0.18000,0.00421
no_robust_perturbation,adversarial_clutter_gap,1,12,0,0.07401,0.03177,0.03177,0,1,0,93.49826,3.79445,0,-0.49619,1,0.17334,0.05817,0.00000,0.00000,0.09945,t_shape,clutter_safe,0.4600,0.17571,-2.88725
no_robust_perturbation,adversarial_clutter_gap,1,13,0,-0.00206,0.05720,0.10926,1,1,0,24.83080,0.84764,0,-1.19544,1,0.08724,0.05591,0.18331,0.30552,0.13140,t_shape,clutter_safe,0.4600,0.18000,-0.16313
no_robust_perturbation,adversarial_clutter_gap,1,14,0,-0.00206,0.01934,0.07140,1,1,0,33.41356,1.60268,0,-1.12875,1,0.20411,0.05990,0.05861,0.09769,0.02086,t_shape,clutter_safe,0.4600,0.15621,1.32005
no_robust_perturbation,adversarial_clutter_gap,2,0,0,0.14728,0.07393,0.07393,0,1,0,81.33922,6.70516,0,-0.58402,1,0.19374,0.05976,0.00000,0.00000,0.10814,t_shape,clutter_safe,0.4600,0.18000,3.09599
no_robust_perturbation,adversarial_clutter_gap,2,1,0,0.05963,0.09542,0.09542,1,1,0,69.23105,3.50688,0,-1.17879,1,0.16891,0.06455,0.00000,0.00000,0.11564,t_shape,clutter_safe,0.4600,0.18000,-0.07873
no_robust_perturbation,adversarial_clutter_gap,2,2,0,0.00914,0.05097,0.09183,1,1,0,45.33710,3.18351,0,-1.17131,1,0.16426,0.05516,0.00000,0.00000,0.13192,t_shape,clutter_safe,0.4600,0.18000,0.44636
no_robust_perturbation,adversarial_clutter_gap,2,3,0,-0.00206,0.03268,0.08473,1,1,0,35.93748,1.83220,0,-1.15653,1,0.16727,0.06019,0.00000,0.00000,0.02783,t_shape,clutter_safe,0.4600,0.15660,-1.48042
no_robust_perturbation,adversarial_clutter_gap,2,4,0,0.12406,0.09192,0.09192,0,1,0,74.49145,2.80397,0,-0.62151,1,0.12636,0.06473,0.04999,0.08332,0.10240,t_shape,clutter_safe,0.4600,0.18000,-0.44472
no_robust_perturbation,adversarial_clutter_gap,2,5,0,-0.00206,0.03481,0.08687,1,1,0,31.58951,1.81041,0,-1.16099,1,0.24542,0.05611,0.00000,0.00000,0.03918,t_shape,clutter_safe,0.4600,0.15226,1.83447
no_robust_perturbation,adversarial_clutter_gap,2,6,0,-0.00206,0.11116,0.16322,1,1,0,6.46508,0.67375,0,-1.20390,1,0.19909,0.06324,0.00000,0.00000,0.11372,t_shape,clutter_safe,0.4600,0.18000,-0.00828
no_robust_perturbation,adversarial_clutter_gap,2,7,0,0.00396,0.09083,0.13688,1,1,0,42.94449,2.75938,0,-1.23000,1,0.15046,0.08778,0.00000,0.00000,0.11956,t_shape,clutter_safe,0.4600,0.18000,2.82180
no_robust_perturbation,adversarial_clutter_gap,2,8,0,0.05461,0.04224,0.04224,1,1,0,67.75765,3.99636,0,-1.06799,1,0.18154,0.05506,0.07074,0.11790,0.09806,t_shape,clutter_safe,0.4600,0.18000,-2.80687
no_robust_perturbation,adversarial_clutter_gap,2,9,0,-0.00206,0.04083,0.09289,1,1,0,9.03831,0.64369,0,-1.14501,1,0.14896,0.06156,0.00000,0.00000,0.11727,t_shape,clutter_safe,0.4600,0.18000,-1.37254
no_robust_perturbation,adversarial_clutter_gap,2,10,0,0.04409,0.06985,0.07576,1,1,0,64.12958,3.15440,0,-1.13783,1,0.19826,0.06335,0.09164,0.15274,0.13171,t_shape,clutter_safe,0.4600,0.18000,0.56679
no_robust_perturbation,adversarial_clutter_gap,2,11,0,0.04449,0.03741,0.04292,1,1,0,57.66102,4.23481,0,-1.06941,1,0.18685,0.05758,0.00000,0.00000,0.11093,t_shape,clutter_safe,0.4600,0.18000,-2.58762
no_robust_perturbation,adversarial_clutter_gap,2,12,0,0.10864,0.08521,0.08521,0,1,0,95.83635,6.06381,0,-0.60753,1,0.16487,0.06140,0.00000,0.00000,0.09731,t_shape,clutter_safe,0.4600,0.18000,0.11757
no_robust_perturbation,adversarial_clutter_gap,2,13,0,0.18272,0.10962,0.10962,0,1,0,28.06330,1.34470,0,-0.65838,1,0.32225,0.06067,0.01241,0.02068,0.16568,t_shape,clutter_safe,0.4600,0.05627,1.45731
no_robust_perturbation,adversarial_clutter_gap,2,14,0,0.15648,0.07681,0.07681,0,1,0,74.42022,6.15750,0,-0.59002,1,0.12449,0.06051,0.00000,0.00000,0.10744,t_shape,clutter_safe,0.4600,0.18000,0.01685
no_robust_perturbation,adversarial_clutter_gap,3,0,0,0.01121,0.07759,0.11639,1,1,0,25.45917,1.99947,0,-1.22247,1,0.18242,0.05466,0.04264,0.07107,0.14795,t_shape,clutter_safe,0.4600,0.18000,0.98548
no_robust_perturbation,adversarial_clutter_gap,3,1,0,0.08680,0.03923,0.03923,0,1,0,65.70358,5.22398,0,-0.51173,1,0.22777,0.05665,0.00000,0.00000,0.10557,t_shape,clutter_safe,0.4600,0.18000,3.13834
no_robust_perturbation,adversarial_clutter_gap,3,2,0,-0.00206,0.18889,0.24095,1,1,0,0.00000,0.56920,0,-1.19554,1,0.23302,0.05631,0.00000,0.00000,0.09838,t_shape,clutter_safe,0.4600,0.18000,0.09843
no_robust_perturbation,adversarial_clutter_gap,3,3,0,-0.00754,0.21970,0.27725,1,1,0,62.42610,3.29833,0,-1.23000,1,0.26007,0.06122,0.00000,0.00000,0.10240,t_shape,clutter_safe,0.4600,0.16451,-0.17890
no_robust_perturbation,adversarial_clutter_gap,3,4,0,0.06805,0.06017,0.06017,1,1,0,48.49923,2.73056,0,-1.10535,1,0.17427,0.06105,0.00000,0.00000,0.12579,t_shape,clutter_safe,0.4600,0.18000,0.16334
no_robust_perturbation,adversarial_clutter_gap,3,5,0,-0.00206,0.02253,0.07459,1,1,0,33.82941,2.06744,0,-1.13539,1,0.19478,0.05757,0.00000,0.00000,0.10162,t_shape,clutter_safe,0.4600,0.18000,-0.31328
no_robust_perturbation,adversarial_clutter_gap,3,6,0,0.04170,0.07293,0.08124,1,1,0,61.93430,2.93079,0,-1.14924,1,0.15580,0.06095,0.00000,0.00000,0.10122,t_shape,clutter_safe,0.4600,0.18000,-0.14470
no_robust_perturbation,adversarial_clutter_gap,3,7,0,-0.00206,0.08091,0.13297,1,1,0,5.71598,0.57659,0,-1.19613,1,0.12180,0.05797,0.00538,0.00896,0.10003,t_shape,clutter_safe,0.4600,0.17982,-0.03072
no_robust_perturbation,adversarial_clutter_gap,3,8,0,0.03628,0.09461,0.10833,1,1,0,14.18323,0.92226,0,-1.19946,1,0.20432,0.05851,0.15000,0.25000,0.00645,t_shape,clutter_safe,0.4600,0.14664,-1.60849
no_robust_perturbation,adversarial_clutter_gap,3,9,0,-0.00205,0.03890,0.09095,1,1,0,56.97347,1.96654,0,-1.16949,1,0.20029,0.06428,0.00000,0.00000,0.04650,t_shape,clutter_safe,0.4600,0.16672,1.19649
no_robust_perturbation,adversarial_clutter_gap,3,10,0,0.08052,0.05558,0.05558,0,1,0,78.39765,3.32700,0,-0.54579,1,0.18089,0.06039,0.00000,0.00000,0.10343,t_shape,clutter_safe,0.4600,0.18000,2.87686
no_robust_perturbation,adversarial_clutter_gap,3,11,0,0.05320,0.03882,0.03882,1,1,0,50.91093,2.25931,0,-1.06087,1,0.10186,0.05984,0.00000,0.00000,0.12428,t_shape,clutter_safe,0.4600,0.18000,0.28634
no_robust_perturbation,adversarial_clutter_gap,3,12,0,0.10562,0.13336,0.13336,0,1,0,115.84439,4.89003,0,-0.68000,1,0.22598,0.06574,0.00000,0.00000,0.11261,t_shape,clutter_safe,0.4600,0.18000,-3.03158
no_robust_perturbation,adversarial_clutter_gap,3,13,0,-0.00208,0.01143,0.06351,1,1,0,71.58832,2.94101,0,-1.11231,1,0.23251,0.06075,0.00000,0.00000,0.13159,t_shape,clutter_safe,0.4600,0.18000,0.39755
no_robust_perturbation,adversarial_clutter_gap,3,14,0,0.05588,0.05278,0.05278,1,1,0,83.06621,3.77107,0,-1.08995,1,0.12878,0.06380,0.00000,0.00000,0.13103,t_shape,clutter_safe,0.4600,0.18000,0.20208
no_robust_perturbation,adversarial_clutter_gap,4,0,0,-0.00206,0.04856,0.10062,1,1,0,33.93794,1.71753,0,-1.18963,1,0.21601,0.05758,0.00000,0.00000,0.04057,t_shape,clutter_safe,0.4600,0.16570,1.20744
no_robust_perturbation,adversarial_clutter_gap,4,1,0,-0.00206,0.01719,0.06925,1,1,0,59.26174,2.97604,0,-1.12427,1,0.19803,0.05579,0.00000,0.00000,0.11836,t_shape,clutter_safe,0.4600,0.18000,-0.32583
no_robust_perturbation,adversarial_clutter_gap,4,2,0,-0.00206,0.06780,0.11986,1,1,0,24.54177,0.71906,0,-1.20724,1,0.17869,0.06004,0.00000,0.00000,0.10423,t_shape,clutter_safe,0.4600,0.18000,-3.10688
no_robust_perturbation,adversarial_clutter_gap,4,3,0,0.04629,0.01412,0.01782,1,1,0,96.79193,4.23585,0,-1.01713,1,0.26545,0.06487,0.00000,0.00000,0.14518,t_shape,clutter_safe,0.4600,0.18000,0.28881
no_robust_perturbation,adversarial_clutter_gap,4,4,1,0.16388,0.03783,0.03783,0,0,0,88.39209,7.15818,1,0.84119,1,0.21818,0.06065,0.00000,0.00000,0.13267,t_shape,clutter_safe,0.4600,0.18000,-0.24137
no_robust_perturbation,adversarial_clutter_gap,4,5,0,0.15770,0.05112,0.05112,0,1,0,73.17428,5.80462,0,-0.53649,1,0.16070,0.06052,0.12672,0.21120,0.13709,t_shape,clutter_safe,0.4600,0.17986,-0.00340
no_robust_perturbation,adversarial_clutter_gap,4,6,0,0.12088,0.06519,0.06519,0,1,0,89.49661,7.17902,0,-0.56581,1,0.28196,0.06182,0.00000,0.00000,0.13982,t_shape,clutter_safe,0.4600,0.18000,0.21587
no_robust_perturbation,adversarial_clutter_gap,4,7,0,0.10640,0.11289,0.11289,0,1,0,89.53153,4.07976,0,-0.66518,1,0.21028,0.06497,0.22411,0.37352,0.12433,t_shape,clutter_safe,0.4600,0.18000,0.38210
no_robust_perturbation,adversarial_clutter_gap,4,8,0,0.07356,0.02615,0.02615,0,1,0,62.23528,3.56625,0,-0.48447,1,0.09811,0.05785,0.00000,0.00000,0.12268,t_shape,clutter_safe,0.4600,0.18000,-0.30605
no_robust_perturbation,adversarial_clutter_gap,4,9,0,-0.00206,0.03803,0.09009,1,1,0,76.52154,2.33398,0,-1.16768,1,0.13840,0.06106,0.00000,0.00000,0.12434,t_shape,clutter_safe,0.4600,0.18000,-0.01854
no_robust_perturbation,adversarial_clutter_gap,4,10,0,0.07227,0.09049,0.09049,0,1,0,77.64520,4.46624,0,-0.61853,1,0.18052,0.06347,0.00000,0.00000,0.11902,t_shape,clutter_safe,0.4600,0.18000,-0.19335
no_robust_perturbation,adversarial_clutter_gap,4,11,0,0.15035,0.05497,0.05497,0,1,0,66.72004,4.96678,0,-0.54452,1,0.23199,0.05621,0.00000,0.00000,0.11884,t_shape,clutter_safe,0.4600,0.18000,-2.94539
no_robust_perturbation,adversarial_clutter_gap,4,12,0,0.01101,0.02949,0.06848,1,1,0,75.57301,2.52012,0,-1.12266,1,0.13153,0.06534,0.02194,0.03656,0.10654,t_shape,clutter_safe,0.4600,0.18000,0.11457
no_robust_perturbation,adversarial_clutter_gap,4,13,0,0.05717,0.02277,0.02277,1,1,0,37.75476,2.57915,0,-1.02743,1,0.13256,0.05409,0.00000,0.00000,0.11270,t_shape,clutter_safe,0.4600,0.18000,2.75567
no_robust_perturbation,adversarial_clutter_gap,4,14,0,0.04948,0.09745,0.09797,1,1,0,50.43779,2.08424,0,-1.18409,1,0.05635,0.06376,0.11830,0.19716,0.09859,t_shape,clutter_safe,0.4600,0.18000,-0.25839
no_robust_perturbation,adversarial_clutter_gap,5,0,0,-0.00332,0.39254,0.44586,1,1,0,85.77264,4.85546,0,-1.23000,1,0.21333,0.06121,0.00000,0.00000,0.09774,t_shape,clutter_safe,0.4600,0.18000,-0.04141
no_robust_perturbation,adversarial_clutter_gap,5,1,0,0.13364,0.07058,0.07058,0,1,0,122.93431,8.03830,0,-0.57704,1,0.22740,0.06225,0.00000,0.00000,0.13721,t_shape,clutter_safe,0.4600,0.18000,-0.21489
no_robust_perturbation,adversarial_clutter_gap,5,2,0,-0.00016,0.05938,0.10954,1,1,0,36.31690,1.47748,0,-1.20821,1,0.16854,0.05844,0.00000,0.00000,0.11879,t_shape,clutter_safe,0.4600,0.18000,0.19842
no_robust_perturbation,adversarial_clutter_gap,5,3,0,-0.00206,0.03245,0.08451,1,1,0,86.20639,3.81145,0,-1.15606,1,0.18936,0.06511,0.00000,0.00000,0.12899,t_shape,clutter_safe,0.4600,0.18000,-0.50670
no_robust_perturbation,adversarial_clutter_gap,5,4,0,-0.00206,0.07163,0.12368,1,1,0,6.25708,0.55337,0,-1.19427,1,0.18791,0.05625,0.00723,0.01206,0.02941,t_shape,clutter_safe,0.4600,0.16591,1.41574
no_robust_perturbation,adversarial_clutter_gap,5,5,0,0.02330,0.05499,0.08169,1,1,0,45.53390,2.07462,0,-1.15019,1,0.18260,0.09268,0.00705,0.01174,0.04169,t_shape,clutter_safe,0.4600,0.15040,1.48787
no_robust_perturbation,adversarial_clutter_gap,5,6,0,0.09006,0.10004,0.10004,0,1,0,80.20501,3.96972,0,-0.63842,1,0.11014,0.06490,0.00000,0.00000,0.12044,t_shape,clutter_safe,0.4600,0.18000,2.87437
no_robust_perturbation,adversarial_clutter_gap,5,7,0,-0.00206,0.04397,0.09602,1,1,0,39.85914,1.80057,0,-1.18005,1,0.15674,0.11176,0.00000,0.00000,0.12591,t_shape,clutter_safe,0.4600,0.18000,-1.93254
no_robust_perturbation,adversarial_clutter_gap,5,8,0,0.07263,0.08183,0.08183,0,1,0,76.77676,4.80167,0,-0.60047,1,0.21456,0.05587,0.00000,0.00000,0.09904,t_shape,clutter_safe,0.4600,0.18000,0.15567
no_robust_perturbation,adversarial_clutter_gap,5,9,0,0.03098,0.06853,0.08755,1,1,0,28.86293,1.76674,0,-1.16241,1,0.20537,0.05866,0.00000,0.00000,0.13766,t_shape,clutter_safe,0.4600,0.18000,-2.55783
no_robust_perturbation,adversarial_clutter_gap,5,10,0,0.15655,0.03717,0.03717,0,1,0,87.00276,7.23696,0,-0.50744,1,0.19423,0.05589,0.01042,0.01736,0.10306,t_shape,clutter_safe,0.4600,0.18000,0.04037
no_robust_perturbation,adversarial_clutter_gap,5,11,0,0.15290,0.05835,0.05835,0,1,0,72.66068,5.62857,0,-0.55157,1,0.20169,0.06291,0.00000,0.00000,0.15832,t_shape,clutter_safe,0.4600,0.18000,-0.25318
no_robust_perturbation,adversarial_clutter_gap,5,12,0,0.15162,0.07962,0.07962,0,1,0,77.56574,6.29490,0,-0.59587,1,0.17440,0.06169,0.00000,0.00000,0.10411,t_shape,clutter_safe,0.4600,0.18000,3.01481
no_robust_perturbation,adversarial_clutter_gap,5,13,0,-0.00226,0.04683,0.09910,1,1,0,24.68918,1.79330,0,-1.18645,1,0.25702,0.05752,0.00000,0.00000,0.06669,t_shape,clutter_safe,0.4600,0.15511,1.10127
no_robust_perturbation,adversarial_clutter_gap,5,14,0,0.03724,0.02521,0.03798,1,1,0,75.52587,3.06523,0,-1.05912,1,0.10334,0.05879,0.00000,0.00000,0.10915,t_shape,clutter_safe,0.4600,0.18000,-3.07567
no_robust_perturbation,adversarial_clutter_gap,6,0,0,-0.00206,0.02620,0.07826,1,1,0,96.11257,4.46677,0,-1.14304,1,0.20358,0.06449,0.00000,0.00000,0.14745,t_shape,clutter_safe,0.4600,0.18000,-0.11178
no_robust_perturbation,adversarial_clutter_gap,6,1,0,-0.00206,0.19626,0.24831,1,1,0,0.00000,0.59468,0,-1.19757,1,0.26575,0.26940,0.00000,0.00000,0.13533,t_shape,clutter_safe,0.4600,0.18000,-1.60161
no_robust_perturbation,adversarial_clutter_gap,6,2,0,0.04312,0.04334,0.05022,1,1,0,70.06462,2.80266,0,-1.08462,1,0.16584,0.05427,0.00000,0.00000,0.09547,t_shape,clutter_safe,0.4600,0.18000,0.31969
no_robust_perturbation,adversarial_clutter_gap,6,3,0,0.06718,0.05235,0.05235,1,1,0,44.78002,2.33707,0,-1.08906,1,0.21217,0.06193,0.01386,0.02310,0.13007,t_shape,clutter_safe,0.4600,0.18000,2.98296
no_robust_perturbation,adversarial_clutter_gap,6,4,0,0.00376,0.08988,0.13611,1,1,0,43.84381,2.15306,0,-1.23000,1,0.23368,0.05946,0.00000,0.00000,0.04779,t_shape,clutter_safe,0.4600,0.13589,1.71588
no_robust_perturbation,adversarial_clutter_gap,6,5,0,0.03847,0.14429,0.15583,1,1,0,39.07784,1.17123,0,-1.23000,1,0.24427,0.06465,0.15632,0.26053,0.17504,t_shape,clutter_safe,0.4600,0.18000,-3.03973
no_robust_perturbation,adversarial_clutter_gap,6,6,0,-0.00206,0.09906,0.15112,1,1,0,4.50378,0.57297,0,-1.19584,1,0.15729,0.13577,0.01570,0.02616,0.09861,t_shape,clutter_safe,0.4600,0.18000,-1.39450
no_robust_perturbation,adversarial_clutter_gap,6,7,0,0.06266,0.03721,0.03721,1,1,0,57.11145,2.39699,0,-1.05752,1,0.17252,0.05661,0.00000,0.00000,0.13209,t_shape,clutter_safe,0.4600,0.18000,-0.09736
no_robust_perturbation,adversarial_clutter_gap,6,8,0,-0.00206,0.05035,0.10241,1,1,0,5.54003,0.56503,0,-1.15855,1,0.16268,0.05615,0.00000,0.00000,0.13487,t_shape,clutter_safe,0.4600,0.18000,1.42450
no_robust_perturbation,adversarial_clutter_gap,6,9,0,-0.00206,0.02354,0.07560,1,1,0,24.40356,1.44110,0,-1.13750,1,0.16618,0.05705,0.00000,0.00000,0.10208,t_shape,clutter_safe,0.4600,0.18000,1.88543
no_robust_perturbation,adversarial_clutter_gap,6,10,0,0.06010,0.04956,0.04956,1,1,0,75.94336,3.15247,0,-1.08326,1,0.13734,0.05768,0.00945,0.01576,0.09585,t_shape,clutter_safe,0.4600,0.18000,0.40327
no_robust_perturbation,adversarial_clutter_gap,6,11,0,-0.00207,0.07638,0.12844,1,1,0,48.40408,1.68171,0,-1.23000,1,0.13198,0.06169,0.06555,0.10924,0.08798,t_shape,clutter_safe,0.4600,0.17827,-0.03880
no_robust_perturbation,adversarial_clutter_gap,6,12,0,0.16032,0.04111,0.04111,0,1,0,68.06389,5.65936,0,-0.51565,1,0.10990,0.05717,0.00000,0.00000,0.11567,t_shape,clutter_safe,0.4600,0.18000,-0.03827
no_robust_perturbation,adversarial_clutter_gap,6,13,0,0.03478,0.02801,0.04323,1,1,0,45.15457,2.52784,0,-1.07007,1,0.15159,0.05745,0.10521,0.17535,0.11563,t_shape,clutter_safe,0.4600,0.18000,0.33130
no_robust_perturbation,adversarial_clutter_gap,6,14,0,0.15779,0.03788,0.03788,0,1,0,44.10075,3.39390,0,-0.50891,1,0.17075,0.05870,0.00000,0.00000,0.10612,t_shape,clutter_safe,0.4600,0.18000,0.31253
no_robust_perturbation,adversarial_clutter_gap,7,0,0,-0.00206,0.06063,0.11269,1,1,0,60.59587,2.28212,0,-1.21477,1,0.18518,0.06200,0.00000,0.00000,0.05503,t_shape,clutter_safe,0.4600,0.14172,1.74171
no_robust_perturbation,adversarial_clutter_gap,7,1,0,-0.00216,0.06572,0.11787,1,1,0,25.22448,1.52983,0,-1.22557,1,0.14720,0.05865,0.00000,0.00000,0.10506,t_shape,clutter_safe,0.4600,0.18000,1.47501
no_robust_perturbation,adversarial_clutter_gap,7,2,0,-0.00206,0.01844,0.07050,1,1,0,44.81206,2.82320,0,-1.12687,1,0.18561,0.05743,0.00000,0.00000,0.11982,t_shape,clutter_safe,0.4600,0.18000,-0.37759
no_robust_perturbation,adversarial_clutter_gap,7,3,0,0.08174,0.07375,0.07375,0,1,0,42.85361,2.15078,0,-0.58364,1,0.15227,0.06166,0.00000,0.00000,0.10226,t_shape,clutter_safe,0.4600,0.18000,-1.82346
no_robust_perturbation,adversarial_clutter_gap,7,4,0,0.11922,0.05364,0.05364,0,1,0,89.08186,4.71599,0,-0.54176,1,0.17292,0.05694,0.03405,0.05676,0.11094,t_shape,clutter_safe,0.4600,0.18000,0.35276
no_robust_perturbation,adversarial_clutter_gap,7,5,0,0.04996,0.04597,0.04601,1,1,0,77.54890,3.91833,0,-1.07586,1,0.19638,0.05819,0.00000,0.00000,0.10854,t_shape,clutter_safe,0.4600,0.18000,0.30871
no_robust_perturbation,adversarial_clutter_gap,7,6,0,0.15341,0.03678,0.03678,0,1,0,79.68789,6.37171,0,-0.50663,1,0.13301,0.05985,0.01148,0.01913,0.09633,t_shape,clutter_safe,0.4600,0.18000,-0.00469
no_robust_perturbation,adversarial_clutter_gap,7,7,0,0.05845,0.02006,0.02006,1,1,0,87.68684,4.68897,0,-1.02180,1,0.16225,0.05611,0.00000,0.00000,0.13988,t_shape,clutter_safe,0.4600,0.18000,2.76496
no_robust_perturbation,adversarial_clutter_gap,7,8,0,0.00673,0.04721,0.09048,1,1,0,47.77271,2.11847,0,-1.16851,1,0.21134,0.06061,0.00000,0.00000,0.07614,t_shape,clutter_safe,0.4600,0.16666,-1.85853
no_robust_perturbation,adversarial_clutter_gap,7,9,0,-0.00206,0.07071,0.12277,1,1,0,79.83011,3.30503,0,-1.23000,1,0.23000,0.06414,0.00000,0.00000,0.11915,t_shape,clutter_safe,0.4600,0.18000,-0.00666
no_robust_perturbation,adversarial_clutter_gap,7,10,0,0.09103,0.06703,0.06703,0,1,0,51.54966,2.45658,0,-0.56965,1,0.07892,0.05971,0.01717,0.02861,0.09161,t_shape,clutter_safe,0.4600,0.18000,-0.19773
no_robust_perturbation,adversarial_clutter_gap,7,11,0,0.03280,0.02842,0.04562,1,1,0,53.61910,2.62990,0,-1.07504,1,0.27147,0.06473,0.00000,0.00000,0.07847,t_shape,clutter_safe,0.4600,0.15108,2.79486
no_robust_perturbation,adversarial_clutter_gap,7,12,0,0.03973,0.05076,0.06104,1,1,0,60.02334,2.64692,0,-1.10716,1,0.17960,0.05873,0.00000,0.00000,0.11450,t_shape,clutter_safe,0.4600,0.18000,0.32526
no_robust_perturbation,adversarial_clutter_gap,7,13,0,-0.00206,0.10919,0.16125,1,1,0,8.57096,0.72595,0,-1.20808,1,0.21810,0.05667,0.01080,0.01800,0.01233,t_shape,clutter_safe,0.4600,0.15341,1.73979
no_robust_perturbation,adversarial_clutter_gap,7,14,0,-0.00206,0.08508,0.13714,1,1,0,34.29645,1.95208,0,-1.23000,1,0.21539,0.09583,0.00000,0.00000,0.06297,t_shape,clutter_safe,0.4600,0.12685,-1.63859
no_robust_perturbation,material_shift_proxy,0,0,1,0.15446,0.03927,0.03927,0,0,0,42.03923,3.14135,1,0.83819,1,0.03184,0.25863,0.00149,0.00000,0.00576,cylinder,lift,0.2400,0.09293,-0.52777
no_robust_perturbation,material_shift_proxy,0,1,0,0.01548,0.09377,0.12829,1,0,0,44.61831,2.10261,1,-0.88000,1,0.09291,0.26009,0.02947,0.00000,0.01630,cylinder,lift,0.2400,0.08723,0.95474
no_robust_perturbation,material_shift_proxy,0,2,0,0.01374,0.03990,0.07616,1,0,0,36.77609,2.02442,1,-0.78866,1,0.10419,0.25658,0.00544,0.00000,0.00951,cylinder,lift,0.2400,0.08578,-0.45666
no_robust_perturbation,material_shift_proxy,0,3,0,0.01784,0.01413,0.04629,1,0,0,41.02714,1.99735,1,-0.72643,1,0.03550,0.25382,0.00034,0.00000,0.01383,cylinder,lift,0.2400,0.09335,0.54418
no_robust_perturbation,material_shift_proxy,0,4,1,0.16651,0.05737,0.05737,0,0,0,33.41141,2.80059,1,0.80048,1,0.12025,0.54558,0.03458,0.00000,0.00155,cylinder,lift,0.2400,0.10803,-0.35810
no_robust_perturbation,material_shift_proxy,0,5,1,0.11314,0.09886,0.09886,0,0,0,40.81368,2.54083,1,0.71404,1,0.03210,0.25774,0.01014,0.00000,0.00544,cylinder,lift,0.2400,0.09288,-0.56469
no_robust_perturbation,material_shift_proxy,0,6,0,0.01435,0.04881,0.08446,1,0,0,35.10946,1.90562,1,-0.80597,1,0.07359,0.36999,0.04961,0.00000,0.02889,cylinder,lift,0.2400,0.10050,1.16142
no_robust_perturbation,material_shift_proxy,0,7,1,0.11973,0.10214,0.10214,0,0,0,25.62091,1.77272,1,0.70720,1,0.19140,0.69379,0.00377,0.00000,0.01521,cylinder,lift,0.2400,0.11440,-0.31894
no_robust_perturbation,material_shift_proxy,0,8,0,0.01179,0.07770,0.11591,1,0,0,44.61968,1.71343,1,-0.87148,1,0.09501,0.26034,0.00859,0.00000,0.02286,cylinder,lift,0.2400,0.08804,0.14943
no_robust_perturbation,material_shift_proxy,0,9,1,0.13044,0.03641,0.03641,0,0,0,30.64202,1.80989,1,0.84415,1,0.16397,0.64187,0.03255,0.00000,0.00324,cylinder,lift,0.2400,0.11241,-0.36681
no_robust_perturbation,material_shift_proxy,0,10,1,0.10319,0.03076,0.03076,0,0,0,29.58839,1.76087,1,0.85591,1,0.11728,0.50507,0.03770,0.00000,0.01497,cylinder,lift,0.2400,0.10641,0.91517
no_robust_perturbation,material_shift_proxy,0,11,0,0.01492,0.02178,0.05686,1,0,0,25.79513,1.43746,1,-0.74846,1,0.13367,0.51217,0.04997,0.00000,0.02840,cylinder,lift,0.2400,0.10679,1.16246
no_robust_perturbation,material_shift_proxy,0,12,1,0.16650,0.02569,0.02569,0,0,0,35.23194,2.93876,1,0.86649,1,0.08627,0.45806,0.01483,0.00000,0.00239,cylinder,lift,0.2400,0.10442,0.30948
no_robust_perturbation,material_shift_proxy,0,13,0,0.03198,0.11363,0.13165,1,0,0,32.11453,1.70745,1,-0.88000,1,0.12590,0.53117,0.01216,0.00000,0.01509,cylinder,lift,0.2400,0.10729,0.44883
no_robust_perturbation,material_shift_proxy,0,14,0,0.01335,0.00739,0.04404,1,0,0,46.07506,2.26591,1,-0.72175,1,0.10235,0.25226,0.04999,0.00000,0.00521,cylinder,lift,0.2400,0.08555,1.96453
no_robust_perturbation,material_shift_proxy,1,0,1,0.11474,0.05826,0.05826,0,0,0,41.87060,2.69147,1,0.79863,1,0.04778,0.25333,0.01231,0.00000,0.00953,cylinder,lift,0.2400,0.09165,-2.47206
no_robust_perturbation,material_shift_proxy,1,1,0,0.01534,0.05623,0.09089,1,0,0,28.55104,1.52865,1,-0.81936,1,0.06385,0.38236,0.01654,0.00000,0.01239,cylinder,lift,0.2400,0.10110,0.10003
no_robust_perturbation,material_shift_proxy,1,2,1,0.16571,0.06295,0.06295,0,0,0,42.56820,3.47485,1,0.78885,1,0.04815,0.25787,0.04993,0.00000,0.00472,cylinder,lift,0.2400,0.09114,2.09076
no_robust_perturbation,material_shift_proxy,1,3,1,0.14936,0.03442,0.03442,0,0,0,44.03104,3.24210,1,0.84829,1,0.09500,0.25469,0.04992,0.00000,0.00902,cylinder,lift,0.2400,0.08669,0.95946
no_robust_perturbation,material_shift_proxy,1,4,1,0.10504,0.02150,0.02150,0,0,0,37.19787,2.24193,1,0.87522,1,0.03209,0.30649,0.01102,0.00000,0.01091,cylinder,lift,0.2400,0.09795,0.01085
no_robust_perturbation,material_shift_proxy,1,5,1,0.15819,0.04625,0.04625,0,0,0,35.43461,2.63305,1,0.82365,1,0.06633,0.39880,0.02630,0.00000,0.00681,cylinder,lift,0.2400,0.10191,-0.04258
no_robust_perturbation,material_shift_proxy,1,6,1,0.16389,0.01547,0.01547,0,0,0,38.54188,2.94273,1,0.88778,1,0.03457,0.32540,0.04082,0.00000,0.00526,cylinder,lift,0.2400,0.09876,1.00686
no_robust_perturbation,material_shift_proxy,1,7,0,0.11862,0.11093,0.11093,0,0,0,42.01879,2.75025,1,-0.31110,1,0.02893,0.25849,0.00041,0.00000,0.02230,cylinder,lift,0.2400,0.09326,0.33405
no_robust_perturbation,material_shift_proxy,1,8,1,0.12521,0.06148,0.06148,0,0,0,31.40901,2.18657,1,0.79191,1,0.06326,0.39813,0.04088,0.00000,0.00666,cylinder,lift,0.2400,0.10160,0.80972
no_robust_perturbation,material_shift_proxy,1,9,1,0.10352,0.05664,0.05664,0,0,0,41.87648,2.55208,1,0.80200,1,0.05456,0.25523,0.04644,0.00000,0.00600,cylinder,lift,0.2400,0.09059,-1.40258
no_robust_perturbation,material_shift_proxy,1,10,1,0.12621,0.03459,0.03459,0,0,0,36.37558,2.42020,1,0.84793,1,0.07491,0.41840,0.00215,0.00000,0.00983,cylinder,lift,0.2400,0.10250,0.28661
no_robust_perturbation,material_shift_proxy,1,11,1,0.14481,0.01828,0.01828,0,0,0,33.90981,2.40304,1,0.88193,1,0.10175,0.48615,0.03686,0.00000,0.00718,cylinder,lift,0.2400,0.10556,0.43433
no_robust_perturbation,material_shift_proxy,1,12,0,0.01169,0.03816,0.07647,1,0,0,39.20435,1.70004,1,-0.78931,1,0.02439,0.25655,0.03407,0.00000,0.01613,cylinder,lift,0.2400,0.09473,2.85457
no_robust_perturbation,material_shift_proxy,1,13,1,0.15653,0.03552,0.03552,0,0,0,43.88496,3.31780,1,0.84601,1,0.08903,0.25286,0.04954,0.00000,0.00329,cylinder,lift,0.2400,0.08674,-1.91588
no_robust_perturbation,material_shift_proxy,1,14,1,0.16257,0.03032,0.03032,0,0,0,39.35748,3.06636,1,0.85684,1,0.04143,0.25357,0.04996,0.00000,0.02236,cylinder,lift,0.2400,0.09357,-1.81145
no_robust_perturbation,material_shift_proxy,2,0,1,0.15491,0.04056,0.04056,0,0,0,40.70321,3.02799,1,0.83550,1,0.01268,0.25483,0.03915,0.00000,0.00447,cylinder,lift,0.2400,0.09480,1.81012
no_robust_perturbation,material_shift_proxy,2,1,1,0.11956,0.03815,0.03815,0,0,0,34.21438,2.20554,1,0.84052,1,0.09216,0.44937,0.00647,0.00000,0.01378,cylinder,lift,0.2400,0.10391,0.70792
no_robust_perturbation,material_shift_proxy,2,2,1,0.16520,0.05242,0.05242,0,0,0,46.44925,3.03729,1,0.81078,1,0.04514,0.34054,0.04119,0.00000,0.01144,cylinder,lift,0.2400,0.09925,-1.27516
no_robust_perturbation,material_shift_proxy,2,3,1,0.09721,0.07524,0.07524,0,0,0,42.41240,2.62164,1,0.76324,1,0.06362,0.26107,0.04688,0.00000,0.00918,cylinder,lift,0.2400,0.08996,0.94498
no_robust_perturbation,material_shift_proxy,2,4,0,0.01095,0.00752,0.04656,1,0,0,38.14738,1.91727,1,-0.72700,1,0.02663,0.29173,0.00302,0.00000,0.01112,cylinder,lift,0.2400,0.09736,-0.01538
no_robust_perturbation,material_shift_proxy,2,5,1,0.10492,0.04211,0.04211,0,0,0,34.72745,1.94668,1,0.83227,1,0.07481,0.42467,0.00253,0.00000,0.00690,cylinder,lift,0.2400,0.10278,-0.38204
no_robust_perturbation,material_shift_proxy,2,6,1,0.13247,0.06526,0.06526,0,0,0,36.04967,2.41910,1,0.78404,1,0.07554,0.42333,0.05000,0.00000,0.00628,cylinder,lift,0.2400,0.10292,1.02433
no_robust_perturbation,material_shift_proxy,2,7,0,0.01111,0.09530,0.13419,1,0,0,42.98948,2.35648,1,-0.88000,1,0.07766,0.26262,0.04761,0.00000,0.03582,cylinder,lift,0.2400,0.09011,0.94959
no_robust_perturbation,material_shift_proxy,2,8,1,0.13843,0.07891,0.07891,0,0,0,37.15933,2.62839,1,0.75561,1,0.03153,0.32070,0.04999,0.00000,0.00616,cylinder,lift,0.2400,0.09835,1.56953
no_robust_perturbation,material_shift_proxy,2,9,1,0.16641,0.08280,0.08280,0,0,0,46.24264,2.93373,1,0.74749,1,0.10657,0.49716,0.00848,0.00000,0.00914,cylinder,lift,0.2400,0.10587,-0.42407
no_robust_perturbation,material_shift_proxy,2,10,1,0.11940,0.02820,0.02820,0,0,0,35.25987,2.28067,1,0.86125,1,0.06678,0.39716,0.00255,0.00000,0.00998,cylinder,lift,0.2400,0.10164,-0.39471
no_robust_perturbation,material_shift_proxy,2,11,0,0.01179,0.02351,0.06172,1,0,0,41.06626,1.41720,1,-0.75858,1,0.10595,0.25225,0.01216,0.00000,0.03130,cylinder,lift,0.2400,0.08774,-0.26806
no_robust_perturbation,material_shift_proxy,2,12,1,0.16011,0.08746,0.08746,0,0,0,38.63078,2.73731,1,0.73779,1,0.03292,0.29761,0.00380,0.00000,0.01798,cylinder,lift,0.2400,0.09734,-0.44632
no_robust_perturbation,material_shift_proxy,2,13,1,0.14581,0.04377,0.04377,0,0,0,44.61322,3.20112,1,0.82881,1,0.07741,0.25887,0.04213,0.00000,0.00815,cylinder,lift,0.2400,0.08786,0.67549
no_robust_perturbation,material_shift_proxy,2,14,1,0.10891,0.10408,0.10408,0,0,0,41.26229,2.47007,1,0.70316,1,0.03924,0.25816,0.00675,0.00000,0.00414,cylinder,lift,0.2400,0.09201,-0.21471
no_robust_perturbation,material_shift_proxy,3,0,0,0.09209,0.11872,0.11872,0,0,0,40.59699,2.19737,1,-0.32734,1,0.00323,0.26223,0.02794,0.00000,0.00306,cylinder,lift,0.2400,0.09564,1.19249
no_robust_perturbation,material_shift_proxy,3,1,1,0.11877,0.05091,0.05091,0,0,0,38.50204,2.09202,1,0.81393,1,0.02561,0.29690,0.04419,0.00000,0.00787,cylinder,lift,0.2400,0.09757,-0.87996
no_robust_perturbation,material_shift_proxy,3,2,0,0.01176,0.02181,0.06005,1,0,0,40.81090,1.59087,1,-0.75510,1,0.06530,0.25394,0.00901,0.00000,0.02250,cylinder,lift,0.2400,0.09110,0.24273
no_robust_perturbation,material_shift_proxy,3,3,1,0.08930,0.02990,0.02990,0,0,0,42.30547,2.52384,1,0.85771,1,0.05447,0.25244,0.00249,0.00000,0.00935,cylinder,lift,0.2400,0.09093,-0.64015
no_robust_perturbation,material_shift_proxy,3,4,1,0.15298,0.02266,0.02266,0,0,0,38.65474,2.86782,1,0.87279,1,0.04078,0.33193,0.00009,0.00000,0.00915,cylinder,lift,0.2400,0.09902,0.58365
no_robust_perturbation,material_shift_proxy,3,5,0,0.01179,0.04391,0.08211,1,0,0,42.11811,1.61035,1,-0.80107,1,0.10859,0.25701,0.03110,0.00000,0.02271,cylinder,lift,0.2400,0.08662,0.97846
no_robust_perturbation,material_shift_proxy,3,6,1,0.14897,0.09200,0.09200,0,0,0,43.39715,3.22448,1,0.72834,1,0.08131,0.26048,0.04542,0.00000,0.00483,cylinder,lift,0.2400,0.08770,-1.63527
no_robust_perturbation,material_shift_proxy,3,7,1,0.15247,0.04114,0.04114,0,0,0,33.64800,2.46805,1,0.83429,1,0.11603,0.52194,0.04849,0.00000,0.00515,cylinder,lift,0.2400,0.10724,0.88847
no_robust_perturbation,material_shift_proxy,3,8,1,0.16651,0.06832,0.06832,0,0,0,34.81472,2.91712,1,0.77767,1,0.11117,0.51110,0.00361,0.00000,0.00741,cylinder,lift,0.2400,0.10651,-0.08500
no_robust_perturbation,material_shift_proxy,3,9,1,0.14137,0.05053,0.05053,0,0,0,38.57555,2.72676,1,0.81473,1,0.03381,0.31249,0.04399,0.00000,0.00989,cylinder,lift,0.2400,0.09823,1.16810
no_robust_perturbation,material_shift_proxy,3,10,1,0.12530,0.07644,0.07644,0,0,0,42.35812,2.79533,1,0.76076,1,0.07658,0.25480,0.01404,0.00000,0.01024,cylinder,lift,0.2400,0.08872,-0.20094
no_robust_perturbation,material_shift_proxy,3,11,1,0.13231,0.08588,0.08588,0,0,0,35.64065,2.32351,1,0.74109,1,0.08465,0.43595,0.00484,0.00000,0.01095,cylinder,lift,0.2400,0.10341,0.06276
no_robust_perturbation,material_shift_proxy,3,12,0,0.01155,0.04764,0.08609,1,0,0,29.15570,1.28012,1,-0.80936,1,0.12626,0.47293,0.00627,0.00000,0.03978,cylinder,lift,0.2400,0.10490,0.65483
no_robust_perturbation,material_shift_proxy,3,13,1,0.12167,0.00762,0.00762,0,0,0,26.71793,1.92636,1,0.90412,1,0.16933,0.63691,0.01748,0.00000,0.01266,cylinder,lift,0.2400,0.11205,-0.18508
no_robust_perturbation,material_shift_proxy,3,14,0,0.01130,0.06903,0.10773,1,0,0,36.45645,1.62748,1,-0.85444,1,0.03327,0.27854,0.04436,0.00000,0.02613,cylinder,lift,0.2400,0.09657,-1.72265
no_robust_perturbation,material_shift_proxy,4,0,0,0.06216,0.04903,0.04903,1,0,0,34.55373,1.85269,1,-0.73215,1,0.08527,0.44571,0.04768,0.00000,0.03839,cylinder,lift,0.2400,0.10380,1.33325
no_robust_perturbation,material_shift_proxy,4,1,1,0.12327,0.06673,0.06673,0,0,0,35.92752,2.00117,1,0.78098,1,0.06961,0.42016,0.04883,0.00000,0.00275,cylinder,lift,0.2400,0.10265,-1.36558
no_robust_perturbation,material_shift_proxy,4,2,0,0.01177,0.02581,0.06404,1,0,0,41.33799,1.69009,1,-0.76342,1,0.07692,0.25511,0.01361,0.00000,0.03277,cylinder,lift,0.2400,0.08964,0.36266
no_robust_perturbation,material_shift_proxy,4,3,0,0.01471,0.01205,0.04734,1,0,0,37.90886,1.71086,1,-0.72863,1,0.02654,0.26727,0.04913,0.00000,0.02163,cylinder,lift,0.2400,0.09632,-1.66951
no_robust_perturbation,material_shift_proxy,4,4,0,0.01259,0.02542,0.06283,1,0,0,38.34649,1.67610,1,-0.76089,1,0.02195,0.25413,0.04825,0.00000,0.01962,cylinder,lift,0.2400,0.09532,1.40538
no_robust_perturbation,material_shift_proxy,4,5,0,0.06097,0.03559,0.03559,1,0,0,39.20729,2.17725,1,-0.70414,1,0.01337,0.25389,0.05000,0.00000,0.01143,cylinder,lift,0.2400,0.09541,1.90315
no_robust_perturbation,material_shift_proxy,4,6,1,0.13737,0.03816,0.03816,0,0,0,29.30608,1.99882,1,0.84051,1,0.18230,0.68033,0.01261,0.00000,0.00802,cylinder,lift,0.2400,0.11385,-0.76691
no_robust_perturbation,material_shift_proxy,4,7,0,0.01179,0.02032,0.05853,1,0,0,42.74098,1.41303,1,-0.75193,1,0.08881,0.25322,0.02840,0.00000,0.01182,cylinder,lift,0.2400,0.08761,1.17093
no_robust_perturbation,material_shift_proxy,4,8,0,0.01220,0.05579,0.09359,1,0,0,40.01729,2.05477,1,-0.82498,1,0.04177,0.25799,0.04595,0.00000,0.01988,cylinder,lift,0.2400,0.09329,-1.18349
no_robust_perturbation,material_shift_proxy,4,9,0,0.00691,0.03151,0.07460,1,0,0,38.70115,2.03056,1,-0.78541,1,0.02127,0.27764,0.03567,0.00000,0.01302,cylinder,lift,0.2400,0.09661,-1.17679
no_robust_perturbation,material_shift_proxy,4,10,1,0.12008,0.06142,0.06142,0,0,0,42.03547,2.08502,1,0.79204,1,0.07859,0.42484,0.01206,0.00000,0.00839,cylinder,lift,0.2400,0.10303,0.24414
no_robust_perturbation,material_shift_proxy,4,11,1,0.16480,0.01264,0.01264,0,0,0,45.62155,3.61387,1,0.89366,1,0.10484,0.25326,0.04007,0.00000,0.00661,cylinder,lift,0.2400,0.08543,1.88420
no_robust_perturbation,material_shift_proxy,4,12,0,0.01179,0.01704,0.05525,1,0,0,37.91293,1.50268,1,-0.74510,1,0.06773,0.25553,0.01070,0.00000,0.03047,cylinder,lift,0.2400,0.09163,-0.22680
no_robust_perturbation,material_shift_proxy,4,13,0,0.00976,0.01525,0.05549,1,0,0,32.84408,1.62804,1,-0.74560,1,0.13306,0.53705,0.00359,0.00000,0.01634,cylinder,lift,0.2400,0.10791,-0.00342
no_robust_perturbation,material_shift_proxy,4,14,1,0.12931,0.05892,0.05892,0,0,0,31.38750,2.07929,1,0.79725,1,0.16242,0.61930,0.01363,0.00000,0.01206,cylinder,lift,0.2400,0.11139,0.75693
no_robust_perturbation,material_shift_proxy,5,0,1,0.10906,0.07182,0.07182,0,0,0,32.12864,1.90053,1,0.77038,1,0.16873,0.63518,0.00782,0.00000,0.01247,cylinder,lift,0.2400,0.11200,0.27337
no_robust_perturbation,material_shift_proxy,5,1,1,0.13395,0.04563,0.04563,0,0,0,34.80810,2.39135,1,0.82493,1,0.10143,0.47559,0.04989,0.00000,0.00966,cylinder,lift,0.2400,0.10528,1.47737
no_robust_perturbation,material_shift_proxy,5,2,0,0.01138,0.04184,0.08046,1,0,0,42.83247,1.77131,1,-0.79763,1,0.07765,0.25681,0.01637,0.00000,0.01807,cylinder,lift,0.2400,0.08938,-0.25338
no_robust_perturbation,material_shift_proxy,5,3,1,0.15281,0.06739,0.06739,0,0,0,38.22816,2.77305,1,0.77961,1,0.03071,0.32105,0.02572,0.00000,0.00417,cylinder,lift,0.2400,0.09846,1.11591
no_robust_perturbation,material_shift_proxy,5,4,1,0.16313,0.02499,0.02499,0,0,0,39.26383,3.08261,1,0.86795,1,0.01891,0.25435,0.04300,0.00000,0.01887,cylinder,lift,0.2400,0.09557,-1.19054
no_robust_perturbation,material_shift_proxy,5,5,1,0.12008,0.06134,0.06134,0,0,0,42.29646,2.76129,1,0.79221,1,0.08059,0.25544,0.04636,0.00000,0.00845,cylinder,lift,0.2400,0.08813,1.64421
no_robust_perturbation,material_shift_proxy,5,6,0,0.01382,0.00871,0.04489,1,0,0,30.56586,1.46608,1,-0.72352,1,0.16276,0.60218,0.00674,0.00000,0.01948,cylinder,lift,0.2400,0.11069,0.32196
no_robust_perturbation,material_shift_proxy,5,7,0,0.01179,0.02603,0.06423,1,0,0,37.86678,1.46285,1,-0.76382,1,0.05079,0.25571,0.02656,0.00000,0.03670,cylinder,lift,0.2400,0.09400,0.72907
no_robust_perturbation,material_shift_proxy,5,8,1,0.16247,0.03505,0.03505,0,0,0,37.81240,2.93829,1,0.84699,1,0.02556,0.30448,0.04409,0.00000,0.00546,cylinder,lift,0.2400,0.09780,-1.65555
no_robust_perturbation,material_shift_proxy,5,9,0,0.01489,0.07759,0.11270,1,0,0,42.95112,1.84456,1,-0.86480,1,0.05654,0.25804,0.02274,0.00000,0.00710,cylinder,lift,0.2400,0.09050,-0.77486
no_robust_perturbation,material_shift_proxy,5,10,0,0.00990,0.04412,0.08422,1,0,0,40.61360,1.85908,1,-0.80546,1,0.01814,0.25468,0.04597,0.00000,0.01130,cylinder,lift,0.2400,0.09490,-0.75111
no_robust_perturbation,material_shift_proxy,5,11,0,0.01057,0.10698,0.14641,1,0,0,35.29082,1.77439,1,-0.88000,1,0.08769,0.43082,0.00119,0.00000,0.01848,cylinder,lift,0.2400,0.10298,-0.29963
no_robust_perturbation,material_shift_proxy,5,12,1,0.11200,0.03534,0.03534,0,0,0,27.50212,1.78126,1,0.84638,1,0.10413,0.46796,0.04822,0.00000,0.01645,cylinder,lift,0.2400,0.10489,2.04534
no_robust_perturbation,material_shift_proxy,5,13,1,0.16122,0.10156,0.10156,0,0,0,36.59905,2.91659,1,0.70842,1,0.07890,0.43546,0.04633,0.00000,0.00740,cylinder,lift,0.2400,0.10316,1.36096
no_robust_perturbation,material_shift_proxy,5,14,0,0.01294,0.02389,0.06094,1,0,0,38.95115,2.01982,1,-0.75697,1,0.02827,0.25352,0.04990,0.00000,0.00979,cylinder,lift,0.2400,0.09370,1.43594
no_robust_perturbation,material_shift_proxy,6,0,1,0.16472,0.01097,0.01097,0,0,0,61.61921,3.08503,1,0.89714,1,0.03023,0.25370,0.01224,0.00000,0.00566,cylinder,lift,0.2400,0.09309,-2.46338
no_robust_perturbation,material_shift_proxy,6,1,0,0.01076,0.06361,0.10284,1,0,0,43.13703,2.01315,1,-0.84425,1,0.10523,0.25631,0.01946,0.00000,0.01071,cylinder,lift,0.2400,0.08579,2.23965
no_robust_perturbation,material_shift_proxy,6,2,0,0.15580,0.13929,0.13929,0,0,0,40.95428,3.16695,1,-0.33000,1,0.02234,0.26342,0.03714,0.00000,0.00618,cylinder,lift,0.2400,0.09396,2.28889
no_robust_perturbation,material_shift_proxy,6,3,0,0.01179,0.09286,0.13107,1,0,0,65.72036,1.45002,1,-0.88000,1,0.10291,0.26094,0.01947,0.00000,0.00793,cylinder,lift,0.2400,0.08576,0.85357
no_robust_perturbation,material_shift_proxy,6,4,1,0.12178,0.08555,0.08555,0,0,0,37.52213,2.51205,1,0.74178,1,0.03991,0.33450,0.03760,0.00000,0.00898,cylinder,lift,0.2400,0.09895,-1.40169
no_robust_perturbation,material_shift_proxy,6,5,0,0.01022,0.05812,0.09789,1,0,0,44.57103,2.43560,1,-0.83394,1,0.09208,0.25783,0.04910,0.00000,0.01061,cylinder,lift,0.2400,0.08715,1.56133
no_robust_perturbation,material_shift_proxy,6,6,0,0.01179,0.02959,0.06780,1,0,0,39.11097,1.42916,1,-0.77125,1,0.05332,0.25440,0.04418,0.00000,0.03167,cylinder,lift,0.2400,0.09325,1.54330
no_robust_perturbation,material_shift_proxy,6,7,1,0.15381,0.03696,0.03696,0,0,0,39.65889,2.92263,1,0.84300,1,0.01320,0.27346,0.03164,0.00000,0.00575,cylinder,lift,0.2400,0.09649,-1.23024
no_robust_perturbation,material_shift_proxy,6,8,0,0.01116,0.03034,0.06918,1,0,0,42.69870,1.73547,1,-0.77413,1,0.08392,0.25511,0.02338,0.00000,0.03198,cylinder,lift,0.2400,0.09009,0.06904
no_robust_perturbation,material_shift_proxy,6,9,0,0.01169,0.00968,0.04799,1,0,0,31.06730,1.74458,1,-0.72998,1,0.04313,0.25322,0.04266,0.00000,0.01642,cylinder,lift,0.2400,0.09166,0.78716
no_robust_perturbation,material_shift_proxy,6,10,0,0.01537,0.02953,0.06416,1,0,0,40.48520,1.82655,1,-0.76367,1,0.04035,0.25390,0.05000,0.00000,0.02938,cylinder,lift,0.2400,0.09437,-1.30658
no_robust_perturbation,material_shift_proxy,6,11,0,0.01352,0.02510,0.06157,1,0,0,49.60698,1.56862,1,-0.75828,1,0.03179,0.25488,0.02713,0.00000,0.01671,cylinder,lift,0.2400,0.09402,-2.32903
no_robust_perturbation,material_shift_proxy,6,12,0,0.11558,0.12875,0.12875,0,0,0,31.75022,1.98828,1,-0.33000,1,0.13551,0.55980,0.03349,0.00000,0.01261,cylinder,lift,0.2400,0.10853,0.21441
no_robust_perturbation,material_shift_proxy,6,13,1,0.16466,0.04689,0.04689,0,0,0,39.24271,3.11995,1,0.82231,1,0.01928,0.29039,0.00084,0.00000,0.00625,cylinder,lift,0.2400,0.09707,0.04248
no_robust_perturbation,material_shift_proxy,6,14,0,0.01179,0.03810,0.07631,1,0,0,43.50247,1.58565,1,-0.78898,1,0.11397,0.25757,0.03990,0.00000,0.05911,cylinder,lift,0.2400,0.08597,0.70871
no_robust_perturbation,material_shift_proxy,7,0,0,0.06758,0.04982,0.04982,1,0,0,41.52227,2.29898,1,-0.73380,1,0.04813,0.25857,0.04676,0.00000,0.00796,cylinder,lift,0.2400,0.09146,0.68946
no_robust_perturbation,material_shift_proxy,7,1,0,0.01411,0.00977,0.04566,1,0,0,38.50694,1.83858,1,-0.72512,1,0.02109,0.26781,0.00481,0.00000,0.01624,cylinder,lift,0.2400,0.09628,-0.21042
no_robust_perturbation,material_shift_proxy,7,2,0,0.01088,0.05400,0.09311,1,0,0,36.72941,1.59688,1,-0.82399,1,0.04998,0.32963,0.01800,0.00000,0.02106,cylinder,lift,0.2400,0.09881,0.76173
no_robust_perturbation,material_shift_proxy,7,3,0,0.01179,0.03539,0.07360,1,0,0,38.27619,1.39053,1,-0.78333,1,0.03493,0.27653,0.00051,0.00000,0.02748,cylinder,lift,0.2400,0.09661,0.52699
no_robust_perturbation,material_shift_proxy,7,4,1,0.07335,0.02240,0.02240,0,0,0,43.18927,2.43949,1,0.87334,1,0.08698,0.25549,0.01789,0.00000,0.01781,cylinder,lift,0.2400,0.08838,0.64765
no_robust_perturbation,material_shift_proxy,7,5,1,0.12296,0.05484,0.05484,0,0,0,38.24606,2.52872,1,0.80575,1,0.01725,0.26860,0.04677,0.00000,0.01219,cylinder,lift,0.2400,0.09628,-1.58577
no_robust_perturbation,material_shift_proxy,7,6,0,0.01133,0.04344,0.08210,1,0,0,40.55597,1.95775,1,-0.80104,1,0.04783,0.25651,0.04813,0.00000,0.01549,cylinder,lift,0.2400,0.09223,0.87594
no_robust_perturbation,material_shift_proxy,7,7,0,0.01876,0.05161,0.08284,1,0,0,44.23435,2.38859,1,-0.80259,1,0.09428,0.25532,0.04642,0.00000,0.00717,cylinder,lift,0.2400,0.08658,0.61336
no_robust_perturbation,material_shift_proxy,7,8,1,0.10291,0.06689,0.06689,0,0,0,40.58283,2.43346,1,0.78064,1,0.02791,0.25780,0.04988,0.00000,0.00872,cylinder,lift,0.2400,0.09363,1.68029
no_robust_perturbation,material_shift_proxy,7,9,1,0.14437,0.04525,0.04525,0,0,0,34.18581,2.20189,1,0.82572,1,0.11851,0.52524,0.01506,0.00000,0.00636,cylinder,lift,0.2400,0.10738,0.86650
no_robust_perturbation,material_shift_proxy,7,10,0,0.01369,0.09005,0.12636,1,0,0,40.61412,1.97658,1,-0.88000,1,0.04894,0.25891,0.01686,0.00000,0.02104,cylinder,lift,0.2400,0.09266,0.58595
no_robust_perturbation,material_shift_proxy,7,11,1,0.15561,0.08931,0.08931,0,0,0,37.38862,2.87078,1,0.73394,1,0.03626,0.33607,0.04344,0.00000,0.00504,cylinder,lift,0.2400,0.09896,-1.70690
no_robust_perturbation,material_shift_proxy,7,12,0,0.01596,0.07197,0.10601,1,0,0,29.30195,1.44270,1,-0.85086,1,0.16702,0.59991,0.00371,0.00000,0.02720,cylinder,lift,0.2400,0.11038,0.20590
no_robust_perturbation,material_shift_proxy,7,13,1,0.15252,0.04649,0.04649,0,0,0,36.77109,2.74853,1,0.82314,1,0.03618,0.33578,0.00258,0.00000,0.00515,cylinder,lift,0.2400,0.09894,-0.34808
no_robust_perturbation,material_shift_proxy,7,14,1,0.16645,0.04795,0.04795,0,0,0,38.99788,3.25760,1,0.82011,1,0.03640,0.31713,0.00234,0.00000,0.01221,cylinder,lift,0.2400,0.09827,-0.14321
no_calibrated_stack,combined_composition_shift,0,0,0,0.16003,0.03915,0.03915,0,1,0,78.73149,6.48227,0,-0.51157,1,0.19873,0.13073,0.00000,0.00000,0.10139,t_shape,clutter_safe,0.3800,0.18000,-0.00333
no_calibrated_stack,combined_composition_shift,0,1,0,-0.00206,0.03027,0.08232,1,1,0,48.19055,2.55113,0,-1.15151,1,0.21430,0.13590,0.00000,0.00000,0.12750,t_shape,clutter_safe,0.3800,0.18000,-2.80327
no_calibrated_stack,combined_composition_shift,0,2,0,-0.00206,0.08345,0.13551,1,1,0,22.61010,0.68312,0,-1.20465,1,0.14071,0.12769,0.00000,0.00000,0.14878,t_shape,clutter_safe,0.3800,0.18000,-0.03426
no_calibrated_stack,combined_composition_shift,0,3,0,-0.00265,0.03255,0.08520,1,1,0,49.12763,2.21022,0,-1.15750,1,0.20211,0.12872,0.00000,0.00000,0.12418,t_shape,clutter_safe,0.3800,0.18000,3.07098
no_calibrated_stack,combined_composition_shift,0,4,0,0.12445,0.12819,0.12819,0,1,0,104.34923,7.28199,0,-0.68000,1,0.24554,0.13658,0.00000,0.00000,0.13388,t_shape,clutter_safe,0.3800,0.18000,0.21859
no_calibrated_stack,combined_composition_shift,0,5,0,0.16105,0.04649,0.04649,0,1,0,53.27801,3.65323,0,-0.52684,1,0.19738,0.12619,0.00000,0.00000,0.10545,t_shape,clutter_safe,0.3800,0.18000,-2.84338
no_calibrated_stack,combined_composition_shift,0,6,0,0.02497,0.06234,0.08737,1,1,0,59.76247,2.63434,0,-1.16201,1,0.19018,0.12878,0.00000,0.00000,0.10237,t_shape,clutter_safe,0.3800,0.18000,-0.07133
no_calibrated_stack,combined_composition_shift,0,7,0,0.15584,0.04686,0.04686,0,1,0,80.03628,6.58296,0,-0.52763,1,0.13834,0.13059,0.00000,0.00000,0.12064,t_shape,clutter_safe,0.3800,0.18000,-0.18608
no_calibrated_stack,combined_composition_shift,0,8,0,0.16237,0.04416,0.04416,0,1,0,78.99225,6.46736,0,-0.52199,1,0.18319,0.13100,0.00000,0.00000,0.12147,t_shape,clutter_safe,0.3800,0.18000,-0.15975
no_calibrated_stack,combined_composition_shift,0,9,0,-0.00206,0.11897,0.17102,1,0,0,0.00000,0.57088,1,-0.84567,1,0.18078,0.13247,0.00000,0.00000,0.14818,t_shape,clutter_safe,0.3800,0.18000,-0.19011
no_calibrated_stack,combined_composition_shift,0,10,0,0.15803,0.03941,0.03941,0,1,0,62.01786,5.10277,0,-0.51211,1,0.14894,0.13028,0.00000,0.00000,0.11157,t_shape,clutter_safe,0.3800,0.17677,-0.09988
no_calibrated_stack,combined_composition_shift,0,11,0,0.15599,0.06480,0.06480,0,1,0,62.75170,5.05414,0,-0.56499,1,0.09891,0.13239,0.00000,0.00000,0.13359,t_shape,clutter_safe,0.3800,0.18000,-0.14212
no_calibrated_stack,combined_composition_shift,0,12,0,-0.00206,0.04882,0.10087,1,1,0,40.60075,1.06895,0,-1.19016,1,0.17109,0.13171,0.00000,0.00000,0.13256,t_shape,clutter_safe,0.3800,0.18000,0.11040
no_calibrated_stack,combined_composition_shift,0,13,0,-0.00206,0.07461,0.12667,1,0,0,2.04653,0.54720,1,-0.84378,1,0.11992,0.12777,0.00000,0.00000,0.10922,t_shape,clutter_safe,0.3800,0.18000,-3.12269
no_calibrated_stack,combined_composition_shift,0,14,0,0.10718,0.10804,0.10804,0,1,0,64.69163,3.35461,0,-0.65509,1,0.16599,0.13394,0.00000,0.00000,0.11570,t_shape,clutter_safe,0.3800,0.18000,0.04509
no_calibrated_stack,combined_composition_shift,1,0,0,-0.00206,0.06434,0.11639,1,1,0,26.64673,0.90347,0,-1.21477,1,0.09001,0.13289,0.01275,0.02125,0.11468,t_shape,clutter_safe,0.3800,0.18000,-0.14042
no_calibrated_stack,combined_composition_shift,1,1,0,0.03135,0.08195,0.10060,1,1,0,22.88799,1.13171,0,-1.18959,1,0.21078,0.13707,0.00000,0.00000,0.12581,t_shape,clutter_safe,0.3800,0.18000,0.01506
no_calibrated_stack,combined_composition_shift,1,2,0,0.12214,0.09428,0.09428,0,1,0,64.93723,3.86713,0,-0.62643,1,0.18712,0.13388,0.00000,0.00000,0.09203,t_shape,clutter_safe,0.3800,0.18000,-0.24677
no_calibrated_stack,combined_composition_shift,1,3,0,0.15207,0.08374,0.08374,0,1,0,78.36885,6.20217,0,-0.60446,1,0.14027,0.13588,0.00000,0.00000,0.14024,t_shape,clutter_safe,0.3800,0.18000,-0.41589
no_calibrated_stack,combined_composition_shift,1,4,0,0.10488,0.05183,0.05183,0,1,0,66.76216,4.43658,0,-0.53799,1,0.18272,0.13319,0.00000,0.00000,0.04796,t_shape,clutter_safe,0.3800,0.16617,0.13147
no_calibrated_stack,combined_composition_shift,1,5,0,0.02532,0.04415,0.06883,1,1,0,70.32359,2.43086,0,-1.12341,1,0.23206,0.13584,0.00000,0.00000,0.15861,t_shape,clutter_safe,0.3800,0.18000,-0.05428
no_calibrated_stack,combined_composition_shift,1,6,0,0.15229,0.10920,0.10920,0,1,0,64.88427,4.11311,0,-0.65749,1,0.13738,0.13441,0.00000,0.00000,0.13740,t_shape,clutter_safe,0.3800,0.18000,-2.71569
no_calibrated_stack,combined_composition_shift,1,7,0,0.15248,0.08546,0.08546,0,1,0,77.43383,5.96858,0,-0.60805,1,0.19064,0.13635,0.00000,0.00000,0.11374,t_shape,clutter_safe,0.3800,0.18000,-3.11439
no_calibrated_stack,combined_composition_shift,1,8,0,0.04551,0.07449,0.07897,1,1,0,41.88359,2.08795,0,-1.14453,1,0.17687,0.16744,0.14878,0.24796,0.03625,t_shape,clutter_safe,0.3800,0.15253,-1.48185
no_calibrated_stack,combined_composition_shift,1,9,0,0.15661,0.02098,0.02098,0,1,0,65.68034,5.40301,0,-0.47371,1,0.11407,0.13017,0.00000,0.00000,0.11004,t_shape,clutter_safe,0.3800,0.18000,-0.22406
no_calibrated_stack,combined_composition_shift,1,10,0,0.07478,0.04915,0.04915,0,1,0,43.03046,3.07127,0,-0.53239,1,0.24224,0.12673,0.00000,0.00000,0.19945,t_shape,clutter_safe,0.3800,0.18000,0.92198
no_calibrated_stack,combined_composition_shift,1,11,0,0.13911,0.03779,0.03779,0,1,0,33.92264,1.49767,0,-0.50874,1,0.21569,0.13126,0.00000,0.00000,0.17109,t_shape,clutter_safe,0.3800,0.18000,-0.61747
no_calibrated_stack,combined_composition_shift,1,12,0,-0.00206,0.28360,0.33566,1,1,0,76.01779,3.24118,0,-1.23000,1,0.15359,0.13368,0.00000,0.00000,0.14743,t_shape,clutter_safe,0.3800,0.18000,0.16658
no_calibrated_stack,combined_composition_shift,1,13,0,0.04351,0.03594,0.04244,1,1,0,69.56404,2.91088,0,-1.06841,1,0.14389,0.12796,0.00000,0.00000,0.13768,t_shape,clutter_safe,0.3800,0.18000,0.22019
no_calibrated_stack,combined_composition_shift,1,14,0,0.15265,0.05437,0.05437,0,1,0,52.54414,3.22277,0,-0.54326,1,0.14302,0.13635,0.00000,0.00000,0.11225,t_shape,clutter_safe,0.3800,0.18000,-3.01901
no_calibrated_stack,combined_composition_shift,2,0,0,-0.00206,0.08362,0.13567,1,1,0,8.73122,0.62869,0,-1.20029,1,0.18394,0.13173,0.00000,0.00000,0.14616,t_shape,clutter_safe,0.3800,0.18000,-0.12917
no_calibrated_stack,combined_composition_shift,2,1,0,-0.00206,0.12917,0.18123,1,0,0,5.25122,0.61781,1,-0.84942,1,0.20191,0.12735,0.00000,0.00000,0.12394,t_shape,clutter_safe,0.3800,0.18000,-0.01161
no_calibrated_stack,combined_composition_shift,2,2,0,0.15367,0.12275,0.12275,0,1,0,79.04538,6.38958,0,-0.68000,1,0.17185,0.13770,0.00000,0.00000,0.09329,t_shape,clutter_safe,0.3800,0.18000,-0.16413
no_calibrated_stack,combined_composition_shift,2,3,0,0.16187,0.06126,0.06126,0,1,0,69.79301,5.78850,0,-0.55761,1,0.12431,0.13223,0.00000,0.00000,0.12246,t_shape,clutter_safe,0.3800,0.18000,-0.24204
no_calibrated_stack,combined_composition_shift,2,4,0,0.15679,0.03721,0.03721,0,1,0,83.62037,6.81686,0,-0.50752,1,0.18293,0.13093,0.00000,0.00000,0.12522,t_shape,clutter_safe,0.3800,0.18000,3.05367
no_calibrated_stack,combined_composition_shift,2,5,0,0.11662,0.07952,0.07952,0,1,0,74.05417,4.18879,0,-0.59566,1,0.14425,0.13515,0.00000,0.00000,0.11874,t_shape,clutter_safe,0.3800,0.18000,-3.12515
no_calibrated_stack,combined_composition_shift,2,6,0,0.01799,0.16960,0.20162,1,1,0,54.46593,2.77670,0,-1.23000,1,0.16940,0.13729,0.00000,0.00000,0.13302,t_shape,clutter_safe,0.3800,0.18000,0.13926
no_calibrated_stack,combined_composition_shift,2,7,0,0.09176,0.06996,0.06996,0,1,0,44.07757,2.69223,0,-0.57574,1,0.19322,0.13378,0.00000,0.00000,0.11633,t_shape,clutter_safe,0.3800,0.18000,-0.15182
no_calibrated_stack,combined_composition_shift,2,8,0,0.10420,0.07102,0.07102,0,1,0,70.83359,4.84312,0,-0.57795,1,0.16693,0.13648,0.00000,0.00000,0.13310,t_shape,clutter_safe,0.3800,0.18000,-0.05792
no_calibrated_stack,combined_composition_shift,2,9,0,0.16209,0.10427,0.10427,0,1,0,67.83111,5.62892,0,-0.64723,1,0.14236,0.13671,0.00000,0.00000,0.07197,t_shape,clutter_safe,0.3800,0.17150,-0.25205
no_calibrated_stack,combined_composition_shift,2,10,0,0.16105,0.04901,0.04901,0,1,0,55.61889,3.18327,0,-0.53210,1,0.17118,0.12848,0.00000,0.00000,0.12084,t_shape,clutter_safe,0.3800,0.18000,2.66828
no_calibrated_stack,combined_composition_shift,2,11,1,0.15929,0.05153,0.05153,0,0,0,77.28512,6.42312,1,0.81264,1,0.15559,0.12988,0.00000,0.00000,0.11789,t_shape,clutter_safe,0.3800,0.18000,-0.24313
no_calibrated_stack,combined_composition_shift,2,12,0,0.02167,0.05313,0.08145,1,1,0,61.05946,2.60980,0,-1.14969,1,0.19480,0.13019,0.00000,0.00000,0.13319,t_shape,clutter_safe,0.3800,0.18000,0.13699
no_calibrated_stack,combined_composition_shift,2,13,0,0.15761,0.05881,0.05881,0,1,0,64.16916,5.27476,0,-0.55251,1,0.15953,0.13101,0.00000,0.00000,0.12594,t_shape,clutter_safe,0.3800,0.18000,0.16439
no_calibrated_stack,combined_composition_shift,2,14,0,0.15761,0.03793,0.03793,0,1,0,77.26244,6.26709,0,-0.50903,1,0.15847,0.13127,0.00000,0.00000,0.12627,t_shape,clutter_safe,0.3800,0.18000,-0.04404
no_calibrated_stack,combined_composition_shift,3,0,0,0.16147,0.10678,0.10678,0,1,0,83.09347,6.85513,0,-0.65246,1,0.16886,0.13719,0.00000,0.00000,0.10775,t_shape,clutter_safe,0.3800,0.18000,3.01660
no_calibrated_stack,combined_composition_shift,3,1,0,0.14831,0.04905,0.04905,0,1,0,49.76320,2.20002,0,-0.53220,1,0.21167,0.13133,0.07090,0.11817,0.15243,t_shape,clutter_safe,0.3800,0.18000,-0.08444
no_calibrated_stack,combined_composition_shift,3,2,0,0.16008,0.11978,0.11978,0,1,0,79.62082,6.65179,0,-0.67954,1,0.14547,0.13734,0.00000,0.00000,0.10387,t_shape,clutter_safe,0.3800,0.18000,3.02732
no_calibrated_stack,combined_composition_shift,3,3,0,0.15141,0.07701,0.07701,0,1,0,77.19109,5.93062,0,-0.59045,1,0.08999,0.13640,0.00000,0.00000,0.12700,t_shape,clutter_safe,0.3800,0.18000,0.00247
no_calibrated_stack,combined_composition_shift,3,4,0,-0.00206,0.08782,0.13988,1,0,0,54.37616,1.54794,1,-0.88000,1,0.12648,0.12701,0.01017,0.01694,0.11005,t_shape,clutter_safe,0.3800,0.18000,-0.19392
no_calibrated_stack,combined_composition_shift,3,5,0,-0.00206,0.05252,0.10458,1,1,0,61.98242,1.98952,0,-1.19787,1,0.05600,0.13667,0.00000,0.00000,0.12889,t_shape,clutter_safe,0.3800,0.18000,-0.13361
no_calibrated_stack,combined_composition_shift,3,6,0,0.13963,0.00400,0.00400,0,1,0,49.97724,2.56368,0,-0.43833,1,0.13189,0.12799,0.00000,0.00000,0.14785,t_shape,clutter_safe,0.3800,0.18000,-0.21916
no_calibrated_stack,combined_composition_shift,3,7,0,-0.00206,0.05064,0.10269,1,1,0,20.15492,1.15148,0,-1.19395,1,0.11761,0.12758,0.00000,0.00000,0.11845,t_shape,clutter_safe,0.3800,0.18000,-0.28168
no_calibrated_stack,combined_composition_shift,3,8,0,-0.00206,0.07856,0.13061,1,0,0,47.56269,1.25322,1,-0.88000,1,0.05747,0.13212,0.00000,0.00000,0.12115,t_shape,clutter_safe,0.3800,0.18000,-0.19123
no_calibrated_stack,combined_composition_shift,3,9,0,0.03833,0.08590,0.09758,1,1,0,16.44446,0.98578,0,-1.18215,1,0.14841,0.13296,0.13182,0.21971,0.12976,t_shape,clutter_safe,0.3800,0.18000,0.03068
no_calibrated_stack,combined_composition_shift,3,10,0,-0.00206,0.08743,0.13949,1,1,0,25.56317,0.71134,0,-1.20691,1,0.18309,0.12762,0.00000,0.00000,0.15861,t_shape,clutter_safe,0.3800,0.18000,3.03623
no_calibrated_stack,combined_composition_shift,3,11,0,0.16109,0.00136,0.00136,0,1,0,71.78514,5.94232,0,-0.43283,1,0.08986,0.12846,0.00000,0.00000,0.09334,t_shape,clutter_safe,0.3800,0.18000,-0.02295
no_calibrated_stack,combined_composition_shift,3,12,0,-0.00206,0.09799,0.15005,1,1,0,7.60813,0.61157,0,-1.19893,1,0.18584,0.13103,0.00000,0.00000,0.13867,t_shape,clutter_safe,0.3800,0.18000,-0.22003
no_calibrated_stack,combined_composition_shift,3,13,1,0.13955,0.07571,0.07571,0,0,0,100.52664,5.95284,1,0.76227,1,0.16496,0.12903,0.00000,0.00000,0.11340,t_shape,clutter_safe,0.3800,0.18000,0.17932
no_calibrated_stack,combined_composition_shift,3,14,0,-0.00206,0.11353,0.16558,1,0,0,2.01346,0.54021,1,-0.84322,1,0.14667,0.12810,0.00000,0.00000,0.10284,t_shape,clutter_safe,0.3800,0.18000,-0.02451
no_calibrated_stack,combined_composition_shift,4,0,0,-0.00206,0.11772,0.16978,1,1,0,6.05373,0.61339,0,-1.19907,1,0.15318,0.12774,0.13763,0.22938,0.15565,t_shape,clutter_safe,0.3800,0.18000,1.82152
no_calibrated_stack,combined_composition_shift,4,1,0,0.15308,0.12157,0.12157,0,1,0,60.42230,5.01803,0,-0.68000,1,0.08276,0.13737,0.00000,0.00000,0.11601,t_shape,clutter_safe,0.3800,0.18000,0.13456
no_calibrated_stack,combined_composition_shift,4,2,0,0.00622,0.02369,0.06747,1,1,0,49.85825,2.25884,0,-1.12056,1,0.16149,0.12689,0.00000,0.00000,0.12729,t_shape,clutter_safe,0.3800,0.18000,-0.13388
no_calibrated_stack,combined_composition_shift,4,3,0,-0.00206,0.06409,0.11615,1,0,0,3.23070,0.57552,1,-0.83802,1,0.22262,0.12806,0.18933,0.31556,0.14307,t_shape,clutter_safe,0.3800,0.18000,0.07773
no_calibrated_stack,combined_composition_shift,4,4,0,0.03834,0.19447,0.20613,1,1,0,77.30420,5.13844,0,-1.23000,1,0.10546,0.13702,0.00000,0.00000,0.10692,t_shape,clutter_safe,0.3800,0.18000,3.12566
no_calibrated_stack,combined_composition_shift,4,5,0,-0.00206,0.06603,0.11809,1,1,0,56.68586,2.01621,0,-1.22603,1,0.06349,0.13724,0.00000,0.00000,0.10225,t_shape,clutter_safe,0.3800,0.18000,-2.91910
no_calibrated_stack,combined_composition_shift,4,6,0,0.15334,0.08397,0.08397,0,1,0,79.93759,6.50163,0,-0.60494,1,0.23589,0.13363,0.00000,0.00000,0.12530,t_shape,clutter_safe,0.3800,0.18000,-2.96722
no_calibrated_stack,combined_composition_shift,4,7,0,-0.00206,0.08087,0.13293,1,1,0,10.35388,0.62080,0,-1.19966,1,0.14190,0.12664,0.11171,0.18619,0.14273,t_shape,clutter_safe,0.3800,0.18000,0.02426
no_calibrated_stack,combined_composition_shift,4,8,1,0.16226,0.02109,0.02109,0,0,0,67.75522,5.62361,1,0.87606,1,0.12553,0.12914,0.00000,0.00000,0.16256,t_shape,clutter_safe,0.3800,0.18000,-0.19572
no_calibrated_stack,combined_composition_shift,4,9,0,0.01715,0.03283,0.06568,1,1,0,33.10875,2.17163,0,-1.11684,1,0.23800,0.12687,0.00000,0.00000,0.16971,t_shape,clutter_safe,0.3800,0.18000,-0.09728
no_calibrated_stack,combined_composition_shift,4,10,0,0.04306,0.02864,0.03558,1,1,0,65.96508,3.01824,0,-1.05413,1,0.13873,0.12700,0.00000,0.00000,0.12007,t_shape,clutter_safe,0.3800,0.18000,-3.14034
no_calibrated_stack,combined_composition_shift,4,11,0,0.03902,0.05026,0.06124,1,1,0,37.46900,1.67933,0,-1.10759,1,0.10923,0.13241,0.00000,0.00000,0.12767,t_shape,clutter_safe,0.3800,0.18000,0.00289
no_calibrated_stack,combined_composition_shift,4,12,0,0.13288,0.06836,0.06836,0,1,0,38.52771,2.17860,0,-0.57242,1,0.15613,0.13454,0.00000,0.00000,0.11827,t_shape,clutter_safe,0.3800,0.18000,-0.30060
no_calibrated_stack,combined_composition_shift,4,13,0,-0.00206,0.16695,0.21901,1,0,0,5.22537,0.67221,1,-0.85378,1,0.15040,0.13582,0.00000,0.00000,0.10391,t_shape,clutter_safe,0.3800,0.18000,0.15094
no_calibrated_stack,combined_composition_shift,4,14,0,0.15593,0.02255,0.02255,0,1,0,63.80434,5.17736,0,-0.47698,1,0.07719,0.13027,0.00000,0.00000,0.11422,t_shape,clutter_safe,0.3800,0.18000,-0.11666
no_calibrated_stack,combined_composition_shift,5,0,0,0.03112,0.05161,0.07049,1,1,0,58.05105,2.44173,0,-1.12685,1,0.18982,0.13146,0.00000,0.00000,0.15407,t_shape,clutter_safe,0.3800,0.18000,-0.17476
no_calibrated_stack,combined_composition_shift,5,1,0,-0.00206,0.06066,0.11272,1,1,0,64.21726,2.87208,0,-1.21484,1,0.19591,0.13726,0.00000,0.00000,0.12995,t_shape,clutter_safe,0.3800,0.18000,2.88770
no_calibrated_stack,combined_composition_shift,5,2,0,-0.00206,0.05047,0.10253,1,1,0,36.87813,1.39132,0,-1.19360,1,0.09293,0.13376,0.00000,0.00000,0.14525,t_shape,clutter_safe,0.3800,0.18000,0.02970
no_calibrated_stack,combined_composition_shift,5,3,0,-0.00206,0.08444,0.13650,1,0,0,6.61588,0.57898,1,-0.84632,1,0.14410,0.13018,0.17711,0.29518,0.11640,t_shape,clutter_safe,0.3800,0.18000,2.84752
no_calibrated_stack,combined_composition_shift,5,4,0,0.15417,0.09636,0.09636,0,1,0,64.88885,5.12799,0,-0.63075,1,0.02740,0.13484,0.00000,0.00000,0.10849,t_shape,clutter_safe,0.3800,0.18000,3.04435
no_calibrated_stack,combined_composition_shift,5,5,0,0.16102,0.07640,0.07640,0,1,0,66.96709,5.14008,0,-0.58917,1,0.10757,0.13579,0.00000,0.00000,0.14340,t_shape,clutter_safe,0.3800,0.18000,0.23330
no_calibrated_stack,combined_composition_shift,5,6,0,0.16147,0.08742,0.08742,0,1,0,66.80594,5.47559,0,-0.61212,1,0.11467,0.13644,0.00000,0.00000,0.13508,t_shape,clutter_safe,0.3800,0.17980,-0.14283
no_calibrated_stack,combined_composition_shift,5,7,1,0.16089,0.02744,0.02744,0,0,0,75.76720,6.23621,1,0.86283,1,0.18102,0.12812,0.00000,0.00000,0.11661,t_shape,clutter_safe,0.3800,0.18000,-0.14079
no_calibrated_stack,combined_composition_shift,5,8,0,0.16105,0.04050,0.04050,0,1,0,78.32497,6.50015,0,-0.51437,1,0.24899,0.12988,0.00000,0.00000,0.13521,t_shape,clutter_safe,0.3800,0.18000,2.92679
no_calibrated_stack,combined_composition_shift,5,9,0,0.07206,0.01534,0.01534,0,1,0,44.31264,2.86956,0,-0.46196,1,0.18548,0.12720,0.00000,0.00000,0.09752,t_shape,clutter_safe,0.3800,0.17973,0.06751
no_calibrated_stack,combined_composition_shift,5,10,0,0.12032,0.09964,0.09964,0,1,0,80.68085,5.25573,0,-0.63758,1,0.15119,0.13420,0.00000,0.00000,0.12195,t_shape,clutter_safe,0.3800,0.18000,0.25001
no_calibrated_stack,combined_composition_shift,5,11,0,0.10239,0.07656,0.07656,0,1,0,60.53128,3.51628,0,-0.58950,1,0.15480,0.13352,0.00000,0.00000,0.13355,t_shape,clutter_safe,0.3800,0.18000,0.12220
no_calibrated_stack,combined_composition_shift,5,12,0,0.15768,0.03759,0.03759,0,1,0,68.64690,5.58043,0,-0.50831,1,0.11507,0.13029,0.00000,0.00000,0.13016,t_shape,clutter_safe,0.3800,0.18000,0.01924
no_calibrated_stack,combined_composition_shift,5,13,0,0.12081,0.06553,0.06553,0,1,0,79.09265,4.74513,0,-0.56652,1,0.21114,0.13092,0.00000,0.00000,0.12144,t_shape,clutter_safe,0.3800,0.18000,-0.06808
no_calibrated_stack,combined_composition_shift,5,14,0,-0.00206,0.02260,0.07466,1,1,0,58.29651,2.73738,0,-1.13554,1,0.20933,0.13542,0.00000,0.00000,0.12936,t_shape,clutter_safe,0.3800,0.18000,3.08306
no_calibrated_stack,combined_composition_shift,6,0,0,-0.00206,0.00924,0.06130,1,1,0,60.21938,2.60420,0,-1.10771,1,0.16661,0.13364,0.01443,0.02404,0.10827,t_shape,clutter_safe,0.3800,0.18000,-0.40294
no_calibrated_stack,combined_composition_shift,6,1,0,-0.00206,0.03369,0.08574,1,1,0,55.69521,1.77833,0,-1.15863,1,0.07231,0.13285,0.00000,0.00000,0.14392,t_shape,clutter_safe,0.3800,0.18000,-0.07137
no_calibrated_stack,combined_composition_shift,6,2,0,-0.00206,0.10807,0.16013,1,1,0,8.29337,0.64384,0,-1.20151,1,0.20862,0.13089,0.00000,0.00000,0.14967,t_shape,clutter_safe,0.3800,0.18000,-0.01650
no_calibrated_stack,combined_composition_shift,6,3,0,0.15461,0.10954,0.10954,0,1,0,80.08089,6.52421,0,-0.65821,1,0.17221,0.13683,0.00000,0.00000,0.14724,t_shape,clutter_safe,0.3800,0.18000,-3.06361
no_calibrated_stack,combined_composition_shift,6,4,0,-0.00206,0.08679,0.13885,1,1,0,12.33526,0.76294,0,-1.21104,1,0.25751,0.12917,0.00000,0.00000,0.15066,t_shape,clutter_safe,0.3800,0.18000,-2.82089
no_calibrated_stack,combined_composition_shift,6,5,1,0.16226,0.00314,0.00314,0,0,0,65.22219,5.40384,1,0.91345,1,0.10573,0.12618,0.00000,0.00000,0.06593,t_shape,clutter_safe,0.3800,0.16949,3.05047
no_calibrated_stack,combined_composition_shift,6,6,0,0.16220,0.02096,0.02096,0,1,0,65.86310,5.36444,0,-0.47366,1,0.12699,0.13051,0.00000,0.00000,0.11497,t_shape,clutter_safe,0.3800,0.18000,-0.00074
no_calibrated_stack,combined_composition_shift,6,7,0,0.15668,0.09398,0.09398,0,1,0,48.52034,3.24643,0,-0.62580,1,0.08001,0.13175,0.00000,0.00000,0.16862,t_shape,clutter_safe,0.3800,0.18000,0.25922
no_calibrated_stack,combined_composition_shift,6,8,0,-0.00206,0.08481,0.13687,1,1,0,81.83576,2.88070,0,-1.23000,1,0.20587,0.13697,0.00000,0.00000,0.17841,t_shape,clutter_safe,0.3800,0.18000,-0.13612
no_calibrated_stack,combined_composition_shift,6,9,0,0.15543,0.06715,0.06715,0,1,0,49.11875,3.49760,0,-0.56989,1,0.10572,0.12883,0.00000,0.00000,0.11312,t_shape,clutter_safe,0.3800,0.18000,0.19317
no_calibrated_stack,combined_composition_shift,6,10,0,0.12294,0.04963,0.04963,0,1,0,70.99468,3.94302,0,-0.53340,1,0.18942,0.12607,0.00000,0.00000,0.10553,t_shape,clutter_safe,0.3800,0.18000,3.05082
no_calibrated_stack,combined_composition_shift,6,11,0,0.10610,0.05728,0.05728,0,1,0,66.43265,3.78030,0,-0.54933,1,0.14728,0.16545,0.00457,0.00761,0.13056,t_shape,clutter_safe,0.3800,0.18000,-2.99114
no_calibrated_stack,combined_composition_shift,6,12,0,0.15902,0.01796,0.01796,0,1,0,64.54422,5.30223,0,-0.46742,1,0.06271,0.12827,0.00000,0.00000,0.08753,t_shape,clutter_safe,0.3800,0.17640,3.01592
no_calibrated_stack,combined_composition_shift,6,13,0,0.13279,0.12928,0.12928,0,1,0,69.44492,3.85696,0,-0.68000,1,0.12786,0.13673,0.00000,0.00000,0.10619,t_shape,clutter_safe,0.3800,0.17872,0.27356
no_calibrated_stack,combined_composition_shift,6,14,0,0.02509,0.01095,0.03586,1,1,0,42.59384,2.06314,0,-1.05470,1,0.15861,0.13786,0.00000,0.00000,0.11354,t_shape,clutter_safe,0.3800,0.17314,-2.61818
no_calibrated_stack,combined_composition_shift,7,0,0,0.15764,0.07948,0.07948,0,1,0,47.24416,3.13288,0,-0.59557,1,0.15124,0.13046,0.12457,0.20762,0.10761,t_shape,clutter_safe,0.3800,0.18000,0.27157
no_calibrated_stack,combined_composition_shift,7,1,1,0.16171,0.08676,0.08676,0,0,0,75.31677,6.30972,1,0.73925,1,0.10688,0.13461,0.00000,0.00000,0.10128,t_shape,clutter_safe,0.3800,0.18000,-0.05180
no_calibrated_stack,combined_composition_shift,7,2,0,-0.00220,0.04916,0.10136,1,1,0,56.36883,2.50027,0,-1.19117,1,0.11256,0.12793,0.00000,0.00000,0.11543,t_shape,clutter_safe,0.3800,0.18000,2.80328
no_calibrated_stack,combined_composition_shift,7,3,0,0.10179,0.08477,0.08477,0,1,0,59.01712,3.21292,0,-0.60661,1,0.12750,0.13574,0.00000,0.00000,0.11426,t_shape,clutter_safe,0.3800,0.18000,-0.38063
no_calibrated_stack,combined_composition_shift,7,4,0,0.07364,0.07615,0.07615,0,1,0,36.99500,2.80027,0,-0.58865,1,0.17356,0.21953,0.14099,0.23498,0.11763,t_shape,clutter_safe,0.3800,0.18000,0.17670
no_calibrated_stack,combined_composition_shift,7,5,0,0.16319,0.03837,0.03837,0,1,0,51.11092,4.10780,0,-0.50993,1,0.20383,0.13026,0.00000,0.00000,0.12481,t_shape,clutter_safe,0.3800,0.18000,0.36409
no_calibrated_stack,combined_composition_shift,7,6,0,0.09949,0.05436,0.05436,0,1,0,66.48817,5.20214,0,-0.54324,1,0.24817,0.13294,0.00000,0.00000,0.13641,t_shape,clutter_safe,0.3800,0.18000,3.13392
no_calibrated_stack,combined_composition_shift,7,7,0,0.15110,0.04555,0.04555,0,1,0,72.61106,5.61649,0,-0.52489,1,0.07717,0.13346,0.00000,0.00000,0.10755,t_shape,clutter_safe,0.3800,0.18000,-0.18557
no_calibrated_stack,combined_composition_shift,7,8,0,0.15619,0.04677,0.04677,0,1,0,36.72949,3.05843,0,-0.52743,1,0.21108,0.12711,0.00000,0.00000,0.10530,t_shape,clutter_safe,0.3800,0.18000,0.30658
no_calibrated_stack,combined_composition_shift,7,9,0,0.07301,0.06879,0.06879,0,1,0,37.10247,2.39679,0,-0.57331,1,0.19215,0.12707,0.02743,0.04572,0.03094,t_shape,clutter_safe,0.3800,0.16520,0.12659
no_calibrated_stack,combined_composition_shift,7,10,0,0.15932,0.07145,0.07145,0,1,0,65.53592,5.42324,0,-0.57885,1,0.11819,0.13219,0.00000,0.00000,0.12271,t_shape,clutter_safe,0.3800,0.18000,0.04698
no_calibrated_stack,combined_composition_shift,7,11,0,-0.00206,0.07280,0.12486,1,1,0,47.72816,1.35678,0,-1.23000,1,0.14023,0.13219,0.04374,0.07290,0.19767,t_shape,clutter_safe,0.3800,0.18000,0.32146
no_calibrated_stack,combined_composition_shift,7,12,0,-0.00206,0.05995,0.11200,1,1,0,16.15245,0.71764,0,-1.19075,1,0.22720,0.13086,0.00000,0.00000,0.13820,t_shape,clutter_safe,0.3800,0.18000,-0.20177
no_calibrated_stack,combined_composition_shift,7,13,0,0.15695,0.03328,0.03328,0,1,0,70.24357,5.70039,0,-0.49933,1,0.12392,0.13072,0.00000,0.00000,0.05671,t_shape,clutter_safe,0.3800,0.16908,-3.11763
no_calibrated_stack,combined_composition_shift,7,14,0,0.15941,0.02647,0.02647,0,1,0,39.94945,3.28167,0,-0.48514,1,0.14850,0.12934,0.00000,0.00000,0.09406,t_shape,clutter_safe,0.3800,0.18000,0.15819
no_calibrated_stack,adversarial_clutter_gap,0,0,0,-0.00206,0.13198,0.18404,1,1,0,1.32707,0.54630,0,-1.19370,1,0.22512,0.05462,0.07078,0.11796,0.14387,t_shape,clutter_safe,0.4600,0.18000,-1.26540
no_calibrated_stack,adversarial_clutter_gap,0,1,0,0.04970,0.05177,0.05207,1,1,0,46.00493,3.10444,0,-1.08849,1,0.21587,0.05470,0.00000,0.00000,0.11368,t_shape,clutter_safe,0.4600,0.18000,0.21604
no_calibrated_stack,adversarial_clutter_gap,0,2,0,0.13787,0.08742,0.08742,0,1,0,127.42446,8.13227,0,-0.61212,1,0.25045,0.06437,0.00000,0.00000,0.13125,t_shape,clutter_safe,0.4600,0.18000,-0.25460
no_calibrated_stack,adversarial_clutter_gap,0,3,0,0.03194,0.03051,0.04857,1,1,0,78.88559,3.65845,0,-1.08118,1,0.17313,0.06176,0.00000,0.00000,0.16221,t_shape,clutter_safe,0.4600,0.18000,-0.64563
no_calibrated_stack,adversarial_clutter_gap,0,4,0,0.08060,0.03546,0.03546,0,1,0,77.96436,4.80558,0,-0.50388,1,0.23385,0.06045,0.00000,0.00000,0.11617,t_shape,clutter_safe,0.4600,0.18000,-0.23192
no_calibrated_stack,adversarial_clutter_gap,0,5,0,0.06102,0.05563,0.05563,1,1,0,124.27014,4.99111,0,-1.09590,1,0.23623,0.06335,0.00000,0.00000,0.12534,t_shape,clutter_safe,0.4600,0.18000,-0.32761
no_calibrated_stack,adversarial_clutter_gap,0,6,0,-0.00206,0.04723,0.09928,1,1,0,45.24514,2.28838,0,-1.18684,1,0.20193,0.05947,0.00000,0.00000,0.15986,t_shape,clutter_safe,0.4600,0.18000,2.18783
no_calibrated_stack,adversarial_clutter_gap,0,7,0,0.05488,0.09321,0.09321,1,1,0,91.08349,6.54241,0,-1.17419,1,0.29147,0.05518,0.00000,0.00000,0.15150,t_shape,clutter_safe,0.4600,0.18000,-2.78361
no_calibrated_stack,adversarial_clutter_gap,0,8,0,-0.00206,0.04329,0.09535,1,1,0,35.75345,1.88059,0,-1.17864,1,0.18506,0.07067,0.00000,0.00000,0.04997,t_shape,clutter_safe,0.4600,0.14615,-1.38424
no_calibrated_stack,adversarial_clutter_gap,0,9,0,0.03115,0.03887,0.05772,1,1,0,32.28924,2.00096,0,-1.10025,1,0.11501,0.05707,0.09700,0.16166,0.11232,t_shape,clutter_safe,0.4600,0.18000,0.28243
no_calibrated_stack,adversarial_clutter_gap,0,10,0,-0.00206,0.06167,0.11373,1,1,0,17.61971,0.87103,0,-1.20662,1,0.16449,0.05951,0.00000,0.00000,0.11050,t_shape,clutter_safe,0.4600,0.18000,0.10464
no_calibrated_stack,adversarial_clutter_gap,0,11,0,0.03610,0.09589,0.10979,1,1,0,14.28428,0.91949,0,-1.20228,1,0.14341,0.06129,0.00000,0.00000,0.11762,t_shape,clutter_safe,0.4600,0.18000,-1.29255
no_calibrated_stack,adversarial_clutter_gap,0,12,0,-0.00206,0.02010,0.07216,1,0,0,1.80137,0.57473,1,-0.74630,1,0.19854,0.06107,0.00000,0.00000,0.19017,t_shape,clutter_safe,0.4600,0.18000,-2.08321
no_calibrated_stack,adversarial_clutter_gap,0,13,0,0.07360,0.04326,0.04326,0,1,0,52.67138,4.02291,0,-0.52012,1,0.19207,0.05422,0.00000,0.00000,0.13141,t_shape,clutter_safe,0.4600,0.18000,3.13512
no_calibrated_stack,adversarial_clutter_gap,0,14,0,-0.00206,0.05978,0.11184,1,1,0,17.65409,0.96594,0,-1.21028,1,0.18240,0.06591,0.00000,0.00000,0.10680,t_shape,clutter_safe,0.4600,0.18000,-1.81758
no_calibrated_stack,adversarial_clutter_gap,1,0,0,0.16345,0.01778,0.01778,0,1,0,72.82132,5.82562,0,-0.46703,1,0.13722,0.05871,0.00000,0.00000,0.15565,t_shape,clutter_safe,0.4600,0.17851,-0.20692
no_calibrated_stack,adversarial_clutter_gap,1,1,0,0.10668,0.05388,0.05388,0,1,0,66.40322,4.07375,0,-0.54225,1,0.16724,0.06188,0.15780,0.26299,0.11654,t_shape,clutter_safe,0.4600,0.18000,-0.14801
no_calibrated_stack,adversarial_clutter_gap,1,2,0,0.13960,0.05967,0.05967,0,1,0,77.04891,4.37931,0,-0.55431,1,0.25319,0.05405,0.00000,0.00000,0.12154,t_shape,clutter_safe,0.4600,0.18000,2.92833
no_calibrated_stack,adversarial_clutter_gap,1,3,0,0.07116,0.03925,0.03925,0,1,0,57.12363,2.81598,0,-0.51178,1,0.19194,0.05847,0.00000,0.00000,0.11314,t_shape,clutter_safe,0.4600,0.18000,-0.26095
no_calibrated_stack,adversarial_clutter_gap,1,4,0,0.11169,0.06476,0.06476,0,1,0,76.86406,4.22111,0,-0.56491,1,0.15479,0.05858,0.05105,0.08508,0.09124,t_shape,clutter_safe,0.4600,0.18000,0.31569
no_calibrated_stack,adversarial_clutter_gap,1,5,0,0.15335,0.08252,0.08252,0,1,0,54.23096,3.34890,0,-0.60191,1,0.11796,0.05972,0.00000,0.00000,0.11448,t_shape,clutter_safe,0.4600,0.18000,-2.82754
no_calibrated_stack,adversarial_clutter_gap,1,6,0,-0.00206,0.03153,0.08358,1,1,0,39.36827,1.89461,0,-1.15413,1,0.15647,0.06188,0.00000,0.00000,0.12174,t_shape,clutter_safe,0.4600,0.18000,-0.15487
no_calibrated_stack,adversarial_clutter_gap,1,7,0,-0.00206,0.07652,0.12858,1,1,0,58.57002,2.28949,0,-1.23000,1,0.24502,0.06469,0.00000,0.00000,0.05093,t_shape,clutter_safe,0.4600,0.15602,1.44408
no_calibrated_stack,adversarial_clutter_gap,1,8,0,-0.00206,0.07200,0.12405,1,1,0,32.82994,2.27523,0,-1.23000,1,0.27713,0.05742,0.00000,0.00000,0.06704,t_shape,clutter_safe,0.4600,0.13945,-1.26290
no_calibrated_stack,adversarial_clutter_gap,1,9,0,0.01187,0.16834,0.20646,1,1,0,55.66000,3.07813,0,-1.23000,1,0.23834,0.06136,0.00000,0.00000,0.04917,t_shape,clutter_safe,0.4600,0.16022,-2.79280
no_calibrated_stack,adversarial_clutter_gap,1,10,0,0.02187,0.03177,0.05990,1,1,0,56.04658,3.40193,0,-1.10480,1,0.21427,0.05568,0.00000,0.00000,0.12494,t_shape,clutter_safe,0.4600,0.18000,0.42075
no_calibrated_stack,adversarial_clutter_gap,1,11,0,0.02362,0.08039,0.10677,1,1,0,55.55062,1.59784,0,-1.20244,1,0.20899,0.05901,0.00000,0.00000,0.12787,t_shape,clutter_safe,0.4600,0.18000,-2.98713
no_calibrated_stack,adversarial_clutter_gap,1,12,0,0.04260,0.02288,0.03028,1,1,0,67.29496,3.64248,0,-1.04309,1,0.17334,0.05817,0.00000,0.00000,0.09945,t_shape,clutter_safe,0.4600,0.17571,-2.88725
no_calibrated_stack,adversarial_clutter_gap,1,13,0,-0.00206,0.05720,0.10926,1,1,0,24.83080,0.84764,0,-1.19544,1,0.08724,0.05591,0.18331,0.30552,0.13140,t_shape,clutter_safe,0.4600,0.18000,-0.16313
no_calibrated_stack,adversarial_clutter_gap,1,14,0,-0.00206,0.01934,0.07140,1,1,0,33.41356,1.60268,0,-1.12875,1,0.20411,0.05990,0.05861,0.09769,0.02086,t_shape,clutter_safe,0.4600,0.15621,1.32005
no_calibrated_stack,adversarial_clutter_gap,2,0,0,0.14792,0.05289,0.05289,0,1,0,87.26263,6.98167,0,-0.54018,1,0.17967,0.06111,0.00000,0.00000,0.13114,t_shape,clutter_safe,0.4600,0.18000,-0.21589
no_calibrated_stack,adversarial_clutter_gap,2,1,0,0.05963,0.09542,0.09542,1,1,0,69.23105,3.50688,0,-1.17879,1,0.16891,0.06455,0.00000,0.00000,0.11564,t_shape,clutter_safe,0.4600,0.18000,-0.07873
no_calibrated_stack,adversarial_clutter_gap,2,2,0,-0.00206,0.05778,0.10984,1,1,0,22.12261,0.83543,0,-1.19567,1,0.20067,0.05846,0.00000,0.00000,0.12655,t_shape,clutter_safe,0.4600,0.18000,0.01007
no_calibrated_stack,adversarial_clutter_gap,2,3,0,-0.00206,0.03830,0.09036,1,1,0,20.67095,1.10357,0,-1.16825,1,0.22174,0.05516,0.00000,0.00000,0.12966,t_shape,clutter_safe,0.4600,0.18000,-1.11444
no_calibrated_stack,adversarial_clutter_gap,2,4,0,0.03090,0.07634,0.09544,1,1,0,21.20475,0.67215,0,-1.15260,1,0.17552,0.06424,0.00000,0.00000,0.20378,t_shape,clutter_safe,0.4600,0.18000,-0.14450
no_calibrated_stack,adversarial_clutter_gap,2,5,0,-0.00206,0.03638,0.08844,1,1,0,33.07821,1.86531,0,-1.16426,1,0.24542,0.05611,0.00000,0.00000,0.03918,t_shape,clutter_safe,0.4600,0.15226,1.83447
no_calibrated_stack,adversarial_clutter_gap,2,6,0,-0.00206,0.11116,0.16322,1,1,0,6.46508,0.67375,0,-1.20390,1,0.19909,0.06324,0.00000,0.00000,0.11372,t_shape,clutter_safe,0.4600,0.18000,-0.00828
no_calibrated_stack,adversarial_clutter_gap,2,7,0,0.00589,0.09247,0.13658,1,1,0,43.16371,2.78008,0,-1.23000,1,0.15046,0.08778,0.00000,0.00000,0.11956,t_shape,clutter_safe,0.4600,0.18000,2.82180
no_calibrated_stack,adversarial_clutter_gap,2,8,0,0.05363,0.04119,0.04119,1,1,0,77.94461,3.78753,0,-1.06580,1,0.18154,0.05506,0.07074,0.11790,0.09806,t_shape,clutter_safe,0.4600,0.18000,-2.80687
no_calibrated_stack,adversarial_clutter_gap,2,9,0,-0.00206,0.04083,0.09289,1,1,0,9.03831,0.64369,0,-1.14501,1,0.14896,0.06156,0.00000,0.00000,0.11727,t_shape,clutter_safe,0.4600,0.18000,-1.37254
no_calibrated_stack,adversarial_clutter_gap,2,10,0,0.04409,0.06985,0.07576,1,1,0,64.12958,3.15440,0,-1.13783,1,0.19826,0.06335,0.09164,0.15274,0.13171,t_shape,clutter_safe,0.4600,0.18000,0.56679
no_calibrated_stack,adversarial_clutter_gap,2,11,0,0.07105,0.06860,0.06860,0,1,0,88.07563,4.80756,0,-0.57293,1,0.20005,0.06067,0.00000,0.00000,0.11852,t_shape,clutter_safe,0.4600,0.18000,-2.88146
no_calibrated_stack,adversarial_clutter_gap,2,12,0,0.10864,0.08521,0.08521,0,1,0,95.83635,6.06381,0,-0.60753,1,0.16487,0.06140,0.00000,0.00000,0.09731,t_shape,clutter_safe,0.4600,0.18000,0.11757
no_calibrated_stack,adversarial_clutter_gap,2,13,0,-0.00206,0.04676,0.09881,1,1,0,19.68788,0.84358,0,-1.17335,1,0.16567,0.06245,0.00000,0.00000,0.14141,t_shape,clutter_safe,0.4600,0.18000,3.06468
no_calibrated_stack,adversarial_clutter_gap,2,14,0,0.15648,0.07681,0.07681,0,1,0,74.42022,6.15750,0,-0.59002,1,0.12449,0.06051,0.00000,0.00000,0.10744,t_shape,clutter_safe,0.4600,0.18000,0.01685
no_calibrated_stack,adversarial_clutter_gap,3,0,0,0.01121,0.07759,0.11639,1,1,0,25.45917,1.99947,0,-1.22247,1,0.18242,0.05466,0.04264,0.07107,0.14795,t_shape,clutter_safe,0.4600,0.18000,0.98548
no_calibrated_stack,adversarial_clutter_gap,3,1,0,0.08680,0.03923,0.03923,0,1,0,65.70358,5.22398,0,-0.51173,1,0.22777,0.05665,0.00000,0.00000,0.10557,t_shape,clutter_safe,0.4600,0.18000,3.13834
no_calibrated_stack,adversarial_clutter_gap,3,2,0,0.04169,0.03144,0.03975,1,1,0,78.54251,3.75634,0,-1.06281,1,0.25962,0.05925,0.00000,0.00000,0.12300,t_shape,clutter_safe,0.4600,0.18000,-2.88006
no_calibrated_stack,adversarial_clutter_gap,3,3,0,-0.00754,0.21970,0.27725,1,1,0,62.42610,3.29833,0,-1.23000,1,0.26007,0.06122,0.00000,0.00000,0.10240,t_shape,clutter_safe,0.4600,0.16451,-0.17890
no_calibrated_stack,adversarial_clutter_gap,3,4,0,0.06805,0.06017,0.06017,1,1,0,48.49923,2.73056,0,-1.10535,1,0.17427,0.06105,0.00000,0.00000,0.12579,t_shape,clutter_safe,0.4600,0.18000,0.16334
no_calibrated_stack,adversarial_clutter_gap,3,5,0,-0.00206,0.02253,0.07459,1,1,0,33.82941,2.06744,0,-1.13539,1,0.19478,0.05757,0.00000,0.00000,0.10162,t_shape,clutter_safe,0.4600,0.18000,-0.31328
no_calibrated_stack,adversarial_clutter_gap,3,6,0,0.04145,0.11540,0.12395,1,1,0,56.31138,2.90904,0,-1.23000,1,0.15580,0.06095,0.00000,0.00000,0.10122,t_shape,clutter_safe,0.4600,0.18000,-0.14470
no_calibrated_stack,adversarial_clutter_gap,3,7,0,0.02028,0.06842,0.09814,1,1,0,29.07054,2.40065,0,-1.18446,1,0.15303,0.05546,0.00000,0.00000,0.12162,t_shape,clutter_safe,0.4600,0.18000,1.21892
no_calibrated_stack,adversarial_clutter_gap,3,8,0,-0.00206,0.12900,0.18106,1,1,0,0.00000,0.57495,0,-1.19600,1,0.22756,0.06234,0.11239,0.18731,0.15799,t_shape,clutter_safe,0.4600,0.18000,1.89880
no_calibrated_stack,adversarial_clutter_gap,3,9,0,-0.00206,0.03796,0.09002,1,1,0,56.53231,1.93694,0,-1.16753,1,0.20029,0.06428,0.00000,0.00000,0.04650,t_shape,clutter_safe,0.4600,0.16672,1.19649
no_calibrated_stack,adversarial_clutter_gap,3,10,0,0.05568,0.03113,0.03113,1,1,0,69.89800,4.69156,0,-1.04485,1,0.18275,0.05980,0.00000,0.00000,0.13488,t_shape,clutter_safe,0.4600,0.18000,-0.36360
no_calibrated_stack,adversarial_clutter_gap,3,11,0,0.05320,0.03882,0.03882,1,1,0,50.91093,2.25931,0,-1.06087,1,0.10186,0.05984,0.00000,0.00000,0.12428,t_shape,clutter_safe,0.4600,0.18000,0.28634
no_calibrated_stack,adversarial_clutter_gap,3,12,0,0.10412,0.13155,0.13155,0,1,0,121.45814,5.07210,0,-0.68000,1,0.22598,0.06574,0.00000,0.00000,0.11261,t_shape,clutter_safe,0.4600,0.18000,-3.03158
no_calibrated_stack,adversarial_clutter_gap,3,13,0,-0.00208,0.01143,0.06351,1,1,0,71.58832,2.94101,0,-1.11231,1,0.23251,0.06075,0.00000,0.00000,0.13159,t_shape,clutter_safe,0.4600,0.18000,0.39755
no_calibrated_stack,adversarial_clutter_gap,3,14,0,0.06180,0.06039,0.06039,1,1,0,73.30902,3.93050,0,-1.10580,1,0.12878,0.06380,0.00000,0.00000,0.13103,t_shape,clutter_safe,0.4600,0.18000,0.20208
no_calibrated_stack,adversarial_clutter_gap,4,0,0,-0.00841,0.05719,0.11559,1,1,0,18.35021,1.45080,0,-1.22082,1,0.16070,0.05579,0.00000,0.00000,0.11487,t_shape,clutter_safe,0.4600,0.18000,1.19392
no_calibrated_stack,adversarial_clutter_gap,4,1,0,-0.00206,0.01719,0.06925,1,1,0,59.26174,2.97604,0,-1.12427,1,0.19803,0.05579,0.00000,0.00000,0.11836,t_shape,clutter_safe,0.4600,0.18000,-0.32583
no_calibrated_stack,adversarial_clutter_gap,4,2,0,0.02018,0.06684,0.09667,1,1,0,58.34213,1.57452,0,-1.18139,1,0.19158,0.06191,0.00000,0.00000,0.13058,t_shape,clutter_safe,0.4600,0.18000,-2.94893
no_calibrated_stack,adversarial_clutter_gap,4,3,0,0.04629,0.01412,0.01782,1,1,0,96.79193,4.23585,0,-1.01713,1,0.26545,0.06487,0.00000,0.00000,0.14518,t_shape,clutter_safe,0.4600,0.18000,0.28881
no_calibrated_stack,adversarial_clutter_gap,4,4,0,-0.00206,0.00970,0.06176,1,1,0,48.53511,2.03592,0,-1.10867,1,0.26756,0.06442,0.00000,0.00000,0.13575,t_shape,clutter_safe,0.4600,0.18000,2.62139
no_calibrated_stack,adversarial_clutter_gap,4,5,0,-0.00206,0.07936,0.13142,1,1,0,4.30357,0.67315,0,-1.20385,1,0.16059,0.05941,0.10898,0.18163,0.18211,t_shape,clutter_safe,0.4600,0.18000,0.42950
no_calibrated_stack,adversarial_clutter_gap,4,6,0,0.01951,0.05560,0.08608,1,1,0,86.52402,4.40417,0,-1.15934,1,0.27671,0.06551,0.00000,0.00000,0.13912,t_shape,clutter_safe,0.4600,0.18000,0.30574
no_calibrated_stack,adversarial_clutter_gap,4,7,0,0.10640,0.11289,0.11289,0,1,0,89.53153,4.07976,0,-0.66518,1,0.21028,0.06497,0.22411,0.37352,0.12433,t_shape,clutter_safe,0.4600,0.18000,0.38210
no_calibrated_stack,adversarial_clutter_gap,4,8,0,0.07293,0.02547,0.02547,0,1,0,63.86925,3.56266,0,-0.48305,1,0.09811,0.05785,0.00000,0.00000,0.12268,t_shape,clutter_safe,0.4600,0.18000,-0.30605
no_calibrated_stack,adversarial_clutter_gap,4,9,0,-0.00206,0.03803,0.09009,1,1,0,76.52154,2.33398,0,-1.16768,1,0.13840,0.06106,0.00000,0.00000,0.12434,t_shape,clutter_safe,0.4600,0.18000,-0.01854
no_calibrated_stack,adversarial_clutter_gap,4,10,0,0.07227,0.09049,0.09049,0,1,0,77.64520,4.46624,0,-0.61853,1,0.18052,0.06347,0.00000,0.00000,0.11902,t_shape,clutter_safe,0.4600,0.18000,-0.19335
no_calibrated_stack,adversarial_clutter_gap,4,11,0,0.02883,0.09742,0.11859,1,1,0,34.36140,1.09219,0,-1.22707,1,0.19966,0.05974,0.00000,0.00000,0.17102,t_shape,clutter_safe,0.4600,0.18000,-0.05447
no_calibrated_stack,adversarial_clutter_gap,4,12,0,0.07915,0.08039,0.08039,0,1,0,85.03388,5.10351,0,-0.59747,1,0.17063,0.06380,0.00000,0.00000,0.12697,t_shape,clutter_safe,0.4600,0.18000,-2.79530
no_calibrated_stack,adversarial_clutter_gap,4,13,0,0.06338,0.03616,0.03616,1,1,0,58.64742,2.57879,0,-1.05534,1,0.19433,0.05726,0.00000,0.00000,0.12285,t_shape,clutter_safe,0.4600,0.18000,-0.17928
no_calibrated_stack,adversarial_clutter_gap,4,14,0,0.00248,0.04214,0.08966,1,1,0,48.65402,2.52960,0,-1.16679,1,0.17189,0.05977,0.01829,0.03048,0.10467,t_shape,clutter_safe,0.4600,0.17478,-0.53904
no_calibrated_stack,adversarial_clutter_gap,5,0,0,-0.00332,0.39254,0.44586,1,1,0,85.77264,4.85546,0,-1.23000,1,0.21333,0.06121,0.00000,0.00000,0.09774,t_shape,clutter_safe,0.4600,0.18000,-0.04141
no_calibrated_stack,adversarial_clutter_gap,5,1,0,-0.00206,0.02700,0.07906,1,1,0,66.25685,3.28521,0,-1.14470,1,0.22551,0.06404,0.00000,0.00000,0.13969,t_shape,clutter_safe,0.4600,0.18000,-0.29134
no_calibrated_stack,adversarial_clutter_gap,5,2,0,-0.00016,0.05938,0.10954,1,1,0,36.31690,1.47748,0,-1.20821,1,0.16854,0.05844,0.00000,0.00000,0.11879,t_shape,clutter_safe,0.4600,0.18000,0.19842
no_calibrated_stack,adversarial_clutter_gap,5,3,0,-0.00206,0.03245,0.08451,1,1,0,86.46598,3.82018,0,-1.15606,1,0.18936,0.06511,0.00000,0.00000,0.12899,t_shape,clutter_safe,0.4600,0.18000,-0.50670
no_calibrated_stack,adversarial_clutter_gap,5,4,0,-0.00206,0.06824,0.12030,1,1,0,10.45431,0.56192,0,-1.19495,1,0.18791,0.05625,0.00723,0.01206,0.02941,t_shape,clutter_safe,0.4600,0.16591,1.41574
no_calibrated_stack,adversarial_clutter_gap,5,5,0,-0.00206,0.04029,0.09235,1,1,0,57.78430,3.23186,0,-1.17239,1,0.17188,0.05724,0.00000,0.00000,0.10627,t_shape,clutter_safe,0.4600,0.18000,3.00303
no_calibrated_stack,adversarial_clutter_gap,5,6,0,0.09006,0.10004,0.10004,0,1,0,80.20501,3.96972,0,-0.63842,1,0.11014,0.06490,0.00000,0.00000,0.12044,t_shape,clutter_safe,0.4600,0.18000,2.87437
no_calibrated_stack,adversarial_clutter_gap,5,7,0,-0.00206,0.04397,0.09602,1,1,0,39.85914,1.80057,0,-1.18005,1,0.15674,0.11176,0.00000,0.00000,0.12591,t_shape,clutter_safe,0.4600,0.18000,-1.93254
no_calibrated_stack,adversarial_clutter_gap,5,8,0,0.07263,0.08183,0.08183,0,1,0,76.77676,4.80167,0,-0.60047,1,0.21456,0.05587,0.00000,0.00000,0.09904,t_shape,clutter_safe,0.4600,0.18000,0.15567
no_calibrated_stack,adversarial_clutter_gap,5,9,0,0.03850,0.04340,0.05490,1,1,0,65.08691,3.38571,0,-1.09438,1,0.17447,0.06503,0.00000,0.00000,0.15641,t_shape,clutter_safe,0.4600,0.18000,0.38380
no_calibrated_stack,adversarial_clutter_gap,5,10,1,0.16116,0.03579,0.03579,0,0,0,88.59691,7.31090,1,0.84544,1,0.23372,0.05687,0.00000,0.00000,0.10363,t_shape,clutter_safe,0.4600,0.18000,-0.14155
no_calibrated_stack,adversarial_clutter_gap,5,11,0,0.15290,0.05835,0.05835,0,1,0,72.66068,5.62857,0,-0.55157,1,0.20169,0.06291,0.00000,0.00000,0.15832,t_shape,clutter_safe,0.4600,0.18000,-0.25318
no_calibrated_stack,adversarial_clutter_gap,5,12,0,0.15162,0.07962,0.07962,0,1,0,77.56574,6.29490,0,-0.59587,1,0.17440,0.06169,0.00000,0.00000,0.10411,t_shape,clutter_safe,0.4600,0.18000,3.01481
no_calibrated_stack,adversarial_clutter_gap,5,13,0,0.06791,0.04227,0.04227,1,1,0,84.60579,4.58869,0,-1.06807,1,0.16874,0.06031,0.00000,0.00000,0.11144,t_shape,clutter_safe,0.4600,0.18000,0.27143
no_calibrated_stack,adversarial_clutter_gap,5,14,0,-0.00206,0.07504,0.12710,1,1,0,28.17492,1.61706,0,-1.23000,1,0.21882,0.14216,0.00000,0.00000,0.05168,t_shape,clutter_safe,0.4600,0.14451,1.28433
no_calibrated_stack,adversarial_clutter_gap,6,0,0,-0.00206,0.02620,0.07826,1,1,0,96.11257,4.46677,0,-1.14304,1,0.20358,0.06449,0.00000,0.00000,0.14745,t_shape,clutter_safe,0.4600,0.18000,-0.11178
no_calibrated_stack,adversarial_clutter_gap,6,1,0,-0.00206,0.19626,0.24831,1,1,0,0.00000,0.59468,0,-1.19757,1,0.26575,0.26940,0.00000,0.00000,0.13533,t_shape,clutter_safe,0.4600,0.18000,-1.60161
no_calibrated_stack,adversarial_clutter_gap,6,2,0,0.04312,0.04334,0.05022,1,1,0,70.06462,2.80266,0,-1.08462,1,0.16584,0.05427,0.00000,0.00000,0.09547,t_shape,clutter_safe,0.4600,0.18000,0.31969
no_calibrated_stack,adversarial_clutter_gap,6,3,0,-0.00206,0.07876,0.13081,1,1,0,9.30788,0.59460,0,-1.19757,1,0.21781,0.20885,0.00000,0.00000,0.11630,t_shape,clutter_safe,0.4600,0.18000,-1.68078
no_calibrated_stack,adversarial_clutter_gap,6,4,0,0.00376,0.08988,0.13611,1,1,0,43.84381,2.15306,0,-1.23000,1,0.23368,0.05946,0.00000,0.00000,0.04779,t_shape,clutter_safe,0.4600,0.13589,1.71588
no_calibrated_stack,adversarial_clutter_gap,6,5,0,0.03847,0.14429,0.15583,1,1,0,39.07784,1.17123,0,-1.23000,1,0.24427,0.06465,0.15632,0.26053,0.17504,t_shape,clutter_safe,0.4600,0.18000,-3.03973
no_calibrated_stack,adversarial_clutter_gap,6,6,0,0.08026,0.04931,0.04931,0,1,0,55.64616,4.31609,0,-0.53272,1,0.13909,0.05663,0.05702,0.09503,0.10905,t_shape,clutter_safe,0.4600,0.18000,-2.96943
no_calibrated_stack,adversarial_clutter_gap,6,7,0,0.06266,0.03721,0.03721,1,1,0,57.11145,2.39699,0,-1.05752,1,0.17252,0.05661,0.00000,0.00000,0.13209,t_shape,clutter_safe,0.4600,0.18000,-0.09736
no_calibrated_stack,adversarial_clutter_gap,6,8,0,-0.00206,0.05035,0.10241,1,1,0,5.54003,0.56503,0,-1.15855,1,0.16268,0.05615,0.00000,0.00000,0.13487,t_shape,clutter_safe,0.4600,0.18000,1.42450
no_calibrated_stack,adversarial_clutter_gap,6,9,0,-0.00206,0.02354,0.07560,1,1,0,24.40356,1.44110,0,-1.13750,1,0.16618,0.05705,0.00000,0.00000,0.10208,t_shape,clutter_safe,0.4600,0.18000,1.88543
no_calibrated_stack,adversarial_clutter_gap,6,10,0,0.06010,0.04956,0.04956,1,1,0,75.94336,3.15247,0,-1.08326,1,0.13734,0.05768,0.00945,0.01576,0.09585,t_shape,clutter_safe,0.4600,0.18000,0.40327
no_calibrated_stack,adversarial_clutter_gap,6,11,0,-0.00207,0.07638,0.12844,1,1,0,48.40408,1.68171,0,-1.23000,1,0.13198,0.06169,0.06555,0.10924,0.08798,t_shape,clutter_safe,0.4600,0.17827,-0.03880
no_calibrated_stack,adversarial_clutter_gap,6,12,0,0.16029,0.04116,0.04116,0,1,0,68.61533,5.70631,0,-0.51575,1,0.10990,0.05717,0.00000,0.00000,0.11567,t_shape,clutter_safe,0.4600,0.18000,-0.03827
no_calibrated_stack,adversarial_clutter_gap,6,13,0,0.02141,0.03156,0.06015,1,1,0,58.26899,2.49814,0,-1.10532,1,0.22429,0.06242,0.00000,0.00000,0.15305,t_shape,clutter_safe,0.4600,0.17553,-2.59476
no_calibrated_stack,adversarial_clutter_gap,6,14,0,0.15779,0.03788,0.03788,0,1,0,44.10075,3.39390,0,-0.50891,1,0.17075,0.05870,0.00000,0.00000,0.10612,t_shape,clutter_safe,0.4600,0.18000,0.31253
no_calibrated_stack,adversarial_clutter_gap,7,0,0,0.04961,0.03376,0.03415,1,1,0,73.93470,4.05317,0,-1.05114,1,0.16504,0.05494,0.00000,0.00000,0.09858,t_shape,clutter_safe,0.4600,0.18000,0.08883
no_calibrated_stack,adversarial_clutter_gap,7,1,0,-0.00216,0.06572,0.11787,1,1,0,25.22448,1.52983,0,-1.22557,1,0.14720,0.05865,0.00000,0.00000,0.10506,t_shape,clutter_safe,0.4600,0.18000,1.47501
no_calibrated_stack,adversarial_clutter_gap,7,2,0,-0.00206,0.01844,0.07050,1,1,0,44.81206,2.82320,0,-1.12687,1,0.18561,0.05743,0.00000,0.00000,0.11982,t_shape,clutter_safe,0.4600,0.18000,-0.37759
no_calibrated_stack,adversarial_clutter_gap,7,3,0,0.07463,0.06722,0.06722,0,1,0,105.15789,5.37488,0,-0.57004,1,0.19719,0.06343,0.00000,0.00000,0.11512,t_shape,clutter_safe,0.4600,0.18000,-2.84781
no_calibrated_stack,adversarial_clutter_gap,7,4,0,0.11810,0.05268,0.05268,0,1,0,88.56090,4.79927,0,-0.53975,1,0.17292,0.05694,0.03405,0.05676,0.11094,t_shape,clutter_safe,0.4600,0.18000,0.35276
no_calibrated_stack,adversarial_clutter_gap,7,5,0,0.04996,0.04597,0.04601,1,1,0,77.54890,3.91833,0,-1.07586,1,0.19638,0.05819,0.00000,0.00000,0.10854,t_shape,clutter_safe,0.4600,0.18000,0.30871
no_calibrated_stack,adversarial_clutter_gap,7,6,0,-0.00207,0.02083,0.07290,1,1,0,84.26825,4.74265,0,-1.13187,1,0.21189,0.05926,0.00000,0.00000,0.13581,t_shape,clutter_safe,0.4600,0.18000,2.92651
no_calibrated_stack,adversarial_clutter_gap,7,7,0,-0.00206,0.06262,0.11467,1,1,0,20.04865,0.71780,0,-1.19633,1,0.18499,0.05595,0.00000,0.00000,0.12835,t_shape,clutter_safe,0.4600,0.18000,-3.10210
no_calibrated_stack,adversarial_clutter_gap,7,8,0,0.00673,0.04721,0.09048,1,1,0,47.77271,2.11847,0,-1.16851,1,0.21134,0.06061,0.00000,0.00000,0.07614,t_shape,clutter_safe,0.4600,0.16666,-1.85853
no_calibrated_stack,adversarial_clutter_gap,7,9,0,-0.00206,0.07284,0.12490,1,1,0,77.84459,3.19239,0,-1.23000,1,0.23000,0.06414,0.00000,0.00000,0.11915,t_shape,clutter_safe,0.4600,0.18000,-0.00666
no_calibrated_stack,adversarial_clutter_gap,7,10,0,0.09103,0.06703,0.06703,0,1,0,51.54966,2.45658,0,-0.56965,1,0.07892,0.05971,0.01717,0.02861,0.09161,t_shape,clutter_safe,0.4600,0.18000,-0.19773
no_calibrated_stack,adversarial_clutter_gap,7,11,0,0.03437,0.03114,0.04677,1,1,0,52.75698,2.62075,0,-1.07743,1,0.27147,0.06473,0.00000,0.00000,0.07847,t_shape,clutter_safe,0.4600,0.15108,2.79486
no_calibrated_stack,adversarial_clutter_gap,7,12,0,0.03847,0.04969,0.06122,1,1,0,59.09968,2.68966,0,-1.10753,1,0.17960,0.05873,0.00000,0.00000,0.11450,t_shape,clutter_safe,0.4600,0.18000,0.32526
no_calibrated_stack,adversarial_clutter_gap,7,13,0,-0.00206,0.10919,0.16125,1,1,0,8.57096,0.72595,0,-1.20808,1,0.21810,0.05667,0.01080,0.01800,0.01233,t_shape,clutter_safe,0.4600,0.15341,1.73979
no_calibrated_stack,adversarial_clutter_gap,7,14,0,0.04752,0.01596,0.01844,1,1,0,88.59800,4.54612,0,-1.01842,1,0.15558,0.05836,0.00000,0.00000,0.12915,t_shape,clutter_safe,0.4600,0.18000,0.21905
no_calibrated_stack,material_shift_proxy,0,0,1,0.15446,0.03927,0.03927,0,0,0,42.03923,3.14135,1,0.83819,1,0.03184,0.25863,0.00149,0.00000,0.00576,cylinder,lift,0.2400,0.09293,-0.52777
no_calibrated_stack,material_shift_proxy,0,1,0,0.14410,0.11596,0.11596,0,0,0,41.97212,3.08470,1,-0.32158,1,0.05917,0.25969,0.01284,0.00000,0.00608,cylinder,lift,0.2400,0.09012,0.58403
no_calibrated_stack,material_shift_proxy,0,2,0,0.01426,0.04534,0.08109,1,0,0,39.37325,1.83910,1,-0.79893,1,0.04134,0.25545,0.04556,0.00000,0.01867,cylinder,lift,0.2400,0.09321,-1.49392
no_calibrated_stack,material_shift_proxy,0,3,0,0.01784,0.01413,0.04629,1,0,0,41.02714,1.99735,1,-0.72643,1,0.03550,0.25382,0.00034,0.00000,0.01383,cylinder,lift,0.2400,0.09335,0.54418
no_calibrated_stack,material_shift_proxy,0,4,0,0.01179,0.01981,0.05802,1,0,0,37.08359,1.45375,1,-0.75088,1,0.04852,0.29927,0.04158,0.00000,0.03102,cylinder,lift,0.2400,0.09768,-1.75390
no_calibrated_stack,material_shift_proxy,0,5,1,0.11314,0.09886,0.09886,0,0,0,40.81368,2.54083,1,0.71404,1,0.03210,0.25774,0.01014,0.00000,0.00544,cylinder,lift,0.2400,0.09288,-0.56469
no_calibrated_stack,material_shift_proxy,0,6,0,0.01722,0.00918,0.04197,1,0,0,42.65018,2.03565,1,-0.71743,1,0.07087,0.25264,0.04099,0.00000,0.00922,cylinder,lift,0.2400,0.08921,-1.24598
no_calibrated_stack,material_shift_proxy,0,7,0,0.01170,0.05534,0.09364,1,0,0,41.62045,2.25244,1,-0.82508,1,0.08509,0.25917,0.02654,0.00000,0.02500,cylinder,lift,0.2400,0.08929,-0.95388
no_calibrated_stack,material_shift_proxy,0,8,0,0.01179,0.02718,0.06539,1,0,0,32.64220,1.18830,1,-0.76622,1,0.05194,0.29882,0.04434,0.00000,0.03518,cylinder,lift,0.2400,0.09763,1.41230
no_calibrated_stack,material_shift_proxy,0,9,0,0.01297,0.04038,0.07741,1,0,0,43.72614,1.90866,1,-0.79127,1,0.07833,0.25498,0.02608,0.00000,0.01936,cylinder,lift,0.2400,0.08873,0.89088
no_calibrated_stack,material_shift_proxy,0,10,1,0.11873,0.10485,0.10485,0,0,0,32.62058,2.06545,1,0.70156,1,0.01058,0.26337,0.04632,0.00000,0.01104,cylinder,lift,0.2400,0.09570,-1.89569
no_calibrated_stack,material_shift_proxy,0,11,0,0.01179,0.02560,0.06381,1,0,0,38.43158,1.49317,1,-0.76294,1,0.07217,0.25428,0.04423,0.00000,0.02439,cylinder,lift,0.2400,0.09057,1.61500
no_calibrated_stack,material_shift_proxy,0,12,1,0.16653,0.05900,0.05900,0,0,0,38.07421,3.18405,1,0.79708,1,0.00579,0.26966,0.04871,0.00000,0.00098,cylinder,lift,0.2400,0.09619,-1.78989
no_calibrated_stack,material_shift_proxy,0,13,0,0.01179,0.02092,0.05912,1,0,0,33.18211,1.32499,1,-0.75317,1,0.05907,0.32296,0.00449,0.00000,0.03188,cylinder,lift,0.2400,0.09869,0.11339
no_calibrated_stack,material_shift_proxy,0,14,0,0.01335,0.00739,0.04404,1,0,0,46.07506,2.26591,1,-0.72175,1,0.10235,0.25226,0.04999,0.00000,0.00521,cylinder,lift,0.2400,0.08555,1.96453
no_calibrated_stack,material_shift_proxy,1,0,0,0.01522,0.07464,0.10943,1,0,0,40.88754,1.84255,1,-0.85798,1,0.05439,0.25755,0.03900,0.00000,0.02279,cylinder,lift,0.2400,0.09226,-0.47387
no_calibrated_stack,material_shift_proxy,1,1,0,0.01534,0.05623,0.09089,1,0,0,28.55104,1.52865,1,-0.81936,1,0.06385,0.38236,0.01654,0.00000,0.01239,cylinder,lift,0.2400,0.10110,0.10003
no_calibrated_stack,material_shift_proxy,1,2,1,0.16571,0.06295,0.06295,0,0,0,42.56820,3.47485,1,0.78885,1,0.04815,0.25787,0.04993,0.00000,0.00472,cylinder,lift,0.2400,0.09114,2.09076
no_calibrated_stack,material_shift_proxy,1,3,1,0.11180,0.06654,0.06654,0,0,0,43.34067,2.72038,1,0.78138,1,0.06826,0.25416,0.01438,0.00000,0.01368,cylinder,lift,0.2400,0.08992,-0.26249
no_calibrated_stack,material_shift_proxy,1,4,1,0.10504,0.02150,0.02150,0,0,0,37.19787,2.24193,1,0.87522,1,0.03209,0.30649,0.01102,0.00000,0.01091,cylinder,lift,0.2400,0.09795,0.01085
no_calibrated_stack,material_shift_proxy,1,5,1,0.15819,0.04625,0.04625,0,0,0,35.43461,2.63305,1,0.82365,1,0.06633,0.39880,0.02630,0.00000,0.00681,cylinder,lift,0.2400,0.10191,-0.04258
no_calibrated_stack,material_shift_proxy,1,6,1,0.11636,0.05043,0.05043,0,0,0,40.69429,2.62210,1,0.81494,1,0.00791,0.25643,0.05000,0.00000,0.02724,cylinder,lift,0.2400,0.09577,-1.51047
no_calibrated_stack,material_shift_proxy,1,7,0,0.11862,0.11093,0.11093,0,0,0,42.01879,2.75025,1,-0.31110,1,0.02893,0.25849,0.00041,0.00000,0.02230,cylinder,lift,0.2400,0.09326,0.33405
no_calibrated_stack,material_shift_proxy,1,8,1,0.12521,0.06148,0.06148,0,0,0,31.40901,2.18657,1,0.79191,1,0.06326,0.39813,0.04088,0.00000,0.00666,cylinder,lift,0.2400,0.10160,0.80972
no_calibrated_stack,material_shift_proxy,1,9,1,0.10352,0.05664,0.05664,0,0,0,41.87648,2.55208,1,0.80200,1,0.05456,0.25523,0.04644,0.00000,0.00600,cylinder,lift,0.2400,0.09059,-1.40258
no_calibrated_stack,material_shift_proxy,1,10,0,0.01179,0.00777,0.04598,1,0,0,38.71510,1.47758,1,-0.72579,1,0.03660,0.25248,0.02691,0.00000,0.02553,cylinder,lift,0.2400,0.09438,-2.24373
no_calibrated_stack,material_shift_proxy,1,11,0,0.01240,0.04409,0.08170,1,0,0,30.44089,1.50732,1,-0.80020,1,0.05485,0.34600,0.00195,0.00000,0.01906,cylinder,lift,0.2400,0.09951,-0.35561
no_calibrated_stack,material_shift_proxy,1,12,0,0.01179,0.04597,0.08418,1,0,0,37.56016,1.49653,1,-0.80538,1,0.05201,0.25743,0.04897,0.00000,0.03072,cylinder,lift,0.2400,0.09329,-0.90436
no_calibrated_stack,material_shift_proxy,1,13,1,0.11849,0.05973,0.05973,0,0,0,34.11009,2.18174,1,0.79557,1,0.10384,0.47457,0.02455,0.00000,0.01567,cylinder,lift,0.2400,0.10494,-0.99474
no_calibrated_stack,material_shift_proxy,1,14,1,0.16257,0.03032,0.03032,0,0,0,39.35748,3.06636,1,0.85684,1,0.04143,0.25357,0.04996,0.00000,0.02236,cylinder,lift,0.2400,0.09357,-1.81145
no_calibrated_stack,material_shift_proxy,2,0,1,0.15491,0.04056,0.04056,0,0,0,40.70321,3.02799,1,0.83550,1,0.01268,0.25483,0.03915,0.00000,0.00447,cylinder,lift,0.2400,0.09480,1.81012
no_calibrated_stack,material_shift_proxy,2,1,0,0.01138,0.05677,0.09538,1,0,0,38.01992,1.50575,1,-0.82872,1,0.03135,0.28564,0.01400,0.00000,0.02111,cylinder,lift,0.2400,0.09687,0.29445
no_calibrated_stack,material_shift_proxy,2,2,0,0.01428,0.00948,0.04520,1,0,0,41.39027,1.93487,1,-0.72417,1,0.07567,0.25270,0.03303,0.00000,0.01423,cylinder,lift,0.2400,0.08921,0.41436
no_calibrated_stack,material_shift_proxy,2,3,0,0.01314,0.04944,0.08630,1,0,0,36.74972,1.73414,1,-0.80980,1,0.03905,0.31078,0.03207,0.00000,0.01724,cylinder,lift,0.2400,0.09805,-0.96684
no_calibrated_stack,material_shift_proxy,2,4,0,0.01095,0.00752,0.04656,1,0,0,38.14738,1.91727,1,-0.72700,1,0.02663,0.29173,0.00302,0.00000,0.01112,cylinder,lift,0.2400,0.09736,-0.01538
no_calibrated_stack,material_shift_proxy,2,5,0,0.02000,0.00649,0.03649,1,0,0,42.50623,2.09489,1,-0.70602,1,0.07760,0.25256,0.04741,0.00000,0.01457,cylinder,lift,0.2400,0.08904,1.46130
no_calibrated_stack,material_shift_proxy,2,6,1,0.16648,0.01214,0.01214,0,0,0,40.91494,3.41230,1,0.89471,1,0.05502,0.25326,0.03044,0.00000,0.02063,cylinder,lift,0.2400,0.09199,1.94348
no_calibrated_stack,material_shift_proxy,2,7,0,0.01179,0.05460,0.09281,1,0,0,39.78914,1.52074,1,-0.82335,1,0.09444,0.25693,0.04676,0.00000,0.02427,cylinder,lift,0.2400,0.08824,1.62175
no_calibrated_stack,material_shift_proxy,2,8,0,0.01527,0.02221,0.05694,1,0,0,39.65132,1.75596,1,-0.74863,1,0.03435,0.25262,0.04069,0.00000,0.01624,cylinder,lift,0.2400,0.09370,-2.17386
no_calibrated_stack,material_shift_proxy,2,9,0,0.01144,0.02800,0.06656,1,0,0,37.09639,1.63116,1,-0.76867,1,0.02519,0.25738,0.01655,0.00000,0.02558,cylinder,lift,0.2400,0.09579,2.55049
no_calibrated_stack,material_shift_proxy,2,10,1,0.11940,0.02820,0.02820,0,0,0,35.25987,2.28067,1,0.86125,1,0.06678,0.39716,0.00255,0.00000,0.00998,cylinder,lift,0.2400,0.10164,-0.39471
no_calibrated_stack,material_shift_proxy,2,11,0,0.01258,0.02378,0.06120,1,0,0,32.81911,1.68751,1,-0.75749,1,0.07460,0.25310,0.03534,0.00000,0.02046,cylinder,lift,0.2400,0.08993,0.27131
no_calibrated_stack,material_shift_proxy,2,12,1,0.16011,0.08746,0.08746,0,0,0,38.63078,2.73731,1,0.73779,1,0.03292,0.29761,0.00380,0.00000,0.01798,cylinder,lift,0.2400,0.09734,-0.44632
no_calibrated_stack,material_shift_proxy,2,13,0,0.06573,0.02810,0.02810,1,0,0,40.59873,2.22013,1,-0.68853,1,0.05094,0.25286,0.04992,0.00000,0.02391,cylinder,lift,0.2400,0.09273,1.30036
no_calibrated_stack,material_shift_proxy,2,14,1,0.10891,0.10408,0.10408,0,0,0,41.26229,2.47007,1,0.70316,1,0.03924,0.25816,0.00675,0.00000,0.00414,cylinder,lift,0.2400,0.09201,-0.21471
no_calibrated_stack,material_shift_proxy,3,0,0,0.01325,0.05065,0.08740,1,0,0,31.90377,1.61562,1,-0.81207,1,0.02680,0.25611,0.04742,0.00000,0.00993,cylinder,lift,0.2400,0.09387,-1.29394
no_calibrated_stack,material_shift_proxy,3,1,1,0.11877,0.05091,0.05091,0,0,0,38.50204,2.09202,1,0.81393,1,0.02561,0.29690,0.04419,0.00000,0.00787,cylinder,lift,0.2400,0.09757,-0.87996
no_calibrated_stack,material_shift_proxy,3,2,1,0.16549,0.01140,0.01140,0,0,0,39.90509,3.18970,1,0.89624,1,0.01248,0.26703,0.00701,0.00000,0.00683,cylinder,lift,0.2400,0.09631,-2.57696
no_calibrated_stack,material_shift_proxy,3,3,1,0.08930,0.02990,0.02990,0,0,0,42.30547,2.52384,1,0.85771,1,0.05447,0.25244,0.00249,0.00000,0.00935,cylinder,lift,0.2400,0.09093,-0.64015
no_calibrated_stack,material_shift_proxy,3,4,1,0.15298,0.02266,0.02266,0,0,0,38.65474,2.86782,1,0.87279,1,0.04078,0.33193,0.00009,0.00000,0.00915,cylinder,lift,0.2400,0.09902,0.58365
no_calibrated_stack,material_shift_proxy,3,5,0,0.01179,0.05696,0.09516,1,0,0,38.29155,1.39389,1,-0.82826,1,0.10522,0.25695,0.04382,0.00000,0.03621,cylinder,lift,0.2400,0.08829,-1.76613
no_calibrated_stack,material_shift_proxy,3,6,0,0.01179,0.01737,0.05558,1,0,0,26.97860,1.29720,1,-0.74580,1,0.04799,0.29791,0.00005,0.00000,0.03215,cylinder,lift,0.2400,0.09751,-0.49463
no_calibrated_stack,material_shift_proxy,3,7,0,0.01135,0.02086,0.05951,1,0,0,38.09147,1.97877,1,-0.75397,1,0.03125,0.25398,0.04955,0.00000,0.02248,cylinder,lift,0.2400,0.09464,-1.87317
no_calibrated_stack,material_shift_proxy,3,8,1,0.15457,0.03108,0.03108,0,0,0,37.22295,2.75036,1,0.85525,1,0.05111,0.36633,0.04704,0.00000,0.00411,cylinder,lift,0.2400,0.10059,-1.23777
no_calibrated_stack,material_shift_proxy,3,9,0,0.01522,0.09344,0.12823,1,0,0,55.27318,2.14853,1,-0.88000,1,0.05228,0.26377,0.02063,0.00000,0.01403,cylinder,lift,0.2400,0.09162,0.51794
no_calibrated_stack,material_shift_proxy,3,10,1,0.12530,0.07644,0.07644,0,0,0,42.35812,2.79533,1,0.76076,1,0.07658,0.25480,0.01404,0.00000,0.01024,cylinder,lift,0.2400,0.08872,-0.20094
no_calibrated_stack,material_shift_proxy,3,11,0,0.01174,0.05111,0.08937,1,0,0,39.30449,1.60021,1,-0.81619,1,0.05463,0.25745,0.01294,0.00000,0.02352,cylinder,lift,0.2400,0.09231,-0.29595
no_calibrated_stack,material_shift_proxy,3,12,0,0.01179,0.00763,0.04584,1,0,0,39.37482,1.58133,1,-0.72551,1,0.08130,0.25213,0.03376,0.00000,0.02974,cylinder,lift,0.2400,0.09015,1.27017
no_calibrated_stack,material_shift_proxy,3,13,0,0.01179,0.02172,0.05992,1,0,0,39.58712,1.41915,1,-0.75484,1,0.10917,0.25250,0.04999,0.00000,0.03302,cylinder,lift,0.2400,0.08757,1.76210
no_calibrated_stack,material_shift_proxy,3,14,0,0.01130,0.06903,0.10773,1,0,0,36.45645,1.62748,1,-0.85444,1,0.03327,0.27854,0.04436,0.00000,0.02613,cylinder,lift,0.2400,0.09657,-1.72265
no_calibrated_stack,material_shift_proxy,4,0,0,0.01562,0.03180,0.06618,1,0,0,41.33032,2.07790,1,-0.76787,1,0.05569,0.25528,0.04922,0.00000,0.01401,cylinder,lift,0.2400,0.09127,-1.68013
no_calibrated_stack,material_shift_proxy,4,1,1,0.12512,0.06834,0.06834,0,0,0,43.02772,2.91212,1,0.77762,1,0.09278,0.25413,0.03905,0.00000,0.02125,cylinder,lift,0.2400,0.08812,2.66774
no_calibrated_stack,material_shift_proxy,4,2,0,0.01642,0.00215,0.03572,1,0,0,43.60266,2.25609,1,-0.70442,1,0.10124,0.25226,0.04152,0.00000,0.00956,cylinder,lift,0.2400,0.08609,-0.89272
no_calibrated_stack,material_shift_proxy,4,3,0,0.01471,0.01205,0.04734,1,0,0,37.90886,1.71086,1,-0.72863,1,0.02654,0.26727,0.04913,0.00000,0.02163,cylinder,lift,0.2400,0.09632,-1.66951
no_calibrated_stack,material_shift_proxy,4,4,0,0.01285,0.03424,0.07138,1,0,0,42.95268,2.00050,1,-0.77872,1,0.07576,0.25550,0.02377,0.00000,0.01455,cylinder,lift,0.2400,0.08923,2.21500
no_calibrated_stack,material_shift_proxy,4,5,0,0.01019,0.00553,0.04534,1,0,0,35.72813,1.61665,1,-0.72447,1,0.05229,0.33648,0.00024,0.00000,0.01905,cylinder,lift,0.2400,0.09925,0.32359
no_calibrated_stack,material_shift_proxy,4,6,0,0.01179,0.06950,0.10771,1,0,0,41.03707,1.55435,1,-0.85440,1,0.11891,0.25825,0.03933,0.00000,0.03006,cylinder,lift,0.2400,0.08627,1.72423
no_calibrated_stack,material_shift_proxy,4,7,0,0.02752,0.05941,0.08189,1,0,0,38.81862,2.13125,1,-0.80060,1,0.01776,0.27922,0.04495,0.00000,0.01056,cylinder,lift,0.2400,0.09649,-0.55045
no_calibrated_stack,material_shift_proxy,4,8,0,0.01220,0.05579,0.09359,1,0,0,40.01729,2.05477,1,-0.82498,1,0.04177,0.25799,0.04595,0.00000,0.01988,cylinder,lift,0.2400,0.09329,-1.18349
no_calibrated_stack,material_shift_proxy,4,9,0,0.00691,0.03151,0.07460,1,0,0,38.70115,2.03056,1,-0.78541,1,0.02127,0.27764,0.03567,0.00000,0.01302,cylinder,lift,0.2400,0.09661,-1.17679
no_calibrated_stack,material_shift_proxy,4,10,1,0.08823,0.03274,0.03274,0,0,0,41.39923,2.43405,1,0.85179,1,0.03773,0.25249,0.04529,0.00000,0.01056,cylinder,lift,0.2400,0.09279,1.62092
no_calibrated_stack,material_shift_proxy,4,11,1,0.16642,0.08287,0.08287,0,0,0,41.24844,3.46565,1,0.74735,1,0.04778,0.26020,0.04999,0.00000,0.02229,cylinder,lift,0.2400,0.09290,-1.88285
no_calibrated_stack,material_shift_proxy,4,12,0,0.01798,0.03782,0.06984,1,0,0,41.39646,1.95702,1,-0.77551,1,0.04620,0.25490,0.01645,0.00000,0.01764,cylinder,lift,0.2400,0.09261,3.03430
no_calibrated_stack,material_shift_proxy,4,13,0,0.01152,0.02183,0.06031,1,0,0,35.56511,1.70121,1,-0.75564,1,0.01351,0.25256,0.04860,0.00000,0.04702,cylinder,lift,0.2400,0.09491,-1.26543
no_calibrated_stack,material_shift_proxy,4,14,1,0.16587,0.10029,0.10029,0,0,0,39.33769,3.26596,1,0.71107,1,0.01786,0.26256,0.04830,0.00000,0.01157,cylinder,lift,0.2400,0.09496,-0.82821
no_calibrated_stack,material_shift_proxy,5,0,0,0.00878,0.06993,0.11115,1,0,0,39.57192,1.97121,1,-0.86157,1,0.01457,0.27717,0.02239,0.00000,0.00704,cylinder,lift,0.2400,0.09650,-2.24686
no_calibrated_stack,material_shift_proxy,5,1,0,0.01178,0.00162,0.03984,1,0,0,35.33028,1.37572,1,-0.71300,1,0.05934,0.33732,0.00251,0.00000,0.02596,cylinder,lift,0.2400,0.09930,-0.07703
no_calibrated_stack,material_shift_proxy,5,2,0,0.04137,0.08490,0.09353,1,0,0,41.13028,2.36305,1,-0.82485,1,0.07711,0.26263,0.02519,0.00000,0.01733,cylinder,lift,0.2400,0.08936,0.60808
no_calibrated_stack,material_shift_proxy,5,3,1,0.15281,0.06739,0.06739,0,0,0,38.22816,2.77305,1,0.77961,1,0.03071,0.32105,0.02572,0.00000,0.00417,cylinder,lift,0.2400,0.09846,1.11591
no_calibrated_stack,material_shift_proxy,5,4,1,0.16313,0.02499,0.02499,0,0,0,39.26383,3.08261,1,0.86795,1,0.01891,0.25435,0.04300,0.00000,0.01887,cylinder,lift,0.2400,0.09557,-1.19054
no_calibrated_stack,material_shift_proxy,5,5,0,0.01555,0.05723,0.09169,1,0,0,55.27191,1.77413,1,-0.82102,1,0.03987,0.25601,0.00505,0.00000,0.02176,cylinder,lift,0.2400,0.09367,0.55852
no_calibrated_stack,material_shift_proxy,5,6,0,0.01790,0.02249,0.05460,1,0,0,42.65666,2.34156,1,-0.74374,1,0.09801,0.25216,0.05000,0.00000,0.01539,cylinder,lift,0.2400,0.08700,2.02034
no_calibrated_stack,material_shift_proxy,5,7,0,0.00720,0.01141,0.05421,1,0,0,37.34783,1.91966,1,-0.74293,1,0.03895,0.31789,0.03169,0.00000,0.01275,cylinder,lift,0.2400,0.09848,-0.51747
no_calibrated_stack,material_shift_proxy,5,8,0,0.01132,0.01989,0.05857,1,0,0,39.91202,1.69993,1,-0.75202,1,0.03925,0.25375,0.02731,0.00000,0.01997,cylinder,lift,0.2400,0.09356,1.98792
no_calibrated_stack,material_shift_proxy,5,9,0,0.01489,0.07759,0.11270,1,0,0,42.95112,1.84456,1,-0.86480,1,0.05654,0.25804,0.02274,0.00000,0.00710,cylinder,lift,0.2400,0.09050,-0.77486
no_calibrated_stack,material_shift_proxy,5,10,0,0.00990,0.04412,0.08422,1,0,0,40.61360,1.85908,1,-0.80546,1,0.01814,0.25468,0.04597,0.00000,0.01130,cylinder,lift,0.2400,0.09490,-0.75111
no_calibrated_stack,material_shift_proxy,5,11,0,0.01489,0.04976,0.08487,1,0,0,41.02980,1.63137,1,-0.80681,1,0.08419,0.25596,0.00858,0.00000,0.01896,cylinder,lift,0.2400,0.08879,2.64571
no_calibrated_stack,material_shift_proxy,5,12,0,0.01179,0.11414,0.15234,1,0,0,35.92306,1.37716,1,-0.88000,1,0.06986,0.26324,0.04692,0.00000,0.03744,cylinder,lift,0.2400,0.09209,1.42449
no_calibrated_stack,material_shift_proxy,5,13,0,0.01112,0.11097,0.14985,1,0,0,37.71220,1.58404,1,-0.88000,1,0.05069,0.33998,0.01439,0.00000,0.02010,cylinder,lift,0.2400,0.09898,-0.88737
no_calibrated_stack,material_shift_proxy,5,14,0,0.01294,0.02389,0.06094,1,0,0,38.95115,2.01982,1,-0.75697,1,0.02827,0.25352,0.04990,0.00000,0.00979,cylinder,lift,0.2400,0.09370,1.43594
no_calibrated_stack,material_shift_proxy,6,0,1,0.16472,0.01097,0.01097,0,0,0,61.61921,3.08503,1,0.89714,1,0.03023,0.25370,0.01224,0.00000,0.00566,cylinder,lift,0.2400,0.09309,-2.46338
no_calibrated_stack,material_shift_proxy,6,1,0,0.01076,0.06361,0.10284,1,0,0,43.13703,2.01315,1,-0.84425,1,0.10523,0.25631,0.01946,0.00000,0.01071,cylinder,lift,0.2400,0.08579,2.23965
no_calibrated_stack,material_shift_proxy,6,2,0,0.01329,0.00866,0.04537,1,0,0,41.63062,1.78404,1,-0.72451,1,0.05854,0.25266,0.03900,0.00000,0.01467,cylinder,lift,0.2400,0.09103,0.87896
no_calibrated_stack,material_shift_proxy,6,3,1,0.07405,0.08890,0.08890,0,0,0,40.00672,2.31913,1,0.73480,1,0.03288,0.26337,0.01047,0.00000,0.01340,cylinder,lift,0.2400,0.09358,0.24260
no_calibrated_stack,material_shift_proxy,6,4,0,0.01177,0.00460,0.04283,1,0,0,39.95799,1.59834,1,-0.71924,1,0.06414,0.25307,0.03316,0.00000,0.02586,cylinder,lift,0.2400,0.09155,-2.96696
no_calibrated_stack,material_shift_proxy,6,5,1,0.09072,0.04715,0.04715,0,0,0,43.38659,2.50840,1,0.82176,1,0.07946,0.25475,0.04988,0.00000,0.02282,cylinder,lift,0.2400,0.08966,1.68283
no_calibrated_stack,material_shift_proxy,6,6,0,0.01475,0.07781,0.11306,1,0,0,39.15226,1.76444,1,-0.86554,1,0.02893,0.25849,0.04160,0.00000,0.01794,cylinder,lift,0.2400,0.09443,-0.52274
no_calibrated_stack,material_shift_proxy,6,7,1,0.15381,0.03696,0.03696,0,0,0,39.65889,2.92263,1,0.84300,1,0.01320,0.27346,0.03164,0.00000,0.00575,cylinder,lift,0.2400,0.09649,-1.23024
no_calibrated_stack,material_shift_proxy,6,8,1,0.14583,0.03977,0.03977,0,0,0,42.33719,3.09218,1,0.83715,1,0.03975,0.25234,0.01316,0.00000,0.03860,cylinder,lift,0.2400,0.09283,2.99055
no_calibrated_stack,material_shift_proxy,6,9,0,0.01169,0.00968,0.04799,1,0,0,31.06730,1.74458,1,-0.72998,1,0.04313,0.25322,0.04266,0.00000,0.01642,cylinder,lift,0.2400,0.09166,0.78716
no_calibrated_stack,material_shift_proxy,6,10,0,0.01537,0.02953,0.06416,1,0,0,40.48520,1.82655,1,-0.76367,1,0.04035,0.25390,0.05000,0.00000,0.02938,cylinder,lift,0.2400,0.09437,-1.30658
no_calibrated_stack,material_shift_proxy,6,11,0,0.01352,0.02510,0.06157,1,0,0,49.60698,1.56862,1,-0.75828,1,0.03179,0.25488,0.02713,0.00000,0.01671,cylinder,lift,0.2400,0.09402,-2.32903
no_calibrated_stack,material_shift_proxy,6,12,0,0.01155,0.02253,0.06098,1,0,0,36.48501,1.70076,1,-0.75705,1,0.04324,0.32460,0.02566,0.00000,0.01499,cylinder,lift,0.2400,0.09870,2.08315
no_calibrated_stack,material_shift_proxy,6,13,0,0.01160,0.06239,0.10079,1,0,0,40.07905,1.67123,1,-0.83998,1,0.08657,0.25971,0.00472,0.00000,0.02119,cylinder,lift,0.2400,0.08876,-0.06892
no_calibrated_stack,material_shift_proxy,6,14,1,0.15368,0.03225,0.03225,0,0,0,40.35250,3.00644,1,0.85281,1,0.05355,0.25714,0.03874,0.00000,0.01851,cylinder,lift,0.2400,0.09193,0.67109
no_calibrated_stack,material_shift_proxy,7,0,0,0.06758,0.04982,0.04982,1,0,0,41.52227,2.29898,1,-0.73380,1,0.04813,0.25857,0.04676,0.00000,0.00796,cylinder,lift,0.2400,0.09146,0.68946
no_calibrated_stack,material_shift_proxy,7,1,0,0.01411,0.00977,0.04566,1,0,0,38.50694,1.83858,1,-0.72512,1,0.02109,0.26781,0.00481,0.00000,0.01624,cylinder,lift,0.2400,0.09628,-0.21042
no_calibrated_stack,material_shift_proxy,7,2,0,0.01104,0.01094,0.04990,1,0,0,38.94879,1.68322,1,-0.73396,1,0.05312,0.25325,0.00047,0.00000,0.02201,cylinder,lift,0.2400,0.09232,0.40284
no_calibrated_stack,material_shift_proxy,7,3,0,0.01550,0.08556,0.12006,1,0,0,38.99520,1.95045,1,-0.88000,1,0.03417,0.26025,0.00582,0.00000,0.01920,cylinder,lift,0.2400,0.09401,0.42055
no_calibrated_stack,material_shift_proxy,7,4,0,0.01142,0.02147,0.06005,1,0,0,34.64053,1.55488,1,-0.75510,1,0.04388,0.25359,0.04506,0.00000,0.01629,cylinder,lift,0.2400,0.09272,-0.84093
no_calibrated_stack,material_shift_proxy,7,5,1,0.12296,0.05484,0.05484,0,0,0,38.24606,2.52872,1,0.80575,1,0.01725,0.26860,0.04677,0.00000,0.01219,cylinder,lift,0.2400,0.09628,-1.58577
no_calibrated_stack,material_shift_proxy,7,6,0,0.01154,0.04527,0.08373,1,0,0,38.89723,1.68062,1,-0.80444,1,0.05272,0.25669,0.01042,0.00000,0.02789,cylinder,lift,0.2400,0.09294,-0.63008
no_calibrated_stack,material_shift_proxy,7,7,0,0.01876,0.05161,0.08284,1,0,0,44.23435,2.38859,1,-0.80259,1,0.09428,0.25532,0.04642,0.00000,0.00717,cylinder,lift,0.2400,0.08658,0.61336
no_calibrated_stack,material_shift_proxy,7,8,1,0.10291,0.06689,0.06689,0,0,0,40.58283,2.43346,1,0.78064,1,0.02791,0.25780,0.04988,0.00000,0.00872,cylinder,lift,0.2400,0.09363,1.68029
no_calibrated_stack,material_shift_proxy,7,9,0,0.01205,0.08763,0.12558,1,0,0,38.29990,1.79370,1,-0.88000,1,0.01402,0.27433,0.04968,0.00000,0.00823,cylinder,lift,0.2400,0.09633,2.01785
no_calibrated_stack,material_shift_proxy,7,10,0,0.01177,0.02197,0.06021,1,0,0,38.58743,1.58624,1,-0.75543,1,0.06943,0.25480,0.01926,0.00000,0.02496,cylinder,lift,0.2400,0.09091,0.63748
no_calibrated_stack,material_shift_proxy,7,11,1,0.15561,0.08931,0.08931,0,0,0,37.38862,2.87078,1,0.73394,1,0.03626,0.33607,0.04344,0.00000,0.00504,cylinder,lift,0.2400,0.09896,-1.70690
no_calibrated_stack,material_shift_proxy,7,12,1,0.12564,0.03306,0.03306,0,0,0,41.30500,2.73339,1,0.85112,1,0.05185,0.25777,0.03882,0.00000,0.01035,cylinder,lift,0.2400,0.09130,-0.60874
no_calibrated_stack,material_shift_proxy,7,13,0,0.06478,0.02690,0.02690,1,0,0,40.35508,2.02982,1,-0.68604,1,0.01772,0.25623,0.04166,0.00000,0.00555,cylinder,lift,0.2400,0.09438,-2.55650
no_calibrated_stack,material_shift_proxy,7,14,1,0.16645,0.04795,0.04795,0,0,0,38.99788,3.25760,1,0.82011,1,0.03640,0.31713,0.00234,0.00000,0.01221,cylinder,lift,0.2400,0.09827,-0.14321
no_cem_fallback,combined_composition_shift,0,0,0,-0.00206,0.05950,0.11156,1,1,0,6.07011,0.67733,0,-1.18660,1,0.23137,0.13513,0.00000,0.00000,0.17311,t_shape,clutter_safe,0.3800,0.18000,-0.17400
no_cem_fallback,combined_composition_shift,0,1,0,-0.00206,0.03027,0.08232,1,1,0,48.19055,2.55113,0,-1.15151,1,0.21430,0.13590,0.00000,0.00000,0.12750,t_shape,clutter_safe,0.3800,0.18000,-2.80327
no_cem_fallback,combined_composition_shift,0,2,0,-0.00206,0.08345,0.13551,1,1,0,22.61010,0.68312,0,-1.20465,1,0.14071,0.12769,0.00000,0.00000,0.14878,t_shape,clutter_safe,0.3800,0.18000,-0.03426
no_cem_fallback,combined_composition_shift,0,3,0,-0.00265,0.03255,0.08520,1,1,0,49.12763,2.21022,0,-1.15750,1,0.20211,0.12872,0.00000,0.00000,0.12418,t_shape,clutter_safe,0.3800,0.18000,3.07098
no_cem_fallback,combined_composition_shift,0,4,0,0.12445,0.12819,0.12819,0,1,0,104.34923,7.28199,0,-0.68000,1,0.24554,0.13658,0.00000,0.00000,0.13388,t_shape,clutter_safe,0.3800,0.18000,0.21859
no_cem_fallback,combined_composition_shift,0,5,0,0.16105,0.04649,0.04649,0,1,0,53.27801,3.65323,0,-0.52684,1,0.19738,0.12619,0.00000,0.00000,0.10545,t_shape,clutter_safe,0.3800,0.18000,-2.84338
no_cem_fallback,combined_composition_shift,0,6,0,0.02497,0.06234,0.08737,1,1,0,59.76247,2.63434,0,-1.16201,1,0.19018,0.12878,0.00000,0.00000,0.10237,t_shape,clutter_safe,0.3800,0.18000,-0.07133
no_cem_fallback,combined_composition_shift,0,7,0,0.15584,0.04650,0.04650,0,1,0,79.49190,6.52882,0,-0.52688,1,0.13834,0.13059,0.00000,0.00000,0.12064,t_shape,clutter_safe,0.3800,0.18000,-0.18608
no_cem_fallback,combined_composition_shift,0,8,0,0.16237,0.04416,0.04416,0,1,0,78.99225,6.46736,0,-0.52199,1,0.18319,0.13100,0.00000,0.00000,0.12147,t_shape,clutter_safe,0.3800,0.18000,-0.15975
no_cem_fallback,combined_composition_shift,0,9,0,-0.00206,0.10891,0.16096,1,0,0,0.00000,0.57088,1,-0.84567,1,0.18078,0.13247,0.00000,0.00000,0.14818,t_shape,clutter_safe,0.3800,0.18000,-0.19011
no_cem_fallback,combined_composition_shift,0,10,0,0.15780,0.03984,0.03984,0,1,0,62.28029,5.14595,0,-0.51301,1,0.14894,0.13028,0.00000,0.00000,0.11157,t_shape,clutter_safe,0.3800,0.17677,-0.09988
no_cem_fallback,combined_composition_shift,0,11,0,0.15599,0.06480,0.06480,0,1,0,62.75170,5.05414,0,-0.56499,1,0.09891,0.13239,0.00000,0.00000,0.13359,t_shape,clutter_safe,0.3800,0.18000,-0.14212
no_cem_fallback,combined_composition_shift,0,12,0,-0.00206,0.04882,0.10087,1,1,0,40.60075,1.06895,0,-1.19016,1,0.17109,0.13171,0.00000,0.00000,0.13256,t_shape,clutter_safe,0.3800,0.18000,0.11040
no_cem_fallback,combined_composition_shift,0,13,0,-0.00206,0.10030,0.15236,1,1,0,0.00000,0.57374,0,-1.19590,1,0.05325,0.13422,0.03752,0.06253,0.13716,t_shape,clutter_safe,0.3800,0.18000,-0.33395
no_cem_fallback,combined_composition_shift,0,14,0,0.10718,0.10804,0.10804,0,1,0,64.69163,3.35461,0,-0.65509,1,0.16599,0.13394,0.00000,0.00000,0.11570,t_shape,clutter_safe,0.3800,0.18000,0.04509
no_cem_fallback,combined_composition_shift,1,0,0,-0.00206,0.14017,0.19223,1,0,0,6.62857,0.69632,1,-0.85571,1,0.09001,0.13289,0.01275,0.02125,0.11468,t_shape,clutter_safe,0.3800,0.18000,-0.14042
no_cem_fallback,combined_composition_shift,1,1,0,0.03135,0.08195,0.10060,1,1,0,22.88799,1.13171,0,-1.18959,1,0.21078,0.13707,0.00000,0.00000,0.12581,t_shape,clutter_safe,0.3800,0.18000,0.01506
no_cem_fallback,combined_composition_shift,1,2,0,0.12214,0.09428,0.09428,0,1,0,64.93723,3.86713,0,-0.62643,1,0.18712,0.13388,0.00000,0.00000,0.09203,t_shape,clutter_safe,0.3800,0.18000,-0.24677
no_cem_fallback,combined_composition_shift,1,3,0,0.15207,0.08374,0.08374,0,1,0,78.36885,6.20217,0,-0.60446,1,0.14027,0.13588,0.00000,0.00000,0.14024,t_shape,clutter_safe,0.3800,0.18000,-0.41589
no_cem_fallback,combined_composition_shift,1,4,0,0.10488,0.05183,0.05183,0,1,0,66.76216,4.43658,0,-0.53799,1,0.18272,0.13319,0.00000,0.00000,0.04796,t_shape,clutter_safe,0.3800,0.16617,0.13147
no_cem_fallback,combined_composition_shift,1,5,0,0.06397,0.04904,0.04904,1,1,0,61.18788,2.56017,0,-1.08218,1,0.23206,0.13584,0.00000,0.00000,0.15861,t_shape,clutter_safe,0.3800,0.18000,-0.05428
no_cem_fallback,combined_composition_shift,1,6,0,0.15229,0.10920,0.10920,0,1,0,64.88427,4.11311,0,-0.65749,1,0.13738,0.13441,0.00000,0.00000,0.13740,t_shape,clutter_safe,0.3800,0.18000,-2.71569
no_cem_fallback,combined_composition_shift,1,7,0,0.15361,0.08349,0.08349,0,1,0,77.67314,6.06426,0,-0.60393,1,0.19064,0.13635,0.00000,0.00000,0.11374,t_shape,clutter_safe,0.3800,0.18000,-3.11439
no_cem_fallback,combined_composition_shift,1,8,0,0.03636,0.06631,0.07996,1,1,0,43.08233,2.13491,0,-1.14657,1,0.17687,0.16744,0.14878,0.24796,0.03625,t_shape,clutter_safe,0.3800,0.15253,-1.48185
no_cem_fallback,combined_composition_shift,1,9,0,0.15661,0.02098,0.02098,0,1,0,65.68034,5.40301,0,-0.47371,1,0.11407,0.13017,0.00000,0.00000,0.11004,t_shape,clutter_safe,0.3800,0.18000,-0.22406
no_cem_fallback,combined_composition_shift,1,10,0,0.07478,0.04915,0.04915,0,1,0,43.03046,3.07127,0,-0.53239,1,0.24224,0.12673,0.00000,0.00000,0.19945,t_shape,clutter_safe,0.3800,0.18000,0.92198
no_cem_fallback,combined_composition_shift,1,11,0,0.13911,0.03779,0.03779,0,1,0,33.92264,1.49767,0,-0.50874,1,0.21569,0.13126,0.00000,0.00000,0.17109,t_shape,clutter_safe,0.3800,0.18000,-0.61747
no_cem_fallback,combined_composition_shift,1,12,0,-0.00206,0.28360,0.33566,1,1,0,76.01779,3.24118,0,-1.23000,1,0.15359,0.13368,0.00000,0.00000,0.14743,t_shape,clutter_safe,0.3800,0.18000,0.16658
no_cem_fallback,combined_composition_shift,1,13,0,0.04351,0.03594,0.04244,1,1,0,69.56404,2.91088,0,-1.06841,1,0.14389,0.12796,0.00000,0.00000,0.13768,t_shape,clutter_safe,0.3800,0.18000,0.22019
no_cem_fallback,combined_composition_shift,1,14,0,0.15265,0.05437,0.05437,0,1,0,52.54414,3.22277,0,-0.54326,1,0.14302,0.13635,0.00000,0.00000,0.11225,t_shape,clutter_safe,0.3800,0.18000,-3.01901
no_cem_fallback,combined_composition_shift,2,0,0,-0.00206,0.08362,0.13567,1,1,0,8.73122,0.62869,0,-1.20029,1,0.18394,0.13173,0.00000,0.00000,0.14616,t_shape,clutter_safe,0.3800,0.18000,-0.12917
no_cem_fallback,combined_composition_shift,2,1,0,-0.00206,0.12917,0.18123,1,0,0,5.25122,0.61781,1,-0.84942,1,0.20191,0.12735,0.00000,0.00000,0.12394,t_shape,clutter_safe,0.3800,0.18000,-0.01161
no_cem_fallback,combined_composition_shift,2,2,0,0.15367,0.12275,0.12275,0,1,0,79.04538,6.38958,0,-0.68000,1,0.17185,0.13770,0.00000,0.00000,0.09329,t_shape,clutter_safe,0.3800,0.18000,-0.16413
no_cem_fallback,combined_composition_shift,2,3,0,0.16171,0.06102,0.06102,0,1,0,70.41822,5.85861,0,-0.55713,1,0.12431,0.13223,0.00000,0.00000,0.12246,t_shape,clutter_safe,0.3800,0.18000,-0.24204
no_cem_fallback,combined_composition_shift,2,4,0,0.15679,0.03721,0.03721,0,1,0,83.62037,6.81686,0,-0.50752,1,0.18293,0.13093,0.00000,0.00000,0.12522,t_shape,clutter_safe,0.3800,0.18000,3.05367
no_cem_fallback,combined_composition_shift,2,5,0,0.11513,0.07742,0.07742,0,1,0,74.20661,4.19891,0,-0.59130,1,0.14425,0.13515,0.00000,0.00000,0.11874,t_shape,clutter_safe,0.3800,0.18000,-3.12515
no_cem_fallback,combined_composition_shift,2,6,0,0.01799,0.16960,0.20162,1,1,0,54.46593,2.77670,0,-1.23000,1,0.16940,0.13729,0.00000,0.00000,0.13302,t_shape,clutter_safe,0.3800,0.18000,0.13926
no_cem_fallback,combined_composition_shift,2,7,0,0.09176,0.06996,0.06996,0,1,0,44.07757,2.69223,0,-0.57574,1,0.19322,0.13378,0.00000,0.00000,0.11633,t_shape,clutter_safe,0.3800,0.18000,-0.15182
no_cem_fallback,combined_composition_shift,2,8,0,0.10420,0.07102,0.07102,0,1,0,70.83359,4.84312,0,-0.57795,1,0.16693,0.13648,0.00000,0.00000,0.13310,t_shape,clutter_safe,0.3800,0.18000,-0.05792
no_cem_fallback,combined_composition_shift,2,9,0,0.16209,0.10427,0.10427,0,1,0,67.83111,5.62892,0,-0.64723,1,0.14236,0.13671,0.00000,0.00000,0.07197,t_shape,clutter_safe,0.3800,0.17150,-0.25205
no_cem_fallback,combined_composition_shift,2,10,0,0.16111,0.04915,0.04915,0,1,0,54.30559,3.20686,0,-0.53239,1,0.17118,0.12848,0.00000,0.00000,0.12084,t_shape,clutter_safe,0.3800,0.18000,2.66828
no_cem_fallback,combined_composition_shift,2,11,1,0.15929,0.05153,0.05153,0,0,0,77.28512,6.42312,1,0.81264,1,0.15559,0.12988,0.00000,0.00000,0.11789,t_shape,clutter_safe,0.3800,0.18000,-0.24313
no_cem_fallback,combined_composition_shift,2,12,0,0.02068,0.04881,0.07813,1,1,0,59.89089,2.55842,0,-1.14276,1,0.19480,0.13019,0.00000,0.00000,0.13319,t_shape,clutter_safe,0.3800,0.18000,0.13699
no_cem_fallback,combined_composition_shift,2,13,0,0.16210,0.03509,0.03509,0,1,0,58.37722,4.71848,0,-0.50311,1,0.06077,0.12669,0.01842,0.03071,0.09500,t_shape,clutter_safe,0.3800,0.18000,-0.14131
no_cem_fallback,combined_composition_shift,2,14,0,0.15761,0.03793,0.03793,0,1,0,77.26244,6.26709,0,-0.50903,1,0.15847,0.13127,0.00000,0.00000,0.12627,t_shape,clutter_safe,0.3800,0.18000,-0.04404
no_cem_fallback,combined_composition_shift,3,0,0,0.16147,0.10678,0.10678,0,1,0,83.09347,6.85513,0,-0.65246,1,0.16886,0.13719,0.00000,0.00000,0.10775,t_shape,clutter_safe,0.3800,0.18000,3.01660
no_cem_fallback,combined_composition_shift,3,1,0,0.14831,0.04905,0.04905,0,1,0,49.76320,2.20002,0,-0.53220,1,0.21167,0.13133,0.07090,0.11817,0.15243,t_shape,clutter_safe,0.3800,0.18000,-0.08444
no_cem_fallback,combined_composition_shift,3,2,0,0.16008,0.11978,0.11978,0,1,0,79.62082,6.65179,0,-0.67954,1,0.14547,0.13734,0.00000,0.00000,0.10387,t_shape,clutter_safe,0.3800,0.18000,3.02732
no_cem_fallback,combined_composition_shift,3,3,0,0.15141,0.07701,0.07701,0,1,0,77.19109,5.93062,0,-0.59045,1,0.08999,0.13640,0.00000,0.00000,0.12700,t_shape,clutter_safe,0.3800,0.18000,0.00247
no_cem_fallback,combined_composition_shift,3,4,0,0.14848,0.11907,0.11907,0,1,0,71.24671,4.36287,0,-0.67806,1,0.19131,0.13524,0.03040,0.05066,0.10538,t_shape,clutter_safe,0.3800,0.18000,0.33040
no_cem_fallback,combined_composition_shift,3,5,0,-0.00206,0.04168,0.09374,1,1,0,60.43193,2.03009,0,-1.17530,1,0.05600,0.13667,0.00000,0.00000,0.12889,t_shape,clutter_safe,0.3800,0.18000,-0.13361
no_cem_fallback,combined_composition_shift,3,6,0,0.13875,0.00491,0.00491,0,1,0,49.57405,2.67184,0,-0.44023,1,0.13189,0.12799,0.00000,0.00000,0.14785,t_shape,clutter_safe,0.3800,0.18000,-0.21916
no_cem_fallback,combined_composition_shift,3,7,0,-0.00206,0.05064,0.10269,1,1,0,20.15492,1.15148,0,-1.19395,1,0.11761,0.12758,0.00000,0.00000,0.11845,t_shape,clutter_safe,0.3800,0.18000,-0.28168
no_cem_fallback,combined_composition_shift,3,8,1,0.16317,0.05168,0.05168,0,0,0,57.83583,4.67974,1,0.81233,1,0.04125,0.12736,0.00000,0.00000,0.11136,t_shape,clutter_safe,0.3800,0.18000,-0.14973
no_cem_fallback,combined_composition_shift,3,9,0,0.12605,0.05515,0.05515,0,1,0,50.30861,2.89874,0,-0.54489,1,0.26951,0.32151,0.00000,0.00000,0.16439,t_shape,clutter_safe,0.3800,0.18000,-2.67237
no_cem_fallback,combined_composition_shift,3,10,0,-0.00206,0.08743,0.13949,1,1,0,25.56317,0.71134,0,-1.20691,1,0.18309,0.12762,0.00000,0.00000,0.15861,t_shape,clutter_safe,0.3800,0.18000,3.03623
no_cem_fallback,combined_composition_shift,3,11,0,0.16109,0.00136,0.00136,0,1,0,71.78514,5.94232,0,-0.43283,1,0.08986,0.12846,0.00000,0.00000,0.09334,t_shape,clutter_safe,0.3800,0.18000,-0.02295
no_cem_fallback,combined_composition_shift,3,12,0,0.11107,0.03426,0.03426,0,1,0,72.19879,5.02470,0,-0.50137,1,0.23107,0.13233,0.00000,0.00000,0.12027,t_shape,clutter_safe,0.3800,0.18000,0.15347
no_cem_fallback,combined_composition_shift,3,13,1,0.13955,0.07571,0.07571,0,0,0,100.52664,5.95284,1,0.76227,1,0.16496,0.12903,0.00000,0.00000,0.11340,t_shape,clutter_safe,0.3800,0.18000,0.17932
no_cem_fallback,combined_composition_shift,3,14,0,-0.00206,0.11353,0.16558,1,0,0,2.01346,0.54021,1,-0.84322,1,0.14667,0.12810,0.00000,0.00000,0.10284,t_shape,clutter_safe,0.3800,0.18000,-0.02451
no_cem_fallback,combined_composition_shift,4,0,0,-0.00206,0.11772,0.16978,1,1,0,6.05373,0.61339,0,-1.19907,1,0.15318,0.12774,0.13763,0.22938,0.15565,t_shape,clutter_safe,0.3800,0.18000,1.82152
no_cem_fallback,combined_composition_shift,4,1,0,0.15308,0.12157,0.12157,0,1,0,60.42230,5.01803,0,-0.68000,1,0.08276,0.13737,0.00000,0.00000,0.11601,t_shape,clutter_safe,0.3800,0.18000,0.13456
no_cem_fallback,combined_composition_shift,4,2,0,0.04034,0.03733,0.04698,1,1,0,49.12908,2.23802,0,-1.07788,1,0.16149,0.12689,0.00000,0.00000,0.12729,t_shape,clutter_safe,0.3800,0.18000,-0.13388
no_cem_fallback,combined_composition_shift,4,3,0,-0.00206,0.06409,0.11615,1,0,0,3.23070,0.57552,1,-0.83802,1,0.22262,0.12806,0.18933,0.31556,0.14307,t_shape,clutter_safe,0.3800,0.18000,0.07773
no_cem_fallback,combined_composition_shift,4,4,0,0.03834,0.19447,0.20613,1,1,0,77.30420,5.13844,0,-1.23000,1,0.10546,0.13702,0.00000,0.00000,0.10692,t_shape,clutter_safe,0.3800,0.18000,3.12566
no_cem_fallback,combined_composition_shift,4,5,0,-0.00207,0.07400,0.12607,1,1,0,56.98965,2.00549,0,-1.23000,1,0.06349,0.13724,0.00000,0.00000,0.10225,t_shape,clutter_safe,0.3800,0.18000,-2.91910
no_cem_fallback,combined_composition_shift,4,6,0,0.15334,0.08397,0.08397,0,1,0,79.93759,6.50163,0,-0.60494,1,0.23589,0.13363,0.00000,0.00000,0.12530,t_shape,clutter_safe,0.3800,0.18000,-2.96722
no_cem_fallback,combined_composition_shift,4,7,0,-0.00206,0.08087,0.13293,1,1,0,10.35388,0.62080,0,-1.19966,1,0.14190,0.12664,0.11171,0.18619,0.14273,t_shape,clutter_safe,0.3800,0.18000,0.02426
no_cem_fallback,combined_composition_shift,4,8,1,0.16226,0.02109,0.02109,0,0,0,67.75522,5.62361,1,0.87606,1,0.12553,0.12914,0.00000,0.00000,0.16256,t_shape,clutter_safe,0.3800,0.18000,-0.19572
no_cem_fallback,combined_composition_shift,4,9,0,0.01715,0.03283,0.06568,1,1,0,33.10875,2.17163,0,-1.11684,1,0.23800,0.12687,0.00000,0.00000,0.16971,t_shape,clutter_safe,0.3800,0.18000,-0.09728
no_cem_fallback,combined_composition_shift,4,10,0,0.02731,0.02058,0.04327,1,1,0,62.60053,2.92137,0,-1.07016,1,0.13873,0.12700,0.00000,0.00000,0.12007,t_shape,clutter_safe,0.3800,0.18000,-3.14034
no_cem_fallback,combined_composition_shift,4,11,0,0.03902,0.05026,0.06124,1,1,0,37.46900,1.67933,0,-1.10759,1,0.10923,0.13241,0.00000,0.00000,0.12767,t_shape,clutter_safe,0.3800,0.18000,0.00289
no_cem_fallback,combined_composition_shift,4,12,0,0.13288,0.06836,0.06836,0,1,0,38.52771,2.17860,0,-0.57242,1,0.15613,0.13454,0.00000,0.00000,0.11827,t_shape,clutter_safe,0.3800,0.18000,-0.30060
no_cem_fallback,combined_composition_shift,4,13,0,-0.00206,0.16695,0.21901,1,0,0,5.22537,0.67221,1,-0.85378,1,0.15040,0.13582,0.00000,0.00000,0.10391,t_shape,clutter_safe,0.3800,0.18000,0.15094
no_cem_fallback,combined_composition_shift,4,14,0,0.15593,0.02255,0.02255,0,1,0,63.80434,5.17736,0,-0.47698,1,0.07719,0.13027,0.00000,0.00000,0.11422,t_shape,clutter_safe,0.3800,0.18000,-0.11666
no_cem_fallback,combined_composition_shift,5,0,0,0.03112,0.05161,0.07049,1,1,0,58.05105,2.44173,0,-1.12685,1,0.18982,0.13146,0.00000,0.00000,0.15407,t_shape,clutter_safe,0.3800,0.18000,-0.17476
no_cem_fallback,combined_composition_shift,5,1,0,-0.00206,0.06066,0.11272,1,1,0,64.21726,2.87208,0,-1.21484,1,0.19591,0.13726,0.00000,0.00000,0.12995,t_shape,clutter_safe,0.3800,0.18000,2.88770
no_cem_fallback,combined_composition_shift,5,2,0,-0.00206,0.05047,0.10253,1,1,0,36.87813,1.39132,0,-1.19360,1,0.09293,0.13376,0.00000,0.00000,0.14525,t_shape,clutter_safe,0.3800,0.18000,0.02970
no_cem_fallback,combined_composition_shift,5,3,0,-0.00206,0.08444,0.13650,1,0,0,6.61588,0.57898,1,-0.84632,1,0.14410,0.13018,0.17711,0.29518,0.11640,t_shape,clutter_safe,0.3800,0.18000,2.84752
no_cem_fallback,combined_composition_shift,5,4,0,-0.00206,0.10472,0.15678,1,1,0,49.52804,1.14313,0,-1.23000,1,0.05845,0.13455,0.05087,0.08478,0.14212,t_shape,clutter_safe,0.3800,0.18000,-0.16529
no_cem_fallback,combined_composition_shift,5,5,0,0.16102,0.07640,0.07640,0,1,0,66.96709,5.14008,0,-0.58917,1,0.10757,0.13579,0.00000,0.00000,0.14340,t_shape,clutter_safe,0.3800,0.18000,0.23330
no_cem_fallback,combined_composition_shift,5,6,0,0.16122,0.08642,0.08642,0,1,0,68.10463,5.46438,0,-0.61003,1,0.11467,0.13644,0.00000,0.00000,0.13508,t_shape,clutter_safe,0.3800,0.17980,-0.14283
no_cem_fallback,combined_composition_shift,5,7,1,0.16089,0.02744,0.02744,0,0,0,75.76720,6.23621,1,0.86283,1,0.18102,0.12812,0.00000,0.00000,0.11661,t_shape,clutter_safe,0.3800,0.18000,-0.14079
no_cem_fallback,combined_composition_shift,5,8,0,-0.00206,0.08981,0.14187,1,1,0,46.42120,1.27548,0,-1.23000,1,0.22640,0.13194,0.00000,0.00000,0.13615,t_shape,clutter_safe,0.3800,0.18000,-0.39387
no_cem_fallback,combined_composition_shift,5,9,0,0.07206,0.01534,0.01534,0,1,0,44.31264,2.86956,0,-0.46196,1,0.18548,0.12720,0.00000,0.00000,0.09752,t_shape,clutter_safe,0.3800,0.17973,0.06751
no_cem_fallback,combined_composition_shift,5,10,0,0.12032,0.09964,0.09964,0,1,0,80.68085,5.25573,0,-0.63758,1,0.15119,0.13420,0.00000,0.00000,0.12195,t_shape,clutter_safe,0.3800,0.18000,0.25001
no_cem_fallback,combined_composition_shift,5,11,0,0.10239,0.07656,0.07656,0,1,0,60.53128,3.51628,0,-0.58950,1,0.15480,0.13352,0.00000,0.00000,0.13355,t_shape,clutter_safe,0.3800,0.18000,0.12220
no_cem_fallback,combined_composition_shift,5,12,0,0.14991,0.09175,0.09175,0,1,0,81.05528,6.12405,0,-0.62114,1,0.15474,0.13687,0.00000,0.00000,0.11274,t_shape,clutter_safe,0.3800,0.18000,2.99239
no_cem_fallback,combined_composition_shift,5,13,0,0.11725,0.02350,0.02350,0,1,0,98.76485,5.08463,0,-0.47895,1,0.21114,0.13092,0.00000,0.00000,0.12144,t_shape,clutter_safe,0.3800,0.18000,-0.06808
no_cem_fallback,combined_composition_shift,5,14,0,-0.00206,0.02260,0.07466,1,1,0,58.29651,2.73738,0,-1.13554,1,0.20933,0.13542,0.00000,0.00000,0.12936,t_shape,clutter_safe,0.3800,0.18000,3.08306
no_cem_fallback,combined_composition_shift,6,0,0,-0.00206,0.00924,0.06130,1,1,0,60.21938,2.60420,0,-1.10771,1,0.16661,0.13364,0.01443,0.02404,0.10827,t_shape,clutter_safe,0.3800,0.18000,-0.40294
no_cem_fallback,combined_composition_shift,6,1,1,0.15957,0.09845,0.09845,0,0,0,56.61927,4.71021,1,0.71490,1,0.02628,0.14309,0.02169,0.03615,0.11376,t_shape,clutter_safe,0.3800,0.18000,-0.01275
no_cem_fallback,combined_composition_shift,6,2,0,-0.00206,0.10807,0.16013,1,1,0,8.29337,0.64384,0,-1.20151,1,0.20862,0.13089,0.00000,0.00000,0.14967,t_shape,clutter_safe,0.3800,0.18000,-0.01650
no_cem_fallback,combined_composition_shift,6,3,0,-0.00206,0.03486,0.08692,1,1,0,48.33065,2.12394,0,-1.16109,1,0.20697,0.13767,0.00000,0.00000,0.11027,t_shape,clutter_safe,0.3800,0.18000,-0.14877
no_cem_fallback,combined_composition_shift,6,4,0,-0.00206,0.08679,0.13885,1,1,0,12.33526,0.76294,0,-1.21104,1,0.25751,0.12917,0.00000,0.00000,0.15066,t_shape,clutter_safe,0.3800,0.18000,-2.82089
no_cem_fallback,combined_composition_shift,6,5,1,0.16226,0.00314,0.00314,0,0,0,65.22219,5.40384,1,0.91345,1,0.10573,0.12618,0.00000,0.00000,0.06593,t_shape,clutter_safe,0.3800,0.16949,3.05047
no_cem_fallback,combined_composition_shift,6,6,0,0.16220,0.02096,0.02096,0,1,0,65.86310,5.36444,0,-0.47366,1,0.12699,0.13051,0.00000,0.00000,0.11497,t_shape,clutter_safe,0.3800,0.18000,-0.00074
no_cem_fallback,combined_composition_shift,6,7,0,0.15668,0.09398,0.09398,0,1,0,48.52034,3.24643,0,-0.62580,1,0.08001,0.13175,0.00000,0.00000,0.16862,t_shape,clutter_safe,0.3800,0.18000,0.25922
no_cem_fallback,combined_composition_shift,6,8,0,-0.00206,0.08481,0.13687,1,1,0,81.83576,2.88070,0,-1.23000,1,0.20587,0.13697,0.00000,0.00000,0.17841,t_shape,clutter_safe,0.3800,0.18000,-0.13612
no_cem_fallback,combined_composition_shift,6,9,0,0.15659,0.06686,0.06686,0,1,0,50.85875,3.57957,0,-0.56930,1,0.10572,0.12883,0.00000,0.00000,0.11312,t_shape,clutter_safe,0.3800,0.18000,0.19317
no_cem_fallback,combined_composition_shift,6,10,0,0.12294,0.04963,0.04963,0,1,0,70.99468,3.94302,0,-0.53340,1,0.18942,0.12607,0.00000,0.00000,0.10553,t_shape,clutter_safe,0.3800,0.18000,3.05082
no_cem_fallback,combined_composition_shift,6,11,0,0.10913,0.05604,0.05604,0,1,0,57.86432,3.74523,0,-0.54675,1,0.14728,0.16545,0.00457,0.00761,0.13056,t_shape,clutter_safe,0.3800,0.18000,-2.99114
no_cem_fallback,combined_composition_shift,6,12,0,0.15902,0.01796,0.01796,0,1,0,64.54422,5.30223,0,-0.46742,1,0.06271,0.12827,0.00000,0.00000,0.08753,t_shape,clutter_safe,0.3800,0.17640,3.01592
no_cem_fallback,combined_composition_shift,6,13,0,0.16200,0.00428,0.00428,0,1,0,62.65128,5.07986,0,-0.43892,1,0.16052,0.12676,0.00000,0.00000,0.11976,t_shape,clutter_safe,0.3800,0.17687,0.23692
no_cem_fallback,combined_composition_shift,6,14,0,0.02438,0.01226,0.03787,1,1,0,42.75037,2.07038,0,-1.05890,1,0.15861,0.13786,0.00000,0.00000,0.11354,t_shape,clutter_safe,0.3800,0.17314,-2.61818
no_cem_fallback,combined_composition_shift,7,0,0,0.15764,0.07948,0.07948,0,1,0,47.24416,3.13288,0,-0.59557,1,0.15124,0.13046,0.12457,0.20762,0.10761,t_shape,clutter_safe,0.3800,0.18000,0.27157
no_cem_fallback,combined_composition_shift,7,1,1,0.16171,0.08692,0.08692,0,0,0,75.02761,6.27919,1,0.73892,1,0.10688,0.13461,0.00000,0.00000,0.10128,t_shape,clutter_safe,0.3800,0.18000,-0.05180
no_cem_fallback,combined_composition_shift,7,2,0,-0.00207,0.03638,0.08845,1,1,0,56.63168,2.45686,0,-1.16427,1,0.11256,0.12793,0.00000,0.00000,0.11543,t_shape,clutter_safe,0.3800,0.18000,2.80328
no_cem_fallback,combined_composition_shift,7,3,0,0.10106,0.08571,0.08571,0,1,0,61.13008,3.27940,0,-0.60856,1,0.12750,0.13574,0.00000,0.00000,0.11426,t_shape,clutter_safe,0.3800,0.18000,-0.38063
no_cem_fallback,combined_composition_shift,7,4,0,-0.00206,0.10024,0.15230,1,1,0,0.00000,0.60174,0,-1.19814,1,0.12451,0.13730,0.09350,0.15583,0.09690,t_shape,clutter_safe,0.3800,0.18000,2.93805
no_cem_fallback,combined_composition_shift,7,5,0,0.16319,0.03837,0.03837,0,1,0,51.11092,4.10780,0,-0.50993,1,0.20383,0.13026,0.00000,0.00000,0.12481,t_shape,clutter_safe,0.3800,0.18000,0.36409
no_cem_fallback,combined_composition_shift,7,6,0,0.09949,0.05436,0.05436,0,1,0,66.48817,5.20214,0,-0.54324,1,0.24817,0.13294,0.00000,0.00000,0.13641,t_shape,clutter_safe,0.3800,0.18000,3.13392
no_cem_fallback,combined_composition_shift,7,7,0,0.15110,0.04555,0.04555,0,1,0,72.61106,5.61649,0,-0.52489,1,0.07717,0.13346,0.00000,0.00000,0.10755,t_shape,clutter_safe,0.3800,0.18000,-0.18557
no_cem_fallback,combined_composition_shift,7,8,0,0.15594,0.04637,0.04637,0,1,0,37.24259,3.11109,0,-0.52661,1,0.21108,0.12711,0.00000,0.00000,0.10530,t_shape,clutter_safe,0.3800,0.18000,0.30658
no_cem_fallback,combined_composition_shift,7,9,0,0.07508,0.04329,0.04329,0,1,0,40.08135,2.84377,0,-0.52020,1,0.19215,0.12707,0.02743,0.04572,0.03094,t_shape,clutter_safe,0.3800,0.16520,0.12659
no_cem_fallback,combined_composition_shift,7,10,0,0.15932,0.07145,0.07145,0,1,0,65.53592,5.42324,0,-0.57885,1,0.11819,0.13219,0.00000,0.00000,0.12271,t_shape,clutter_safe,0.3800,0.18000,0.04698
no_cem_fallback,combined_composition_shift,7,11,0,-0.00206,0.07280,0.12486,1,1,0,47.72816,1.35678,0,-1.23000,1,0.14023,0.13219,0.04374,0.07290,0.19767,t_shape,clutter_safe,0.3800,0.18000,0.32146
no_cem_fallback,combined_composition_shift,7,12,0,-0.00206,0.06658,0.11863,1,1,0,17.89056,0.69506,0,-1.20276,1,0.22720,0.13086,0.00000,0.00000,0.13820,t_shape,clutter_safe,0.3800,0.18000,-0.20177
no_cem_fallback,combined_composition_shift,7,13,0,0.15695,0.03328,0.03328,0,1,0,70.24357,5.70039,0,-0.49933,1,0.12392,0.13072,0.00000,0.00000,0.05671,t_shape,clutter_safe,0.3800,0.16908,-3.11763
no_cem_fallback,combined_composition_shift,7,14,0,0.15941,0.02647,0.02647,0,1,0,39.94945,3.28167,0,-0.48514,1,0.14850,0.12934,0.00000,0.00000,0.09406,t_shape,clutter_safe,0.3800,0.18000,0.15819
no_cem_fallback,adversarial_clutter_gap,0,0,0,-0.00206,0.13198,0.18404,1,1,0,1.32707,0.54630,0,-1.19370,1,0.22512,0.05462,0.07078,0.11796,0.14387,t_shape,clutter_safe,0.4600,0.18000,-1.26540
no_cem_fallback,adversarial_clutter_gap,0,1,0,0.04970,0.05177,0.05207,1,1,0,46.00493,3.10444,0,-1.08849,1,0.21587,0.05470,0.00000,0.00000,0.11368,t_shape,clutter_safe,0.4600,0.18000,0.21604
no_cem_fallback,adversarial_clutter_gap,0,2,0,0.13787,0.08742,0.08742,0,1,0,127.42446,8.13227,0,-0.61212,1,0.25045,0.06437,0.00000,0.00000,0.13125,t_shape,clutter_safe,0.4600,0.18000,-0.25460
no_cem_fallback,adversarial_clutter_gap,0,3,0,0.03194,0.03051,0.04857,1,1,0,78.88559,3.65845,0,-1.08118,1,0.17313,0.06176,0.00000,0.00000,0.16221,t_shape,clutter_safe,0.4600,0.18000,-0.64563
no_cem_fallback,adversarial_clutter_gap,0,4,0,0.08060,0.03546,0.03546,0,1,0,77.96436,4.80558,0,-0.50388,1,0.23385,0.06045,0.00000,0.00000,0.11617,t_shape,clutter_safe,0.4600,0.18000,-0.23192
no_cem_fallback,adversarial_clutter_gap,0,5,0,0.06007,0.05485,0.05485,1,1,0,123.79876,4.95489,0,-1.09428,1,0.23623,0.06335,0.00000,0.00000,0.12534,t_shape,clutter_safe,0.4600,0.18000,-0.32761
no_cem_fallback,adversarial_clutter_gap,0,6,0,-0.00206,0.04668,0.09874,1,1,0,45.81547,2.32346,0,-1.18571,1,0.20193,0.05947,0.00000,0.00000,0.15986,t_shape,clutter_safe,0.4600,0.18000,2.18783
no_cem_fallback,adversarial_clutter_gap,0,7,0,0.12624,0.02001,0.02001,0,1,0,91.41448,7.27439,0,-0.47169,1,0.29147,0.05518,0.00000,0.00000,0.15150,t_shape,clutter_safe,0.4600,0.18000,-2.78361
no_cem_fallback,adversarial_clutter_gap,0,8,0,-0.00206,0.04329,0.09535,1,1,0,35.75345,1.88059,0,-1.17864,1,0.18506,0.07067,0.00000,0.00000,0.04997,t_shape,clutter_safe,0.4600,0.14615,-1.38424
no_cem_fallback,adversarial_clutter_gap,0,9,0,0.02834,0.04086,0.06252,1,1,0,29.16682,1.84488,0,-1.11025,1,0.11501,0.05707,0.09700,0.16166,0.11232,t_shape,clutter_safe,0.4600,0.18000,0.28243
no_cem_fallback,adversarial_clutter_gap,0,10,0,-0.00206,0.06167,0.11373,1,1,0,17.61971,0.87103,0,-1.20662,1,0.16449,0.05951,0.00000,0.00000,0.11050,t_shape,clutter_safe,0.4600,0.18000,0.10464
no_cem_fallback,adversarial_clutter_gap,0,11,0,0.03588,0.10000,0.11413,1,1,0,13.89433,0.90085,0,-1.20983,1,0.14341,0.06129,0.00000,0.00000,0.11762,t_shape,clutter_safe,0.4600,0.18000,-1.29255
no_cem_fallback,adversarial_clutter_gap,0,12,0,-0.00206,0.02085,0.07291,1,0,0,2.02968,0.57565,1,-0.74795,1,0.19854,0.06107,0.00000,0.00000,0.19017,t_shape,clutter_safe,0.4600,0.18000,-2.08321
no_cem_fallback,adversarial_clutter_gap,0,13,0,0.07360,0.04326,0.04326,0,1,0,52.67138,4.02291,0,-0.52012,1,0.19207,0.05422,0.00000,0.00000,0.13141,t_shape,clutter_safe,0.4600,0.18000,3.13512
no_cem_fallback,adversarial_clutter_gap,0,14,0,0.02460,0.03859,0.06398,1,1,0,43.46929,2.60241,0,-1.11330,1,0.19054,0.05853,0.00000,0.00000,0.10034,t_shape,clutter_safe,0.4600,0.18000,-2.71383
no_cem_fallback,adversarial_clutter_gap,1,0,0,0.16345,0.01778,0.01778,0,1,0,72.82132,5.82562,0,-0.46703,1,0.13722,0.05871,0.00000,0.00000,0.15565,t_shape,clutter_safe,0.4600,0.17851,-0.20692
no_cem_fallback,adversarial_clutter_gap,1,1,0,0.10668,0.05388,0.05388,0,1,0,66.40322,4.07375,0,-0.54225,1,0.16724,0.06188,0.15780,0.26299,0.11654,t_shape,clutter_safe,0.4600,0.18000,-0.14801
no_cem_fallback,adversarial_clutter_gap,1,2,0,0.13960,0.05967,0.05967,0,1,0,77.04891,4.37931,0,-0.55431,1,0.25319,0.05405,0.00000,0.00000,0.12154,t_shape,clutter_safe,0.4600,0.18000,2.92833
no_cem_fallback,adversarial_clutter_gap,1,3,0,0.07116,0.03925,0.03925,0,1,0,57.12363,2.81598,0,-0.51178,1,0.19194,0.05847,0.00000,0.00000,0.11314,t_shape,clutter_safe,0.4600,0.18000,-0.26095
no_cem_fallback,adversarial_clutter_gap,1,4,0,0.11169,0.06476,0.06476,0,1,0,76.86406,4.22111,0,-0.56491,1,0.15479,0.05858,0.05105,0.08508,0.09124,t_shape,clutter_safe,0.4600,0.18000,0.31569
no_cem_fallback,adversarial_clutter_gap,1,5,0,0.12619,0.07677,0.07677,0,1,0,65.71753,3.73612,0,-0.58994,1,0.11796,0.05972,0.00000,0.00000,0.11448,t_shape,clutter_safe,0.4600,0.18000,-2.82754
no_cem_fallback,adversarial_clutter_gap,1,6,0,-0.00206,0.03153,0.08358,1,1,0,39.36827,1.89461,0,-1.15413,1,0.15647,0.06188,0.00000,0.00000,0.12174,t_shape,clutter_safe,0.4600,0.18000,-0.15487
no_cem_fallback,adversarial_clutter_gap,1,7,0,-0.00206,0.07652,0.12858,1,1,0,58.57002,2.28949,0,-1.23000,1,0.24502,0.06469,0.00000,0.00000,0.05093,t_shape,clutter_safe,0.4600,0.15602,1.44408
no_cem_fallback,adversarial_clutter_gap,1,8,0,-0.00206,0.07200,0.12405,1,1,0,32.82994,2.27523,0,-1.23000,1,0.27713,0.05742,0.00000,0.00000,0.06704,t_shape,clutter_safe,0.4600,0.13945,-1.26290
no_cem_fallback,adversarial_clutter_gap,1,9,0,0.01187,0.16834,0.20646,1,1,0,55.66000,3.07813,0,-1.23000,1,0.23834,0.06136,0.00000,0.00000,0.04917,t_shape,clutter_safe,0.4600,0.16022,-2.79280
no_cem_fallback,adversarial_clutter_gap,1,10,0,0.02187,0.03177,0.05990,1,1,0,56.04658,3.40193,0,-1.10480,1,0.21427,0.05568,0.00000,0.00000,0.12494,t_shape,clutter_safe,0.4600,0.18000,0.42075
no_cem_fallback,adversarial_clutter_gap,1,11,0,0.05715,0.04339,0.04339,1,1,0,103.18386,4.90690,0,-1.07040,1,0.18421,0.05765,0.00000,0.00000,0.10742,t_shape,clutter_safe,0.4600,0.18000,0.00421
no_cem_fallback,adversarial_clutter_gap,1,12,0,0.07401,0.03177,0.03177,0,1,0,93.49826,3.79445,0,-0.49619,1,0.17334,0.05817,0.00000,0.00000,0.09945,t_shape,clutter_safe,0.4600,0.17571,-2.88725
no_cem_fallback,adversarial_clutter_gap,1,13,0,-0.00206,0.05720,0.10926,1,1,0,24.83080,0.84764,0,-1.19544,1,0.08724,0.05591,0.18331,0.30552,0.13140,t_shape,clutter_safe,0.4600,0.18000,-0.16313
no_cem_fallback,adversarial_clutter_gap,1,14,0,-0.00206,0.01896,0.07101,1,1,0,33.70108,1.62901,0,-1.12795,1,0.20411,0.05990,0.05861,0.09769,0.02086,t_shape,clutter_safe,0.4600,0.15621,1.32005
no_cem_fallback,adversarial_clutter_gap,2,0,0,0.14792,0.05289,0.05289,0,1,0,87.26263,6.98167,0,-0.54018,1,0.17967,0.06111,0.00000,0.00000,0.13114,t_shape,clutter_safe,0.4600,0.18000,-0.21589
no_cem_fallback,adversarial_clutter_gap,2,1,0,0.05616,0.09921,0.09921,1,1,0,69.16999,3.48610,0,-1.18668,1,0.16891,0.06455,0.00000,0.00000,0.11564,t_shape,clutter_safe,0.4600,0.18000,-0.07873
no_cem_fallback,adversarial_clutter_gap,2,2,0,-0.00206,0.05778,0.10984,1,1,0,22.12261,0.83543,0,-1.19567,1,0.20067,0.05846,0.00000,0.00000,0.12655,t_shape,clutter_safe,0.4600,0.18000,0.01007
no_cem_fallback,adversarial_clutter_gap,2,3,0,-0.00206,0.03830,0.09036,1,1,0,20.67095,1.10357,0,-1.16825,1,0.22174,0.05516,0.00000,0.00000,0.12966,t_shape,clutter_safe,0.4600,0.18000,-1.11444
no_cem_fallback,adversarial_clutter_gap,2,4,0,0.03090,0.07634,0.09544,1,1,0,21.20475,0.67215,0,-1.15260,1,0.17552,0.06424,0.00000,0.00000,0.20378,t_shape,clutter_safe,0.4600,0.18000,-0.14450
no_cem_fallback,adversarial_clutter_gap,2,5,0,-0.00206,0.03638,0.08844,1,1,0,33.07821,1.86531,0,-1.16426,1,0.24542,0.05611,0.00000,0.00000,0.03918,t_shape,clutter_safe,0.4600,0.15226,1.83447
no_cem_fallback,adversarial_clutter_gap,2,6,0,-0.00206,0.11116,0.16322,1,1,0,6.46508,0.67375,0,-1.20390,1,0.19909,0.06324,0.00000,0.00000,0.11372,t_shape,clutter_safe,0.4600,0.18000,-0.00828
no_cem_fallback,adversarial_clutter_gap,2,7,0,0.00589,0.09247,0.13658,1,1,0,43.16371,2.78008,0,-1.23000,1,0.15046,0.08778,0.00000,0.00000,0.11956,t_shape,clutter_safe,0.4600,0.18000,2.82180
no_cem_fallback,adversarial_clutter_gap,2,8,0,0.05363,0.04119,0.04119,1,1,0,77.94461,3.78753,0,-1.06580,1,0.18154,0.05506,0.07074,0.11790,0.09806,t_shape,clutter_safe,0.4600,0.18000,-2.80687
no_cem_fallback,adversarial_clutter_gap,2,9,0,-0.00206,0.04083,0.09289,1,1,0,9.03831,0.64369,0,-1.14501,1,0.14896,0.06156,0.00000,0.00000,0.11727,t_shape,clutter_safe,0.4600,0.18000,-1.37254
no_cem_fallback,adversarial_clutter_gap,2,10,0,0.04409,0.06985,0.07576,1,1,0,64.12958,3.15440,0,-1.13783,1,0.19826,0.06335,0.09164,0.15274,0.13171,t_shape,clutter_safe,0.4600,0.18000,0.56679
no_cem_fallback,adversarial_clutter_gap,2,11,0,0.07105,0.06860,0.06860,0,1,0,88.07563,4.80756,0,-0.57293,1,0.20005,0.06067,0.00000,0.00000,0.11852,t_shape,clutter_safe,0.4600,0.18000,-2.88146
no_cem_fallback,adversarial_clutter_gap,2,12,0,0.10864,0.08521,0.08521,0,1,0,95.83635,6.06381,0,-0.60753,1,0.16487,0.06140,0.00000,0.00000,0.09731,t_shape,clutter_safe,0.4600,0.18000,0.11757
no_cem_fallback,adversarial_clutter_gap,2,13,0,-0.00206,0.04676,0.09881,1,1,0,19.68788,0.84358,0,-1.17335,1,0.16567,0.06245,0.00000,0.00000,0.14141,t_shape,clutter_safe,0.4600,0.18000,3.06468
no_cem_fallback,adversarial_clutter_gap,2,14,0,0.15648,0.07681,0.07681,0,1,0,74.42022,6.15750,0,-0.59002,1,0.12449,0.06051,0.00000,0.00000,0.10744,t_shape,clutter_safe,0.4600,0.18000,0.01685
no_cem_fallback,adversarial_clutter_gap,3,0,0,0.01121,0.07759,0.11639,1,1,0,25.45917,1.99947,0,-1.22247,1,0.18242,0.05466,0.04264,0.07107,0.14795,t_shape,clutter_safe,0.4600,0.18000,0.98548
no_cem_fallback,adversarial_clutter_gap,3,1,0,0.08680,0.03923,0.03923,0,1,0,65.70358,5.22398,0,-0.51173,1,0.22777,0.05665,0.00000,0.00000,0.10557,t_shape,clutter_safe,0.4600,0.18000,3.13834
no_cem_fallback,adversarial_clutter_gap,3,2,0,0.04169,0.03144,0.03975,1,1,0,78.54251,3.75634,0,-1.06281,1,0.25962,0.05925,0.00000,0.00000,0.12300,t_shape,clutter_safe,0.4600,0.18000,-2.88006
no_cem_fallback,adversarial_clutter_gap,3,3,0,-0.00754,0.21970,0.27725,1,1,0,62.42610,3.29833,0,-1.23000,1,0.26007,0.06122,0.00000,0.00000,0.10240,t_shape,clutter_safe,0.4600,0.16451,-0.17890
no_cem_fallback,adversarial_clutter_gap,3,4,0,0.06805,0.06017,0.06017,1,1,0,48.49923,2.73056,0,-1.10535,1,0.17427,0.06105,0.00000,0.00000,0.12579,t_shape,clutter_safe,0.4600,0.18000,0.16334
no_cem_fallback,adversarial_clutter_gap,3,5,0,-0.00206,0.02253,0.07459,1,1,0,33.82941,2.06744,0,-1.13539,1,0.19478,0.05757,0.00000,0.00000,0.10162,t_shape,clutter_safe,0.4600,0.18000,-0.31328
no_cem_fallback,adversarial_clutter_gap,3,6,0,0.04145,0.11540,0.12395,1,1,0,56.31138,2.90904,0,-1.23000,1,0.15580,0.06095,0.00000,0.00000,0.10122,t_shape,clutter_safe,0.4600,0.18000,-0.14470
no_cem_fallback,adversarial_clutter_gap,3,7,0,0.02028,0.06842,0.09814,1,1,0,29.07054,2.40065,0,-1.18446,1,0.15303,0.05546,0.00000,0.00000,0.12162,t_shape,clutter_safe,0.4600,0.18000,1.21892
no_cem_fallback,adversarial_clutter_gap,3,8,0,-0.00206,0.12900,0.18106,1,1,0,0.00000,0.57495,0,-1.19600,1,0.22756,0.06234,0.11239,0.18731,0.15799,t_shape,clutter_safe,0.4600,0.18000,1.89880
no_cem_fallback,adversarial_clutter_gap,3,9,0,-0.00206,0.07011,0.12217,1,1,0,24.21089,1.05636,0,-1.23000,1,0.19735,0.06595,0.00000,0.00000,0.12610,t_shape,clutter_safe,0.4600,0.18000,-2.74388
no_cem_fallback,adversarial_clutter_gap,3,10,0,0.05568,0.03113,0.03113,1,1,0,69.89800,4.69156,0,-1.04485,1,0.18275,0.05980,0.00000,0.00000,0.13488,t_shape,clutter_safe,0.4600,0.18000,-0.36360
no_cem_fallback,adversarial_clutter_gap,3,11,0,0.05320,0.03882,0.03882,1,1,0,50.91093,2.25931,0,-1.06087,1,0.10186,0.05984,0.00000,0.00000,0.12428,t_shape,clutter_safe,0.4600,0.18000,0.28634
no_cem_fallback,adversarial_clutter_gap,3,12,0,0.10562,0.13336,0.13336,0,1,0,115.84439,4.89003,0,-0.68000,1,0.22598,0.06574,0.00000,0.00000,0.11261,t_shape,clutter_safe,0.4600,0.18000,-3.03158
no_cem_fallback,adversarial_clutter_gap,3,13,0,-0.00208,0.01143,0.06351,1,1,0,71.58832,2.94101,0,-1.11231,1,0.23251,0.06075,0.00000,0.00000,0.13159,t_shape,clutter_safe,0.4600,0.18000,0.39755
no_cem_fallback,adversarial_clutter_gap,3,14,0,0.05588,0.05278,0.05278,1,1,0,83.06621,3.77107,0,-1.08995,1,0.12878,0.06380,0.00000,0.00000,0.13103,t_shape,clutter_safe,0.4600,0.18000,0.20208
no_cem_fallback,adversarial_clutter_gap,4,0,0,0.02569,0.04898,0.07329,1,1,0,20.02292,1.48722,0,-1.13269,1,0.16070,0.05579,0.00000,0.00000,0.11487,t_shape,clutter_safe,0.4600,0.18000,1.19392
no_cem_fallback,adversarial_clutter_gap,4,1,0,0.04961,0.07063,0.07102,1,1,0,44.31478,1.91496,0,-1.12795,1,0.19803,0.05579,0.00000,0.00000,0.11836,t_shape,clutter_safe,0.4600,0.18000,-0.32583
no_cem_fallback,adversarial_clutter_gap,4,2,0,0.02018,0.06684,0.09667,1,1,0,58.34213,1.57452,0,-1.18139,1,0.19158,0.06191,0.00000,0.00000,0.13058,t_shape,clutter_safe,0.4600,0.18000,-2.94893
no_cem_fallback,adversarial_clutter_gap,4,3,0,0.04629,0.01412,0.01782,1,1,0,96.79193,4.23585,0,-1.01713,1,0.26545,0.06487,0.00000,0.00000,0.14518,t_shape,clutter_safe,0.4600,0.18000,0.28881
no_cem_fallback,adversarial_clutter_gap,4,4,0,-0.00206,0.00970,0.06176,1,1,0,48.53511,2.03592,0,-1.10867,1,0.26756,0.06442,0.00000,0.00000,0.13575,t_shape,clutter_safe,0.4600,0.18000,2.62139
no_cem_fallback,adversarial_clutter_gap,4,5,0,-0.00206,0.07936,0.13142,1,1,0,4.30357,0.67315,0,-1.20385,1,0.16059,0.05941,0.10898,0.18163,0.18211,t_shape,clutter_safe,0.4600,0.18000,0.42950
no_cem_fallback,adversarial_clutter_gap,4,6,0,0.01951,0.05560,0.08608,1,1,0,86.52402,4.40417,0,-1.15934,1,0.27671,0.06551,0.00000,0.00000,0.13912,t_shape,clutter_safe,0.4600,0.18000,0.30574
no_cem_fallback,adversarial_clutter_gap,4,7,0,0.12233,0.01563,0.01563,0,1,0,86.18546,6.65410,0,-0.46257,1,0.18916,0.05419,0.15269,0.25448,0.12540,t_shape,clutter_safe,0.4600,0.18000,0.03456
no_cem_fallback,adversarial_clutter_gap,4,8,0,0.07293,0.02547,0.02547,0,1,0,63.86925,3.56266,0,-0.48305,1,0.09811,0.05785,0.00000,0.00000,0.12268,t_shape,clutter_safe,0.4600,0.18000,-0.30605
no_cem_fallback,adversarial_clutter_gap,4,9,0,-0.00206,0.03803,0.09009,1,1,0,76.52154,2.33398,0,-1.16768,1,0.13840,0.06106,0.00000,0.00000,0.12434,t_shape,clutter_safe,0.4600,0.18000,-0.01854
no_cem_fallback,adversarial_clutter_gap,4,10,0,0.07227,0.09049,0.09049,0,1,0,77.64520,4.46624,0,-0.61853,1,0.18052,0.06347,0.00000,0.00000,0.11902,t_shape,clutter_safe,0.4600,0.18000,-0.19335
no_cem_fallback,adversarial_clutter_gap,4,11,0,0.02883,0.09742,0.11859,1,1,0,34.36140,1.09219,0,-1.22707,1,0.19966,0.05974,0.00000,0.00000,0.17102,t_shape,clutter_safe,0.4600,0.18000,-0.05447
no_cem_fallback,adversarial_clutter_gap,4,12,0,0.07915,0.08039,0.08039,0,1,0,85.03388,5.10351,0,-0.59747,1,0.17063,0.06380,0.00000,0.00000,0.12697,t_shape,clutter_safe,0.4600,0.18000,-2.79530
no_cem_fallback,adversarial_clutter_gap,4,13,0,0.06338,0.03616,0.03616,1,1,0,58.64742,2.57879,0,-1.05534,1,0.19433,0.05726,0.00000,0.00000,0.12285,t_shape,clutter_safe,0.4600,0.18000,-0.17928
no_cem_fallback,adversarial_clutter_gap,4,14,0,0.04899,0.09873,0.09974,1,1,0,50.54461,2.02634,0,-1.18779,1,0.05635,0.06376,0.11830,0.19716,0.09859,t_shape,clutter_safe,0.4600,0.18000,-0.25839
no_cem_fallback,adversarial_clutter_gap,5,0,0,-0.00332,0.39254,0.44586,1,1,0,85.77264,4.85546,0,-1.23000,1,0.21333,0.06121,0.00000,0.00000,0.09774,t_shape,clutter_safe,0.4600,0.18000,-0.04141
no_cem_fallback,adversarial_clutter_gap,5,1,0,-0.00206,0.02700,0.07906,1,1,0,66.25685,3.28521,0,-1.14470,1,0.22551,0.06404,0.00000,0.00000,0.13969,t_shape,clutter_safe,0.4600,0.18000,-0.29134
no_cem_fallback,adversarial_clutter_gap,5,2,0,-0.00016,0.05938,0.10954,1,1,0,36.31690,1.47748,0,-1.20821,1,0.16854,0.05844,0.00000,0.00000,0.11879,t_shape,clutter_safe,0.4600,0.18000,0.19842
no_cem_fallback,adversarial_clutter_gap,5,3,0,-0.00206,0.03245,0.08451,1,1,0,86.46598,3.82018,0,-1.15606,1,0.18936,0.06511,0.00000,0.00000,0.12899,t_shape,clutter_safe,0.4600,0.18000,-0.50670
no_cem_fallback,adversarial_clutter_gap,5,4,0,-0.00206,0.06824,0.12030,1,1,0,10.45431,0.56192,0,-1.19495,1,0.18791,0.05625,0.00723,0.01206,0.02941,t_shape,clutter_safe,0.4600,0.16591,1.41574
no_cem_fallback,adversarial_clutter_gap,5,5,0,-0.00206,0.04029,0.09235,1,1,0,57.78430,3.23186,0,-1.17239,1,0.17188,0.05724,0.00000,0.00000,0.10627,t_shape,clutter_safe,0.4600,0.18000,3.00303
no_cem_fallback,adversarial_clutter_gap,5,6,0,0.09006,0.10004,0.10004,0,1,0,80.20501,3.96972,0,-0.63842,1,0.11014,0.06490,0.00000,0.00000,0.12044,t_shape,clutter_safe,0.4600,0.18000,2.87437
no_cem_fallback,adversarial_clutter_gap,5,7,0,-0.00206,0.04090,0.09296,1,1,0,60.03662,2.02977,0,-1.17366,1,0.13478,0.06413,0.00000,0.00000,0.13270,t_shape,clutter_safe,0.4600,0.18000,-2.81784
no_cem_fallback,adversarial_clutter_gap,5,8,0,0.07263,0.08183,0.08183,0,1,0,76.77676,4.80167,0,-0.60047,1,0.21456,0.05587,0.00000,0.00000,0.09904,t_shape,clutter_safe,0.4600,0.18000,0.15567
no_cem_fallback,adversarial_clutter_gap,5,9,0,0.03850,0.04340,0.05490,1,1,0,65.08691,3.38571,0,-1.09438,1,0.17447,0.06503,0.00000,0.00000,0.15641,t_shape,clutter_safe,0.4600,0.18000,0.38380
no_cem_fallback,adversarial_clutter_gap,5,10,1,0.16116,0.03579,0.03579,0,0,0,88.59691,7.31090,1,0.84544,1,0.23372,0.05687,0.00000,0.00000,0.10363,t_shape,clutter_safe,0.4600,0.18000,-0.14155
no_cem_fallback,adversarial_clutter_gap,5,11,0,0.15290,0.05835,0.05835,0,1,0,72.66068,5.62857,0,-0.55157,1,0.20169,0.06291,0.00000,0.00000,0.15832,t_shape,clutter_safe,0.4600,0.18000,-0.25318
no_cem_fallback,adversarial_clutter_gap,5,12,0,0.15162,0.07962,0.07962,0,1,0,77.56574,6.29490,0,-0.59587,1,0.17440,0.06169,0.00000,0.00000,0.10411,t_shape,clutter_safe,0.4600,0.18000,3.01481
no_cem_fallback,adversarial_clutter_gap,5,13,0,0.06791,0.04227,0.04227,1,1,0,84.60579,4.58869,0,-1.06807,1,0.16874,0.06031,0.00000,0.00000,0.11144,t_shape,clutter_safe,0.4600,0.18000,0.27143
no_cem_fallback,adversarial_clutter_gap,5,14,0,-0.00206,0.07000,0.12206,1,1,0,28.48514,1.66141,0,-1.23000,1,0.21882,0.14216,0.00000,0.00000,0.05168,t_shape,clutter_safe,0.4600,0.14451,1.28433
no_cem_fallback,adversarial_clutter_gap,6,0,0,-0.00206,0.02620,0.07826,1,1,0,96.11257,4.46677,0,-1.14304,1,0.20358,0.06449,0.00000,0.00000,0.14745,t_shape,clutter_safe,0.4600,0.18000,-0.11178
no_cem_fallback,adversarial_clutter_gap,6,1,0,-0.00206,0.19626,0.24831,1,1,0,0.00000,0.59468,0,-1.19757,1,0.26575,0.26940,0.00000,0.00000,0.13533,t_shape,clutter_safe,0.4600,0.18000,-1.60161
no_cem_fallback,adversarial_clutter_gap,6,2,0,0.04312,0.04334,0.05022,1,1,0,70.06462,2.80266,0,-1.08462,1,0.16584,0.05427,0.00000,0.00000,0.09547,t_shape,clutter_safe,0.4600,0.18000,0.31969
no_cem_fallback,adversarial_clutter_gap,6,3,0,-0.00206,0.07876,0.13081,1,1,0,9.30788,0.59460,0,-1.19757,1,0.21781,0.20885,0.00000,0.00000,0.11630,t_shape,clutter_safe,0.4600,0.18000,-1.68078
no_cem_fallback,adversarial_clutter_gap,6,4,0,0.00739,0.08478,0.12739,1,1,0,44.48364,2.19695,0,-1.23000,1,0.23368,0.05946,0.00000,0.00000,0.04779,t_shape,clutter_safe,0.4600,0.13589,1.71588
no_cem_fallback,adversarial_clutter_gap,6,5,0,0.03847,0.14429,0.15583,1,1,0,39.07784,1.17123,0,-1.23000,1,0.24427,0.06465,0.15632,0.26053,0.17504,t_shape,clutter_safe,0.4600,0.18000,-3.03973
no_cem_fallback,adversarial_clutter_gap,6,6,0,0.08026,0.04931,0.04931,0,1,0,55.64616,4.31609,0,-0.53272,1,0.13909,0.05663,0.05702,0.09503,0.10905,t_shape,clutter_safe,0.4600,0.18000,-2.96943
no_cem_fallback,adversarial_clutter_gap,6,7,0,0.06266,0.03721,0.03721,1,1,0,57.11145,2.39699,0,-1.05752,1,0.17252,0.05661,0.00000,0.00000,0.13209,t_shape,clutter_safe,0.4600,0.18000,-0.09736
no_cem_fallback,adversarial_clutter_gap,6,8,0,-0.00206,0.05035,0.10241,1,1,0,5.54003,0.56503,0,-1.15855,1,0.16268,0.05615,0.00000,0.00000,0.13487,t_shape,clutter_safe,0.4600,0.18000,1.42450
no_cem_fallback,adversarial_clutter_gap,6,9,0,-0.00206,0.02354,0.07560,1,1,0,24.40356,1.44110,0,-1.13750,1,0.16618,0.05705,0.00000,0.00000,0.10208,t_shape,clutter_safe,0.4600,0.18000,1.88543
no_cem_fallback,adversarial_clutter_gap,6,10,0,0.06010,0.04956,0.04956,1,1,0,75.94336,3.15247,0,-1.08326,1,0.13734,0.05768,0.00945,0.01576,0.09585,t_shape,clutter_safe,0.4600,0.18000,0.40327
no_cem_fallback,adversarial_clutter_gap,6,11,0,-0.00207,0.07638,0.12844,1,1,0,48.40408,1.68171,0,-1.23000,1,0.13198,0.06169,0.06555,0.10924,0.08798,t_shape,clutter_safe,0.4600,0.17827,-0.03880
no_cem_fallback,adversarial_clutter_gap,6,12,0,0.16029,0.04116,0.04116,0,1,0,68.61533,5.70631,0,-0.51575,1,0.10990,0.05717,0.00000,0.00000,0.11567,t_shape,clutter_safe,0.4600,0.18000,-0.03827
no_cem_fallback,adversarial_clutter_gap,6,13,0,0.02141,0.03156,0.06015,1,1,0,58.26899,2.49814,0,-1.10532,1,0.22429,0.06242,0.00000,0.00000,0.15305,t_shape,clutter_safe,0.4600,0.17553,-2.59476
no_cem_fallback,adversarial_clutter_gap,6,14,0,0.15779,0.03788,0.03788,0,1,0,44.10075,3.39390,0,-0.50891,1,0.17075,0.05870,0.00000,0.00000,0.10612,t_shape,clutter_safe,0.4600,0.18000,0.31253
no_cem_fallback,adversarial_clutter_gap,7,0,0,0.04961,0.03376,0.03415,1,1,0,73.93470,4.05317,0,-1.05114,1,0.16504,0.05494,0.00000,0.00000,0.09858,t_shape,clutter_safe,0.4600,0.18000,0.08883
no_cem_fallback,adversarial_clutter_gap,7,1,0,-0.00222,0.06900,0.12122,1,1,0,26.46744,1.62989,0,-1.23000,1,0.14720,0.05865,0.00000,0.00000,0.10506,t_shape,clutter_safe,0.4600,0.18000,1.47501
no_cem_fallback,adversarial_clutter_gap,7,2,0,-0.00206,0.01844,0.07050,1,1,0,44.81206,2.82320,0,-1.12687,1,0.18561,0.05743,0.00000,0.00000,0.11982,t_shape,clutter_safe,0.4600,0.18000,-0.37759
no_cem_fallback,adversarial_clutter_gap,7,3,0,0.07463,0.06722,0.06722,0,1,0,105.15789,5.37488,0,-0.57004,1,0.19719,0.06343,0.00000,0.00000,0.11512,t_shape,clutter_safe,0.4600,0.18000,-2.84781
no_cem_fallback,adversarial_clutter_gap,7,4,0,0.11810,0.05268,0.05268,0,1,0,88.56090,4.79927,0,-0.53975,1,0.17292,0.05694,0.03405,0.05676,0.11094,t_shape,clutter_safe,0.4600,0.18000,0.35276
no_cem_fallback,adversarial_clutter_gap,7,5,0,0.04996,0.04597,0.04601,1,1,0,77.54890,3.91833,0,-1.07586,1,0.19638,0.05819,0.00000,0.00000,0.10854,t_shape,clutter_safe,0.4600,0.18000,0.30871
no_cem_fallback,adversarial_clutter_gap,7,6,0,-0.00207,0.02083,0.07290,1,1,0,84.26825,4.74265,0,-1.13187,1,0.21189,0.05926,0.00000,0.00000,0.13581,t_shape,clutter_safe,0.4600,0.18000,2.92651
no_cem_fallback,adversarial_clutter_gap,7,7,0,-0.00206,0.06262,0.11467,1,1,0,20.04865,0.71780,0,-1.19633,1,0.18499,0.05595,0.00000,0.00000,0.12835,t_shape,clutter_safe,0.4600,0.18000,-3.10210
no_cem_fallback,adversarial_clutter_gap,7,8,0,0.00673,0.04721,0.09048,1,1,0,47.77271,2.11847,0,-1.16851,1,0.21134,0.06061,0.00000,0.00000,0.07614,t_shape,clutter_safe,0.4600,0.16666,-1.85853
no_cem_fallback,adversarial_clutter_gap,7,9,0,-0.00206,0.07284,0.12490,1,1,0,77.84459,3.19239,0,-1.23000,1,0.23000,0.06414,0.00000,0.00000,0.11915,t_shape,clutter_safe,0.4600,0.18000,-0.00666
no_cem_fallback,adversarial_clutter_gap,7,10,0,0.09103,0.06703,0.06703,0,1,0,51.54966,2.45658,0,-0.56965,1,0.07892,0.05971,0.01717,0.02861,0.09161,t_shape,clutter_safe,0.4600,0.18000,-0.19773
no_cem_fallback,adversarial_clutter_gap,7,11,0,0.03437,0.03114,0.04677,1,1,0,52.75698,2.62075,0,-1.07743,1,0.27147,0.06473,0.00000,0.00000,0.07847,t_shape,clutter_safe,0.4600,0.15108,2.79486
no_cem_fallback,adversarial_clutter_gap,7,12,0,0.03847,0.04969,0.06122,1,1,0,59.09968,2.68966,0,-1.10753,1,0.17960,0.05873,0.00000,0.00000,0.11450,t_shape,clutter_safe,0.4600,0.18000,0.32526
no_cem_fallback,adversarial_clutter_gap,7,13,0,-0.00206,0.10919,0.16125,1,1,0,8.57096,0.72595,0,-1.20808,1,0.21810,0.05667,0.01080,0.01800,0.01233,t_shape,clutter_safe,0.4600,0.15341,1.73979
no_cem_fallback,adversarial_clutter_gap,7,14,0,0.04752,0.01596,0.01844,1,1,0,88.59800,4.54612,0,-1.01842,1,0.15558,0.05836,0.00000,0.00000,0.12915,t_shape,clutter_safe,0.4600,0.18000,0.21905
no_cem_fallback,material_shift_proxy,0,0,1,0.15446,0.03927,0.03927,0,0,0,42.03923,3.14135,1,0.83819,1,0.03184,0.25863,0.00149,0.00000,0.00576,cylinder,lift,0.2400,0.09293,-0.52777
no_cem_fallback,material_shift_proxy,0,1,0,0.01548,0.09377,0.12829,1,0,0,44.61831,2.10261,1,-0.88000,1,0.09291,0.26009,0.02947,0.00000,0.01630,cylinder,lift,0.2400,0.08723,0.95474
no_cem_fallback,material_shift_proxy,0,2,0,0.01374,0.03990,0.07616,1,0,0,36.77609,2.02442,1,-0.78866,1,0.10419,0.25658,0.00544,0.00000,0.00951,cylinder,lift,0.2400,0.08578,-0.45666
no_cem_fallback,material_shift_proxy,0,3,0,0.01784,0.01413,0.04629,1,0,0,41.02714,1.99735,1,-0.72643,1,0.03550,0.25382,0.00034,0.00000,0.01383,cylinder,lift,0.2400,0.09335,0.54418
no_cem_fallback,material_shift_proxy,0,4,1,0.16651,0.05737,0.05737,0,0,0,33.41141,2.80059,1,0.80048,1,0.12025,0.54558,0.03458,0.00000,0.00155,cylinder,lift,0.2400,0.10803,-0.35810
no_cem_fallback,material_shift_proxy,0,5,1,0.11314,0.09886,0.09886,0,0,0,40.81368,2.54083,1,0.71404,1,0.03210,0.25774,0.01014,0.00000,0.00544,cylinder,lift,0.2400,0.09288,-0.56469
no_cem_fallback,material_shift_proxy,0,6,0,0.01722,0.00918,0.04197,1,0,0,42.65018,2.03565,1,-0.71743,1,0.07087,0.25264,0.04099,0.00000,0.00922,cylinder,lift,0.2400,0.08921,-1.24598
no_cem_fallback,material_shift_proxy,0,7,0,0.01170,0.05534,0.09364,1,0,0,41.62045,2.25244,1,-0.82508,1,0.08509,0.25917,0.02654,0.00000,0.02500,cylinder,lift,0.2400,0.08929,-0.95388
no_cem_fallback,material_shift_proxy,0,8,0,0.01179,0.07770,0.11591,1,0,0,44.61968,1.71343,1,-0.87148,1,0.09501,0.26034,0.00859,0.00000,0.02286,cylinder,lift,0.2400,0.08804,0.14943
no_cem_fallback,material_shift_proxy,0,9,0,0.01297,0.04038,0.07741,1,0,0,43.72614,1.90866,1,-0.79127,1,0.07833,0.25498,0.02608,0.00000,0.01936,cylinder,lift,0.2400,0.08873,0.89088
no_cem_fallback,material_shift_proxy,0,10,1,0.16192,0.04568,0.04568,0,0,0,37.88933,2.93049,1,0.82484,1,0.04852,0.36734,0.04546,0.00000,0.00318,cylinder,lift,0.2400,0.10041,2.06162
no_cem_fallback,material_shift_proxy,0,11,1,0.10315,0.03953,0.03953,0,0,0,41.98517,2.64631,1,0.83765,1,0.08907,0.25384,0.03571,0.00000,0.01439,cylinder,lift,0.2400,0.08783,-1.23673
no_cem_fallback,material_shift_proxy,0,12,1,0.16650,0.02569,0.02569,0,0,0,35.23194,2.93876,1,0.86649,1,0.08627,0.45806,0.01483,0.00000,0.00239,cylinder,lift,0.2400,0.10442,0.30948
no_cem_fallback,material_shift_proxy,0,13,0,0.03198,0.11363,0.13165,1,0,0,32.11453,1.70745,1,-0.88000,1,0.12590,0.53117,0.01216,0.00000,0.01509,cylinder,lift,0.2400,0.10729,0.44883
no_cem_fallback,material_shift_proxy,0,14,0,0.01335,0.00739,0.04404,1,0,0,46.07506,2.26591,1,-0.72175,1,0.10235,0.25226,0.04999,0.00000,0.00521,cylinder,lift,0.2400,0.08555,1.96453
no_cem_fallback,material_shift_proxy,1,0,1,0.11474,0.05826,0.05826,0,0,0,41.87060,2.69147,1,0.79863,1,0.04778,0.25333,0.01231,0.00000,0.00953,cylinder,lift,0.2400,0.09165,-2.47206
no_cem_fallback,material_shift_proxy,1,1,0,0.01534,0.05623,0.09089,1,0,0,28.55104,1.52865,1,-0.81936,1,0.06385,0.38236,0.01654,0.00000,0.01239,cylinder,lift,0.2400,0.10110,0.10003
no_cem_fallback,material_shift_proxy,1,2,1,0.16571,0.06295,0.06295,0,0,0,42.56820,3.47485,1,0.78885,1,0.04815,0.25787,0.04993,0.00000,0.00472,cylinder,lift,0.2400,0.09114,2.09076
no_cem_fallback,material_shift_proxy,1,3,1,0.14936,0.03442,0.03442,0,0,0,44.03104,3.24210,1,0.84829,1,0.09500,0.25469,0.04992,0.00000,0.00902,cylinder,lift,0.2400,0.08669,0.95946
no_cem_fallback,material_shift_proxy,1,4,1,0.10504,0.02150,0.02150,0,0,0,37.19787,2.24193,1,0.87522,1,0.03209,0.30649,0.01102,0.00000,0.01091,cylinder,lift,0.2400,0.09795,0.01085
no_cem_fallback,material_shift_proxy,1,5,1,0.15819,0.04625,0.04625,0,0,0,35.43461,2.63305,1,0.82365,1,0.06633,0.39880,0.02630,0.00000,0.00681,cylinder,lift,0.2400,0.10191,-0.04258
no_cem_fallback,material_shift_proxy,1,6,1,0.16389,0.01547,0.01547,0,0,0,38.54188,2.94273,1,0.88778,1,0.03457,0.32540,0.04082,0.00000,0.00526,cylinder,lift,0.2400,0.09876,1.00686
no_cem_fallback,material_shift_proxy,1,7,0,0.11862,0.11093,0.11093,0,0,0,42.01879,2.75025,1,-0.31110,1,0.02893,0.25849,0.00041,0.00000,0.02230,cylinder,lift,0.2400,0.09326,0.33405
no_cem_fallback,material_shift_proxy,1,8,1,0.12521,0.06148,0.06148,0,0,0,31.40901,2.18657,1,0.79191,1,0.06326,0.39813,0.04088,0.00000,0.00666,cylinder,lift,0.2400,0.10160,0.80972
no_cem_fallback,material_shift_proxy,1,9,1,0.10352,0.05664,0.05664,0,0,0,41.87648,2.55208,1,0.80200,1,0.05456,0.25523,0.04644,0.00000,0.00600,cylinder,lift,0.2400,0.09059,-1.40258
no_cem_fallback,material_shift_proxy,1,10,1,0.12621,0.03459,0.03459,0,0,0,36.37558,2.42020,1,0.84793,1,0.07491,0.41840,0.00215,0.00000,0.00983,cylinder,lift,0.2400,0.10250,0.28661
no_cem_fallback,material_shift_proxy,1,11,1,0.14481,0.01828,0.01828,0,0,0,33.90981,2.40304,1,0.88193,1,0.10175,0.48615,0.03686,0.00000,0.00718,cylinder,lift,0.2400,0.10556,0.43433
no_cem_fallback,material_shift_proxy,1,12,0,0.01169,0.03816,0.07647,1,0,0,39.20435,1.70004,1,-0.78931,1,0.02439,0.25655,0.03407,0.00000,0.01613,cylinder,lift,0.2400,0.09473,2.85457
no_cem_fallback,material_shift_proxy,1,13,1,0.15653,0.03552,0.03552,0,0,0,43.88496,3.31780,1,0.84601,1,0.08903,0.25286,0.04954,0.00000,0.00329,cylinder,lift,0.2400,0.08674,-1.91588
no_cem_fallback,material_shift_proxy,1,14,1,0.16257,0.03032,0.03032,0,0,0,39.35748,3.06636,1,0.85684,1,0.04143,0.25357,0.04996,0.00000,0.02236,cylinder,lift,0.2400,0.09357,-1.81145
no_cem_fallback,material_shift_proxy,2,0,1,0.15491,0.04056,0.04056,0,0,0,40.70321,3.02799,1,0.83550,1,0.01268,0.25483,0.03915,0.00000,0.00447,cylinder,lift,0.2400,0.09480,1.81012
no_cem_fallback,material_shift_proxy,2,1,0,0.01138,0.05677,0.09538,1,0,0,38.01992,1.50575,1,-0.82872,1,0.03135,0.28564,0.01400,0.00000,0.02111,cylinder,lift,0.2400,0.09687,0.29445
no_cem_fallback,material_shift_proxy,2,2,0,0.01428,0.00948,0.04520,1,0,0,41.39027,1.93487,1,-0.72417,1,0.07567,0.25270,0.03303,0.00000,0.01423,cylinder,lift,0.2400,0.08921,0.41436
no_cem_fallback,material_shift_proxy,2,3,1,0.09721,0.07524,0.07524,0,0,0,42.41240,2.62164,1,0.76324,1,0.06362,0.26107,0.04688,0.00000,0.00918,cylinder,lift,0.2400,0.08996,0.94498
no_cem_fallback,material_shift_proxy,2,4,0,0.01095,0.00752,0.04656,1,0,0,38.14738,1.91727,1,-0.72700,1,0.02663,0.29173,0.00302,0.00000,0.01112,cylinder,lift,0.2400,0.09736,-0.01538
no_cem_fallback,material_shift_proxy,2,5,0,0.02000,0.00649,0.03649,1,0,0,42.50623,2.09489,1,-0.70602,1,0.07760,0.25256,0.04741,0.00000,0.01457,cylinder,lift,0.2400,0.08904,1.46130
no_cem_fallback,material_shift_proxy,2,6,1,0.13247,0.06526,0.06526,0,0,0,36.04967,2.41910,1,0.78404,1,0.07554,0.42333,0.05000,0.00000,0.00628,cylinder,lift,0.2400,0.10292,1.02433
no_cem_fallback,material_shift_proxy,2,7,0,0.01111,0.09530,0.13419,1,0,0,42.98948,2.35648,1,-0.88000,1,0.07766,0.26262,0.04761,0.00000,0.03582,cylinder,lift,0.2400,0.09011,0.94959
no_cem_fallback,material_shift_proxy,2,8,1,0.13843,0.07891,0.07891,0,0,0,37.15933,2.62839,1,0.75561,1,0.03153,0.32070,0.04999,0.00000,0.00616,cylinder,lift,0.2400,0.09835,1.56953
no_cem_fallback,material_shift_proxy,2,9,1,0.10205,0.06697,0.06697,0,0,0,37.36209,2.29483,1,0.78047,1,0.03829,0.30985,0.05000,0.00000,0.01806,cylinder,lift,0.2400,0.09789,1.32922
no_cem_fallback,material_shift_proxy,2,10,1,0.11940,0.02820,0.02820,0,0,0,35.25987,2.28067,1,0.86125,1,0.06678,0.39716,0.00255,0.00000,0.00998,cylinder,lift,0.2400,0.10164,-0.39471
no_cem_fallback,material_shift_proxy,2,11,0,0.01179,0.02351,0.06172,1,0,0,41.06626,1.41720,1,-0.75858,1,0.10595,0.25225,0.01216,0.00000,0.03130,cylinder,lift,0.2400,0.08774,-0.26806
no_cem_fallback,material_shift_proxy,2,12,1,0.10735,0.06269,0.06269,0,0,0,42.82280,2.68828,1,0.78939,1,0.09293,0.25575,0.04738,0.00000,0.01663,cylinder,lift,0.2400,0.08765,1.37331
no_cem_fallback,material_shift_proxy,2,13,1,0.14581,0.04377,0.04377,0,0,0,44.61322,3.20112,1,0.82881,1,0.07741,0.25887,0.04213,0.00000,0.00815,cylinder,lift,0.2400,0.08786,0.67549
no_cem_fallback,material_shift_proxy,2,14,1,0.10891,0.10408,0.10408,0,0,0,41.26229,2.47007,1,0.70316,1,0.03924,0.25816,0.00675,0.00000,0.00414,cylinder,lift,0.2400,0.09201,-0.21471
no_cem_fallback,material_shift_proxy,3,0,0,0.01178,0.05160,0.08982,1,0,0,33.00585,1.54464,1,-0.81713,1,0.11201,0.25804,0.00254,0.00000,0.01418,cylinder,lift,0.2400,0.08542,0.65034
no_cem_fallback,material_shift_proxy,3,1,1,0.14376,0.07023,0.07023,0,0,0,43.51262,3.10438,1,0.77369,1,0.05713,0.25703,0.04808,0.00000,0.01635,cylinder,lift,0.2400,0.09008,1.49666
no_cem_fallback,material_shift_proxy,3,2,0,0.01176,0.02181,0.06005,1,0,0,40.81090,1.59087,1,-0.75510,1,0.06530,0.25394,0.00901,0.00000,0.02250,cylinder,lift,0.2400,0.09110,0.24273
no_cem_fallback,material_shift_proxy,3,3,1,0.08930,0.02990,0.02990,0,0,0,42.30547,2.52384,1,0.85771,1,0.05447,0.25244,0.00249,0.00000,0.00935,cylinder,lift,0.2400,0.09093,-0.64015
no_cem_fallback,material_shift_proxy,3,4,1,0.15298,0.02266,0.02266,0,0,0,38.65474,2.86782,1,0.87279,1,0.04078,0.33193,0.00009,0.00000,0.00915,cylinder,lift,0.2400,0.09902,0.58365
no_cem_fallback,material_shift_proxy,3,5,0,0.01179,0.04391,0.08211,1,0,0,42.11811,1.61035,1,-0.80107,1,0.10859,0.25701,0.03110,0.00000,0.02271,cylinder,lift,0.2400,0.08662,0.97846
no_cem_fallback,material_shift_proxy,3,6,1,0.14897,0.09200,0.09200,0,0,0,43.39715,3.22448,1,0.72834,1,0.08131,0.26048,0.04542,0.00000,0.00483,cylinder,lift,0.2400,0.08770,-1.63527
no_cem_fallback,material_shift_proxy,3,7,0,0.12993,0.13222,0.13222,0,0,0,40.44785,2.24476,1,-0.33000,1,0.02530,0.26189,0.02266,0.00000,0.00279,cylinder,lift,0.2400,0.09332,2.23509
no_cem_fallback,material_shift_proxy,3,8,1,0.08288,0.06041,0.06041,0,0,0,40.12667,2.07426,1,0.79415,1,0.02570,0.29262,0.02834,0.00000,0.02719,cylinder,lift,0.2400,0.09729,0.58985
no_cem_fallback,material_shift_proxy,3,9,1,0.14137,0.05053,0.05053,0,0,0,38.57555,2.72676,1,0.81473,1,0.03381,0.31249,0.04399,0.00000,0.00989,cylinder,lift,0.2400,0.09823,1.16810
no_cem_fallback,material_shift_proxy,3,10,1,0.12530,0.07644,0.07644,0,0,0,42.35812,2.79533,1,0.76076,1,0.07658,0.25480,0.01404,0.00000,0.01024,cylinder,lift,0.2400,0.08872,-0.20094
no_cem_fallback,material_shift_proxy,3,11,1,0.13231,0.08588,0.08588,0,0,0,35.64065,2.32351,1,0.74109,1,0.08465,0.43595,0.00484,0.00000,0.01095,cylinder,lift,0.2400,0.10341,0.06276
no_cem_fallback,material_shift_proxy,3,12,1,0.13513,0.08832,0.08832,0,0,0,42.45297,2.99668,1,0.73600,1,0.07226,0.25874,0.03940,0.00000,0.01069,cylinder,lift,0.2400,0.08922,-1.70511
no_cem_fallback,material_shift_proxy,3,13,0,0.01179,0.02172,0.05992,1,0,0,39.58712,1.41915,1,-0.75484,1,0.10917,0.25250,0.04999,0.00000,0.03302,cylinder,lift,0.2400,0.08757,1.76210
no_cem_fallback,material_shift_proxy,3,14,0,0.01147,0.08342,0.12195,1,0,0,44.95355,2.54350,1,-0.88000,1,0.10051,0.26249,0.01120,0.00000,0.00901,cylinder,lift,0.2400,0.08611,0.10160
no_cem_fallback,material_shift_proxy,4,0,0,0.01562,0.03180,0.06618,1,0,0,41.33032,2.07790,1,-0.76787,1,0.05569,0.25528,0.04922,0.00000,0.01401,cylinder,lift,0.2400,0.09127,-1.68013
no_cem_fallback,material_shift_proxy,4,1,0,0.01169,0.06283,0.10113,1,0,0,42.00124,1.69461,1,-0.84070,1,0.06105,0.25857,0.00328,0.00000,0.02107,cylinder,lift,0.2400,0.09091,0.35684
no_cem_fallback,material_shift_proxy,4,2,0,0.01177,0.02581,0.06404,1,0,0,41.33799,1.69009,1,-0.76342,1,0.07692,0.25511,0.01361,0.00000,0.03277,cylinder,lift,0.2400,0.08964,0.36266
no_cem_fallback,material_shift_proxy,4,3,0,0.01293,0.02205,0.05912,1,0,0,44.33143,1.80997,1,-0.75318,1,0.10421,0.25405,0.04893,0.00000,0.01240,cylinder,lift,0.2400,0.08606,1.86647
no_cem_fallback,material_shift_proxy,4,4,0,0.01285,0.03424,0.07138,1,0,0,42.95268,2.00050,1,-0.77872,1,0.07576,0.25550,0.02377,0.00000,0.01455,cylinder,lift,0.2400,0.08923,2.21500
no_cem_fallback,material_shift_proxy,4,5,0,0.06097,0.03559,0.03559,1,0,0,39.20729,2.17725,1,-0.70414,1,0.01337,0.25389,0.05000,0.00000,0.01143,cylinder,lift,0.2400,0.09541,1.90315
no_cem_fallback,material_shift_proxy,4,6,0,0.01179,0.06950,0.10771,1,0,0,41.03707,1.55435,1,-0.85440,1,0.11891,0.25825,0.03933,0.00000,0.03006,cylinder,lift,0.2400,0.08627,1.72423
no_cem_fallback,material_shift_proxy,4,7,0,0.01179,0.02032,0.05853,1,0,0,42.74098,1.41303,1,-0.75193,1,0.08881,0.25322,0.02840,0.00000,0.01182,cylinder,lift,0.2400,0.08761,1.17093
no_cem_fallback,material_shift_proxy,4,8,0,0.01220,0.05579,0.09359,1,0,0,40.01729,2.05477,1,-0.82498,1,0.04177,0.25799,0.04595,0.00000,0.01988,cylinder,lift,0.2400,0.09329,-1.18349
no_cem_fallback,material_shift_proxy,4,9,0,0.00691,0.03151,0.07460,1,0,0,38.70115,2.03056,1,-0.78541,1,0.02127,0.27764,0.03567,0.00000,0.01302,cylinder,lift,0.2400,0.09661,-1.17679
no_cem_fallback,material_shift_proxy,4,10,1,0.08823,0.03274,0.03274,0,0,0,41.39923,2.43405,1,0.85179,1,0.03773,0.25249,0.04529,0.00000,0.01056,cylinder,lift,0.2400,0.09279,1.62092
no_cem_fallback,material_shift_proxy,4,11,1,0.16480,0.01264,0.01264,0,0,0,45.62155,3.61387,1,0.89366,1,0.10484,0.25326,0.04007,0.00000,0.00661,cylinder,lift,0.2400,0.08543,1.88420
no_cem_fallback,material_shift_proxy,4,12,0,0.01179,0.01704,0.05525,1,0,0,37.91293,1.50268,1,-0.74510,1,0.06773,0.25553,0.01070,0.00000,0.03047,cylinder,lift,0.2400,0.09163,-0.22680
no_cem_fallback,material_shift_proxy,4,13,1,0.11965,0.02935,0.02935,0,0,0,41.32321,2.73023,1,0.85885,1,0.05439,0.25672,0.03192,0.00000,0.00648,cylinder,lift,0.2400,0.09066,2.51766
no_cem_fallback,material_shift_proxy,4,14,1,0.16587,0.10029,0.10029,0,0,0,39.33769,3.26596,1,0.71107,1,0.01786,0.26256,0.04830,0.00000,0.01157,cylinder,lift,0.2400,0.09496,-0.82821
no_cem_fallback,material_shift_proxy,5,0,0,0.00878,0.06993,0.11115,1,0,0,39.57192,1.97121,1,-0.86157,1,0.01457,0.27717,0.02239,0.00000,0.00704,cylinder,lift,0.2400,0.09650,-2.24686
no_cem_fallback,material_shift_proxy,5,1,0,0.01178,0.00162,0.03984,1,0,0,35.33028,1.37572,1,-0.71300,1,0.05934,0.33732,0.00251,0.00000,0.02596,cylinder,lift,0.2400,0.09930,-0.07703
no_cem_fallback,material_shift_proxy,5,2,0,0.01138,0.04184,0.08046,1,0,0,42.83247,1.77131,1,-0.79763,1,0.07765,0.25681,0.01637,0.00000,0.01807,cylinder,lift,0.2400,0.08938,-0.25338
no_cem_fallback,material_shift_proxy,5,3,1,0.15281,0.06739,0.06739,0,0,0,38.22816,2.77305,1,0.77961,1,0.03071,0.32105,0.02572,0.00000,0.00417,cylinder,lift,0.2400,0.09846,1.11591
no_cem_fallback,material_shift_proxy,5,4,1,0.16313,0.02499,0.02499,0,0,0,39.26383,3.08261,1,0.86795,1,0.01891,0.25435,0.04300,0.00000,0.01887,cylinder,lift,0.2400,0.09557,-1.19054
no_cem_fallback,material_shift_proxy,5,5,1,0.12008,0.06134,0.06134,0,0,0,42.29646,2.76129,1,0.79221,1,0.08059,0.25544,0.04636,0.00000,0.00845,cylinder,lift,0.2400,0.08813,1.64421
no_cem_fallback,material_shift_proxy,5,6,0,0.01790,0.02249,0.05460,1,0,0,42.65666,2.34156,1,-0.74374,1,0.09801,0.25216,0.05000,0.00000,0.01539,cylinder,lift,0.2400,0.08700,2.02034
no_cem_fallback,material_shift_proxy,5,7,0,0.01179,0.02603,0.06423,1,0,0,37.86678,1.46285,1,-0.76382,1,0.05079,0.25571,0.02656,0.00000,0.03670,cylinder,lift,0.2400,0.09400,0.72907
no_cem_fallback,material_shift_proxy,5,8,1,0.16247,0.03505,0.03505,0,0,0,37.81240,2.93829,1,0.84699,1,0.02556,0.30448,0.04409,0.00000,0.00546,cylinder,lift,0.2400,0.09780,-1.65555
no_cem_fallback,material_shift_proxy,5,9,0,0.01489,0.07759,0.11270,1,0,0,42.95112,1.84456,1,-0.86480,1,0.05654,0.25804,0.02274,0.00000,0.00710,cylinder,lift,0.2400,0.09050,-0.77486
no_cem_fallback,material_shift_proxy,5,10,0,0.00990,0.04412,0.08422,1,0,0,40.61360,1.85908,1,-0.80546,1,0.01814,0.25468,0.04597,0.00000,0.01130,cylinder,lift,0.2400,0.09490,-0.75111
no_cem_fallback,material_shift_proxy,5,11,0,0.01775,0.07679,0.10905,1,0,0,39.73042,1.79249,1,-0.85718,1,0.03397,0.29196,0.04905,0.00000,0.02134,cylinder,lift,0.2400,0.09712,1.44232
no_cem_fallback,material_shift_proxy,5,12,0,0.01179,0.05880,0.09701,1,0,0,39.85840,1.50418,1,-0.83211,1,0.05080,0.25767,0.00184,0.00000,0.06158,cylinder,lift,0.2400,0.09318,0.24364
no_cem_fallback,material_shift_proxy,5,13,0,0.01457,0.01143,0.04686,1,0,0,41.99497,2.02446,1,-0.72763,1,0.06508,0.25221,0.04901,0.00000,0.01212,cylinder,lift,0.2400,0.09010,-2.36546
no_cem_fallback,material_shift_proxy,5,14,0,0.01294,0.02389,0.06094,1,0,0,38.95115,2.01982,1,-0.75697,1,0.02827,0.25352,0.04990,0.00000,0.00979,cylinder,lift,0.2400,0.09370,1.43594
no_cem_fallback,material_shift_proxy,6,0,1,0.16472,0.01097,0.01097,0,0,0,61.61921,3.08503,1,0.89714,1,0.03023,0.25370,0.01224,0.00000,0.00566,cylinder,lift,0.2400,0.09309,-2.46338
no_cem_fallback,material_shift_proxy,6,1,0,0.01076,0.06361,0.10284,1,0,0,43.13703,2.01315,1,-0.84425,1,0.10523,0.25631,0.01946,0.00000,0.01071,cylinder,lift,0.2400,0.08579,2.23965
no_cem_fallback,material_shift_proxy,6,2,0,0.01329,0.00866,0.04537,1,0,0,41.63062,1.78404,1,-0.72451,1,0.05854,0.25266,0.03900,0.00000,0.01467,cylinder,lift,0.2400,0.09103,0.87896
no_cem_fallback,material_shift_proxy,6,3,0,0.01179,0.09286,0.13107,1,0,0,65.72036,1.45002,1,-0.88000,1,0.10291,0.26094,0.01947,0.00000,0.00793,cylinder,lift,0.2400,0.08576,0.85357
no_cem_fallback,material_shift_proxy,6,4,1,0.12178,0.08555,0.08555,0,0,0,37.52213,2.51205,1,0.74178,1,0.03991,0.33450,0.03760,0.00000,0.00898,cylinder,lift,0.2400,0.09895,-1.40169
no_cem_fallback,material_shift_proxy,6,5,0,0.01022,0.05812,0.09789,1,0,0,44.57103,2.43560,1,-0.83394,1,0.09208,0.25783,0.04910,0.00000,0.01061,cylinder,lift,0.2400,0.08715,1.56133
no_cem_fallback,material_shift_proxy,6,6,1,0.09924,0.04586,0.04586,0,0,0,44.44663,2.62550,1,0.82446,1,0.06179,0.25284,0.04580,0.00000,0.02501,cylinder,lift,0.2400,0.09022,-0.69830
no_cem_fallback,material_shift_proxy,6,7,1,0.15381,0.03696,0.03696,0,0,0,39.65889,2.92263,1,0.84300,1,0.01320,0.27346,0.03164,0.00000,0.00575,cylinder,lift,0.2400,0.09649,-1.23024
no_cem_fallback,material_shift_proxy,6,8,0,0.01116,0.03034,0.06918,1,0,0,42.69870,1.73547,1,-0.77413,1,0.08392,0.25511,0.02338,0.00000,0.03198,cylinder,lift,0.2400,0.09009,0.06904
no_cem_fallback,material_shift_proxy,6,9,0,0.01169,0.00968,0.04799,1,0,0,31.06730,1.74458,1,-0.72998,1,0.04313,0.25322,0.04266,0.00000,0.01642,cylinder,lift,0.2400,0.09166,0.78716
no_cem_fallback,material_shift_proxy,6,10,1,0.10999,0.06822,0.06822,0,0,0,41.61335,2.67595,1,0.77788,1,0.07177,0.25626,0.04997,0.00000,0.01209,cylinder,lift,0.2400,0.08940,1.78923
no_cem_fallback,material_shift_proxy,6,11,0,0.01352,0.02510,0.06157,1,0,0,49.60698,1.56862,1,-0.75828,1,0.03179,0.25488,0.02713,0.00000,0.01671,cylinder,lift,0.2400,0.09402,-2.32903
no_cem_fallback,material_shift_proxy,6,12,0,0.01147,0.09294,0.13147,1,0,0,36.31747,1.62660,1,-0.88000,1,0.03707,0.26226,0.01377,0.00000,0.02613,cylinder,lift,0.2400,0.09439,-0.24050
no_cem_fallback,material_shift_proxy,6,13,1,0.16466,0.04689,0.04689,0,0,0,39.24271,3.11995,1,0.82231,1,0.01928,0.29039,0.00084,0.00000,0.00625,cylinder,lift,0.2400,0.09707,0.04248
no_cem_fallback,material_shift_proxy,6,14,0,0.01179,0.03810,0.07631,1,0,0,43.50247,1.58565,1,-0.78898,1,0.11397,0.25757,0.03990,0.00000,0.05911,cylinder,lift,0.2400,0.08597,0.70871
no_cem_fallback,material_shift_proxy,7,0,0,0.06758,0.04982,0.04982,1,0,0,41.52227,2.29898,1,-0.73380,1,0.04813,0.25857,0.04676,0.00000,0.00796,cylinder,lift,0.2400,0.09146,0.68946
no_cem_fallback,material_shift_proxy,7,1,0,0.01411,0.00977,0.04566,1,0,0,38.50694,1.83858,1,-0.72512,1,0.02109,0.26781,0.00481,0.00000,0.01624,cylinder,lift,0.2400,0.09628,-0.21042
no_cem_fallback,material_shift_proxy,7,2,1,0.16650,0.06685,0.06685,0,0,0,43.41157,3.62648,1,0.78073,1,0.08600,0.25864,0.00114,0.00000,0.00329,cylinder,lift,0.2400,0.08706,0.37065
no_cem_fallback,material_shift_proxy,7,3,0,0.01179,0.03539,0.07360,1,0,0,38.27619,1.39053,1,-0.78333,1,0.03493,0.27653,0.00051,0.00000,0.02748,cylinder,lift,0.2400,0.09661,0.52699
no_cem_fallback,material_shift_proxy,7,4,1,0.07335,0.02240,0.02240,0,0,0,43.18927,2.43949,1,0.87334,1,0.08698,0.25549,0.01789,0.00000,0.01781,cylinder,lift,0.2400,0.08838,0.64765
no_cem_fallback,material_shift_proxy,7,5,1,0.12296,0.05484,0.05484,0,0,0,38.24606,2.52872,1,0.80575,1,0.01725,0.26860,0.04677,0.00000,0.01219,cylinder,lift,0.2400,0.09628,-1.58577
no_cem_fallback,material_shift_proxy,7,6,0,0.01133,0.04344,0.08210,1,0,0,40.55597,1.95775,1,-0.80104,1,0.04783,0.25651,0.04813,0.00000,0.01549,cylinder,lift,0.2400,0.09223,0.87594
no_cem_fallback,material_shift_proxy,7,7,0,0.01876,0.05161,0.08284,1,0,0,44.23435,2.38859,1,-0.80259,1,0.09428,0.25532,0.04642,0.00000,0.00717,cylinder,lift,0.2400,0.08658,0.61336
no_cem_fallback,material_shift_proxy,7,8,1,0.10291,0.06689,0.06689,0,0,0,40.58283,2.43346,1,0.78064,1,0.02791,0.25780,0.04988,0.00000,0.00872,cylinder,lift,0.2400,0.09363,1.68029
no_cem_fallback,material_shift_proxy,7,9,1,0.14437,0.04525,0.04525,0,0,0,34.18581,2.20189,1,0.82572,1,0.11851,0.52524,0.01506,0.00000,0.00636,cylinder,lift,0.2400,0.10738,0.86650
no_cem_fallback,material_shift_proxy,7,10,0,0.01177,0.02197,0.06021,1,0,0,38.58743,1.58624,1,-0.75543,1,0.06943,0.25480,0.01926,0.00000,0.02496,cylinder,lift,0.2400,0.09091,0.63748
no_cem_fallback,material_shift_proxy,7,11,1,0.15561,0.08931,0.08931,0,0,0,37.38862,2.87078,1,0.73394,1,0.03626,0.33607,0.04344,0.00000,0.00504,cylinder,lift,0.2400,0.09896,-1.70690
no_cem_fallback,material_shift_proxy,7,12,1,0.12564,0.03306,0.03306,0,0,0,41.30500,2.73339,1,0.85112,1,0.05185,0.25777,0.03882,0.00000,0.01035,cylinder,lift,0.2400,0.09130,-0.60874
no_cem_fallback,material_shift_proxy,7,13,1,0.15252,0.04649,0.04649,0,0,0,36.77109,2.74853,1,0.82314,1,0.03618,0.33578,0.00258,0.00000,0.00515,cylinder,lift,0.2400,0.09894,-0.34808
no_cem_fallback,material_shift_proxy,7,14,1,0.16645,0.04795,0.04795,0,0,0,38.99788,3.25760,1,0.82011,1,0.03640,0.31713,0.00234,0.00000,0.01221,cylinder,lift,0.2400,0.09827,-0.14321
no_hard_collision_filter,combined_composition_shift,0,0,0,-0.00206,0.05950,0.11156,1,1,0,6.07011,0.67733,0,-1.18660,1,0.23137,0.13513,0.00000,0.00000,0.17311,t_shape,clutter_safe,0.3800,0.18000,-0.17400
no_hard_collision_filter,combined_composition_shift,0,1,0,-0.00206,0.03027,0.08232,1,1,0,48.19055,2.55113,0,-1.15151,1,0.21430,0.13590,0.00000,0.00000,0.12750,t_shape,clutter_safe,0.3800,0.18000,-2.80327
no_hard_collision_filter,combined_composition_shift,0,2,0,-0.00206,0.08345,0.13551,1,1,0,22.61010,0.68312,0,-1.20465,1,0.14071,0.12769,0.00000,0.00000,0.14878,t_shape,clutter_safe,0.3800,0.18000,-0.03426
no_hard_collision_filter,combined_composition_shift,0,3,0,-0.00265,0.03255,0.08520,1,1,0,49.12763,2.21022,0,-1.15750,1,0.20211,0.12872,0.00000,0.00000,0.12418,t_shape,clutter_safe,0.3800,0.18000,3.07098
no_hard_collision_filter,combined_composition_shift,0,4,0,0.12445,0.12819,0.12819,0,1,0,104.34923,7.28199,0,-0.68000,1,0.24554,0.13658,0.00000,0.00000,0.13388,t_shape,clutter_safe,0.3800,0.18000,0.21859
no_hard_collision_filter,combined_composition_shift,0,5,0,0.16105,0.04649,0.04649,0,1,0,53.27801,3.65323,0,-0.52684,1,0.19738,0.12619,0.00000,0.00000,0.10545,t_shape,clutter_safe,0.3800,0.18000,-2.84338
no_hard_collision_filter,combined_composition_shift,0,6,0,0.02497,0.06234,0.08737,1,1,0,59.76247,2.63434,0,-1.16201,1,0.19018,0.12878,0.00000,0.00000,0.10237,t_shape,clutter_safe,0.3800,0.18000,-0.07133
no_hard_collision_filter,combined_composition_shift,0,7,0,0.15585,0.04666,0.04666,0,1,0,79.42570,6.51815,0,-0.52720,1,0.13834,0.13059,0.00000,0.00000,0.12064,t_shape,clutter_safe,0.3800,0.18000,-0.18608
no_hard_collision_filter,combined_composition_shift,0,8,0,0.16237,0.04416,0.04416,0,1,0,78.99225,6.46736,0,-0.52199,1,0.18319,0.13100,0.00000,0.00000,0.12147,t_shape,clutter_safe,0.3800,0.18000,-0.15975
no_hard_collision_filter,combined_composition_shift,0,9,0,-0.00206,0.11077,0.16283,1,0,0,0.00000,0.57088,1,-0.84567,1,0.18078,0.13247,0.00000,0.00000,0.14818,t_shape,clutter_safe,0.3800,0.18000,-0.19011
no_hard_collision_filter,combined_composition_shift,0,10,0,0.15803,0.03941,0.03941,0,1,0,62.01786,5.10277,0,-0.51211,1,0.14894,0.13028,0.00000,0.00000,0.11157,t_shape,clutter_safe,0.3800,0.17677,-0.09988
no_hard_collision_filter,combined_composition_shift,0,11,0,0.15599,0.06480,0.06480,0,1,0,62.75170,5.05414,0,-0.56499,1,0.09891,0.13239,0.00000,0.00000,0.13359,t_shape,clutter_safe,0.3800,0.18000,-0.14212
no_hard_collision_filter,combined_composition_shift,0,12,0,-0.00206,0.04882,0.10087,1,1,0,40.60075,1.06895,0,-1.19016,1,0.17109,0.13171,0.00000,0.00000,0.13256,t_shape,clutter_safe,0.3800,0.18000,0.11040
no_hard_collision_filter,combined_composition_shift,0,13,0,-0.00206,0.10030,0.15236,1,1,0,0.00000,0.57374,0,-1.19590,1,0.05325,0.13422,0.03752,0.06253,0.13716,t_shape,clutter_safe,0.3800,0.18000,-0.33395
no_hard_collision_filter,combined_composition_shift,0,14,0,0.10718,0.10804,0.10804,0,1,0,64.69163,3.35461,0,-0.65509,1,0.16599,0.13394,0.00000,0.00000,0.11570,t_shape,clutter_safe,0.3800,0.18000,0.04509
no_hard_collision_filter,combined_composition_shift,1,0,0,-0.00206,0.14017,0.19223,1,0,0,6.62857,0.69632,1,-0.85571,1,0.09001,0.13289,0.01275,0.02125,0.11468,t_shape,clutter_safe,0.3800,0.18000,-0.14042
no_hard_collision_filter,combined_composition_shift,1,1,0,0.03135,0.08195,0.10060,1,1,0,22.88799,1.13171,0,-1.18959,1,0.21078,0.13707,0.00000,0.00000,0.12581,t_shape,clutter_safe,0.3800,0.18000,0.01506
no_hard_collision_filter,combined_composition_shift,1,2,0,0.12214,0.09428,0.09428,0,1,0,64.93723,3.86713,0,-0.62643,1,0.18712,0.13388,0.00000,0.00000,0.09203,t_shape,clutter_safe,0.3800,0.18000,-0.24677
no_hard_collision_filter,combined_composition_shift,1,3,0,0.15207,0.08374,0.08374,0,1,0,78.36885,6.20217,0,-0.60446,1,0.14027,0.13588,0.00000,0.00000,0.14024,t_shape,clutter_safe,0.3800,0.18000,-0.41589
no_hard_collision_filter,combined_composition_shift,1,4,0,0.10488,0.05183,0.05183,0,1,0,66.76216,4.43658,0,-0.53799,1,0.18272,0.13319,0.00000,0.00000,0.04796,t_shape,clutter_safe,0.3800,0.16617,0.13147
no_hard_collision_filter,combined_composition_shift,1,5,0,0.06397,0.04904,0.04904,1,1,0,61.18788,2.56017,0,-1.08218,1,0.23206,0.13584,0.00000,0.00000,0.15861,t_shape,clutter_safe,0.3800,0.18000,-0.05428
no_hard_collision_filter,combined_composition_shift,1,6,0,0.15229,0.10920,0.10920,0,1,0,64.88427,4.11311,0,-0.65749,1,0.13738,0.13441,0.00000,0.00000,0.13740,t_shape,clutter_safe,0.3800,0.18000,-2.71569
no_hard_collision_filter,combined_composition_shift,1,7,0,0.15248,0.08546,0.08546,0,1,0,77.43383,5.96858,0,-0.60805,1,0.19064,0.13635,0.00000,0.00000,0.11374,t_shape,clutter_safe,0.3800,0.18000,-3.11439
no_hard_collision_filter,combined_composition_shift,1,8,0,0.03636,0.06631,0.07996,1,1,0,43.08233,2.13491,0,-1.14657,1,0.17687,0.16744,0.14878,0.24796,0.03625,t_shape,clutter_safe,0.3800,0.15253,-1.48185
no_hard_collision_filter,combined_composition_shift,1,9,0,0.15674,0.02110,0.02110,0,1,0,65.39112,5.38076,0,-0.47397,1,0.11407,0.13017,0.00000,0.00000,0.11004,t_shape,clutter_safe,0.3800,0.18000,-0.22406
no_hard_collision_filter,combined_composition_shift,1,10,0,0.07478,0.04915,0.04915,0,1,0,43.03046,3.07127,0,-0.53239,1,0.24224,0.12673,0.00000,0.00000,0.19945,t_shape,clutter_safe,0.3800,0.18000,0.92198
no_hard_collision_filter,combined_composition_shift,1,11,0,0.13911,0.03779,0.03779,0,1,0,33.92264,1.49767,0,-0.50874,1,0.21569,0.13126,0.00000,0.00000,0.17109,t_shape,clutter_safe,0.3800,0.18000,-0.61747
no_hard_collision_filter,combined_composition_shift,1,12,0,-0.00206,0.28360,0.33566,1,1,0,76.01779,3.24118,0,-1.23000,1,0.15359,0.13368,0.00000,0.00000,0.14743,t_shape,clutter_safe,0.3800,0.18000,0.16658
no_hard_collision_filter,combined_composition_shift,1,13,0,0.04351,0.03594,0.04244,1,1,0,69.56404,2.91088,0,-1.06841,1,0.14389,0.12796,0.00000,0.00000,0.13768,t_shape,clutter_safe,0.3800,0.18000,0.22019
no_hard_collision_filter,combined_composition_shift,1,14,0,0.15265,0.05437,0.05437,0,1,0,52.54414,3.22277,0,-0.54326,1,0.14302,0.13635,0.00000,0.00000,0.11225,t_shape,clutter_safe,0.3800,0.18000,-3.01901
no_hard_collision_filter,combined_composition_shift,2,0,0,-0.00206,0.08362,0.13567,1,1,0,8.73122,0.62869,0,-1.20029,1,0.18394,0.13173,0.00000,0.00000,0.14616,t_shape,clutter_safe,0.3800,0.18000,-0.12917
no_hard_collision_filter,combined_composition_shift,2,1,0,-0.00206,0.12917,0.18123,1,0,0,5.25122,0.61781,1,-0.84942,1,0.20191,0.12735,0.00000,0.00000,0.12394,t_shape,clutter_safe,0.3800,0.18000,-0.01161
no_hard_collision_filter,combined_composition_shift,2,2,0,0.15367,0.12275,0.12275,0,1,0,79.04538,6.38958,0,-0.68000,1,0.17185,0.13770,0.00000,0.00000,0.09329,t_shape,clutter_safe,0.3800,0.18000,-0.16413
no_hard_collision_filter,combined_composition_shift,2,3,0,0.16171,0.06102,0.06102,0,1,0,70.41822,5.85861,0,-0.55713,1,0.12431,0.13223,0.00000,0.00000,0.12246,t_shape,clutter_safe,0.3800,0.18000,-0.24204
no_hard_collision_filter,combined_composition_shift,2,4,0,0.15679,0.03721,0.03721,0,1,0,83.62037,6.81686,0,-0.50752,1,0.18293,0.13093,0.00000,0.00000,0.12522,t_shape,clutter_safe,0.3800,0.18000,3.05367
no_hard_collision_filter,combined_composition_shift,2,5,0,0.11513,0.07742,0.07742,0,1,0,74.20661,4.19891,0,-0.59130,1,0.14425,0.13515,0.00000,0.00000,0.11874,t_shape,clutter_safe,0.3800,0.18000,-3.12515
no_hard_collision_filter,combined_composition_shift,2,6,0,0.01799,0.16960,0.20162,1,1,0,54.46593,2.77670,0,-1.23000,1,0.16940,0.13729,0.00000,0.00000,0.13302,t_shape,clutter_safe,0.3800,0.18000,0.13926
no_hard_collision_filter,combined_composition_shift,2,7,0,0.09176,0.06996,0.06996,0,1,0,44.07757,2.69223,0,-0.57574,1,0.19322,0.13378,0.00000,0.00000,0.11633,t_shape,clutter_safe,0.3800,0.18000,-0.15182
no_hard_collision_filter,combined_composition_shift,2,8,0,0.10420,0.07102,0.07102,0,1,0,70.83359,4.84312,0,-0.57795,1,0.16693,0.13648,0.00000,0.00000,0.13310,t_shape,clutter_safe,0.3800,0.18000,-0.05792
no_hard_collision_filter,combined_composition_shift,2,9,0,0.16209,0.10427,0.10427,0,1,0,67.83111,5.62892,0,-0.64723,1,0.14236,0.13671,0.00000,0.00000,0.07197,t_shape,clutter_safe,0.3800,0.17150,-0.25205
no_hard_collision_filter,combined_composition_shift,2,10,0,0.16111,0.04915,0.04915,0,1,0,54.30559,3.20686,0,-0.53239,1,0.17118,0.12848,0.00000,0.00000,0.12084,t_shape,clutter_safe,0.3800,0.18000,2.66828
no_hard_collision_filter,combined_composition_shift,2,11,1,0.15929,0.05153,0.05153,0,0,0,77.28512,6.42312,1,0.81264,1,0.15559,0.12988,0.00000,0.00000,0.11789,t_shape,clutter_safe,0.3800,0.18000,-0.24313
no_hard_collision_filter,combined_composition_shift,2,12,0,0.02167,0.05313,0.08145,1,1,0,61.05946,2.60980,0,-1.14969,1,0.19480,0.13019,0.00000,0.00000,0.13319,t_shape,clutter_safe,0.3800,0.18000,0.13699
no_hard_collision_filter,combined_composition_shift,2,13,0,0.16210,0.03509,0.03509,0,1,0,58.37722,4.71848,0,-0.50311,1,0.06077,0.12669,0.01842,0.03071,0.09500,t_shape,clutter_safe,0.3800,0.18000,-0.14131
no_hard_collision_filter,combined_composition_shift,2,14,0,0.15761,0.03793,0.03793,0,1,0,77.26244,6.26709,0,-0.50903,1,0.15847,0.13127,0.00000,0.00000,0.12627,t_shape,clutter_safe,0.3800,0.18000,-0.04404
no_hard_collision_filter,combined_composition_shift,3,0,0,0.16147,0.10678,0.10678,0,1,0,83.09347,6.85513,0,-0.65246,1,0.16886,0.13719,0.00000,0.00000,0.10775,t_shape,clutter_safe,0.3800,0.18000,3.01660
no_hard_collision_filter,combined_composition_shift,3,1,0,0.14831,0.04905,0.04905,0,1,0,49.76320,2.20002,0,-0.53220,1,0.21167,0.13133,0.07090,0.11817,0.15243,t_shape,clutter_safe,0.3800,0.18000,-0.08444
no_hard_collision_filter,combined_composition_shift,3,2,0,0.16008,0.11978,0.11978,0,1,0,79.62082,6.65179,0,-0.67954,1,0.14547,0.13734,0.00000,0.00000,0.10387,t_shape,clutter_safe,0.3800,0.18000,3.02732
no_hard_collision_filter,combined_composition_shift,3,3,0,0.15141,0.07701,0.07701,0,1,0,77.19109,5.93062,0,-0.59045,1,0.08999,0.13640,0.00000,0.00000,0.12700,t_shape,clutter_safe,0.3800,0.18000,0.00247
no_hard_collision_filter,combined_composition_shift,3,4,0,0.14848,0.11907,0.11907,0,1,0,71.24671,4.36287,0,-0.67806,1,0.19131,0.13524,0.03040,0.05066,0.10538,t_shape,clutter_safe,0.3800,0.18000,0.33040
no_hard_collision_filter,combined_composition_shift,3,5,0,-0.00206,0.04168,0.09374,1,1,0,60.43193,2.03009,0,-1.17530,1,0.05600,0.13667,0.00000,0.00000,0.12889,t_shape,clutter_safe,0.3800,0.18000,-0.13361
no_hard_collision_filter,combined_composition_shift,3,6,0,0.13875,0.00491,0.00491,0,1,0,49.57405,2.67184,0,-0.44023,1,0.13189,0.12799,0.00000,0.00000,0.14785,t_shape,clutter_safe,0.3800,0.18000,-0.21916
no_hard_collision_filter,combined_composition_shift,3,7,0,-0.00206,0.05064,0.10269,1,1,0,20.15492,1.15148,0,-1.19395,1,0.11761,0.12758,0.00000,0.00000,0.11845,t_shape,clutter_safe,0.3800,0.18000,-0.28168
no_hard_collision_filter,combined_composition_shift,3,8,1,0.16314,0.05180,0.05180,0,0,0,57.81001,4.67956,1,0.81207,1,0.04125,0.12736,0.00000,0.00000,0.11136,t_shape,clutter_safe,0.3800,0.18000,-0.14973
no_hard_collision_filter,combined_composition_shift,3,9,0,0.12605,0.05515,0.05515,0,1,0,50.30861,2.89874,0,-0.54489,1,0.26951,0.32151,0.00000,0.00000,0.16439,t_shape,clutter_safe,0.3800,0.18000,-2.67237
no_hard_collision_filter,combined_composition_shift,3,10,0,-0.00206,0.08743,0.13949,1,1,0,25.56317,0.71134,0,-1.20691,1,0.18309,0.12762,0.00000,0.00000,0.15861,t_shape,clutter_safe,0.3800,0.18000,3.03623
no_hard_collision_filter,combined_composition_shift,3,11,0,0.16109,0.00136,0.00136,0,1,0,71.78514,5.94232,0,-0.43283,1,0.08986,0.12846,0.00000,0.00000,0.09334,t_shape,clutter_safe,0.3800,0.18000,-0.02295
no_hard_collision_filter,combined_composition_shift,3,12,0,0.11107,0.03426,0.03426,0,1,0,72.19879,5.02470,0,-0.50137,1,0.23107,0.13233,0.00000,0.00000,0.12027,t_shape,clutter_safe,0.3800,0.18000,0.15347
no_hard_collision_filter,combined_composition_shift,3,13,1,0.13955,0.07571,0.07571,0,0,0,100.52664,5.95284,1,0.76227,1,0.16496,0.12903,0.00000,0.00000,0.11340,t_shape,clutter_safe,0.3800,0.18000,0.17932
no_hard_collision_filter,combined_composition_shift,3,14,0,-0.00206,0.11353,0.16558,1,0,0,2.01346,0.54021,1,-0.84322,1,0.14667,0.12810,0.00000,0.00000,0.10284,t_shape,clutter_safe,0.3800,0.18000,-0.02451
no_hard_collision_filter,combined_composition_shift,4,0,0,-0.00206,0.11772,0.16978,1,1,0,6.05373,0.61339,0,-1.19907,1,0.15318,0.12774,0.13763,0.22938,0.15565,t_shape,clutter_safe,0.3800,0.18000,1.82152
no_hard_collision_filter,combined_composition_shift,4,1,0,0.15308,0.12157,0.12157,0,1,0,60.42230,5.01803,0,-0.68000,1,0.08276,0.13737,0.00000,0.00000,0.11601,t_shape,clutter_safe,0.3800,0.18000,0.13456
no_hard_collision_filter,combined_composition_shift,4,2,0,0.04034,0.03733,0.04698,1,1,0,49.12908,2.23802,0,-1.07788,1,0.16149,0.12689,0.00000,0.00000,0.12729,t_shape,clutter_safe,0.3800,0.18000,-0.13388
no_hard_collision_filter,combined_composition_shift,4,3,0,-0.00206,0.06409,0.11615,1,0,0,3.23070,0.57552,1,-0.83802,1,0.22262,0.12806,0.18933,0.31556,0.14307,t_shape,clutter_safe,0.3800,0.18000,0.07773
no_hard_collision_filter,combined_composition_shift,4,4,0,0.03834,0.19447,0.20613,1,1,0,77.30420,5.13844,0,-1.23000,1,0.10546,0.13702,0.00000,0.00000,0.10692,t_shape,clutter_safe,0.3800,0.18000,3.12566
no_hard_collision_filter,combined_composition_shift,4,5,0,-0.00207,0.07400,0.12607,1,1,0,56.98965,2.00549,0,-1.23000,1,0.06349,0.13724,0.00000,0.00000,0.10225,t_shape,clutter_safe,0.3800,0.18000,-2.91910
no_hard_collision_filter,combined_composition_shift,4,6,0,0.15334,0.08397,0.08397,0,1,0,79.93759,6.50163,0,-0.60494,1,0.23589,0.13363,0.00000,0.00000,0.12530,t_shape,clutter_safe,0.3800,0.18000,-2.96722
no_hard_collision_filter,combined_composition_shift,4,7,0,-0.00206,0.08087,0.13293,1,1,0,10.35388,0.62080,0,-1.19966,1,0.14190,0.12664,0.11171,0.18619,0.14273,t_shape,clutter_safe,0.3800,0.18000,0.02426
no_hard_collision_filter,combined_composition_shift,4,8,1,0.16226,0.02109,0.02109,0,0,0,67.75522,5.62361,1,0.87606,1,0.12553,0.12914,0.00000,0.00000,0.16256,t_shape,clutter_safe,0.3800,0.18000,-0.19572
no_hard_collision_filter,combined_composition_shift,4,9,0,0.01715,0.03283,0.06568,1,1,0,33.10875,2.17163,0,-1.11684,1,0.23800,0.12687,0.00000,0.00000,0.16971,t_shape,clutter_safe,0.3800,0.18000,-0.09728
no_hard_collision_filter,combined_composition_shift,4,10,0,0.04306,0.02864,0.03558,1,1,0,65.96508,3.01824,0,-1.05413,1,0.13873,0.12700,0.00000,0.00000,0.12007,t_shape,clutter_safe,0.3800,0.18000,-3.14034
no_hard_collision_filter,combined_composition_shift,4,11,0,0.03902,0.05026,0.06124,1,1,0,37.46900,1.67933,0,-1.10759,1,0.10923,0.13241,0.00000,0.00000,0.12767,t_shape,clutter_safe,0.3800,0.18000,0.00289
no_hard_collision_filter,combined_composition_shift,4,12,0,0.13288,0.06836,0.06836,0,1,0,38.52771,2.17860,0,-0.57242,1,0.15613,0.13454,0.00000,0.00000,0.11827,t_shape,clutter_safe,0.3800,0.18000,-0.30060
no_hard_collision_filter,combined_composition_shift,4,13,0,-0.00206,0.16695,0.21901,1,0,0,5.22537,0.67221,1,-0.85378,1,0.15040,0.13582,0.00000,0.00000,0.10391,t_shape,clutter_safe,0.3800,0.18000,0.15094
no_hard_collision_filter,combined_composition_shift,4,14,0,0.15595,0.02255,0.02255,0,1,0,63.94204,5.18773,0,-0.47698,1,0.07719,0.13027,0.00000,0.00000,0.11422,t_shape,clutter_safe,0.3800,0.18000,-0.11666
no_hard_collision_filter,combined_composition_shift,5,0,0,0.03112,0.05161,0.07049,1,1,0,58.05105,2.44173,0,-1.12685,1,0.18982,0.13146,0.00000,0.00000,0.15407,t_shape,clutter_safe,0.3800,0.18000,-0.17476
no_hard_collision_filter,combined_composition_shift,5,1,0,-0.00206,0.06066,0.11272,1,1,0,64.21726,2.87208,0,-1.21484,1,0.19591,0.13726,0.00000,0.00000,0.12995,t_shape,clutter_safe,0.3800,0.18000,2.88770
no_hard_collision_filter,combined_composition_shift,5,2,0,-0.00206,0.05047,0.10253,1,1,0,36.87813,1.39132,0,-1.19360,1,0.09293,0.13376,0.00000,0.00000,0.14525,t_shape,clutter_safe,0.3800,0.18000,0.02970
no_hard_collision_filter,combined_composition_shift,5,3,0,-0.00206,0.08444,0.13650,1,0,0,6.61588,0.57898,1,-0.84632,1,0.14410,0.13018,0.17711,0.29518,0.11640,t_shape,clutter_safe,0.3800,0.18000,2.84752
no_hard_collision_filter,combined_composition_shift,5,4,0,-0.00206,0.10472,0.15678,1,1,0,49.52804,1.14313,0,-1.23000,1,0.05845,0.13455,0.05087,0.08478,0.14212,t_shape,clutter_safe,0.3800,0.18000,-0.16529
no_hard_collision_filter,combined_composition_shift,5,5,0,0.16102,0.07640,0.07640,0,1,0,66.96709,5.14008,0,-0.58917,1,0.10757,0.13579,0.00000,0.00000,0.14340,t_shape,clutter_safe,0.3800,0.18000,0.23330
no_hard_collision_filter,combined_composition_shift,5,6,0,0.16122,0.08642,0.08642,0,1,0,68.10463,5.46438,0,-0.61003,1,0.11467,0.13644,0.00000,0.00000,0.13508,t_shape,clutter_safe,0.3800,0.17980,-0.14283
no_hard_collision_filter,combined_composition_shift,5,7,1,0.16089,0.02744,0.02744,0,0,0,75.76720,6.23621,1,0.86283,1,0.18102,0.12812,0.00000,0.00000,0.11661,t_shape,clutter_safe,0.3800,0.18000,-0.14079
no_hard_collision_filter,combined_composition_shift,5,8,0,-0.00206,0.08981,0.14187,1,1,0,46.42120,1.27548,0,-1.23000,1,0.22640,0.13194,0.00000,0.00000,0.13615,t_shape,clutter_safe,0.3800,0.18000,-0.39387
no_hard_collision_filter,combined_composition_shift,5,9,0,0.07206,0.01534,0.01534,0,1,0,44.31264,2.86956,0,-0.46196,1,0.18548,0.12720,0.00000,0.00000,0.09752,t_shape,clutter_safe,0.3800,0.17973,0.06751
no_hard_collision_filter,combined_composition_shift,5,10,0,0.12032,0.09964,0.09964,0,1,0,80.68085,5.25573,0,-0.63758,1,0.15119,0.13420,0.00000,0.00000,0.12195,t_shape,clutter_safe,0.3800,0.18000,0.25001
no_hard_collision_filter,combined_composition_shift,5,11,0,0.10239,0.07656,0.07656,0,1,0,60.53128,3.51628,0,-0.58950,1,0.15480,0.13352,0.00000,0.00000,0.13355,t_shape,clutter_safe,0.3800,0.18000,0.12220
no_hard_collision_filter,combined_composition_shift,5,12,0,0.14982,0.09174,0.09174,0,1,0,80.30170,6.07054,0,-0.62112,1,0.15474,0.13687,0.00000,0.00000,0.11274,t_shape,clutter_safe,0.3800,0.18000,2.99239
no_hard_collision_filter,combined_composition_shift,5,13,0,0.11725,0.02350,0.02350,0,1,0,98.76485,5.08463,0,-0.47895,1,0.21114,0.13092,0.00000,0.00000,0.12144,t_shape,clutter_safe,0.3800,0.18000,-0.06808
no_hard_collision_filter,combined_composition_shift,5,14,0,-0.00206,0.02260,0.07466,1,1,0,58.29651,2.73738,0,-1.13554,1,0.20933,0.13542,0.00000,0.00000,0.12936,t_shape,clutter_safe,0.3800,0.18000,3.08306
no_hard_collision_filter,combined_composition_shift,6,0,0,-0.00206,0.00924,0.06130,1,1,0,60.21938,2.60420,0,-1.10771,1,0.16661,0.13364,0.01443,0.02404,0.10827,t_shape,clutter_safe,0.3800,0.18000,-0.40294
no_hard_collision_filter,combined_composition_shift,6,1,1,0.15957,0.09845,0.09845,0,0,0,56.61927,4.71021,1,0.71490,1,0.02628,0.14309,0.02169,0.03615,0.11376,t_shape,clutter_safe,0.3800,0.18000,-0.01275
no_hard_collision_filter,combined_composition_shift,6,2,0,-0.00206,0.10807,0.16013,1,1,0,8.29337,0.64384,0,-1.20151,1,0.20862,0.13089,0.00000,0.00000,0.14967,t_shape,clutter_safe,0.3800,0.18000,-0.01650
no_hard_collision_filter,combined_composition_shift,6,3,0,-0.00206,0.03486,0.08692,1,1,0,48.33065,2.12394,0,-1.16109,1,0.20697,0.13767,0.00000,0.00000,0.11027,t_shape,clutter_safe,0.3800,0.18000,-0.14877
no_hard_collision_filter,combined_composition_shift,6,4,0,-0.00206,0.08679,0.13885,1,1,0,12.33526,0.76294,0,-1.21104,1,0.25751,0.12917,0.00000,0.00000,0.15066,t_shape,clutter_safe,0.3800,0.18000,-2.82089
no_hard_collision_filter,combined_composition_shift,6,5,1,0.16226,0.00314,0.00314,0,0,0,65.22219,5.40384,1,0.91345,1,0.10573,0.12618,0.00000,0.00000,0.06593,t_shape,clutter_safe,0.3800,0.16949,3.05047
no_hard_collision_filter,combined_composition_shift,6,6,0,0.16220,0.02096,0.02096,0,1,0,65.86310,5.36444,0,-0.47366,1,0.12699,0.13051,0.00000,0.00000,0.11497,t_shape,clutter_safe,0.3800,0.18000,-0.00074
no_hard_collision_filter,combined_composition_shift,6,7,0,0.15668,0.09398,0.09398,0,1,0,48.52034,3.24643,0,-0.62580,1,0.08001,0.13175,0.00000,0.00000,0.16862,t_shape,clutter_safe,0.3800,0.18000,0.25922
no_hard_collision_filter,combined_composition_shift,6,8,0,-0.00206,0.08481,0.13687,1,1,0,81.83576,2.88070,0,-1.23000,1,0.20587,0.13697,0.00000,0.00000,0.17841,t_shape,clutter_safe,0.3800,0.18000,-0.13612
no_hard_collision_filter,combined_composition_shift,6,9,0,0.15659,0.06686,0.06686,0,1,0,50.85875,3.57957,0,-0.56930,1,0.10572,0.12883,0.00000,0.00000,0.11312,t_shape,clutter_safe,0.3800,0.18000,0.19317
no_hard_collision_filter,combined_composition_shift,6,10,0,0.12294,0.04963,0.04963,0,1,0,70.99468,3.94302,0,-0.53340,1,0.18942,0.12607,0.00000,0.00000,0.10553,t_shape,clutter_safe,0.3800,0.18000,3.05082
no_hard_collision_filter,combined_composition_shift,6,11,0,0.10913,0.05604,0.05604,0,1,0,57.86432,3.74523,0,-0.54675,1,0.14728,0.16545,0.00457,0.00761,0.13056,t_shape,clutter_safe,0.3800,0.18000,-2.99114
no_hard_collision_filter,combined_composition_shift,6,12,0,0.15895,0.01843,0.01843,0,1,0,63.04229,5.18583,0,-0.46841,1,0.06271,0.12827,0.00000,0.00000,0.08753,t_shape,clutter_safe,0.3800,0.17640,3.01592
no_hard_collision_filter,combined_composition_shift,6,13,0,0.16200,0.00428,0.00428,0,1,0,62.65128,5.07986,0,-0.43892,1,0.16052,0.12676,0.00000,0.00000,0.11976,t_shape,clutter_safe,0.3800,0.17687,0.23692
no_hard_collision_filter,combined_composition_shift,6,14,0,0.01423,0.02015,0.05592,1,1,0,45.08033,2.18479,0,-1.09649,1,0.15861,0.13786,0.00000,0.00000,0.11354,t_shape,clutter_safe,0.3800,0.17314,-2.61818
no_hard_collision_filter,combined_composition_shift,7,0,0,0.15764,0.07948,0.07948,0,1,0,47.24416,3.13288,0,-0.59557,1,0.15124,0.13046,0.12457,0.20762,0.10761,t_shape,clutter_safe,0.3800,0.18000,0.27157
no_hard_collision_filter,combined_composition_shift,7,1,1,0.16171,0.08692,0.08692,0,0,0,75.02761,6.27919,1,0.73892,1,0.10688,0.13461,0.00000,0.00000,0.10128,t_shape,clutter_safe,0.3800,0.18000,-0.05180
no_hard_collision_filter,combined_composition_shift,7,2,0,-0.00207,0.03638,0.08845,1,1,0,56.63168,2.45686,0,-1.16427,1,0.11256,0.12793,0.00000,0.00000,0.11543,t_shape,clutter_safe,0.3800,0.18000,2.80328
no_hard_collision_filter,combined_composition_shift,7,3,0,0.10179,0.08477,0.08477,0,1,0,59.01712,3.21292,0,-0.60661,1,0.12750,0.13574,0.00000,0.00000,0.11426,t_shape,clutter_safe,0.3800,0.18000,-0.38063
no_hard_collision_filter,combined_composition_shift,7,4,0,-0.00206,0.10514,0.15719,1,1,0,0.00000,0.60174,0,-1.19814,1,0.12451,0.13730,0.09350,0.15583,0.09690,t_shape,clutter_safe,0.3800,0.18000,2.93805
no_hard_collision_filter,combined_composition_shift,7,5,0,0.16319,0.03837,0.03837,0,1,0,51.11092,4.10780,0,-0.50993,1,0.20383,0.13026,0.00000,0.00000,0.12481,t_shape,clutter_safe,0.3800,0.18000,0.36409
no_hard_collision_filter,combined_composition_shift,7,6,0,0.09949,0.05436,0.05436,0,1,0,66.48817,5.20214,0,-0.54324,1,0.24817,0.13294,0.00000,0.00000,0.13641,t_shape,clutter_safe,0.3800,0.18000,3.13392
no_hard_collision_filter,combined_composition_shift,7,7,0,0.15110,0.04555,0.04555,0,1,0,72.61106,5.61649,0,-0.52489,1,0.07717,0.13346,0.00000,0.00000,0.10755,t_shape,clutter_safe,0.3800,0.18000,-0.18557
no_hard_collision_filter,combined_composition_shift,7,8,0,0.15594,0.04637,0.04637,0,1,0,37.24259,3.11109,0,-0.52661,1,0.21108,0.12711,0.00000,0.00000,0.10530,t_shape,clutter_safe,0.3800,0.18000,0.30658
no_hard_collision_filter,combined_composition_shift,7,9,0,0.07508,0.04329,0.04329,0,1,0,40.08135,2.84377,0,-0.52020,1,0.19215,0.12707,0.02743,0.04572,0.03094,t_shape,clutter_safe,0.3800,0.16520,0.12659
no_hard_collision_filter,combined_composition_shift,7,10,0,0.15932,0.07145,0.07145,0,1,0,65.53592,5.42324,0,-0.57885,1,0.11819,0.13219,0.00000,0.00000,0.12271,t_shape,clutter_safe,0.3800,0.18000,0.04698
no_hard_collision_filter,combined_composition_shift,7,11,0,-0.00206,0.07280,0.12486,1,1,0,47.72816,1.35678,0,-1.23000,1,0.14023,0.13219,0.04374,0.07290,0.19767,t_shape,clutter_safe,0.3800,0.18000,0.32146
no_hard_collision_filter,combined_composition_shift,7,12,0,-0.00206,0.06173,0.11379,1,1,0,16.94961,0.70839,0,-1.19373,1,0.22720,0.13086,0.00000,0.00000,0.13820,t_shape,clutter_safe,0.3800,0.18000,-0.20177
no_hard_collision_filter,combined_composition_shift,7,13,0,0.15695,0.03328,0.03328,0,1,0,70.24357,5.70039,0,-0.49933,1,0.12392,0.13072,0.00000,0.00000,0.05671,t_shape,clutter_safe,0.3800,0.16908,-3.11763
no_hard_collision_filter,combined_composition_shift,7,14,0,0.15941,0.02647,0.02647,0,1,0,39.94945,3.28167,0,-0.48514,1,0.14850,0.12934,0.00000,0.00000,0.09406,t_shape,clutter_safe,0.3800,0.18000,0.15819
no_hard_collision_filter,adversarial_clutter_gap,0,0,0,-0.00206,0.13198,0.18404,1,1,0,1.32707,0.54630,0,-1.19370,1,0.22512,0.05462,0.07078,0.11796,0.14387,t_shape,clutter_safe,0.4600,0.18000,-1.26540
no_hard_collision_filter,adversarial_clutter_gap,0,1,0,0.04970,0.05177,0.05207,1,1,0,46.00493,3.10444,0,-1.08849,1,0.21587,0.05470,0.00000,0.00000,0.11368,t_shape,clutter_safe,0.4600,0.18000,0.21604
no_hard_collision_filter,adversarial_clutter_gap,0,2,0,0.13787,0.08742,0.08742,0,1,0,127.42446,8.13227,0,-0.61212,1,0.25045,0.06437,0.00000,0.00000,0.13125,t_shape,clutter_safe,0.4600,0.18000,-0.25460
no_hard_collision_filter,adversarial_clutter_gap,0,3,0,0.03194,0.03051,0.04857,1,1,0,78.88559,3.65845,0,-1.08118,1,0.17313,0.06176,0.00000,0.00000,0.16221,t_shape,clutter_safe,0.4600,0.18000,-0.64563
no_hard_collision_filter,adversarial_clutter_gap,0,4,0,0.08060,0.03546,0.03546,0,1,0,77.96436,4.80558,0,-0.50388,1,0.23385,0.06045,0.00000,0.00000,0.11617,t_shape,clutter_safe,0.4600,0.18000,-0.23192
no_hard_collision_filter,adversarial_clutter_gap,0,5,0,0.06007,0.05485,0.05485,1,1,0,123.79876,4.95489,0,-1.09428,1,0.23623,0.06335,0.00000,0.00000,0.12534,t_shape,clutter_safe,0.4600,0.18000,-0.32761
no_hard_collision_filter,adversarial_clutter_gap,0,6,0,-0.00206,0.04723,0.09928,1,1,0,45.24514,2.28838,0,-1.18684,1,0.20193,0.05947,0.00000,0.00000,0.15986,t_shape,clutter_safe,0.4600,0.18000,2.18783
no_hard_collision_filter,adversarial_clutter_gap,0,7,0,0.12624,0.02001,0.02001,0,1,0,91.41448,7.27439,0,-0.47169,1,0.29147,0.05518,0.00000,0.00000,0.15150,t_shape,clutter_safe,0.4600,0.18000,-2.78361
no_hard_collision_filter,adversarial_clutter_gap,0,8,0,-0.00206,0.04329,0.09535,1,1,0,35.75345,1.88059,0,-1.17864,1,0.18506,0.07067,0.00000,0.00000,0.04997,t_shape,clutter_safe,0.4600,0.14615,-1.38424
no_hard_collision_filter,adversarial_clutter_gap,0,9,0,0.02834,0.04086,0.06252,1,1,0,29.16682,1.84488,0,-1.11025,1,0.11501,0.05707,0.09700,0.16166,0.11232,t_shape,clutter_safe,0.4600,0.18000,0.28243
no_hard_collision_filter,adversarial_clutter_gap,0,10,0,-0.00206,0.06167,0.11373,1,1,0,17.61971,0.87103,0,-1.20662,1,0.16449,0.05951,0.00000,0.00000,0.11050,t_shape,clutter_safe,0.4600,0.18000,0.10464
no_hard_collision_filter,adversarial_clutter_gap,0,11,0,0.03588,0.10000,0.11413,1,1,0,13.89433,0.90085,0,-1.20983,1,0.14341,0.06129,0.00000,0.00000,0.11762,t_shape,clutter_safe,0.4600,0.18000,-1.29255
no_hard_collision_filter,adversarial_clutter_gap,0,12,0,-0.00206,0.02010,0.07216,1,0,0,1.80137,0.57473,1,-0.74630,1,0.19854,0.06107,0.00000,0.00000,0.19017,t_shape,clutter_safe,0.4600,0.18000,-2.08321
no_hard_collision_filter,adversarial_clutter_gap,0,13,0,0.07360,0.04326,0.04326,0,1,0,52.67138,4.02291,0,-0.52012,1,0.19207,0.05422,0.00000,0.00000,0.13141,t_shape,clutter_safe,0.4600,0.18000,3.13512
no_hard_collision_filter,adversarial_clutter_gap,0,14,0,0.02460,0.03859,0.06398,1,1,0,43.46929,2.60241,0,-1.11330,1,0.19054,0.05853,0.00000,0.00000,0.10034,t_shape,clutter_safe,0.4600,0.18000,-2.71383
no_hard_collision_filter,adversarial_clutter_gap,1,0,0,0.16345,0.01778,0.01778,0,1,0,72.82132,5.82562,0,-0.46703,1,0.13722,0.05871,0.00000,0.00000,0.15565,t_shape,clutter_safe,0.4600,0.17851,-0.20692
no_hard_collision_filter,adversarial_clutter_gap,1,1,0,0.10668,0.05388,0.05388,0,1,0,66.40322,4.07375,0,-0.54225,1,0.16724,0.06188,0.15780,0.26299,0.11654,t_shape,clutter_safe,0.4600,0.18000,-0.14801
no_hard_collision_filter,adversarial_clutter_gap,1,2,0,0.13960,0.05967,0.05967,0,1,0,77.04891,4.37931,0,-0.55431,1,0.25319,0.05405,0.00000,0.00000,0.12154,t_shape,clutter_safe,0.4600,0.18000,2.92833
no_hard_collision_filter,adversarial_clutter_gap,1,3,0,0.07103,0.03906,0.03906,0,1,0,56.22475,2.81903,0,-0.51137,1,0.19194,0.05847,0.00000,0.00000,0.11314,t_shape,clutter_safe,0.4600,0.18000,-0.26095
no_hard_collision_filter,adversarial_clutter_gap,1,4,0,0.11169,0.06476,0.06476,0,1,0,76.86406,4.22111,0,-0.56491,1,0.15479,0.05858,0.05105,0.08508,0.09124,t_shape,clutter_safe,0.4600,0.18000,0.31569
no_hard_collision_filter,adversarial_clutter_gap,1,5,0,0.12619,0.07677,0.07677,0,1,0,65.71753,3.73612,0,-0.58994,1,0.11796,0.05972,0.00000,0.00000,0.11448,t_shape,clutter_safe,0.4600,0.18000,-2.82754
no_hard_collision_filter,adversarial_clutter_gap,1,6,0,-0.00206,0.03153,0.08358,1,1,0,39.36827,1.89461,0,-1.15413,1,0.15647,0.06188,0.00000,0.00000,0.12174,t_shape,clutter_safe,0.4600,0.18000,-0.15487
no_hard_collision_filter,adversarial_clutter_gap,1,7,0,-0.00206,0.07652,0.12858,1,1,0,58.57002,2.28949,0,-1.23000,1,0.24502,0.06469,0.00000,0.00000,0.05093,t_shape,clutter_safe,0.4600,0.15602,1.44408
no_hard_collision_filter,adversarial_clutter_gap,1,8,0,-0.00206,0.07410,0.12616,1,1,0,34.38922,2.33994,0,-1.23000,1,0.27713,0.05742,0.00000,0.00000,0.06704,t_shape,clutter_safe,0.4600,0.13945,-1.26290
no_hard_collision_filter,adversarial_clutter_gap,1,9,0,0.01187,0.16834,0.20646,1,1,0,55.66000,3.07813,0,-1.23000,1,0.23834,0.06136,0.00000,0.00000,0.04917,t_shape,clutter_safe,0.4600,0.16022,-2.79280
no_hard_collision_filter,adversarial_clutter_gap,1,10,0,0.02187,0.03177,0.05990,1,1,0,56.04658,3.40193,0,-1.10480,1,0.21427,0.05568,0.00000,0.00000,0.12494,t_shape,clutter_safe,0.4600,0.18000,0.42075
no_hard_collision_filter,adversarial_clutter_gap,1,11,0,0.05715,0.04339,0.04339,1,1,0,103.18386,4.90690,0,-1.07040,1,0.18421,0.05765,0.00000,0.00000,0.10742,t_shape,clutter_safe,0.4600,0.18000,0.00421
no_hard_collision_filter,adversarial_clutter_gap,1,12,0,0.07401,0.03177,0.03177,0,1,0,93.49826,3.79445,0,-0.49619,1,0.17334,0.05817,0.00000,0.00000,0.09945,t_shape,clutter_safe,0.4600,0.17571,-2.88725
no_hard_collision_filter,adversarial_clutter_gap,1,13,0,-0.00206,0.06098,0.11304,1,1,0,26.06282,0.88234,0,-1.20608,1,0.08724,0.05591,0.18331,0.30552,0.13140,t_shape,clutter_safe,0.4600,0.18000,-0.16313
no_hard_collision_filter,adversarial_clutter_gap,1,14,0,-0.00206,0.01934,0.07140,1,1,0,33.41356,1.60268,0,-1.12875,1,0.20411,0.05990,0.05861,0.09769,0.02086,t_shape,clutter_safe,0.4600,0.15621,1.32005
no_hard_collision_filter,adversarial_clutter_gap,2,0,0,0.14650,0.05321,0.05321,0,1,0,87.46079,6.99256,0,-0.54086,1,0.17967,0.06111,0.00000,0.00000,0.13114,t_shape,clutter_safe,0.4600,0.18000,-0.21589
no_hard_collision_filter,adversarial_clutter_gap,2,1,0,0.05963,0.09542,0.09542,1,1,0,69.23105,3.50688,0,-1.17879,1,0.16891,0.06455,0.00000,0.00000,0.11564,t_shape,clutter_safe,0.4600,0.18000,-0.07873
no_hard_collision_filter,adversarial_clutter_gap,2,2,0,-0.00206,0.05807,0.11013,1,1,0,20.15920,0.75666,0,-1.18997,1,0.20067,0.05846,0.00000,0.00000,0.12655,t_shape,clutter_safe,0.4600,0.18000,0.01007
no_hard_collision_filter,adversarial_clutter_gap,2,3,0,-0.00206,0.03830,0.09036,1,1,0,20.67095,1.10357,0,-1.16825,1,0.22174,0.05516,0.00000,0.00000,0.12966,t_shape,clutter_safe,0.4600,0.18000,-1.11444
no_hard_collision_filter,adversarial_clutter_gap,2,4,0,0.03090,0.07634,0.09544,1,1,0,21.20475,0.67215,0,-1.15260,1,0.17552,0.06424,0.00000,0.00000,0.20378,t_shape,clutter_safe,0.4600,0.18000,-0.14450
no_hard_collision_filter,adversarial_clutter_gap,2,5,0,-0.00206,0.03481,0.08687,1,1,0,31.58951,1.81041,0,-1.16099,1,0.24542,0.05611,0.00000,0.00000,0.03918,t_shape,clutter_safe,0.4600,0.15226,1.83447
no_hard_collision_filter,adversarial_clutter_gap,2,6,0,-0.00206,0.11116,0.16322,1,1,0,6.46508,0.67375,0,-1.20390,1,0.19909,0.06324,0.00000,0.00000,0.11372,t_shape,clutter_safe,0.4600,0.18000,-0.00828
no_hard_collision_filter,adversarial_clutter_gap,2,7,0,0.00396,0.09083,0.13688,1,1,0,42.94449,2.75938,0,-1.23000,1,0.15046,0.08778,0.00000,0.00000,0.11956,t_shape,clutter_safe,0.4600,0.18000,2.82180
no_hard_collision_filter,adversarial_clutter_gap,2,8,0,0.05461,0.04224,0.04224,1,1,0,67.75765,3.99636,0,-1.06799,1,0.18154,0.05506,0.07074,0.11790,0.09806,t_shape,clutter_safe,0.4600,0.18000,-2.80687
no_hard_collision_filter,adversarial_clutter_gap,2,9,0,-0.00206,0.04083,0.09289,1,1,0,9.03831,0.64369,0,-1.14501,1,0.14896,0.06156,0.00000,0.00000,0.11727,t_shape,clutter_safe,0.4600,0.18000,-1.37254
no_hard_collision_filter,adversarial_clutter_gap,2,10,0,0.04409,0.06985,0.07576,1,1,0,64.12958,3.15440,0,-1.13783,1,0.19826,0.06335,0.09164,0.15274,0.13171,t_shape,clutter_safe,0.4600,0.18000,0.56679
no_hard_collision_filter,adversarial_clutter_gap,2,11,0,0.07105,0.06860,0.06860,0,1,0,88.07563,4.80756,0,-0.57293,1,0.20005,0.06067,0.00000,0.00000,0.11852,t_shape,clutter_safe,0.4600,0.18000,-2.88146
no_hard_collision_filter,adversarial_clutter_gap,2,12,0,0.10864,0.08521,0.08521,0,1,0,95.83635,6.06381,0,-0.60753,1,0.16487,0.06140,0.00000,0.00000,0.09731,t_shape,clutter_safe,0.4600,0.18000,0.11757
no_hard_collision_filter,adversarial_clutter_gap,2,13,0,-0.00206,0.04676,0.09881,1,1,0,19.68788,0.84358,0,-1.17335,1,0.16567,0.06245,0.00000,0.00000,0.14141,t_shape,clutter_safe,0.4600,0.18000,3.06468
no_hard_collision_filter,adversarial_clutter_gap,2,14,0,0.15648,0.07681,0.07681,0,1,0,74.42022,6.15750,0,-0.59002,1,0.12449,0.06051,0.00000,0.00000,0.10744,t_shape,clutter_safe,0.4600,0.18000,0.01685
no_hard_collision_filter,adversarial_clutter_gap,3,0,0,0.01468,0.07703,0.11235,1,1,0,25.62821,2.05746,0,-1.21405,1,0.18242,0.05466,0.04264,0.07107,0.14795,t_shape,clutter_safe,0.4600,0.18000,0.98548
no_hard_collision_filter,adversarial_clutter_gap,3,1,0,0.08680,0.03923,0.03923,0,1,0,65.70358,5.22398,0,-0.51173,1,0.22777,0.05665,0.00000,0.00000,0.10557,t_shape,clutter_safe,0.4600,0.18000,3.13834
no_hard_collision_filter,adversarial_clutter_gap,3,2,0,0.04169,0.03144,0.03975,1,1,0,78.54251,3.75634,0,-1.06281,1,0.25962,0.05925,0.00000,0.00000,0.12300,t_shape,clutter_safe,0.4600,0.18000,-2.88006
no_hard_collision_filter,adversarial_clutter_gap,3,3,0,-0.00754,0.21970,0.27725,1,1,0,62.42610,3.29833,0,-1.23000,1,0.26007,0.06122,0.00000,0.00000,0.10240,t_shape,clutter_safe,0.4600,0.16451,-0.17890
no_hard_collision_filter,adversarial_clutter_gap,3,4,0,0.06805,0.06017,0.06017,1,1,0,48.49923,2.73056,0,-1.10535,1,0.17427,0.06105,0.00000,0.00000,0.12579,t_shape,clutter_safe,0.4600,0.18000,0.16334
no_hard_collision_filter,adversarial_clutter_gap,3,5,0,-0.00206,0.02253,0.07459,1,1,0,33.82941,2.06744,0,-1.13539,1,0.19478,0.05757,0.00000,0.00000,0.10162,t_shape,clutter_safe,0.4600,0.18000,-0.31328
no_hard_collision_filter,adversarial_clutter_gap,3,6,0,0.04170,0.07293,0.08124,1,1,0,61.93430,2.93079,0,-1.14924,1,0.15580,0.06095,0.00000,0.00000,0.10122,t_shape,clutter_safe,0.4600,0.18000,-0.14470
no_hard_collision_filter,adversarial_clutter_gap,3,7,0,0.02028,0.06842,0.09814,1,1,0,29.07054,2.40065,0,-1.18446,1,0.15303,0.05546,0.00000,0.00000,0.12162,t_shape,clutter_safe,0.4600,0.18000,1.21892
no_hard_collision_filter,adversarial_clutter_gap,3,8,0,-0.00206,0.12900,0.18106,1,1,0,0.00000,0.57495,0,-1.19600,1,0.22756,0.06234,0.11239,0.18731,0.15799,t_shape,clutter_safe,0.4600,0.18000,1.89880
no_hard_collision_filter,adversarial_clutter_gap,3,9,0,-0.00206,0.07122,0.12327,1,1,0,25.65126,1.09030,0,-1.23000,1,0.19735,0.06595,0.00000,0.00000,0.12610,t_shape,clutter_safe,0.4600,0.18000,-2.74388
no_hard_collision_filter,adversarial_clutter_gap,3,10,0,0.05568,0.03113,0.03113,1,1,0,69.89800,4.69156,0,-1.04485,1,0.18275,0.05980,0.00000,0.00000,0.13488,t_shape,clutter_safe,0.4600,0.18000,-0.36360
no_hard_collision_filter,adversarial_clutter_gap,3,11,0,0.05320,0.03882,0.03882,1,1,0,50.91093,2.25931,0,-1.06087,1,0.10186,0.05984,0.00000,0.00000,0.12428,t_shape,clutter_safe,0.4600,0.18000,0.28634
no_hard_collision_filter,adversarial_clutter_gap,3,12,0,0.10412,0.13155,0.13155,0,1,0,121.45814,5.07210,0,-0.68000,1,0.22598,0.06574,0.00000,0.00000,0.11261,t_shape,clutter_safe,0.4600,0.18000,-3.03158
no_hard_collision_filter,adversarial_clutter_gap,3,13,0,-0.00208,0.01143,0.06351,1,1,0,71.58832,2.94101,0,-1.11231,1,0.23251,0.06075,0.00000,0.00000,0.13159,t_shape,clutter_safe,0.4600,0.18000,0.39755
no_hard_collision_filter,adversarial_clutter_gap,3,14,0,0.06180,0.06039,0.06039,1,1,0,73.30902,3.93050,0,-1.10580,1,0.12878,0.06380,0.00000,0.00000,0.13103,t_shape,clutter_safe,0.4600,0.18000,0.20208
no_hard_collision_filter,adversarial_clutter_gap,4,0,0,-0.00841,0.05719,0.11559,1,1,0,18.35021,1.45080,0,-1.22082,1,0.16070,0.05579,0.00000,0.00000,0.11487,t_shape,clutter_safe,0.4600,0.18000,1.19392
no_hard_collision_filter,adversarial_clutter_gap,4,1,0,-0.00206,0.01719,0.06925,1,1,0,59.26174,2.97604,0,-1.12427,1,0.19803,0.05579,0.00000,0.00000,0.11836,t_shape,clutter_safe,0.4600,0.18000,-0.32583
no_hard_collision_filter,adversarial_clutter_gap,4,2,0,0.02018,0.06684,0.09667,1,1,0,58.34213,1.57452,0,-1.18139,1,0.19158,0.06191,0.00000,0.00000,0.13058,t_shape,clutter_safe,0.4600,0.18000,-2.94893
no_hard_collision_filter,adversarial_clutter_gap,4,3,0,0.04629,0.01412,0.01782,1,1,0,96.79193,4.23585,0,-1.01713,1,0.26545,0.06487,0.00000,0.00000,0.14518,t_shape,clutter_safe,0.4600,0.18000,0.28881
no_hard_collision_filter,adversarial_clutter_gap,4,4,0,-0.00206,0.00970,0.06176,1,1,0,48.53511,2.03592,0,-1.10867,1,0.26756,0.06442,0.00000,0.00000,0.13575,t_shape,clutter_safe,0.4600,0.18000,2.62139
no_hard_collision_filter,adversarial_clutter_gap,4,5,0,-0.00206,0.07936,0.13142,1,1,0,4.30357,0.67315,0,-1.20385,1,0.16059,0.05941,0.10898,0.18163,0.18211,t_shape,clutter_safe,0.4600,0.18000,0.42950
no_hard_collision_filter,adversarial_clutter_gap,4,6,0,0.01808,0.05716,0.08909,1,1,0,83.62424,4.47287,0,-1.16560,1,0.27671,0.06551,0.00000,0.00000,0.13912,t_shape,clutter_safe,0.4600,0.18000,0.30574
no_hard_collision_filter,adversarial_clutter_gap,4,7,0,0.10640,0.11289,0.11289,0,1,0,89.53153,4.07976,0,-0.66518,1,0.21028,0.06497,0.22411,0.37352,0.12433,t_shape,clutter_safe,0.4600,0.18000,0.38210
no_hard_collision_filter,adversarial_clutter_gap,4,8,0,0.07356,0.02615,0.02615,0,1,0,62.23528,3.56625,0,-0.48447,1,0.09811,0.05785,0.00000,0.00000,0.12268,t_shape,clutter_safe,0.4600,0.18000,-0.30605
no_hard_collision_filter,adversarial_clutter_gap,4,9,0,-0.00206,0.03803,0.09009,1,1,0,76.52154,2.33398,0,-1.16768,1,0.13840,0.06106,0.00000,0.00000,0.12434,t_shape,clutter_safe,0.4600,0.18000,-0.01854
no_hard_collision_filter,adversarial_clutter_gap,4,10,0,0.07227,0.09049,0.09049,0,1,0,77.64520,4.46624,0,-0.61853,1,0.18052,0.06347,0.00000,0.00000,0.11902,t_shape,clutter_safe,0.4600,0.18000,-0.19335
no_hard_collision_filter,adversarial_clutter_gap,4,11,0,0.02883,0.09742,0.11859,1,1,0,34.36140,1.09219,0,-1.22707,1,0.19966,0.05974,0.00000,0.00000,0.17102,t_shape,clutter_safe,0.4600,0.18000,-0.05447
no_hard_collision_filter,adversarial_clutter_gap,4,12,0,0.07915,0.08039,0.08039,0,1,0,85.03388,5.10351,0,-0.59747,1,0.17063,0.06380,0.00000,0.00000,0.12697,t_shape,clutter_safe,0.4600,0.18000,-2.79530
no_hard_collision_filter,adversarial_clutter_gap,4,13,0,0.06338,0.03616,0.03616,1,1,0,58.64742,2.57879,0,-1.05534,1,0.19433,0.05726,0.00000,0.00000,0.12285,t_shape,clutter_safe,0.4600,0.18000,-0.17928
no_hard_collision_filter,adversarial_clutter_gap,4,14,0,0.04948,0.09745,0.09797,1,1,0,50.43779,2.08424,0,-1.18409,1,0.05635,0.06376,0.11830,0.19716,0.09859,t_shape,clutter_safe,0.4600,0.18000,-0.25839
no_hard_collision_filter,adversarial_clutter_gap,5,0,0,-0.00332,0.39254,0.44586,1,1,0,85.77264,4.85546,0,-1.23000,1,0.21333,0.06121,0.00000,0.00000,0.09774,t_shape,clutter_safe,0.4600,0.18000,-0.04141
no_hard_collision_filter,adversarial_clutter_gap,5,1,0,-0.00206,0.02700,0.07906,1,1,0,66.25685,3.28521,0,-1.14470,1,0.22551,0.06404,0.00000,0.00000,0.13969,t_shape,clutter_safe,0.4600,0.18000,-0.29134
no_hard_collision_filter,adversarial_clutter_gap,5,2,0,-0.00016,0.05938,0.10954,1,1,0,36.31690,1.47748,0,-1.20821,1,0.16854,0.05844,0.00000,0.00000,0.11879,t_shape,clutter_safe,0.4600,0.18000,0.19842
no_hard_collision_filter,adversarial_clutter_gap,5,3,0,-0.00206,0.03245,0.08451,1,1,0,86.46598,3.82018,0,-1.15606,1,0.18936,0.06511,0.00000,0.00000,0.12899,t_shape,clutter_safe,0.4600,0.18000,-0.50670
no_hard_collision_filter,adversarial_clutter_gap,5,4,0,-0.00206,0.06824,0.12030,1,1,0,10.45431,0.56192,0,-1.19495,1,0.18791,0.05625,0.00723,0.01206,0.02941,t_shape,clutter_safe,0.4600,0.16591,1.41574
no_hard_collision_filter,adversarial_clutter_gap,5,5,0,-0.00206,0.04029,0.09235,1,1,0,57.78430,3.23186,0,-1.17239,1,0.17188,0.05724,0.00000,0.00000,0.10627,t_shape,clutter_safe,0.4600,0.18000,3.00303
no_hard_collision_filter,adversarial_clutter_gap,5,6,0,0.09006,0.10004,0.10004,0,1,0,80.20501,3.96972,0,-0.63842,1,0.11014,0.06490,0.00000,0.00000,0.12044,t_shape,clutter_safe,0.4600,0.18000,2.87437
no_hard_collision_filter,adversarial_clutter_gap,5,7,0,-0.00206,0.04090,0.09296,1,1,0,60.03662,2.02977,0,-1.17366,1,0.13478,0.06413,0.00000,0.00000,0.13270,t_shape,clutter_safe,0.4600,0.18000,-2.81784
no_hard_collision_filter,adversarial_clutter_gap,5,8,0,0.09458,0.05823,0.05823,0,1,0,77.16263,4.91669,0,-0.55131,1,0.21456,0.05587,0.00000,0.00000,0.09904,t_shape,clutter_safe,0.4600,0.18000,0.15567
no_hard_collision_filter,adversarial_clutter_gap,5,9,0,0.03850,0.04340,0.05490,1,1,0,65.08691,3.38571,0,-1.09438,1,0.17447,0.06503,0.00000,0.00000,0.15641,t_shape,clutter_safe,0.4600,0.18000,0.38380
no_hard_collision_filter,adversarial_clutter_gap,5,10,1,0.16116,0.03579,0.03579,0,0,0,88.59691,7.31090,1,0.84544,1,0.23372,0.05687,0.00000,0.00000,0.10363,t_shape,clutter_safe,0.4600,0.18000,-0.14155
no_hard_collision_filter,adversarial_clutter_gap,5,11,0,0.15290,0.05835,0.05835,0,1,0,72.66068,5.62857,0,-0.55157,1,0.20169,0.06291,0.00000,0.00000,0.15832,t_shape,clutter_safe,0.4600,0.18000,-0.25318
no_hard_collision_filter,adversarial_clutter_gap,5,12,0,0.15162,0.07962,0.07962,0,1,0,77.56574,6.29490,0,-0.59587,1,0.17440,0.06169,0.00000,0.00000,0.10411,t_shape,clutter_safe,0.4600,0.18000,3.01481
no_hard_collision_filter,adversarial_clutter_gap,5,13,0,0.06791,0.04227,0.04227,1,1,0,84.60579,4.58869,0,-1.06807,1,0.16874,0.06031,0.00000,0.00000,0.11144,t_shape,clutter_safe,0.4600,0.18000,0.27143
no_hard_collision_filter,adversarial_clutter_gap,5,14,0,-0.00206,0.07504,0.12710,1,1,0,28.17492,1.61706,0,-1.23000,1,0.21882,0.14216,0.00000,0.00000,0.05168,t_shape,clutter_safe,0.4600,0.14451,1.28433
no_hard_collision_filter,adversarial_clutter_gap,6,0,0,-0.00206,0.02620,0.07826,1,1,0,96.11257,4.46677,0,-1.14304,1,0.20358,0.06449,0.00000,0.00000,0.14745,t_shape,clutter_safe,0.4600,0.18000,-0.11178
no_hard_collision_filter,adversarial_clutter_gap,6,1,0,-0.00206,0.19626,0.24831,1,1,0,0.00000,0.59468,0,-1.19757,1,0.26575,0.26940,0.00000,0.00000,0.13533,t_shape,clutter_safe,0.4600,0.18000,-1.60161
no_hard_collision_filter,adversarial_clutter_gap,6,2,0,0.04312,0.04334,0.05022,1,1,0,70.06462,2.80266,0,-1.08462,1,0.16584,0.05427,0.00000,0.00000,0.09547,t_shape,clutter_safe,0.4600,0.18000,0.31969
no_hard_collision_filter,adversarial_clutter_gap,6,3,0,-0.00206,0.07876,0.13081,1,1,0,9.30788,0.59460,0,-1.19757,1,0.21781,0.20885,0.00000,0.00000,0.11630,t_shape,clutter_safe,0.4600,0.18000,-1.68078
no_hard_collision_filter,adversarial_clutter_gap,6,4,0,0.00376,0.08988,0.13611,1,1,0,43.84381,2.15306,0,-1.23000,1,0.23368,0.05946,0.00000,0.00000,0.04779,t_shape,clutter_safe,0.4600,0.13589,1.71588
no_hard_collision_filter,adversarial_clutter_gap,6,5,0,0.03847,0.14429,0.15583,1,1,0,39.07784,1.17123,0,-1.23000,1,0.24427,0.06465,0.15632,0.26053,0.17504,t_shape,clutter_safe,0.4600,0.18000,-3.03973
no_hard_collision_filter,adversarial_clutter_gap,6,6,0,0.08026,0.04931,0.04931,0,1,0,55.64616,4.31609,0,-0.53272,1,0.13909,0.05663,0.05702,0.09503,0.10905,t_shape,clutter_safe,0.4600,0.18000,-2.96943
no_hard_collision_filter,adversarial_clutter_gap,6,7,0,0.06266,0.03721,0.03721,1,1,0,57.11145,2.39699,0,-1.05752,1,0.17252,0.05661,0.00000,0.00000,0.13209,t_shape,clutter_safe,0.4600,0.18000,-0.09736
no_hard_collision_filter,adversarial_clutter_gap,6,8,0,-0.00206,0.05035,0.10241,1,1,0,5.54003,0.56503,0,-1.15855,1,0.16268,0.05615,0.00000,0.00000,0.13487,t_shape,clutter_safe,0.4600,0.18000,1.42450
no_hard_collision_filter,adversarial_clutter_gap,6,9,0,-0.00206,0.02354,0.07560,1,1,0,24.40356,1.44110,0,-1.13750,1,0.16618,0.05705,0.00000,0.00000,0.10208,t_shape,clutter_safe,0.4600,0.18000,1.88543
no_hard_collision_filter,adversarial_clutter_gap,6,10,0,0.06010,0.04956,0.04956,1,1,0,75.94336,3.15247,0,-1.08326,1,0.13734,0.05768,0.00945,0.01576,0.09585,t_shape,clutter_safe,0.4600,0.18000,0.40327
no_hard_collision_filter,adversarial_clutter_gap,6,11,0,-0.00207,0.07638,0.12844,1,1,0,48.40408,1.68171,0,-1.23000,1,0.13198,0.06169,0.06555,0.10924,0.08798,t_shape,clutter_safe,0.4600,0.17827,-0.03880
no_hard_collision_filter,adversarial_clutter_gap,6,12,0,0.16032,0.04111,0.04111,0,1,0,68.06389,5.65936,0,-0.51565,1,0.10990,0.05717,0.00000,0.00000,0.11567,t_shape,clutter_safe,0.4600,0.18000,-0.03827
no_hard_collision_filter,adversarial_clutter_gap,6,13,0,0.02141,0.03156,0.06015,1,1,0,58.26899,2.49814,0,-1.10532,1,0.22429,0.06242,0.00000,0.00000,0.15305,t_shape,clutter_safe,0.4600,0.17553,-2.59476
no_hard_collision_filter,adversarial_clutter_gap,6,14,0,0.15779,0.03788,0.03788,0,1,0,44.10075,3.39390,0,-0.50891,1,0.17075,0.05870,0.00000,0.00000,0.10612,t_shape,clutter_safe,0.4600,0.18000,0.31253
no_hard_collision_filter,adversarial_clutter_gap,7,0,0,0.04961,0.03376,0.03415,1,1,0,73.93470,4.05317,0,-1.05114,1,0.16504,0.05494,0.00000,0.00000,0.09858,t_shape,clutter_safe,0.4600,0.18000,0.08883
no_hard_collision_filter,adversarial_clutter_gap,7,1,0,-0.00216,0.06572,0.11787,1,1,0,25.22448,1.52983,0,-1.22557,1,0.14720,0.05865,0.00000,0.00000,0.10506,t_shape,clutter_safe,0.4600,0.18000,1.47501
no_hard_collision_filter,adversarial_clutter_gap,7,2,0,-0.00206,0.01844,0.07050,1,1,0,44.81206,2.82320,0,-1.12687,1,0.18561,0.05743,0.00000,0.00000,0.11982,t_shape,clutter_safe,0.4600,0.18000,-0.37759
no_hard_collision_filter,adversarial_clutter_gap,7,3,0,0.07463,0.06722,0.06722,0,1,0,105.15789,5.37488,0,-0.57004,1,0.19719,0.06343,0.00000,0.00000,0.11512,t_shape,clutter_safe,0.4600,0.18000,-2.84781
no_hard_collision_filter,adversarial_clutter_gap,7,4,0,0.11922,0.05364,0.05364,0,1,0,89.08186,4.71599,0,-0.54176,1,0.17292,0.05694,0.03405,0.05676,0.11094,t_shape,clutter_safe,0.4600,0.18000,0.35276
no_hard_collision_filter,adversarial_clutter_gap,7,5,0,0.04996,0.04597,0.04601,1,1,0,77.54890,3.91833,0,-1.07586,1,0.19638,0.05819,0.00000,0.00000,0.10854,t_shape,clutter_safe,0.4600,0.18000,0.30871
no_hard_collision_filter,adversarial_clutter_gap,7,6,0,-0.00207,0.02083,0.07290,1,1,0,84.26825,4.74265,0,-1.13187,1,0.21189,0.05926,0.00000,0.00000,0.13581,t_shape,clutter_safe,0.4600,0.18000,2.92651
no_hard_collision_filter,adversarial_clutter_gap,7,7,0,-0.00206,0.06496,0.11702,1,1,0,14.97192,0.68226,0,-1.19838,1,0.18499,0.05595,0.00000,0.00000,0.12835,t_shape,clutter_safe,0.4600,0.18000,-3.10210
no_hard_collision_filter,adversarial_clutter_gap,7,8,0,0.00673,0.04721,0.09048,1,1,0,47.77271,2.11847,0,-1.16851,1,0.21134,0.06061,0.00000,0.00000,0.07614,t_shape,clutter_safe,0.4600,0.16666,-1.85853
no_hard_collision_filter,adversarial_clutter_gap,7,9,0,-0.00206,0.07071,0.12277,1,1,0,79.83011,3.30503,0,-1.23000,1,0.23000,0.06414,0.00000,0.00000,0.11915,t_shape,clutter_safe,0.4600,0.18000,-0.00666
no_hard_collision_filter,adversarial_clutter_gap,7,10,0,0.09103,0.06703,0.06703,0,1,0,51.54966,2.45658,0,-0.56965,1,0.07892,0.05971,0.01717,0.02861,0.09161,t_shape,clutter_safe,0.4600,0.18000,-0.19773
no_hard_collision_filter,adversarial_clutter_gap,7,11,0,0.03280,0.02842,0.04562,1,1,0,53.61910,2.62990,0,-1.07504,1,0.27147,0.06473,0.00000,0.00000,0.07847,t_shape,clutter_safe,0.4600,0.15108,2.79486
no_hard_collision_filter,adversarial_clutter_gap,7,12,0,0.03973,0.05076,0.06104,1,1,0,60.02334,2.64692,0,-1.10716,1,0.17960,0.05873,0.00000,0.00000,0.11450,t_shape,clutter_safe,0.4600,0.18000,0.32526
no_hard_collision_filter,adversarial_clutter_gap,7,13,0,-0.00206,0.10919,0.16125,1,1,0,8.57096,0.72595,0,-1.20808,1,0.21810,0.05667,0.01080,0.01800,0.01233,t_shape,clutter_safe,0.4600,0.15341,1.73979
no_hard_collision_filter,adversarial_clutter_gap,7,14,0,0.04768,0.01597,0.01829,1,1,0,88.22673,4.51396,0,-1.01811,1,0.15558,0.05836,0.00000,0.00000,0.12915,t_shape,clutter_safe,0.4600,0.18000,0.21905
no_hard_collision_filter,material_shift_proxy,0,0,1,0.15446,0.03927,0.03927,0,0,0,42.03923,3.14135,1,0.83819,1,0.03184,0.25863,0.00149,0.00000,0.00576,cylinder,lift,0.2400,0.09293,-0.52777
no_hard_collision_filter,material_shift_proxy,0,1,0,0.01548,0.09377,0.12829,1,0,0,44.61831,2.10261,1,-0.88000,1,0.09291,0.26009,0.02947,0.00000,0.01630,cylinder,lift,0.2400,0.08723,0.95474
no_hard_collision_filter,material_shift_proxy,0,2,0,0.01374,0.03990,0.07616,1,0,0,36.77609,2.02442,1,-0.78866,1,0.10419,0.25658,0.00544,0.00000,0.00951,cylinder,lift,0.2400,0.08578,-0.45666
no_hard_collision_filter,material_shift_proxy,0,3,0,0.01784,0.01413,0.04629,1,0,0,41.02714,1.99735,1,-0.72643,1,0.03550,0.25382,0.00034,0.00000,0.01383,cylinder,lift,0.2400,0.09335,0.54418
no_hard_collision_filter,material_shift_proxy,0,4,1,0.16651,0.05737,0.05737,0,0,0,33.41141,2.80059,1,0.80048,1,0.12025,0.54558,0.03458,0.00000,0.00155,cylinder,lift,0.2400,0.10803,-0.35810
no_hard_collision_filter,material_shift_proxy,0,5,1,0.11314,0.09886,0.09886,0,0,0,40.81368,2.54083,1,0.71404,1,0.03210,0.25774,0.01014,0.00000,0.00544,cylinder,lift,0.2400,0.09288,-0.56469
no_hard_collision_filter,material_shift_proxy,0,6,0,0.01722,0.00918,0.04197,1,0,0,42.65018,2.03565,1,-0.71743,1,0.07087,0.25264,0.04099,0.00000,0.00922,cylinder,lift,0.2400,0.08921,-1.24598
no_hard_collision_filter,material_shift_proxy,0,7,0,0.01170,0.05534,0.09364,1,0,0,41.62045,2.25244,1,-0.82508,1,0.08509,0.25917,0.02654,0.00000,0.02500,cylinder,lift,0.2400,0.08929,-0.95388
no_hard_collision_filter,material_shift_proxy,0,8,0,0.01179,0.07770,0.11591,1,0,0,44.61968,1.71343,1,-0.87148,1,0.09501,0.26034,0.00859,0.00000,0.02286,cylinder,lift,0.2400,0.08804,0.14943
no_hard_collision_filter,material_shift_proxy,0,9,0,0.01297,0.04038,0.07741,1,0,0,43.72614,1.90866,1,-0.79127,1,0.07833,0.25498,0.02608,0.00000,0.01936,cylinder,lift,0.2400,0.08873,0.89088
no_hard_collision_filter,material_shift_proxy,0,10,1,0.16192,0.04568,0.04568,0,0,0,37.88933,2.93049,1,0.82484,1,0.04852,0.36734,0.04546,0.00000,0.00318,cylinder,lift,0.2400,0.10041,2.06162
no_hard_collision_filter,material_shift_proxy,0,11,1,0.10315,0.03953,0.03953,0,0,0,41.98517,2.64631,1,0.83765,1,0.08907,0.25384,0.03571,0.00000,0.01439,cylinder,lift,0.2400,0.08783,-1.23673
no_hard_collision_filter,material_shift_proxy,0,12,1,0.16650,0.02569,0.02569,0,0,0,35.23194,2.93876,1,0.86649,1,0.08627,0.45806,0.01483,0.00000,0.00239,cylinder,lift,0.2400,0.10442,0.30948
no_hard_collision_filter,material_shift_proxy,0,13,0,0.03198,0.11363,0.13165,1,0,0,32.11453,1.70745,1,-0.88000,1,0.12590,0.53117,0.01216,0.00000,0.01509,cylinder,lift,0.2400,0.10729,0.44883
no_hard_collision_filter,material_shift_proxy,0,14,0,0.01335,0.00739,0.04404,1,0,0,46.07506,2.26591,1,-0.72175,1,0.10235,0.25226,0.04999,0.00000,0.00521,cylinder,lift,0.2400,0.08555,1.96453
no_hard_collision_filter,material_shift_proxy,1,0,1,0.11474,0.05826,0.05826,0,0,0,41.87060,2.69147,1,0.79863,1,0.04778,0.25333,0.01231,0.00000,0.00953,cylinder,lift,0.2400,0.09165,-2.47206
no_hard_collision_filter,material_shift_proxy,1,1,0,0.01534,0.05623,0.09089,1,0,0,28.55104,1.52865,1,-0.81936,1,0.06385,0.38236,0.01654,0.00000,0.01239,cylinder,lift,0.2400,0.10110,0.10003
no_hard_collision_filter,material_shift_proxy,1,2,1,0.16571,0.06295,0.06295,0,0,0,42.56820,3.47485,1,0.78885,1,0.04815,0.25787,0.04993,0.00000,0.00472,cylinder,lift,0.2400,0.09114,2.09076
no_hard_collision_filter,material_shift_proxy,1,3,1,0.14936,0.03442,0.03442,0,0,0,44.03104,3.24210,1,0.84829,1,0.09500,0.25469,0.04992,0.00000,0.00902,cylinder,lift,0.2400,0.08669,0.95946
no_hard_collision_filter,material_shift_proxy,1,4,1,0.10504,0.02150,0.02150,0,0,0,37.19787,2.24193,1,0.87522,1,0.03209,0.30649,0.01102,0.00000,0.01091,cylinder,lift,0.2400,0.09795,0.01085
no_hard_collision_filter,material_shift_proxy,1,5,1,0.15819,0.04625,0.04625,0,0,0,35.43461,2.63305,1,0.82365,1,0.06633,0.39880,0.02630,0.00000,0.00681,cylinder,lift,0.2400,0.10191,-0.04258
no_hard_collision_filter,material_shift_proxy,1,6,1,0.16389,0.01547,0.01547,0,0,0,38.54188,2.94273,1,0.88778,1,0.03457,0.32540,0.04082,0.00000,0.00526,cylinder,lift,0.2400,0.09876,1.00686
no_hard_collision_filter,material_shift_proxy,1,7,0,0.11862,0.11093,0.11093,0,0,0,42.01879,2.75025,1,-0.31110,1,0.02893,0.25849,0.00041,0.00000,0.02230,cylinder,lift,0.2400,0.09326,0.33405
no_hard_collision_filter,material_shift_proxy,1,8,1,0.12521,0.06148,0.06148,0,0,0,31.40901,2.18657,1,0.79191,1,0.06326,0.39813,0.04088,0.00000,0.00666,cylinder,lift,0.2400,0.10160,0.80972
no_hard_collision_filter,material_shift_proxy,1,9,1,0.10352,0.05664,0.05664,0,0,0,41.87648,2.55208,1,0.80200,1,0.05456,0.25523,0.04644,0.00000,0.00600,cylinder,lift,0.2400,0.09059,-1.40258
no_hard_collision_filter,material_shift_proxy,1,10,1,0.12621,0.03459,0.03459,0,0,0,36.37558,2.42020,1,0.84793,1,0.07491,0.41840,0.00215,0.00000,0.00983,cylinder,lift,0.2400,0.10250,0.28661
no_hard_collision_filter,material_shift_proxy,1,11,1,0.14481,0.01828,0.01828,0,0,0,33.90981,2.40304,1,0.88193,1,0.10175,0.48615,0.03686,0.00000,0.00718,cylinder,lift,0.2400,0.10556,0.43433
no_hard_collision_filter,material_shift_proxy,1,12,0,0.01169,0.03816,0.07647,1,0,0,39.20435,1.70004,1,-0.78931,1,0.02439,0.25655,0.03407,0.00000,0.01613,cylinder,lift,0.2400,0.09473,2.85457
no_hard_collision_filter,material_shift_proxy,1,13,1,0.15653,0.03552,0.03552,0,0,0,43.88496,3.31780,1,0.84601,1,0.08903,0.25286,0.04954,0.00000,0.00329,cylinder,lift,0.2400,0.08674,-1.91588
no_hard_collision_filter,material_shift_proxy,1,14,1,0.16257,0.03032,0.03032,0,0,0,39.35748,3.06636,1,0.85684,1,0.04143,0.25357,0.04996,0.00000,0.02236,cylinder,lift,0.2400,0.09357,-1.81145
no_hard_collision_filter,material_shift_proxy,2,0,1,0.15491,0.04056,0.04056,0,0,0,40.70321,3.02799,1,0.83550,1,0.01268,0.25483,0.03915,0.00000,0.00447,cylinder,lift,0.2400,0.09480,1.81012
no_hard_collision_filter,material_shift_proxy,2,1,0,0.01138,0.05677,0.09538,1,0,0,38.01992,1.50575,1,-0.82872,1,0.03135,0.28564,0.01400,0.00000,0.02111,cylinder,lift,0.2400,0.09687,0.29445
no_hard_collision_filter,material_shift_proxy,2,2,0,0.01428,0.00948,0.04520,1,0,0,41.39027,1.93487,1,-0.72417,1,0.07567,0.25270,0.03303,0.00000,0.01423,cylinder,lift,0.2400,0.08921,0.41436
no_hard_collision_filter,material_shift_proxy,2,3,1,0.09721,0.07524,0.07524,0,0,0,42.41240,2.62164,1,0.76324,1,0.06362,0.26107,0.04688,0.00000,0.00918,cylinder,lift,0.2400,0.08996,0.94498
no_hard_collision_filter,material_shift_proxy,2,4,0,0.01095,0.00752,0.04656,1,0,0,38.14738,1.91727,1,-0.72700,1,0.02663,0.29173,0.00302,0.00000,0.01112,cylinder,lift,0.2400,0.09736,-0.01538
no_hard_collision_filter,material_shift_proxy,2,5,0,0.02000,0.00649,0.03649,1,0,0,42.50623,2.09489,1,-0.70602,1,0.07760,0.25256,0.04741,0.00000,0.01457,cylinder,lift,0.2400,0.08904,1.46130
no_hard_collision_filter,material_shift_proxy,2,6,1,0.13247,0.06526,0.06526,0,0,0,36.04967,2.41910,1,0.78404,1,0.07554,0.42333,0.05000,0.00000,0.00628,cylinder,lift,0.2400,0.10292,1.02433
no_hard_collision_filter,material_shift_proxy,2,7,0,0.01111,0.09530,0.13419,1,0,0,42.98948,2.35648,1,-0.88000,1,0.07766,0.26262,0.04761,0.00000,0.03582,cylinder,lift,0.2400,0.09011,0.94959
no_hard_collision_filter,material_shift_proxy,2,8,1,0.13843,0.07891,0.07891,0,0,0,37.15933,2.62839,1,0.75561,1,0.03153,0.32070,0.04999,0.00000,0.00616,cylinder,lift,0.2400,0.09835,1.56953
no_hard_collision_filter,material_shift_proxy,2,9,1,0.10205,0.06697,0.06697,0,0,0,37.36209,2.29483,1,0.78047,1,0.03829,0.30985,0.05000,0.00000,0.01806,cylinder,lift,0.2400,0.09789,1.32922
no_hard_collision_filter,material_shift_proxy,2,10,1,0.11940,0.02820,0.02820,0,0,0,35.25987,2.28067,1,0.86125,1,0.06678,0.39716,0.00255,0.00000,0.00998,cylinder,lift,0.2400,0.10164,-0.39471
no_hard_collision_filter,material_shift_proxy,2,11,0,0.01179,0.02351,0.06172,1,0,0,41.06626,1.41720,1,-0.75858,1,0.10595,0.25225,0.01216,0.00000,0.03130,cylinder,lift,0.2400,0.08774,-0.26806
no_hard_collision_filter,material_shift_proxy,2,12,1,0.10735,0.06269,0.06269,0,0,0,42.82280,2.68828,1,0.78939,1,0.09293,0.25575,0.04738,0.00000,0.01663,cylinder,lift,0.2400,0.08765,1.37331
no_hard_collision_filter,material_shift_proxy,2,13,1,0.14581,0.04377,0.04377,0,0,0,44.61322,3.20112,1,0.82881,1,0.07741,0.25887,0.04213,0.00000,0.00815,cylinder,lift,0.2400,0.08786,0.67549
no_hard_collision_filter,material_shift_proxy,2,14,1,0.10891,0.10408,0.10408,0,0,0,41.26229,2.47007,1,0.70316,1,0.03924,0.25816,0.00675,0.00000,0.00414,cylinder,lift,0.2400,0.09201,-0.21471
no_hard_collision_filter,material_shift_proxy,3,0,0,0.01178,0.05160,0.08982,1,0,0,33.00585,1.54464,1,-0.81713,1,0.11201,0.25804,0.00254,0.00000,0.01418,cylinder,lift,0.2400,0.08542,0.65034
no_hard_collision_filter,material_shift_proxy,3,1,1,0.14376,0.07023,0.07023,0,0,0,43.51262,3.10438,1,0.77369,1,0.05713,0.25703,0.04808,0.00000,0.01635,cylinder,lift,0.2400,0.09008,1.49666
no_hard_collision_filter,material_shift_proxy,3,2,0,0.01176,0.02181,0.06005,1,0,0,40.81090,1.59087,1,-0.75510,1,0.06530,0.25394,0.00901,0.00000,0.02250,cylinder,lift,0.2400,0.09110,0.24273
no_hard_collision_filter,material_shift_proxy,3,3,1,0.08930,0.02990,0.02990,0,0,0,42.30547,2.52384,1,0.85771,1,0.05447,0.25244,0.00249,0.00000,0.00935,cylinder,lift,0.2400,0.09093,-0.64015
no_hard_collision_filter,material_shift_proxy,3,4,1,0.15298,0.02266,0.02266,0,0,0,38.65474,2.86782,1,0.87279,1,0.04078,0.33193,0.00009,0.00000,0.00915,cylinder,lift,0.2400,0.09902,0.58365
no_hard_collision_filter,material_shift_proxy,3,5,0,0.01179,0.04391,0.08211,1,0,0,42.11811,1.61035,1,-0.80107,1,0.10859,0.25701,0.03110,0.00000,0.02271,cylinder,lift,0.2400,0.08662,0.97846
no_hard_collision_filter,material_shift_proxy,3,6,1,0.14897,0.09200,0.09200,0,0,0,43.39715,3.22448,1,0.72834,1,0.08131,0.26048,0.04542,0.00000,0.00483,cylinder,lift,0.2400,0.08770,-1.63527
no_hard_collision_filter,material_shift_proxy,3,7,0,0.12993,0.13222,0.13222,0,0,0,40.44785,2.24476,1,-0.33000,1,0.02530,0.26189,0.02266,0.00000,0.00279,cylinder,lift,0.2400,0.09332,2.23509
no_hard_collision_filter,material_shift_proxy,3,8,1,0.08288,0.06041,0.06041,0,0,0,40.12667,2.07426,1,0.79415,1,0.02570,0.29262,0.02834,0.00000,0.02719,cylinder,lift,0.2400,0.09729,0.58985
no_hard_collision_filter,material_shift_proxy,3,9,1,0.14137,0.05053,0.05053,0,0,0,38.57555,2.72676,1,0.81473,1,0.03381,0.31249,0.04399,0.00000,0.00989,cylinder,lift,0.2400,0.09823,1.16810
no_hard_collision_filter,material_shift_proxy,3,10,1,0.12530,0.07644,0.07644,0,0,0,42.35812,2.79533,1,0.76076,1,0.07658,0.25480,0.01404,0.00000,0.01024,cylinder,lift,0.2400,0.08872,-0.20094
no_hard_collision_filter,material_shift_proxy,3,11,1,0.13231,0.08588,0.08588,0,0,0,35.64065,2.32351,1,0.74109,1,0.08465,0.43595,0.00484,0.00000,0.01095,cylinder,lift,0.2400,0.10341,0.06276
no_hard_collision_filter,material_shift_proxy,3,12,1,0.13513,0.08832,0.08832,0,0,0,42.45297,2.99668,1,0.73600,1,0.07226,0.25874,0.03940,0.00000,0.01069,cylinder,lift,0.2400,0.08922,-1.70511
no_hard_collision_filter,material_shift_proxy,3,13,0,0.01179,0.02172,0.05992,1,0,0,39.58712,1.41915,1,-0.75484,1,0.10917,0.25250,0.04999,0.00000,0.03302,cylinder,lift,0.2400,0.08757,1.76210
no_hard_collision_filter,material_shift_proxy,3,14,0,0.01147,0.08342,0.12195,1,0,0,44.95355,2.54350,1,-0.88000,1,0.10051,0.26249,0.01120,0.00000,0.00901,cylinder,lift,0.2400,0.08611,0.10160
no_hard_collision_filter,material_shift_proxy,4,0,0,0.01562,0.03180,0.06618,1,0,0,41.33032,2.07790,1,-0.76787,1,0.05569,0.25528,0.04922,0.00000,0.01401,cylinder,lift,0.2400,0.09127,-1.68013
no_hard_collision_filter,material_shift_proxy,4,1,0,0.01169,0.06283,0.10113,1,0,0,42.00124,1.69461,1,-0.84070,1,0.06105,0.25857,0.00328,0.00000,0.02107,cylinder,lift,0.2400,0.09091,0.35684
no_hard_collision_filter,material_shift_proxy,4,2,0,0.01177,0.02581,0.06404,1,0,0,41.33799,1.69009,1,-0.76342,1,0.07692,0.25511,0.01361,0.00000,0.03277,cylinder,lift,0.2400,0.08964,0.36266
no_hard_collision_filter,material_shift_proxy,4,3,0,0.01293,0.02205,0.05912,1,0,0,44.33143,1.80997,1,-0.75318,1,0.10421,0.25405,0.04893,0.00000,0.01240,cylinder,lift,0.2400,0.08606,1.86647
no_hard_collision_filter,material_shift_proxy,4,4,0,0.01285,0.03424,0.07138,1,0,0,42.95268,2.00050,1,-0.77872,1,0.07576,0.25550,0.02377,0.00000,0.01455,cylinder,lift,0.2400,0.08923,2.21500
no_hard_collision_filter,material_shift_proxy,4,5,0,0.06097,0.03559,0.03559,1,0,0,39.20729,2.17725,1,-0.70414,1,0.01337,0.25389,0.05000,0.00000,0.01143,cylinder,lift,0.2400,0.09541,1.90315
no_hard_collision_filter,material_shift_proxy,4,6,0,0.01179,0.06950,0.10771,1,0,0,41.03707,1.55435,1,-0.85440,1,0.11891,0.25825,0.03933,0.00000,0.03006,cylinder,lift,0.2400,0.08627,1.72423
no_hard_collision_filter,material_shift_proxy,4,7,0,0.01179,0.02032,0.05853,1,0,0,42.74098,1.41303,1,-0.75193,1,0.08881,0.25322,0.02840,0.00000,0.01182,cylinder,lift,0.2400,0.08761,1.17093
no_hard_collision_filter,material_shift_proxy,4,8,0,0.01220,0.05579,0.09359,1,0,0,40.01729,2.05477,1,-0.82498,1,0.04177,0.25799,0.04595,0.00000,0.01988,cylinder,lift,0.2400,0.09329,-1.18349
no_hard_collision_filter,material_shift_proxy,4,9,0,0.00691,0.03151,0.07460,1,0,0,38.70115,2.03056,1,-0.78541,1,0.02127,0.27764,0.03567,0.00000,0.01302,cylinder,lift,0.2400,0.09661,-1.17679
no_hard_collision_filter,material_shift_proxy,4,10,1,0.08823,0.03274,0.03274,0,0,0,41.39923,2.43405,1,0.85179,1,0.03773,0.25249,0.04529,0.00000,0.01056,cylinder,lift,0.2400,0.09279,1.62092
no_hard_collision_filter,material_shift_proxy,4,11,1,0.16480,0.01264,0.01264,0,0,0,45.62155,3.61387,1,0.89366,1,0.10484,0.25326,0.04007,0.00000,0.00661,cylinder,lift,0.2400,0.08543,1.88420
no_hard_collision_filter,material_shift_proxy,4,12,0,0.01179,0.01704,0.05525,1,0,0,37.91293,1.50268,1,-0.74510,1,0.06773,0.25553,0.01070,0.00000,0.03047,cylinder,lift,0.2400,0.09163,-0.22680
no_hard_collision_filter,material_shift_proxy,4,13,1,0.11965,0.02935,0.02935,0,0,0,41.32321,2.73023,1,0.85885,1,0.05439,0.25672,0.03192,0.00000,0.00648,cylinder,lift,0.2400,0.09066,2.51766
no_hard_collision_filter,material_shift_proxy,4,14,1,0.16587,0.10029,0.10029,0,0,0,39.33769,3.26596,1,0.71107,1,0.01786,0.26256,0.04830,0.00000,0.01157,cylinder,lift,0.2400,0.09496,-0.82821
no_hard_collision_filter,material_shift_proxy,5,0,0,0.00878,0.06993,0.11115,1,0,0,39.57192,1.97121,1,-0.86157,1,0.01457,0.27717,0.02239,0.00000,0.00704,cylinder,lift,0.2400,0.09650,-2.24686
no_hard_collision_filter,material_shift_proxy,5,1,0,0.01178,0.00162,0.03984,1,0,0,35.33028,1.37572,1,-0.71300,1,0.05934,0.33732,0.00251,0.00000,0.02596,cylinder,lift,0.2400,0.09930,-0.07703
no_hard_collision_filter,material_shift_proxy,5,2,0,0.01138,0.04184,0.08046,1,0,0,42.83247,1.77131,1,-0.79763,1,0.07765,0.25681,0.01637,0.00000,0.01807,cylinder,lift,0.2400,0.08938,-0.25338
no_hard_collision_filter,material_shift_proxy,5,3,1,0.15281,0.06739,0.06739,0,0,0,38.22816,2.77305,1,0.77961,1,0.03071,0.32105,0.02572,0.00000,0.00417,cylinder,lift,0.2400,0.09846,1.11591
no_hard_collision_filter,material_shift_proxy,5,4,1,0.16313,0.02499,0.02499,0,0,0,39.26383,3.08261,1,0.86795,1,0.01891,0.25435,0.04300,0.00000,0.01887,cylinder,lift,0.2400,0.09557,-1.19054
no_hard_collision_filter,material_shift_proxy,5,5,1,0.12008,0.06134,0.06134,0,0,0,42.29646,2.76129,1,0.79221,1,0.08059,0.25544,0.04636,0.00000,0.00845,cylinder,lift,0.2400,0.08813,1.64421
no_hard_collision_filter,material_shift_proxy,5,6,0,0.01790,0.02249,0.05460,1,0,0,42.65666,2.34156,1,-0.74374,1,0.09801,0.25216,0.05000,0.00000,0.01539,cylinder,lift,0.2400,0.08700,2.02034
no_hard_collision_filter,material_shift_proxy,5,7,0,0.01179,0.02603,0.06423,1,0,0,37.86678,1.46285,1,-0.76382,1,0.05079,0.25571,0.02656,0.00000,0.03670,cylinder,lift,0.2400,0.09400,0.72907
no_hard_collision_filter,material_shift_proxy,5,8,1,0.16247,0.03505,0.03505,0,0,0,37.81240,2.93829,1,0.84699,1,0.02556,0.30448,0.04409,0.00000,0.00546,cylinder,lift,0.2400,0.09780,-1.65555
no_hard_collision_filter,material_shift_proxy,5,9,0,0.01489,0.07759,0.11270,1,0,0,42.95112,1.84456,1,-0.86480,1,0.05654,0.25804,0.02274,0.00000,0.00710,cylinder,lift,0.2400,0.09050,-0.77486
no_hard_collision_filter,material_shift_proxy,5,10,0,0.00990,0.04412,0.08422,1,0,0,40.61360,1.85908,1,-0.80546,1,0.01814,0.25468,0.04597,0.00000,0.01130,cylinder,lift,0.2400,0.09490,-0.75111
no_hard_collision_filter,material_shift_proxy,5,11,0,0.01775,0.07679,0.10905,1,0,0,39.73042,1.79249,1,-0.85718,1,0.03397,0.29196,0.04905,0.00000,0.02134,cylinder,lift,0.2400,0.09712,1.44232
no_hard_collision_filter,material_shift_proxy,5,12,0,0.01179,0.05880,0.09701,1,0,0,39.85840,1.50418,1,-0.83211,1,0.05080,0.25767,0.00184,0.00000,0.06158,cylinder,lift,0.2400,0.09318,0.24364
no_hard_collision_filter,material_shift_proxy,5,13,0,0.01457,0.01143,0.04686,1,0,0,41.99497,2.02446,1,-0.72763,1,0.06508,0.25221,0.04901,0.00000,0.01212,cylinder,lift,0.2400,0.09010,-2.36546
no_hard_collision_filter,material_shift_proxy,5,14,0,0.01294,0.02389,0.06094,1,0,0,38.95115,2.01982,1,-0.75697,1,0.02827,0.25352,0.04990,0.00000,0.00979,cylinder,lift,0.2400,0.09370,1.43594
no_hard_collision_filter,material_shift_proxy,6,0,1,0.16472,0.01097,0.01097,0,0,0,61.61921,3.08503,1,0.89714,1,0.03023,0.25370,0.01224,0.00000,0.00566,cylinder,lift,0.2400,0.09309,-2.46338
no_hard_collision_filter,material_shift_proxy,6,1,0,0.01076,0.06361,0.10284,1,0,0,43.13703,2.01315,1,-0.84425,1,0.10523,0.25631,0.01946,0.00000,0.01071,cylinder,lift,0.2400,0.08579,2.23965
no_hard_collision_filter,material_shift_proxy,6,2,0,0.01329,0.00866,0.04537,1,0,0,41.63062,1.78404,1,-0.72451,1,0.05854,0.25266,0.03900,0.00000,0.01467,cylinder,lift,0.2400,0.09103,0.87896
no_hard_collision_filter,material_shift_proxy,6,3,0,0.01179,0.09286,0.13107,1,0,0,65.72036,1.45002,1,-0.88000,1,0.10291,0.26094,0.01947,0.00000,0.00793,cylinder,lift,0.2400,0.08576,0.85357
no_hard_collision_filter,material_shift_proxy,6,4,1,0.12178,0.08555,0.08555,0,0,0,37.52213,2.51205,1,0.74178,1,0.03991,0.33450,0.03760,0.00000,0.00898,cylinder,lift,0.2400,0.09895,-1.40169
no_hard_collision_filter,material_shift_proxy,6,5,0,0.01022,0.05812,0.09789,1,0,0,44.57103,2.43560,1,-0.83394,1,0.09208,0.25783,0.04910,0.00000,0.01061,cylinder,lift,0.2400,0.08715,1.56133
no_hard_collision_filter,material_shift_proxy,6,6,1,0.09924,0.04586,0.04586,0,0,0,44.44663,2.62550,1,0.82446,1,0.06179,0.25284,0.04580,0.00000,0.02501,cylinder,lift,0.2400,0.09022,-0.69830
no_hard_collision_filter,material_shift_proxy,6,7,1,0.15381,0.03696,0.03696,0,0,0,39.65889,2.92263,1,0.84300,1,0.01320,0.27346,0.03164,0.00000,0.00575,cylinder,lift,0.2400,0.09649,-1.23024
no_hard_collision_filter,material_shift_proxy,6,8,0,0.01116,0.03034,0.06918,1,0,0,42.69870,1.73547,1,-0.77413,1,0.08392,0.25511,0.02338,0.00000,0.03198,cylinder,lift,0.2400,0.09009,0.06904
no_hard_collision_filter,material_shift_proxy,6,9,0,0.01169,0.00968,0.04799,1,0,0,31.06730,1.74458,1,-0.72998,1,0.04313,0.25322,0.04266,0.00000,0.01642,cylinder,lift,0.2400,0.09166,0.78716
no_hard_collision_filter,material_shift_proxy,6,10,1,0.10999,0.06822,0.06822,0,0,0,41.61335,2.67595,1,0.77788,1,0.07177,0.25626,0.04997,0.00000,0.01209,cylinder,lift,0.2400,0.08940,1.78923
no_hard_collision_filter,material_shift_proxy,6,11,0,0.01352,0.02510,0.06157,1,0,0,49.60698,1.56862,1,-0.75828,1,0.03179,0.25488,0.02713,0.00000,0.01671,cylinder,lift,0.2400,0.09402,-2.32903
no_hard_collision_filter,material_shift_proxy,6,12,0,0.01147,0.09294,0.13147,1,0,0,36.31747,1.62660,1,-0.88000,1,0.03707,0.26226,0.01377,0.00000,0.02613,cylinder,lift,0.2400,0.09439,-0.24050
no_hard_collision_filter,material_shift_proxy,6,13,1,0.16466,0.04689,0.04689,0,0,0,39.24271,3.11995,1,0.82231,1,0.01928,0.29039,0.00084,0.00000,0.00625,cylinder,lift,0.2400,0.09707,0.04248
no_hard_collision_filter,material_shift_proxy,6,14,0,0.01179,0.03810,0.07631,1,0,0,43.50247,1.58565,1,-0.78898,1,0.11397,0.25757,0.03990,0.00000,0.05911,cylinder,lift,0.2400,0.08597,0.70871
no_hard_collision_filter,material_shift_proxy,7,0,0,0.06758,0.04982,0.04982,1,0,0,41.52227,2.29898,1,-0.73380,1,0.04813,0.25857,0.04676,0.00000,0.00796,cylinder,lift,0.2400,0.09146,0.68946
no_hard_collision_filter,material_shift_proxy,7,1,0,0.01411,0.00977,0.04566,1,0,0,38.50694,1.83858,1,-0.72512,1,0.02109,0.26781,0.00481,0.00000,0.01624,cylinder,lift,0.2400,0.09628,-0.21042
no_hard_collision_filter,material_shift_proxy,7,2,1,0.16650,0.06685,0.06685,0,0,0,43.41157,3.62648,1,0.78073,1,0.08600,0.25864,0.00114,0.00000,0.00329,cylinder,lift,0.2400,0.08706,0.37065
no_hard_collision_filter,material_shift_proxy,7,3,0,0.01179,0.03539,0.07360,1,0,0,38.27619,1.39053,1,-0.78333,1,0.03493,0.27653,0.00051,0.00000,0.02748,cylinder,lift,0.2400,0.09661,0.52699
no_hard_collision_filter,material_shift_proxy,7,4,1,0.07335,0.02240,0.02240,0,0,0,43.18927,2.43949,1,0.87334,1,0.08698,0.25549,0.01789,0.00000,0.01781,cylinder,lift,0.2400,0.08838,0.64765
no_hard_collision_filter,material_shift_proxy,7,5,1,0.12296,0.05484,0.05484,0,0,0,38.24606,2.52872,1,0.80575,1,0.01725,0.26860,0.04677,0.00000,0.01219,cylinder,lift,0.2400,0.09628,-1.58577
no_hard_collision_filter,material_shift_proxy,7,6,0,0.01133,0.04344,0.08210,1,0,0,40.55597,1.95775,1,-0.80104,1,0.04783,0.25651,0.04813,0.00000,0.01549,cylinder,lift,0.2400,0.09223,0.87594
no_hard_collision_filter,material_shift_proxy,7,7,0,0.01876,0.05161,0.08284,1,0,0,44.23435,2.38859,1,-0.80259,1,0.09428,0.25532,0.04642,0.00000,0.00717,cylinder,lift,0.2400,0.08658,0.61336
no_hard_collision_filter,material_shift_proxy,7,8,1,0.10291,0.06689,0.06689,0,0,0,40.58283,2.43346,1,0.78064,1,0.02791,0.25780,0.04988,0.00000,0.00872,cylinder,lift,0.2400,0.09363,1.68029
no_hard_collision_filter,material_shift_proxy,7,9,1,0.14437,0.04525,0.04525,0,0,0,34.18581,2.20189,1,0.82572,1,0.11851,0.52524,0.01506,0.00000,0.00636,cylinder,lift,0.2400,0.10738,0.86650
no_hard_collision_filter,material_shift_proxy,7,10,0,0.01177,0.02197,0.06021,1,0,0,38.58743,1.58624,1,-0.75543,1,0.06943,0.25480,0.01926,0.00000,0.02496,cylinder,lift,0.2400,0.09091,0.63748
no_hard_collision_filter,material_shift_proxy,7,11,1,0.15561,0.08931,0.08931,0,0,0,37.38862,2.87078,1,0.73394,1,0.03626,0.33607,0.04344,0.00000,0.00504,cylinder,lift,0.2400,0.09896,-1.70690
no_hard_collision_filter,material_shift_proxy,7,12,1,0.12564,0.03306,0.03306,0,0,0,41.30500,2.73339,1,0.85112,1,0.05185,0.25777,0.03882,0.00000,0.01035,cylinder,lift,0.2400,0.09130,-0.60874
no_hard_collision_filter,material_shift_proxy,7,13,1,0.15252,0.04649,0.04649,0,0,0,36.77109,2.74853,1,0.82314,1,0.03618,0.33578,0.00258,0.00000,0.00515,cylinder,lift,0.2400,0.09894,-0.34808
no_hard_collision_filter,material_shift_proxy,7,14,1,0.16645,0.04795,0.04795,0,0,0,38.99788,3.25760,1,0.82011,1,0.03640,0.31713,0.00234,0.00000,0.01221,cylinder,lift,0.2400,0.09827,-0.14321
old_v4_compositional,combined_composition_shift,0,0,0,0.16003,0.03915,0.03915,0,1,0,78.73149,6.48227,0,-0.51157,1,0.19873,0.13073,0.00000,0.00000,0.10139,t_shape,clutter_safe,0.3800,0.18000,-0.00333
old_v4_compositional,combined_composition_shift,0,1,0,0.03792,0.07014,0.08222,1,1,0,79.82139,3.09833,0,-1.15129,1,0.22544,0.13579,0.00000,0.00000,0.13153,t_shape,clutter_safe,0.3800,0.18000,-0.04327
old_v4_compositional,combined_composition_shift,0,2,0,-0.00206,0.08314,0.13520,1,1,0,24.92182,0.69450,0,-1.20556,1,0.14071,0.12769,0.00000,0.00000,0.14878,t_shape,clutter_safe,0.3800,0.18000,-0.03426
old_v4_compositional,combined_composition_shift,0,3,0,0.16048,0.03877,0.03877,0,1,0,74.82204,6.15360,0,-0.51077,1,0.17070,0.12905,0.00000,0.00000,0.10894,t_shape,clutter_safe,0.3800,0.18000,0.08497
old_v4_compositional,combined_composition_shift,0,4,0,0.12445,0.12819,0.12819,0,1,0,104.34923,7.28199,0,-0.68000,1,0.24554,0.13658,0.00000,0.00000,0.13388,t_shape,clutter_safe,0.3800,0.18000,0.21859
old_v4_compositional,combined_composition_shift,0,5,0,0.16105,0.04649,0.04649,0,1,0,53.27801,3.65323,0,-0.52684,1,0.19738,0.12619,0.00000,0.00000,0.10545,t_shape,clutter_safe,0.3800,0.18000,-2.84338
old_v4_compositional,combined_composition_shift,0,6,0,0.02497,0.06234,0.08737,1,1,0,59.76247,2.63434,0,-1.16201,1,0.19018,0.12878,0.00000,0.00000,0.10237,t_shape,clutter_safe,0.3800,0.18000,-0.07133
old_v4_compositional,combined_composition_shift,0,7,0,0.15584,0.04686,0.04686,0,1,0,80.03628,6.58296,0,-0.52763,1,0.13834,0.13059,0.00000,0.00000,0.12064,t_shape,clutter_safe,0.3800,0.18000,-0.18608
old_v4_compositional,combined_composition_shift,0,8,0,0.15801,0.08466,0.08466,0,1,0,77.15272,6.42472,0,-0.60637,1,0.12343,0.13339,0.00000,0.00000,0.15340,t_shape,clutter_safe,0.3800,0.18000,0.10355
old_v4_compositional,combined_composition_shift,0,9,0,-0.00206,0.12297,0.17503,1,0,0,0.00000,0.54268,1,-0.84341,1,0.16060,0.12630,0.00000,0.00000,0.15452,t_shape,clutter_safe,0.3800,0.18000,-0.32691
old_v4_compositional,combined_composition_shift,0,10,0,0.16328,0.04174,0.04174,0,1,0,62.70779,5.00621,0,-0.51695,1,0.14448,0.12667,0.03838,0.06397,0.14713,t_shape,clutter_safe,0.3800,0.18000,-0.04528
old_v4_compositional,combined_composition_shift,0,11,0,0.15599,0.06480,0.06480,0,1,0,62.75170,5.05414,0,-0.56499,1,0.09891,0.13239,0.00000,0.00000,0.13359,t_shape,clutter_safe,0.3800,0.18000,-0.14212
old_v4_compositional,combined_composition_shift,0,12,0,-0.00206,0.04882,0.10087,1,1,0,40.60075,1.06895,0,-1.19016,1,0.17109,0.13171,0.00000,0.00000,0.13256,t_shape,clutter_safe,0.3800,0.18000,0.11040
old_v4_compositional,combined_composition_shift,0,13,0,-0.00206,0.10030,0.15236,1,1,0,0.00000,0.57374,0,-1.19590,1,0.05325,0.13422,0.03752,0.06253,0.13716,t_shape,clutter_safe,0.3800,0.18000,-0.33395
old_v4_compositional,combined_composition_shift,0,14,0,0.10718,0.10804,0.10804,0,1,0,64.69163,3.35461,0,-0.65509,1,0.16599,0.13394,0.00000,0.00000,0.11570,t_shape,clutter_safe,0.3800,0.18000,0.04509
old_v4_compositional,combined_composition_shift,1,0,0,-0.00206,0.06434,0.11639,1,1,0,26.64673,0.90347,0,-1.21477,1,0.09001,0.13289,0.01275,0.02125,0.11468,t_shape,clutter_safe,0.3800,0.18000,-0.14042
old_v4_compositional,combined_composition_shift,1,1,0,0.03135,0.08195,0.10060,1,1,0,22.88799,1.13171,0,-1.18959,1,0.21078,0.13707,0.00000,0.00000,0.12581,t_shape,clutter_safe,0.3800,0.18000,0.01506
old_v4_compositional,combined_composition_shift,1,2,0,0.12214,0.09428,0.09428,0,1,0,64.93723,3.86713,0,-0.62643,1,0.18712,0.13388,0.00000,0.00000,0.09203,t_shape,clutter_safe,0.3800,0.18000,-0.24677
old_v4_compositional,combined_composition_shift,1,3,0,-0.00206,0.10361,0.15567,1,0,0,6.22849,0.64897,1,-0.85192,1,0.20292,0.13462,0.00000,0.00000,0.12649,t_shape,clutter_safe,0.3800,0.18000,0.08627
old_v4_compositional,combined_composition_shift,1,4,0,0.10488,0.05183,0.05183,0,1,0,66.76216,4.43658,0,-0.53799,1,0.18272,0.13319,0.00000,0.00000,0.04796,t_shape,clutter_safe,0.3800,0.16617,0.13147
old_v4_compositional,combined_composition_shift,1,5,0,0.14881,0.18772,0.18772,0,1,0,79.45710,6.18090,0,-0.68000,1,0.20016,0.13606,0.00000,0.00000,0.16472,t_shape,clutter_safe,0.3800,0.18000,-0.11562
old_v4_compositional,combined_composition_shift,1,6,0,0.15352,0.06591,0.06591,0,1,0,73.70612,5.73848,0,-0.56731,1,0.19026,0.12861,0.00000,0.00000,0.10912,t_shape,clutter_safe,0.3800,0.18000,-0.01595
old_v4_compositional,combined_composition_shift,1,7,0,0.15248,0.08546,0.08546,0,1,0,77.43383,5.96858,0,-0.60805,1,0.19064,0.13635,0.00000,0.00000,0.11374,t_shape,clutter_safe,0.3800,0.18000,-3.11439
old_v4_compositional,combined_composition_shift,1,8,0,0.04551,0.07449,0.07897,1,1,0,41.88359,2.08795,0,-1.14453,1,0.17687,0.16744,0.14878,0.24796,0.03625,t_shape,clutter_safe,0.3800,0.15253,-1.48185
old_v4_compositional,combined_composition_shift,1,9,0,0.15861,0.10979,0.10979,0,1,0,66.42641,5.43094,0,-0.65872,1,0.10576,0.13636,0.00000,0.00000,0.10765,t_shape,clutter_safe,0.3800,0.18000,-0.24639
old_v4_compositional,combined_composition_shift,1,10,0,0.07478,0.04915,0.04915,0,1,0,43.03046,3.07127,0,-0.53239,1,0.24224,0.12673,0.00000,0.00000,0.19945,t_shape,clutter_safe,0.3800,0.18000,0.92198
old_v4_compositional,combined_composition_shift,1,11,0,0.13911,0.03779,0.03779,0,1,0,33.92264,1.49767,0,-0.50874,1,0.21569,0.13126,0.00000,0.00000,0.17109,t_shape,clutter_safe,0.3800,0.18000,-0.61747
old_v4_compositional,combined_composition_shift,1,12,0,-0.00206,0.28360,0.33566,1,1,0,76.01779,3.24118,0,-1.23000,1,0.15359,0.13368,0.00000,0.00000,0.14743,t_shape,clutter_safe,0.3800,0.18000,0.16658
old_v4_compositional,combined_composition_shift,1,13,0,0.04351,0.03594,0.04244,1,1,0,69.56404,2.91088,0,-1.06841,1,0.14389,0.12796,0.00000,0.00000,0.13768,t_shape,clutter_safe,0.3800,0.18000,0.22019
old_v4_compositional,combined_composition_shift,1,14,0,0.15265,0.05437,0.05437,0,1,0,52.54414,3.22277,0,-0.54326,1,0.14302,0.13635,0.00000,0.00000,0.11225,t_shape,clutter_safe,0.3800,0.18000,-3.01901
old_v4_compositional,combined_composition_shift,2,0,0,0.08976,0.03957,0.03957,0,1,0,80.00473,5.64679,0,-0.51243,1,0.17165,0.13127,0.00000,0.00000,0.10971,t_shape,clutter_safe,0.3800,0.18000,3.08098
old_v4_compositional,combined_composition_shift,2,1,0,-0.00206,0.12917,0.18123,1,0,0,5.25122,0.61781,1,-0.84942,1,0.20191,0.12735,0.00000,0.00000,0.12394,t_shape,clutter_safe,0.3800,0.18000,-0.01161
old_v4_compositional,combined_composition_shift,2,2,0,0.15293,0.12251,0.12251,0,1,0,79.42402,6.40940,0,-0.68000,1,0.17185,0.13770,0.00000,0.00000,0.09329,t_shape,clutter_safe,0.3800,0.18000,-0.16413
old_v4_compositional,combined_composition_shift,2,3,0,0.16171,0.06102,0.06102,0,1,0,70.41822,5.85861,0,-0.55713,1,0.12431,0.13223,0.00000,0.00000,0.12246,t_shape,clutter_safe,0.3800,0.18000,-0.24204
old_v4_compositional,combined_composition_shift,2,4,0,0.15655,0.05211,0.05211,0,1,0,84.57548,6.90567,0,-0.53855,1,0.17706,0.13137,0.00700,0.01167,0.14616,t_shape,clutter_safe,0.3800,0.18000,0.05370
old_v4_compositional,combined_composition_shift,2,5,0,0.11513,0.07742,0.07742,0,1,0,74.20661,4.19891,0,-0.59130,1,0.14425,0.13515,0.00000,0.00000,0.11874,t_shape,clutter_safe,0.3800,0.18000,-3.12515
old_v4_compositional,combined_composition_shift,2,6,0,0.01799,0.16960,0.20162,1,1,0,54.46593,2.77670,0,-1.23000,1,0.16940,0.13729,0.00000,0.00000,0.13302,t_shape,clutter_safe,0.3800,0.18000,0.13926
old_v4_compositional,combined_composition_shift,2,7,0,0.15346,0.06553,0.06553,0,1,0,77.50696,6.16429,0,-0.56652,1,0.14587,0.13315,0.01633,0.02722,0.10886,t_shape,clutter_safe,0.3800,0.18000,0.04723
old_v4_compositional,combined_composition_shift,2,8,0,-0.00318,0.01836,0.07154,1,1,0,50.48833,2.05607,0,-1.12904,1,0.16044,0.13267,0.00000,0.00000,0.12117,t_shape,clutter_safe,0.3800,0.18000,0.02227
old_v4_compositional,combined_composition_shift,2,9,0,0.15021,0.08384,0.08384,0,1,0,68.38810,5.33186,0,-0.60467,1,0.09544,0.13423,0.02602,0.04337,0.14585,t_shape,clutter_safe,0.3800,0.18000,-0.01020
old_v4_compositional,combined_composition_shift,2,10,0,0.15581,0.05042,0.05042,0,1,0,70.24768,5.83828,0,-0.53503,1,0.14838,0.12876,0.01831,0.03052,0.09997,t_shape,clutter_safe,0.3800,0.17089,3.06424
old_v4_compositional,combined_composition_shift,2,11,1,0.15929,0.05153,0.05153,0,0,0,77.28512,6.42312,1,0.81264,1,0.15559,0.12988,0.00000,0.00000,0.11789,t_shape,clutter_safe,0.3800,0.18000,-0.24313
old_v4_compositional,combined_composition_shift,2,12,0,0.16039,0.05608,0.05608,0,1,0,77.68584,6.42391,0,-0.54684,1,0.17626,0.13139,0.03166,0.05276,0.11068,t_shape,clutter_safe,0.3800,0.18000,0.12482
old_v4_compositional,combined_composition_shift,2,13,0,-0.00206,0.05720,0.10926,1,0,0,45.87802,1.88436,1,-0.85763,1,0.05273,0.12879,0.05896,0.09827,0.12489,t_shape,clutter_safe,0.3800,0.18000,-0.22835
old_v4_compositional,combined_composition_shift,2,14,0,-0.00206,0.04923,0.10128,1,1,0,60.09506,2.20069,0,-1.19101,1,0.18302,0.12646,0.00000,0.00000,0.11136,t_shape,clutter_safe,0.3800,0.18000,0.10297
old_v4_compositional,combined_composition_shift,3,0,0,0.16151,0.10673,0.10673,0,1,0,83.85637,6.93574,0,-0.65236,1,0.16886,0.13719,0.00000,0.00000,0.10775,t_shape,clutter_safe,0.3800,0.18000,3.01660
old_v4_compositional,combined_composition_shift,3,1,0,0.14831,0.04905,0.04905,0,1,0,49.76320,2.20002,0,-0.53220,1,0.21167,0.13133,0.07090,0.11817,0.15243,t_shape,clutter_safe,0.3800,0.18000,-0.08444
old_v4_compositional,combined_composition_shift,3,2,0,0.16008,0.11978,0.11978,0,1,0,79.62082,6.65179,0,-0.67954,1,0.14547,0.13734,0.00000,0.00000,0.10387,t_shape,clutter_safe,0.3800,0.18000,3.02732
old_v4_compositional,combined_composition_shift,3,3,0,0.15141,0.07701,0.07701,0,1,0,77.19109,5.93062,0,-0.59045,1,0.08999,0.13640,0.00000,0.00000,0.12700,t_shape,clutter_safe,0.3800,0.18000,0.00247
old_v4_compositional,combined_composition_shift,3,4,0,-0.00206,0.06954,0.12160,1,0,0,52.96357,1.66748,1,-0.88000,1,0.12648,0.12701,0.01017,0.01694,0.11005,t_shape,clutter_safe,0.3800,0.18000,-0.19392
old_v4_compositional,combined_composition_shift,3,5,0,-0.00206,0.04168,0.09374,1,1,0,60.43193,2.03009,0,-1.17530,1,0.05600,0.13667,0.00000,0.00000,0.12889,t_shape,clutter_safe,0.3800,0.18000,-0.13361
old_v4_compositional,combined_composition_shift,3,6,0,0.13875,0.00491,0.00491,0,1,0,49.57405,2.67184,0,-0.44023,1,0.13189,0.12799,0.00000,0.00000,0.14785,t_shape,clutter_safe,0.3800,0.18000,-0.21916
old_v4_compositional,combined_composition_shift,3,7,0,-0.00206,0.05064,0.10269,1,1,0,20.15492,1.15148,0,-1.19395,1,0.11761,0.12758,0.00000,0.00000,0.11845,t_shape,clutter_safe,0.3800,0.18000,-0.28168
old_v4_compositional,combined_composition_shift,3,8,0,-0.00206,0.11228,0.16434,1,0,0,46.79056,1.22552,1,-0.88000,1,0.05747,0.13212,0.00000,0.00000,0.12115,t_shape,clutter_safe,0.3800,0.18000,-0.19123
old_v4_compositional,combined_composition_shift,3,9,0,0.03833,0.08590,0.09758,1,1,0,16.44446,0.98578,0,-1.18215,1,0.14841,0.13296,0.13182,0.21971,0.12976,t_shape,clutter_safe,0.3800,0.18000,0.03068
old_v4_compositional,combined_composition_shift,3,10,0,0.02197,0.07223,0.10026,1,1,0,22.44815,0.91355,0,-1.18196,1,0.15249,0.12624,0.05905,0.09842,0.10691,t_shape,clutter_safe,0.3800,0.18000,0.17997
old_v4_compositional,combined_composition_shift,3,11,0,0.16079,0.00222,0.00222,0,1,0,72.06474,5.98874,0,-0.43463,1,0.08986,0.12846,0.00000,0.00000,0.09334,t_shape,clutter_safe,0.3800,0.18000,-0.02295
old_v4_compositional,combined_composition_shift,3,12,0,-0.00206,0.09799,0.15005,1,1,0,7.60813,0.61157,0,-1.19893,1,0.18584,0.13103,0.00000,0.00000,0.13867,t_shape,clutter_safe,0.3800,0.18000,-0.22003
old_v4_compositional,combined_composition_shift,3,13,0,0.14246,0.06742,0.06742,0,1,0,80.98501,5.10395,0,-0.57045,1,0.16496,0.12903,0.00000,0.00000,0.11340,t_shape,clutter_safe,0.3800,0.18000,0.17932
old_v4_compositional,combined_composition_shift,3,14,0,-0.00206,0.11353,0.16558,1,0,0,2.01346,0.54021,1,-0.84322,1,0.14667,0.12810,0.00000,0.00000,0.10284,t_shape,clutter_safe,0.3800,0.18000,-0.02451
old_v4_compositional,combined_composition_shift,4,0,0,-0.00206,0.11772,0.16978,1,1,0,6.05373,0.61339,0,-1.19907,1,0.15318,0.12774,0.13763,0.22938,0.15565,t_shape,clutter_safe,0.3800,0.18000,1.82152
old_v4_compositional,combined_composition_shift,4,1,0,0.15308,0.12157,0.12157,0,1,0,60.42230,5.01803,0,-0.68000,1,0.08276,0.13737,0.00000,0.00000,0.11601,t_shape,clutter_safe,0.3800,0.18000,0.13456
old_v4_compositional,combined_composition_shift,4,2,0,0.15048,0.01721,0.01721,0,1,0,41.26403,1.97451,0,-0.46585,1,0.14056,0.12924,0.00000,0.00000,0.12042,t_shape,clutter_safe,0.3800,0.18000,-0.36506
old_v4_compositional,combined_composition_shift,4,3,0,-0.00206,0.06409,0.11615,1,0,0,3.23070,0.57552,1,-0.83802,1,0.22262,0.12806,0.18933,0.31556,0.14307,t_shape,clutter_safe,0.3800,0.18000,0.07773
old_v4_compositional,combined_composition_shift,4,4,0,0.03834,0.19447,0.20613,1,1,0,77.30420,5.13844,0,-1.23000,1,0.10546,0.13702,0.00000,0.00000,0.10692,t_shape,clutter_safe,0.3800,0.18000,3.12566
old_v4_compositional,combined_composition_shift,4,5,0,-0.00206,0.06603,0.11809,1,1,0,56.68586,2.01621,0,-1.22603,1,0.06349,0.13724,0.00000,0.00000,0.10225,t_shape,clutter_safe,0.3800,0.18000,-2.91910
old_v4_compositional,combined_composition_shift,4,6,0,0.15334,0.08397,0.08397,0,1,0,79.93759,6.50163,0,-0.60494,1,0.23589,0.13363,0.00000,0.00000,0.12530,t_shape,clutter_safe,0.3800,0.18000,-2.96722
old_v4_compositional,combined_composition_shift,4,7,0,-0.00206,0.08087,0.13293,1,1,0,10.35388,0.62080,0,-1.19966,1,0.14190,0.12664,0.11171,0.18619,0.14273,t_shape,clutter_safe,0.3800,0.18000,0.02426
old_v4_compositional,combined_composition_shift,4,8,1,0.16226,0.02109,0.02109,0,0,0,67.75522,5.62361,1,0.87606,1,0.12553,0.12914,0.00000,0.00000,0.16256,t_shape,clutter_safe,0.3800,0.18000,-0.19572
old_v4_compositional,combined_composition_shift,4,9,0,-0.00410,0.03461,0.08871,1,1,0,79.81772,3.28091,0,-1.16481,1,0.19772,0.13704,0.00000,0.00000,0.09779,t_shape,clutter_safe,0.3800,0.18000,-0.17918
old_v4_compositional,combined_composition_shift,4,10,0,0.02731,0.02058,0.04327,1,1,0,62.60053,2.92137,0,-1.07016,1,0.13873,0.12700,0.00000,0.00000,0.12007,t_shape,clutter_safe,0.3800,0.18000,-3.14034
old_v4_compositional,combined_composition_shift,4,11,0,0.01313,0.04227,0.07914,1,1,0,34.87551,1.72939,0,-1.14487,1,0.10923,0.13241,0.00000,0.00000,0.12767,t_shape,clutter_safe,0.3800,0.18000,0.00289
old_v4_compositional,combined_composition_shift,4,12,0,0.11910,0.10135,0.10135,0,1,0,60.01217,3.53928,0,-0.64115,1,0.16526,0.13614,0.00000,0.00000,0.09676,t_shape,clutter_safe,0.3800,0.18000,-0.19031
old_v4_compositional,combined_composition_shift,4,13,0,-0.00206,0.38451,0.43656,1,0,0,0.00000,0.56068,1,-0.84485,1,0.15981,0.13157,0.01957,0.03262,0.10291,t_shape,clutter_safe,0.3800,0.18000,-0.13321
old_v4_compositional,combined_composition_shift,4,14,0,0.15595,0.02255,0.02255,0,1,0,63.94204,5.18773,0,-0.47698,1,0.07719,0.13027,0.00000,0.00000,0.11422,t_shape,clutter_safe,0.3800,0.18000,-0.11666
old_v4_compositional,combined_composition_shift,5,0,0,0.15120,0.06959,0.06959,0,1,0,68.51367,5.23655,0,-0.57497,1,0.05103,0.13517,0.06883,0.11471,0.10109,t_shape,clutter_safe,0.3800,0.18000,0.14169
old_v4_compositional,combined_composition_shift,5,1,0,0.14311,0.05470,0.05470,0,1,0,46.39209,2.45090,0,-0.54396,1,0.21825,0.13521,0.00000,0.00000,0.14241,t_shape,clutter_safe,0.3800,0.18000,2.91973
old_v4_compositional,combined_composition_shift,5,2,0,-0.00206,0.05047,0.10253,1,1,0,36.87813,1.39132,0,-1.19360,1,0.09293,0.13376,0.00000,0.00000,0.14525,t_shape,clutter_safe,0.3800,0.18000,0.02970
old_v4_compositional,combined_composition_shift,5,3,0,-0.00206,0.08444,0.13650,1,0,0,6.61588,0.57898,1,-0.84632,1,0.14410,0.13018,0.17711,0.29518,0.11640,t_shape,clutter_safe,0.3800,0.18000,2.84752
old_v4_compositional,combined_composition_shift,5,4,0,0.15417,0.09636,0.09636,0,1,0,64.88885,5.12799,0,-0.63075,1,0.02740,0.13484,0.00000,0.00000,0.10849,t_shape,clutter_safe,0.3800,0.18000,3.04435
old_v4_compositional,combined_composition_shift,5,5,0,-0.00206,0.06040,0.11246,1,1,0,21.73515,1.09288,0,-1.21429,1,0.10767,0.13484,0.05447,0.09078,0.12346,t_shape,clutter_safe,0.3800,0.18000,0.17079
old_v4_compositional,combined_composition_shift,5,6,0,0.16127,0.09348,0.09348,0,1,0,66.27922,5.46043,0,-0.62475,1,0.13799,0.13575,0.01053,0.01755,0.10254,t_shape,clutter_safe,0.3800,0.18000,0.06737
old_v4_compositional,combined_composition_shift,5,7,1,0.16088,0.02757,0.02757,0,0,0,75.93071,6.25225,1,0.86257,1,0.18102,0.12812,0.00000,0.00000,0.11661,t_shape,clutter_safe,0.3800,0.18000,-0.14079
old_v4_compositional,combined_composition_shift,5,8,0,0.16105,0.04050,0.04050,0,1,0,78.32497,6.50015,0,-0.51437,1,0.24899,0.12988,0.00000,0.00000,0.13521,t_shape,clutter_safe,0.3800,0.18000,2.92679
old_v4_compositional,combined_composition_shift,5,9,0,0.07206,0.01534,0.01534,0,1,0,44.31264,2.86956,0,-0.46196,1,0.18548,0.12720,0.00000,0.00000,0.09752,t_shape,clutter_safe,0.3800,0.17973,0.06751
old_v4_compositional,combined_composition_shift,5,10,0,0.12032,0.09964,0.09964,0,1,0,80.68085,5.25573,0,-0.63758,1,0.15119,0.13420,0.00000,0.00000,0.12195,t_shape,clutter_safe,0.3800,0.18000,0.25001
old_v4_compositional,combined_composition_shift,5,11,0,0.02799,0.03431,0.05631,1,1,0,63.21900,2.44689,0,-1.09732,1,0.16728,0.13071,0.00000,0.00000,0.12416,t_shape,clutter_safe,0.3800,0.18000,0.01545
old_v4_compositional,combined_composition_shift,5,12,0,0.15765,0.03756,0.03756,0,1,0,69.33153,5.63330,0,-0.50825,1,0.11507,0.13029,0.00000,0.00000,0.13016,t_shape,clutter_safe,0.3800,0.18000,0.01924
old_v4_compositional,combined_composition_shift,5,13,0,0.11347,0.07325,0.07325,0,1,0,36.59932,2.39487,0,-0.58260,1,0.16205,0.13522,0.00000,0.00000,0.12964,t_shape,clutter_safe,0.3800,0.18000,-0.32626
old_v4_compositional,combined_composition_shift,5,14,0,-0.00206,0.02260,0.07466,1,1,0,58.29651,2.73738,0,-1.13554,1,0.20933,0.13542,0.00000,0.00000,0.12936,t_shape,clutter_safe,0.3800,0.18000,3.08306
old_v4_compositional,combined_composition_shift,6,0,0,-0.00206,0.00924,0.06130,1,1,0,60.21938,2.60420,0,-1.10771,1,0.16661,0.13364,0.01443,0.02404,0.10827,t_shape,clutter_safe,0.3800,0.18000,-0.40294
old_v4_compositional,combined_composition_shift,6,1,1,0.15957,0.09845,0.09845,0,0,0,56.61927,4.71021,1,0.71490,1,0.02628,0.14309,0.02169,0.03615,0.11376,t_shape,clutter_safe,0.3800,0.18000,-0.01275
old_v4_compositional,combined_composition_shift,6,2,0,0.15410,0.04693,0.04693,0,1,0,79.76035,6.46471,0,-0.52778,1,0.11719,0.13206,0.03783,0.06305,0.10303,t_shape,clutter_safe,0.3800,0.18000,-0.23002
old_v4_compositional,combined_composition_shift,6,3,0,0.15461,0.10954,0.10954,0,1,0,80.08089,6.52421,0,-0.65821,1,0.17221,0.13683,0.00000,0.00000,0.14724,t_shape,clutter_safe,0.3800,0.18000,-3.06361
old_v4_compositional,combined_composition_shift,6,4,0,0.05083,0.06916,0.06916,1,1,0,79.71906,5.40273,0,-1.12409,1,0.12961,0.13325,0.01364,0.02274,0.09818,t_shape,clutter_safe,0.3800,0.18000,2.99716
old_v4_compositional,combined_composition_shift,6,5,1,0.16226,0.00314,0.00314,0,0,0,65.22219,5.40384,1,0.91345,1,0.10573,0.12618,0.00000,0.00000,0.06593,t_shape,clutter_safe,0.3800,0.16949,3.05047
old_v4_compositional,combined_composition_shift,6,6,0,0.16220,0.02096,0.02096,0,1,0,65.86310,5.36444,0,-0.47366,1,0.12699,0.13051,0.00000,0.00000,0.11497,t_shape,clutter_safe,0.3800,0.18000,-0.00074
old_v4_compositional,combined_composition_shift,6,7,0,0.16348,0.07106,0.07106,0,1,0,37.98187,2.94688,0,-0.57804,1,0.05420,0.12961,0.14501,0.24168,0.09696,t_shape,clutter_safe,0.3800,0.18000,0.32806
old_v4_compositional,combined_composition_shift,6,8,0,0.15656,0.04977,0.04977,0,1,0,78.26387,6.41588,0,-0.53368,1,0.15529,0.13007,0.07271,0.12118,0.12944,t_shape,clutter_safe,0.3800,0.18000,0.04833
old_v4_compositional,combined_composition_shift,6,9,0,0.15543,0.06715,0.06715,0,1,0,49.11875,3.49760,0,-0.56989,1,0.10572,0.12883,0.00000,0.00000,0.11312,t_shape,clutter_safe,0.3800,0.18000,0.19317
old_v4_compositional,combined_composition_shift,6,10,0,0.12294,0.04963,0.04963,0,1,0,70.99468,3.94302,0,-0.53340,1,0.18942,0.12607,0.00000,0.00000,0.10553,t_shape,clutter_safe,0.3800,0.18000,3.05082
old_v4_compositional,combined_composition_shift,6,11,0,0.04405,0.05961,0.06557,1,1,0,44.90865,3.07736,0,-1.11660,1,0.14728,0.16545,0.00457,0.00761,0.13056,t_shape,clutter_safe,0.3800,0.18000,-2.99114
old_v4_compositional,combined_composition_shift,6,12,0,0.16230,0.00193,0.00193,0,1,0,58.67052,4.86570,0,-0.43402,1,0.09309,0.12678,0.03011,0.05019,0.14548,t_shape,clutter_safe,0.3800,0.18000,-3.13065
old_v4_compositional,combined_composition_shift,6,13,0,0.13279,0.12928,0.12928,0,1,0,69.44492,3.85696,0,-0.68000,1,0.12786,0.13673,0.00000,0.00000,0.10619,t_shape,clutter_safe,0.3800,0.17872,0.27356
old_v4_compositional,combined_composition_shift,6,14,0,0.02438,0.01226,0.03787,1,1,0,42.75037,2.07038,0,-1.05890,1,0.15861,0.13786,0.00000,0.00000,0.11354,t_shape,clutter_safe,0.3800,0.17314,-2.61818
old_v4_compositional,combined_composition_shift,7,0,0,0.15764,0.07948,0.07948,0,1,0,47.24416,3.13288,0,-0.59557,1,0.15124,0.13046,0.12457,0.20762,0.10761,t_shape,clutter_safe,0.3800,0.18000,0.27157
old_v4_compositional,combined_composition_shift,7,1,1,0.16171,0.08692,0.08692,0,0,0,75.02761,6.27919,1,0.73892,1,0.10688,0.13461,0.00000,0.00000,0.10128,t_shape,clutter_safe,0.3800,0.18000,-0.05180
old_v4_compositional,combined_composition_shift,7,2,0,-0.00207,0.03638,0.08845,1,1,0,56.63168,2.45686,0,-1.16427,1,0.11256,0.12793,0.00000,0.00000,0.11543,t_shape,clutter_safe,0.3800,0.18000,2.80328
old_v4_compositional,combined_composition_shift,7,3,0,0.10106,0.08571,0.08571,0,1,0,61.13008,3.27940,0,-0.60856,1,0.12750,0.13574,0.00000,0.00000,0.11426,t_shape,clutter_safe,0.3800,0.18000,-0.38063
old_v4_compositional,combined_composition_shift,7,4,0,-0.00206,0.10024,0.15230,1,1,0,0.00000,0.60174,0,-1.19814,1,0.12451,0.13730,0.09350,0.15583,0.09690,t_shape,clutter_safe,0.3800,0.18000,2.93805
old_v4_compositional,combined_composition_shift,7,5,0,0.16319,0.03837,0.03837,0,1,0,51.11092,4.10780,0,-0.50993,1,0.20383,0.13026,0.00000,0.00000,0.12481,t_shape,clutter_safe,0.3800,0.18000,0.36409
old_v4_compositional,combined_composition_shift,7,6,0,0.08679,0.01498,0.01498,0,1,0,69.16137,3.91660,0,-0.46120,1,0.21823,0.12615,0.00000,0.00000,0.10741,t_shape,clutter_safe,0.3800,0.18000,0.08210
old_v4_compositional,combined_composition_shift,7,7,0,0.15110,0.04555,0.04555,0,1,0,72.61106,5.61649,0,-0.52489,1,0.07717,0.13346,0.00000,0.00000,0.10755,t_shape,clutter_safe,0.3800,0.18000,-0.18557
old_v4_compositional,combined_composition_shift,7,8,0,-0.00206,0.11208,0.16414,1,1,0,5.57565,0.59574,0,-1.19766,1,0.15212,0.13238,0.00000,0.00000,0.12676,t_shape,clutter_safe,0.3800,0.18000,2.88692
old_v4_compositional,combined_composition_shift,7,9,0,0.07301,0.06879,0.06879,0,1,0,37.10247,2.39679,0,-0.57331,1,0.19215,0.12707,0.02743,0.04572,0.03094,t_shape,clutter_safe,0.3800,0.16520,0.12659
old_v4_compositional,combined_composition_shift,7,10,0,0.04632,0.05967,0.06335,1,1,0,55.17380,2.69960,0,-1.11198,1,0.13133,0.13139,0.00000,0.00000,0.10391,t_shape,clutter_safe,0.3800,0.18000,-0.08420
old_v4_compositional,combined_composition_shift,7,11,0,-0.00206,0.07280,0.12486,1,1,0,47.72816,1.35678,0,-1.23000,1,0.14023,0.13219,0.04374,0.07290,0.19767,t_shape,clutter_safe,0.3800,0.18000,0.32146
old_v4_compositional,combined_composition_shift,7,12,0,-0.00206,0.05995,0.11200,1,1,0,16.15245,0.71764,0,-1.19075,1,0.22720,0.13086,0.00000,0.00000,0.13820,t_shape,clutter_safe,0.3800,0.18000,-0.20177
old_v4_compositional,combined_composition_shift,7,13,0,0.15695,0.03328,0.03328,0,1,0,70.24357,5.70039,0,-0.49933,1,0.12392,0.13072,0.00000,0.00000,0.05671,t_shape,clutter_safe,0.3800,0.16908,-3.11763
old_v4_compositional,combined_composition_shift,7,14,0,0.15941,0.02647,0.02647,0,1,0,39.94945,3.28167,0,-0.48514,1,0.14850,0.12934,0.00000,0.00000,0.09406,t_shape,clutter_safe,0.3800,0.18000,0.15819
old_v4_compositional,adversarial_clutter_gap,0,0,0,-0.00206,0.13198,0.18404,1,1,0,1.32707,0.54630,0,-1.19370,1,0.22512,0.05462,0.07078,0.11796,0.14387,t_shape,clutter_safe,0.4600,0.18000,-1.26540
old_v4_compositional,adversarial_clutter_gap,0,1,0,0.04970,0.05177,0.05207,1,1,0,46.00493,3.10444,0,-1.08849,1,0.21587,0.05470,0.00000,0.00000,0.11368,t_shape,clutter_safe,0.4600,0.18000,0.21604
old_v4_compositional,adversarial_clutter_gap,0,2,0,0.04271,0.02720,0.03450,1,1,0,46.98369,2.30117,0,-1.05187,1,0.20372,0.06178,0.00000,0.00000,0.12776,t_shape,clutter_safe,0.4600,0.18000,-0.43877
old_v4_compositional,adversarial_clutter_gap,0,3,0,0.03194,0.03051,0.04857,1,1,0,78.88559,3.65845,0,-1.08118,1,0.17313,0.06176,0.00000,0.00000,0.16221,t_shape,clutter_safe,0.4600,0.18000,-0.64563
old_v4_compositional,adversarial_clutter_gap,0,4,0,0.08060,0.03546,0.03546,0,1,0,77.96436,4.80558,0,-0.50388,1,0.23385,0.06045,0.00000,0.00000,0.11617,t_shape,clutter_safe,0.4600,0.18000,-0.23192
old_v4_compositional,adversarial_clutter_gap,0,5,0,0.00875,0.01345,0.05470,1,1,0,56.10442,3.94569,0,-1.09396,1,0.21691,0.05782,0.01432,0.02387,0.11163,t_shape,clutter_safe,0.4600,0.18000,-0.37181
old_v4_compositional,adversarial_clutter_gap,0,6,0,-0.00207,0.03366,0.08573,1,1,0,22.61185,1.31795,0,-1.15859,1,0.19952,0.18015,0.00212,0.00354,0.07529,t_shape,clutter_safe,0.4600,0.17188,-1.40379
old_v4_compositional,adversarial_clutter_gap,0,7,0,0.12624,0.02001,0.02001,0,1,0,91.41448,7.27439,0,-0.47169,1,0.29147,0.05518,0.00000,0.00000,0.15150,t_shape,clutter_safe,0.4600,0.18000,-2.78361
old_v4_compositional,adversarial_clutter_gap,0,8,0,-0.00206,0.04329,0.09535,1,1,0,35.75345,1.88059,0,-1.17864,1,0.18506,0.07067,0.00000,0.00000,0.04997,t_shape,clutter_safe,0.4600,0.14615,-1.38424
old_v4_compositional,adversarial_clutter_gap,0,9,0,0.03263,0.03881,0.05618,1,1,0,33.31541,2.07377,0,-1.09705,1,0.11501,0.05707,0.09700,0.16166,0.11232,t_shape,clutter_safe,0.4600,0.18000,0.28243
old_v4_compositional,adversarial_clutter_gap,0,10,0,-0.00206,0.06167,0.11373,1,1,0,17.61971,0.87103,0,-1.20662,1,0.16449,0.05951,0.00000,0.00000,0.11050,t_shape,clutter_safe,0.4600,0.18000,0.10464
old_v4_compositional,adversarial_clutter_gap,0,11,0,0.03610,0.09589,0.10979,1,1,0,14.28428,0.91949,0,-1.20228,1,0.14341,0.06129,0.00000,0.00000,0.11762,t_shape,clutter_safe,0.4600,0.18000,-1.29255
old_v4_compositional,adversarial_clutter_gap,0,12,0,-0.00206,0.02010,0.07216,1,0,0,1.80137,0.57473,1,-0.74630,1,0.19854,0.06107,0.00000,0.00000,0.19017,t_shape,clutter_safe,0.4600,0.18000,-2.08321
old_v4_compositional,adversarial_clutter_gap,0,13,0,0.07360,0.04326,0.04326,0,1,0,52.67138,4.02291,0,-0.52012,1,0.19207,0.05422,0.00000,0.00000,0.13141,t_shape,clutter_safe,0.4600,0.18000,3.13512
old_v4_compositional,adversarial_clutter_gap,0,14,0,-0.00206,0.05201,0.10407,1,1,0,15.07687,0.85712,0,-1.18538,1,0.17465,0.06383,0.00000,0.00000,0.11191,t_shape,clutter_safe,0.4600,0.18000,-1.78421
old_v4_compositional,adversarial_clutter_gap,1,0,0,0.16345,0.01778,0.01778,0,1,0,72.82132,5.82562,0,-0.46703,1,0.13722,0.05871,0.00000,0.00000,0.15565,t_shape,clutter_safe,0.4600,0.17851,-0.20692
old_v4_compositional,adversarial_clutter_gap,1,1,0,0.10668,0.05388,0.05388,0,1,0,66.40322,4.07375,0,-0.54225,1,0.16724,0.06188,0.15780,0.26299,0.11654,t_shape,clutter_safe,0.4600,0.18000,-0.14801
old_v4_compositional,adversarial_clutter_gap,1,2,0,0.13960,0.05967,0.05967,0,1,0,77.04891,4.37931,0,-0.55431,1,0.25319,0.05405,0.00000,0.00000,0.12154,t_shape,clutter_safe,0.4600,0.18000,2.92833
old_v4_compositional,adversarial_clutter_gap,1,3,0,-0.00206,0.03113,0.08319,1,1,0,41.36992,1.61186,0,-1.15331,1,0.18965,0.06465,0.00000,0.00000,0.11025,t_shape,clutter_safe,0.4600,0.18000,-1.13076
old_v4_compositional,adversarial_clutter_gap,1,4,0,0.11169,0.06476,0.06476,0,1,0,76.86406,4.22111,0,-0.56491,1,0.15479,0.05858,0.05105,0.08508,0.09124,t_shape,clutter_safe,0.4600,0.18000,0.31569
old_v4_compositional,adversarial_clutter_gap,1,5,0,0.15335,0.08252,0.08252,0,1,0,54.23096,3.34890,0,-0.60191,1,0.11796,0.05972,0.00000,0.00000,0.11448,t_shape,clutter_safe,0.4600,0.18000,-2.82754
old_v4_compositional,adversarial_clutter_gap,1,6,0,0.15701,0.07649,0.07649,0,1,0,81.58565,6.64316,0,-0.58935,1,0.15352,0.06286,0.00000,0.00000,0.12683,t_shape,clutter_safe,0.4600,0.18000,-0.17580
old_v4_compositional,adversarial_clutter_gap,1,7,0,-0.00206,0.07652,0.12858,1,1,0,58.57002,2.28949,0,-1.23000,1,0.24502,0.06469,0.00000,0.00000,0.05093,t_shape,clutter_safe,0.4600,0.15602,1.44408
old_v4_compositional,adversarial_clutter_gap,1,8,0,-0.00206,0.07200,0.12405,1,1,0,32.82994,2.27523,0,-1.23000,1,0.27713,0.05742,0.00000,0.00000,0.06704,t_shape,clutter_safe,0.4600,0.13945,-1.26290
old_v4_compositional,adversarial_clutter_gap,1,9,0,0.08578,0.06145,0.06145,0,1,0,61.08477,4.87084,0,-0.55803,1,0.18140,0.05656,0.00000,0.00000,0.11952,t_shape,clutter_safe,0.4600,0.18000,0.05714
old_v4_compositional,adversarial_clutter_gap,1,10,0,-0.00238,0.05666,0.10904,1,1,0,22.81171,1.22046,0,-1.20717,1,0.19940,0.06364,0.00000,0.00000,0.08765,t_shape,clutter_safe,0.4600,0.17157,1.01574
old_v4_compositional,adversarial_clutter_gap,1,11,0,0.05715,0.04339,0.04339,1,1,0,103.18386,4.90690,0,-1.07040,1,0.18421,0.05765,0.00000,0.00000,0.10742,t_shape,clutter_safe,0.4600,0.18000,0.00421
old_v4_compositional,adversarial_clutter_gap,1,12,0,0.04260,0.02288,0.03028,1,1,0,67.29496,3.64248,0,-1.04309,1,0.17334,0.05817,0.00000,0.00000,0.09945,t_shape,clutter_safe,0.4600,0.17571,-2.88725
old_v4_compositional,adversarial_clutter_gap,1,13,0,-0.00206,0.05720,0.10926,1,1,0,24.83080,0.84764,0,-1.19544,1,0.08724,0.05591,0.18331,0.30552,0.13140,t_shape,clutter_safe,0.4600,0.18000,-0.16313
old_v4_compositional,adversarial_clutter_gap,1,14,0,-0.00206,0.01934,0.07140,1,1,0,33.41356,1.60268,0,-1.12875,1,0.20411,0.05990,0.05861,0.09769,0.02086,t_shape,clutter_safe,0.4600,0.15621,1.32005
old_v4_compositional,adversarial_clutter_gap,2,0,0,0.14728,0.07393,0.07393,0,1,0,81.33922,6.70516,0,-0.58402,1,0.19374,0.05976,0.00000,0.00000,0.10814,t_shape,clutter_safe,0.4600,0.18000,3.09599
old_v4_compositional,adversarial_clutter_gap,2,1,0,0.05963,0.09542,0.09542,1,1,0,69.23105,3.50688,0,-1.17879,1,0.16891,0.06455,0.00000,0.00000,0.11564,t_shape,clutter_safe,0.4600,0.18000,-0.07873
old_v4_compositional,adversarial_clutter_gap,2,2,0,0.00904,0.05067,0.09163,1,1,0,45.19345,3.17059,0,-1.17090,1,0.16426,0.05516,0.00000,0.00000,0.13192,t_shape,clutter_safe,0.4600,0.18000,0.44636
old_v4_compositional,adversarial_clutter_gap,2,3,0,-0.00206,0.03268,0.08473,1,1,0,35.93748,1.83220,0,-1.15653,1,0.16727,0.06019,0.00000,0.00000,0.02783,t_shape,clutter_safe,0.4600,0.15660,-1.48042
old_v4_compositional,adversarial_clutter_gap,2,4,0,0.12406,0.09192,0.09192,0,1,0,74.49145,2.80397,0,-0.62151,1,0.12636,0.06473,0.04999,0.08332,0.10240,t_shape,clutter_safe,0.4600,0.18000,-0.44472
old_v4_compositional,adversarial_clutter_gap,2,5,0,0.05448,0.02521,0.02521,1,1,0,68.05918,3.13131,0,-1.03252,1,0.20852,0.05798,0.00000,0.00000,0.10883,t_shape,clutter_safe,0.4600,0.18000,-0.20020
old_v4_compositional,adversarial_clutter_gap,2,6,0,-0.00206,0.11116,0.16322,1,1,0,6.46508,0.67375,0,-1.20390,1,0.19909,0.06324,0.00000,0.00000,0.11372,t_shape,clutter_safe,0.4600,0.18000,-0.00828
old_v4_compositional,adversarial_clutter_gap,2,7,0,0.08171,0.04066,0.04066,0,1,0,53.62180,4.04652,0,-0.51471,1,0.16839,0.05773,0.03470,0.05784,0.09829,t_shape,clutter_safe,0.4600,0.18000,0.01175
old_v4_compositional,adversarial_clutter_gap,2,8,0,0.05363,0.04119,0.04119,1,1,0,77.94461,3.78753,0,-1.06580,1,0.18154,0.05506,0.07074,0.11790,0.09806,t_shape,clutter_safe,0.4600,0.18000,-2.80687
old_v4_compositional,adversarial_clutter_gap,2,9,0,-0.00206,0.04083,0.09289,1,1,0,9.03831,0.64369,0,-1.14501,1,0.14896,0.06156,0.00000,0.00000,0.11727,t_shape,clutter_safe,0.4600,0.18000,-1.37254
old_v4_compositional,adversarial_clutter_gap,2,10,0,0.04409,0.06985,0.07576,1,1,0,64.12958,3.15440,0,-1.13783,1,0.19826,0.06335,0.09164,0.15274,0.13171,t_shape,clutter_safe,0.4600,0.18000,0.56679
old_v4_compositional,adversarial_clutter_gap,2,11,0,0.04449,0.03741,0.04292,1,1,0,57.66102,4.23481,0,-1.06941,1,0.18685,0.05758,0.00000,0.00000,0.11093,t_shape,clutter_safe,0.4600,0.18000,-2.58762
old_v4_compositional,adversarial_clutter_gap,2,12,0,0.10864,0.08521,0.08521,0,1,0,95.83635,6.06381,0,-0.60753,1,0.16487,0.06140,0.00000,0.00000,0.09731,t_shape,clutter_safe,0.4600,0.18000,0.11757
old_v4_compositional,adversarial_clutter_gap,2,13,0,-0.00206,0.09618,0.14824,1,1,0,39.89052,0.92634,0,-1.22411,1,0.18421,0.05724,0.01118,0.01863,0.12088,t_shape,clutter_safe,0.4600,0.18000,0.05660
old_v4_compositional,adversarial_clutter_gap,2,14,0,0.15648,0.07681,0.07681,0,1,0,74.42022,6.15750,0,-0.59002,1,0.12449,0.06051,0.00000,0.00000,0.10744,t_shape,clutter_safe,0.4600,0.18000,0.01685
old_v4_compositional,adversarial_clutter_gap,3,0,0,0.01468,0.07703,0.11235,1,1,0,25.62821,2.05746,0,-1.21405,1,0.18242,0.05466,0.04264,0.07107,0.14795,t_shape,clutter_safe,0.4600,0.18000,0.98548
old_v4_compositional,adversarial_clutter_gap,3,1,0,0.08680,0.03923,0.03923,0,1,0,65.70358,5.22398,0,-0.51173,1,0.22777,0.05665,0.00000,0.00000,0.10557,t_shape,clutter_safe,0.4600,0.18000,3.13834
old_v4_compositional,adversarial_clutter_gap,3,2,0,-0.00206,0.17799,0.23005,1,0,0,0.00000,0.53858,1,-0.84309,1,0.17753,0.05612,0.01241,0.02068,0.14615,t_shape,clutter_safe,0.4600,0.18000,2.05464
old_v4_compositional,adversarial_clutter_gap,3,3,0,-0.00754,0.21970,0.27725,1,1,0,62.42610,3.29833,0,-1.23000,1,0.26007,0.06122,0.00000,0.00000,0.10240,t_shape,clutter_safe,0.4600,0.16451,-0.17890
old_v4_compositional,adversarial_clutter_gap,3,4,0,0.06805,0.06017,0.06017,1,1,0,48.49923,2.73056,0,-1.10535,1,0.17427,0.06105,0.00000,0.00000,0.12579,t_shape,clutter_safe,0.4600,0.18000,0.16334
old_v4_compositional,adversarial_clutter_gap,3,5,0,-0.00206,0.02253,0.07459,1,1,0,33.82941,2.06744,0,-1.13539,1,0.19478,0.05757,0.00000,0.00000,0.10162,t_shape,clutter_safe,0.4600,0.18000,-0.31328
old_v4_compositional,adversarial_clutter_gap,3,6,0,0.04145,0.11540,0.12395,1,1,0,56.31138,2.90904,0,-1.23000,1,0.15580,0.06095,0.00000,0.00000,0.10122,t_shape,clutter_safe,0.4600,0.18000,-0.14470
old_v4_compositional,adversarial_clutter_gap,3,7,0,-0.00206,0.08091,0.13297,1,1,0,5.71598,0.57659,0,-1.19613,1,0.12180,0.05797,0.00538,0.00896,0.10003,t_shape,clutter_safe,0.4600,0.17982,-0.03072
old_v4_compositional,adversarial_clutter_gap,3,8,0,0.03628,0.09461,0.10833,1,1,0,14.18323,0.92226,0,-1.19946,1,0.20432,0.05851,0.15000,0.25000,0.00645,t_shape,clutter_safe,0.4600,0.14664,-1.60849
old_v4_compositional,adversarial_clutter_gap,3,9,0,-0.00206,0.03796,0.09002,1,1,0,56.53231,1.93694,0,-1.16753,1,0.20029,0.06428,0.00000,0.00000,0.04650,t_shape,clutter_safe,0.4600,0.16672,1.19649
old_v4_compositional,adversarial_clutter_gap,3,10,0,0.12268,0.04824,0.04824,0,1,0,79.16734,3.81952,0,-0.53050,1,0.17344,0.05890,0.00376,0.00626,0.13403,t_shape,clutter_safe,0.4600,0.18000,-0.41558
old_v4_compositional,adversarial_clutter_gap,3,11,0,-0.00206,0.07066,0.12271,1,1,0,27.04825,0.71061,0,-1.20685,1,0.16544,0.06001,0.00000,0.00000,0.11214,t_shape,clutter_safe,0.4600,0.18000,-0.06201
old_v4_compositional,adversarial_clutter_gap,3,12,0,0.10412,0.13155,0.13155,0,1,0,121.45814,5.07210,0,-0.68000,1,0.22598,0.06574,0.00000,0.00000,0.11261,t_shape,clutter_safe,0.4600,0.18000,-3.03158
old_v4_compositional,adversarial_clutter_gap,3,13,0,-0.00208,0.01143,0.06351,1,1,0,71.58832,2.94101,0,-1.11231,1,0.23251,0.06075,0.00000,0.00000,0.13159,t_shape,clutter_safe,0.4600,0.18000,0.39755
old_v4_compositional,adversarial_clutter_gap,3,14,0,0.06180,0.06039,0.06039,1,1,0,73.30902,3.93050,0,-1.10580,1,0.12878,0.06380,0.00000,0.00000,0.13103,t_shape,clutter_safe,0.4600,0.18000,0.20208
old_v4_compositional,adversarial_clutter_gap,4,0,0,-0.00841,0.05719,0.11559,1,1,0,18.35021,1.45080,0,-1.22082,1,0.16070,0.05579,0.00000,0.00000,0.11487,t_shape,clutter_safe,0.4600,0.18000,1.19392
old_v4_compositional,adversarial_clutter_gap,4,1,0,-0.00206,0.01719,0.06925,1,1,0,59.26174,2.97604,0,-1.12427,1,0.19803,0.05579,0.00000,0.00000,0.11836,t_shape,clutter_safe,0.4600,0.18000,-0.32583
old_v4_compositional,adversarial_clutter_gap,4,2,0,0.00984,0.05819,0.09835,1,1,0,20.14780,1.67149,0,-1.18490,1,0.20170,0.05480,0.00000,0.00000,0.14456,t_shape,clutter_safe,0.4600,0.18000,-2.08196
old_v4_compositional,adversarial_clutter_gap,4,3,0,0.04629,0.01412,0.01782,1,1,0,96.79193,4.23585,0,-1.01713,1,0.26545,0.06487,0.00000,0.00000,0.14518,t_shape,clutter_safe,0.4600,0.18000,0.28881
old_v4_compositional,adversarial_clutter_gap,4,4,1,0.16388,0.03783,0.03783,0,0,0,88.39209,7.15818,1,0.84119,1,0.21818,0.06065,0.00000,0.00000,0.13267,t_shape,clutter_safe,0.4600,0.18000,-0.24137
old_v4_compositional,adversarial_clutter_gap,4,5,0,0.15770,0.05112,0.05112,0,1,0,73.17428,5.80462,0,-0.53649,1,0.16070,0.06052,0.12672,0.21120,0.13709,t_shape,clutter_safe,0.4600,0.17986,-0.00340
old_v4_compositional,adversarial_clutter_gap,4,6,0,0.01951,0.05560,0.08608,1,1,0,86.52402,4.40417,0,-1.15934,1,0.27671,0.06551,0.00000,0.00000,0.13912,t_shape,clutter_safe,0.4600,0.18000,0.30574
old_v4_compositional,adversarial_clutter_gap,4,7,0,0.10640,0.11289,0.11289,0,1,0,89.53153,4.07976,0,-0.66518,1,0.21028,0.06497,0.22411,0.37352,0.12433,t_shape,clutter_safe,0.4600,0.18000,0.38210
old_v4_compositional,adversarial_clutter_gap,4,8,0,0.07293,0.02547,0.02547,0,1,0,63.86925,3.56266,0,-0.48305,1,0.09811,0.05785,0.00000,0.00000,0.12268,t_shape,clutter_safe,0.4600,0.18000,-0.30605
old_v4_compositional,adversarial_clutter_gap,4,9,0,-0.00206,0.03803,0.09009,1,1,0,76.52154,2.33398,0,-1.16768,1,0.13840,0.06106,0.00000,0.00000,0.12434,t_shape,clutter_safe,0.4600,0.18000,-0.01854
old_v4_compositional,adversarial_clutter_gap,4,10,0,0.07227,0.09049,0.09049,0,1,0,77.64520,4.46624,0,-0.61853,1,0.18052,0.06347,0.00000,0.00000,0.11902,t_shape,clutter_safe,0.4600,0.18000,-0.19335
old_v4_compositional,adversarial_clutter_gap,4,11,0,0.02883,0.09742,0.11859,1,1,0,34.36140,1.09219,0,-1.22707,1,0.19966,0.05974,0.00000,0.00000,0.17102,t_shape,clutter_safe,0.4600,0.18000,-0.05447
old_v4_compositional,adversarial_clutter_gap,4,12,0,0.01101,0.02949,0.06848,1,1,0,75.57301,2.52012,0,-1.12266,1,0.13153,0.06534,0.02194,0.03656,0.10654,t_shape,clutter_safe,0.4600,0.18000,0.11457
old_v4_compositional,adversarial_clutter_gap,4,13,0,0.05717,0.02277,0.02277,1,1,0,37.75476,2.57915,0,-1.02743,1,0.13256,0.05409,0.00000,0.00000,0.11270,t_shape,clutter_safe,0.4600,0.18000,2.75567
old_v4_compositional,adversarial_clutter_gap,4,14,0,0.04948,0.09745,0.09797,1,1,0,50.43779,2.08424,0,-1.18409,1,0.05635,0.06376,0.11830,0.19716,0.09859,t_shape,clutter_safe,0.4600,0.18000,-0.25839
old_v4_compositional,adversarial_clutter_gap,5,0,0,-0.00343,0.39556,0.44898,1,1,0,85.84579,4.86378,0,-1.23000,1,0.21333,0.06121,0.00000,0.00000,0.09774,t_shape,clutter_safe,0.4600,0.18000,-0.04141
old_v4_compositional,adversarial_clutter_gap,5,1,0,0.13364,0.07058,0.07058,0,1,0,122.93431,8.03830,0,-0.57704,1,0.22740,0.06225,0.00000,0.00000,0.13721,t_shape,clutter_safe,0.4600,0.18000,-0.21489
old_v4_compositional,adversarial_clutter_gap,5,2,0,-0.00016,0.05938,0.10954,1,1,0,36.31690,1.47748,0,-1.20821,1,0.16854,0.05844,0.00000,0.00000,0.11879,t_shape,clutter_safe,0.4600,0.18000,0.19842
old_v4_compositional,adversarial_clutter_gap,5,3,0,-0.00206,0.03245,0.08451,1,1,0,86.46598,3.82018,0,-1.15606,1,0.18936,0.06511,0.00000,0.00000,0.12899,t_shape,clutter_safe,0.4600,0.18000,-0.50670
old_v4_compositional,adversarial_clutter_gap,5,4,0,-0.00206,0.06824,0.12030,1,1,0,10.45431,0.56192,0,-1.19495,1,0.18791,0.05625,0.00723,0.01206,0.02941,t_shape,clutter_safe,0.4600,0.16591,1.41574
old_v4_compositional,adversarial_clutter_gap,5,5,0,0.02330,0.05499,0.08169,1,1,0,45.53390,2.07462,0,-1.15019,1,0.18260,0.09268,0.00705,0.01174,0.04169,t_shape,clutter_safe,0.4600,0.15040,1.48787
old_v4_compositional,adversarial_clutter_gap,5,6,0,0.09006,0.10004,0.10004,0,1,0,80.20501,3.96972,0,-0.63842,1,0.11014,0.06490,0.00000,0.00000,0.12044,t_shape,clutter_safe,0.4600,0.18000,2.87437
old_v4_compositional,adversarial_clutter_gap,5,7,0,-0.00206,0.04397,0.09602,1,1,0,39.85914,1.80057,0,-1.18005,1,0.15674,0.11176,0.00000,0.00000,0.12591,t_shape,clutter_safe,0.4600,0.18000,-1.93254
old_v4_compositional,adversarial_clutter_gap,5,8,0,0.07263,0.08183,0.08183,0,1,0,76.77676,4.80167,0,-0.60047,1,0.21456,0.05587,0.00000,0.00000,0.09904,t_shape,clutter_safe,0.4600,0.18000,0.15567
old_v4_compositional,adversarial_clutter_gap,5,9,0,0.03098,0.06853,0.08755,1,1,0,28.86293,1.76674,0,-1.16241,1,0.20537,0.05866,0.00000,0.00000,0.13766,t_shape,clutter_safe,0.4600,0.18000,-2.55783
old_v4_compositional,adversarial_clutter_gap,5,10,1,0.16116,0.03579,0.03579,0,0,0,88.59691,7.31090,1,0.84544,1,0.23372,0.05687,0.00000,0.00000,0.10363,t_shape,clutter_safe,0.4600,0.18000,-0.14155
old_v4_compositional,adversarial_clutter_gap,5,11,0,0.15290,0.05835,0.05835,0,1,0,72.66068,5.62857,0,-0.55157,1,0.20169,0.06291,0.00000,0.00000,0.15832,t_shape,clutter_safe,0.4600,0.18000,-0.25318
old_v4_compositional,adversarial_clutter_gap,5,12,0,0.16185,0.02551,0.02551,0,1,0,80.07615,6.63519,0,-0.48315,1,0.19208,0.05641,0.01454,0.02423,0.14461,t_shape,clutter_safe,0.4600,0.18000,-0.21146
old_v4_compositional,adversarial_clutter_gap,5,13,0,-0.00226,0.04683,0.09910,1,1,0,24.68918,1.79330,0,-1.18645,1,0.25702,0.05752,0.00000,0.00000,0.06669,t_shape,clutter_safe,0.4600,0.15511,1.10127
old_v4_compositional,adversarial_clutter_gap,5,14,0,0.03809,0.02464,0.03655,1,1,0,76.72810,3.26361,0,-1.05615,1,0.10334,0.05879,0.00000,0.00000,0.10915,t_shape,clutter_safe,0.4600,0.18000,-3.07567
old_v4_compositional,adversarial_clutter_gap,6,0,0,-0.00206,0.02620,0.07826,1,1,0,96.11257,4.46677,0,-1.14304,1,0.20358,0.06449,0.00000,0.00000,0.14745,t_shape,clutter_safe,0.4600,0.18000,-0.11178
old_v4_compositional,adversarial_clutter_gap,6,1,0,-0.00206,0.19626,0.24831,1,1,0,0.00000,0.59468,0,-1.19757,1,0.26575,0.26940,0.00000,0.00000,0.13533,t_shape,clutter_safe,0.4600,0.18000,-1.60161
old_v4_compositional,adversarial_clutter_gap,6,2,0,0.04312,0.04334,0.05022,1,1,0,70.06462,2.80266,0,-1.08462,1,0.16584,0.05427,0.00000,0.00000,0.09547,t_shape,clutter_safe,0.4600,0.18000,0.31969
old_v4_compositional,adversarial_clutter_gap,6,3,0,0.07146,0.05192,0.05192,0,1,0,45.00387,2.41126,0,-0.53816,1,0.21217,0.06193,0.01386,0.02310,0.13007,t_shape,clutter_safe,0.4600,0.18000,2.98296
old_v4_compositional,adversarial_clutter_gap,6,4,0,0.00739,0.08478,0.12739,1,1,0,44.48364,2.19695,0,-1.23000,1,0.23368,0.05946,0.00000,0.00000,0.04779,t_shape,clutter_safe,0.4600,0.13589,1.71588
old_v4_compositional,adversarial_clutter_gap,6,5,0,0.03847,0.14429,0.15583,1,1,0,39.07784,1.17123,0,-1.23000,1,0.24427,0.06465,0.15632,0.26053,0.17504,t_shape,clutter_safe,0.4600,0.18000,-3.03973
old_v4_compositional,adversarial_clutter_gap,6,6,0,-0.00206,0.09906,0.15112,1,1,0,4.50378,0.57297,0,-1.19584,1,0.15729,0.13577,0.01570,0.02616,0.09861,t_shape,clutter_safe,0.4600,0.18000,-1.39450
old_v4_compositional,adversarial_clutter_gap,6,7,0,0.06266,0.03721,0.03721,1,1,0,57.11145,2.39699,0,-1.05752,1,0.17252,0.05661,0.00000,0.00000,0.13209,t_shape,clutter_safe,0.4600,0.18000,-0.09736
old_v4_compositional,adversarial_clutter_gap,6,8,0,-0.00206,0.05035,0.10241,1,1,0,5.54003,0.56503,0,-1.15855,1,0.16268,0.05615,0.00000,0.00000,0.13487,t_shape,clutter_safe,0.4600,0.18000,1.42450
old_v4_compositional,adversarial_clutter_gap,6,9,0,-0.00206,0.02354,0.07560,1,1,0,24.40356,1.44110,0,-1.13750,1,0.16618,0.05705,0.00000,0.00000,0.10208,t_shape,clutter_safe,0.4600,0.18000,1.88543
old_v4_compositional,adversarial_clutter_gap,6,10,0,0.06010,0.04956,0.04956,1,1,0,75.94336,3.15247,0,-1.08326,1,0.13734,0.05768,0.00945,0.01576,0.09585,t_shape,clutter_safe,0.4600,0.18000,0.40327
old_v4_compositional,adversarial_clutter_gap,6,11,0,-0.00207,0.07638,0.12844,1,1,0,48.40408,1.68171,0,-1.23000,1,0.13198,0.06169,0.06555,0.10924,0.08798,t_shape,clutter_safe,0.4600,0.17827,-0.03880
old_v4_compositional,adversarial_clutter_gap,6,12,0,0.16029,0.04116,0.04116,0,1,0,68.61533,5.70631,0,-0.51575,1,0.10990,0.05717,0.00000,0.00000,0.11567,t_shape,clutter_safe,0.4600,0.18000,-0.03827
old_v4_compositional,adversarial_clutter_gap,6,13,0,0.02141,0.03156,0.06015,1,1,0,58.26899,2.49814,0,-1.10532,1,0.22429,0.06242,0.00000,0.00000,0.15305,t_shape,clutter_safe,0.4600,0.17553,-2.59476
old_v4_compositional,adversarial_clutter_gap,6,14,0,0.03134,0.09752,0.11618,1,1,0,46.71819,1.98140,0,-1.22205,1,0.15926,0.06231,0.01450,0.02417,0.11349,t_shape,clutter_safe,0.4600,0.18000,0.02073
old_v4_compositional,adversarial_clutter_gap,7,0,0,-0.00206,0.06063,0.11269,1,1,0,60.59587,2.28212,0,-1.21477,1,0.18518,0.06200,0.00000,0.00000,0.05503,t_shape,clutter_safe,0.4600,0.14172,1.74171
old_v4_compositional,adversarial_clutter_gap,7,1,0,-0.00216,0.06572,0.11787,1,1,0,25.22448,1.52983,0,-1.22557,1,0.14720,0.05865,0.00000,0.00000,0.10506,t_shape,clutter_safe,0.4600,0.18000,1.47501
old_v4_compositional,adversarial_clutter_gap,7,2,0,-0.00206,0.01844,0.07050,1,1,0,44.81206,2.82320,0,-1.12687,1,0.18561,0.05743,0.00000,0.00000,0.11982,t_shape,clutter_safe,0.4600,0.18000,-0.37759
old_v4_compositional,adversarial_clutter_gap,7,3,0,0.08174,0.07375,0.07375,0,1,0,42.85361,2.15078,0,-0.58364,1,0.15227,0.06166,0.00000,0.00000,0.10226,t_shape,clutter_safe,0.4600,0.18000,-1.82346
old_v4_compositional,adversarial_clutter_gap,7,4,0,0.11922,0.05364,0.05364,0,1,0,89.08186,4.71599,0,-0.54176,1,0.17292,0.05694,0.03405,0.05676,0.11094,t_shape,clutter_safe,0.4600,0.18000,0.35276
old_v4_compositional,adversarial_clutter_gap,7,5,0,0.04996,0.04597,0.04601,1,1,0,77.54890,3.91833,0,-1.07586,1,0.19638,0.05819,0.00000,0.00000,0.10854,t_shape,clutter_safe,0.4600,0.18000,0.30871
old_v4_compositional,adversarial_clutter_gap,7,6,0,0.15341,0.03678,0.03678,0,1,0,79.68789,6.37171,0,-0.50663,1,0.13301,0.05985,0.01148,0.01913,0.09633,t_shape,clutter_safe,0.4600,0.18000,-0.00469
old_v4_compositional,adversarial_clutter_gap,7,7,0,0.05918,0.01976,0.01976,1,1,0,95.11399,4.51507,0,-1.02116,1,0.16225,0.05611,0.00000,0.00000,0.13988,t_shape,clutter_safe,0.4600,0.18000,2.76496
old_v4_compositional,adversarial_clutter_gap,7,8,0,0.00673,0.04721,0.09048,1,1,0,47.77271,2.11847,0,-1.16851,1,0.21134,0.06061,0.00000,0.00000,0.07614,t_shape,clutter_safe,0.4600,0.16666,-1.85853
old_v4_compositional,adversarial_clutter_gap,7,9,0,-0.00206,0.07284,0.12490,1,1,0,77.84459,3.19239,0,-1.23000,1,0.23000,0.06414,0.00000,0.00000,0.11915,t_shape,clutter_safe,0.4600,0.18000,-0.00666
old_v4_compositional,adversarial_clutter_gap,7,10,0,0.09103,0.06703,0.06703,0,1,0,51.54966,2.45658,0,-0.56965,1,0.07892,0.05971,0.01717,0.02861,0.09161,t_shape,clutter_safe,0.4600,0.18000,-0.19773
old_v4_compositional,adversarial_clutter_gap,7,11,0,0.03437,0.03114,0.04677,1,1,0,52.75698,2.62075,0,-1.07743,1,0.27147,0.06473,0.00000,0.00000,0.07847,t_shape,clutter_safe,0.4600,0.15108,2.79486
old_v4_compositional,adversarial_clutter_gap,7,12,0,0.03847,0.04969,0.06122,1,1,0,59.09968,2.68966,0,-1.10753,1,0.17960,0.05873,0.00000,0.00000,0.11450,t_shape,clutter_safe,0.4600,0.18000,0.32526
old_v4_compositional,adversarial_clutter_gap,7,13,0,-0.00206,0.10919,0.16125,1,1,0,8.57096,0.72595,0,-1.20808,1,0.21810,0.05667,0.01080,0.01800,0.01233,t_shape,clutter_safe,0.4600,0.15341,1.73979
old_v4_compositional,adversarial_clutter_gap,7,14,0,0.04752,0.01596,0.01844,1,1,0,88.59800,4.54612,0,-1.01842,1,0.15558,0.05836,0.00000,0.00000,0.12915,t_shape,clutter_safe,0.4600,0.18000,0.21905
old_v4_compositional,material_shift_proxy,0,0,1,0.15446,0.03927,0.03927,0,0,0,42.03923,3.14135,1,0.83819,1,0.03184,0.25863,0.00149,0.00000,0.00576,cylinder,lift,0.2400,0.09293,-0.52777
old_v4_compositional,material_shift_proxy,0,1,0,0.14410,0.11596,0.11596,0,0,0,41.97212,3.08470,1,-0.32158,1,0.05917,0.25969,0.01284,0.00000,0.00608,cylinder,lift,0.2400,0.09012,0.58403
old_v4_compositional,material_shift_proxy,0,2,0,0.01426,0.04534,0.08109,1,0,0,39.37325,1.83910,1,-0.79893,1,0.04134,0.25545,0.04556,0.00000,0.01867,cylinder,lift,0.2400,0.09321,-1.49392
old_v4_compositional,material_shift_proxy,0,3,0,0.01784,0.01413,0.04629,1,0,0,41.02714,1.99735,1,-0.72643,1,0.03550,0.25382,0.00034,0.00000,0.01383,cylinder,lift,0.2400,0.09335,0.54418
old_v4_compositional,material_shift_proxy,0,4,1,0.16651,0.05737,0.05737,0,0,0,33.41141,2.80059,1,0.80048,1,0.12025,0.54558,0.03458,0.00000,0.00155,cylinder,lift,0.2400,0.10803,-0.35810
old_v4_compositional,material_shift_proxy,0,5,1,0.11314,0.09886,0.09886,0,0,0,40.81368,2.54083,1,0.71404,1,0.03210,0.25774,0.01014,0.00000,0.00544,cylinder,lift,0.2400,0.09288,-0.56469
old_v4_compositional,material_shift_proxy,0,6,0,0.01722,0.00918,0.04197,1,0,0,42.65018,2.03565,1,-0.71743,1,0.07087,0.25264,0.04099,0.00000,0.00922,cylinder,lift,0.2400,0.08921,-1.24598
old_v4_compositional,material_shift_proxy,0,7,0,0.01172,0.01411,0.05239,1,0,0,33.92024,1.47338,1,-0.73915,1,0.02662,0.25572,0.00088,0.00000,0.02713,cylinder,lift,0.2400,0.09578,2.76477
old_v4_compositional,material_shift_proxy,0,8,0,0.01179,0.02718,0.06539,1,0,0,32.64220,1.18830,1,-0.76622,1,0.05194,0.29882,0.04434,0.00000,0.03518,cylinder,lift,0.2400,0.09763,1.41230
old_v4_compositional,material_shift_proxy,0,9,0,0.01337,0.00905,0.04568,1,0,0,37.08508,1.78970,1,-0.72516,1,0.03277,0.30633,0.00385,0.00000,0.02398,cylinder,lift,0.2400,0.09794,-2.87650
old_v4_compositional,material_shift_proxy,0,10,1,0.11873,0.10485,0.10485,0,0,0,32.62058,2.06545,1,0.70156,1,0.01058,0.26337,0.04632,0.00000,0.01104,cylinder,lift,0.2400,0.09570,-1.89569
old_v4_compositional,material_shift_proxy,0,11,0,0.01179,0.02560,0.06381,1,0,0,38.43158,1.49317,1,-0.76294,1,0.07217,0.25428,0.04423,0.00000,0.02439,cylinder,lift,0.2400,0.09057,1.61500
old_v4_compositional,material_shift_proxy,0,12,1,0.16653,0.05900,0.05900,0,0,0,38.07421,3.18405,1,0.79708,1,0.00579,0.26966,0.04871,0.00000,0.00098,cylinder,lift,0.2400,0.09619,-1.78989
old_v4_compositional,material_shift_proxy,0,13,0,0.03198,0.11363,0.13165,1,0,0,32.11453,1.70745,1,-0.88000,1,0.12590,0.53117,0.01216,0.00000,0.01509,cylinder,lift,0.2400,0.10729,0.44883
old_v4_compositional,material_shift_proxy,0,14,0,0.01179,0.08818,0.12638,1,0,0,37.33954,1.46070,1,-0.88000,1,0.05972,0.26102,0.04740,0.00000,0.03179,cylinder,lift,0.2400,0.09259,1.66410
old_v4_compositional,material_shift_proxy,1,0,0,0.01522,0.07464,0.10943,1,0,0,40.88754,1.84255,1,-0.85798,1,0.05439,0.25755,0.03900,0.00000,0.02279,cylinder,lift,0.2400,0.09226,-0.47387
old_v4_compositional,material_shift_proxy,1,1,0,0.01534,0.05623,0.09089,1,0,0,28.55104,1.52865,1,-0.81936,1,0.06385,0.38236,0.01654,0.00000,0.01239,cylinder,lift,0.2400,0.10110,0.10003
old_v4_compositional,material_shift_proxy,1,2,1,0.16571,0.06295,0.06295,0,0,0,42.56820,3.47485,1,0.78885,1,0.04815,0.25787,0.04993,0.00000,0.00472,cylinder,lift,0.2400,0.09114,2.09076
old_v4_compositional,material_shift_proxy,1,3,1,0.11180,0.06654,0.06654,0,0,0,43.34067,2.72038,1,0.78138,1,0.06826,0.25416,0.01438,0.00000,0.01368,cylinder,lift,0.2400,0.08992,-0.26249
old_v4_compositional,material_shift_proxy,1,4,1,0.10504,0.02150,0.02150,0,0,0,37.19787,2.24193,1,0.87522,1,0.03209,0.30649,0.01102,0.00000,0.01091,cylinder,lift,0.2400,0.09795,0.01085
old_v4_compositional,material_shift_proxy,1,5,1,0.15819,0.04625,0.04625,0,0,0,35.43461,2.63305,1,0.82365,1,0.06633,0.39880,0.02630,0.00000,0.00681,cylinder,lift,0.2400,0.10191,-0.04258
old_v4_compositional,material_shift_proxy,1,6,1,0.11636,0.05043,0.05043,0,0,0,40.69429,2.62210,1,0.81494,1,0.00791,0.25643,0.05000,0.00000,0.02724,cylinder,lift,0.2400,0.09577,-1.51047
old_v4_compositional,material_shift_proxy,1,7,0,0.11862,0.11093,0.11093,0,0,0,42.01879,2.75025,1,-0.31110,1,0.02893,0.25849,0.00041,0.00000,0.02230,cylinder,lift,0.2400,0.09326,0.33405
old_v4_compositional,material_shift_proxy,1,8,1,0.12521,0.06148,0.06148,0,0,0,31.40901,2.18657,1,0.79191,1,0.06326,0.39813,0.04088,0.00000,0.00666,cylinder,lift,0.2400,0.10160,0.80972
old_v4_compositional,material_shift_proxy,1,9,1,0.10352,0.05664,0.05664,0,0,0,41.87648,2.55208,1,0.80200,1,0.05456,0.25523,0.04644,0.00000,0.00600,cylinder,lift,0.2400,0.09059,-1.40258
old_v4_compositional,material_shift_proxy,1,10,0,0.01179,0.00777,0.04598,1,0,0,38.71510,1.47758,1,-0.72579,1,0.03660,0.25248,0.02691,0.00000,0.02553,cylinder,lift,0.2400,0.09438,-2.24373
old_v4_compositional,material_shift_proxy,1,11,1,0.14481,0.01828,0.01828,0,0,0,33.90981,2.40304,1,0.88193,1,0.10175,0.48615,0.03686,0.00000,0.00718,cylinder,lift,0.2400,0.10556,0.43433
old_v4_compositional,material_shift_proxy,1,12,0,0.01179,0.04597,0.08418,1,0,0,37.56016,1.49653,1,-0.80538,1,0.05201,0.25743,0.04897,0.00000,0.03072,cylinder,lift,0.2400,0.09329,-0.90436
old_v4_compositional,material_shift_proxy,1,13,1,0.11849,0.05973,0.05973,0,0,0,34.11009,2.18174,1,0.79557,1,0.10384,0.47457,0.02455,0.00000,0.01567,cylinder,lift,0.2400,0.10494,-0.99474
old_v4_compositional,material_shift_proxy,1,14,1,0.16257,0.03032,0.03032,0,0,0,39.35748,3.06636,1,0.85684,1,0.04143,0.25357,0.04996,0.00000,0.02236,cylinder,lift,0.2400,0.09357,-1.81145
old_v4_compositional,material_shift_proxy,2,0,1,0.15491,0.04056,0.04056,0,0,0,40.70321,3.02799,1,0.83550,1,0.01268,0.25483,0.03915,0.00000,0.00447,cylinder,lift,0.2400,0.09480,1.81012
old_v4_compositional,material_shift_proxy,2,1,0,0.01138,0.05677,0.09538,1,0,0,38.01992,1.50575,1,-0.82872,1,0.03135,0.28564,0.01400,0.00000,0.02111,cylinder,lift,0.2400,0.09687,0.29445
old_v4_compositional,material_shift_proxy,2,2,1,0.16520,0.05242,0.05242,0,0,0,46.44925,3.03729,1,0.81078,1,0.04514,0.34054,0.04119,0.00000,0.01144,cylinder,lift,0.2400,0.09925,-1.27516
old_v4_compositional,material_shift_proxy,2,3,0,0.01314,0.04944,0.08630,1,0,0,36.74972,1.73414,1,-0.80980,1,0.03905,0.31078,0.03207,0.00000,0.01724,cylinder,lift,0.2400,0.09805,-0.96684
old_v4_compositional,material_shift_proxy,2,4,0,0.01095,0.00752,0.04656,1,0,0,38.14738,1.91727,1,-0.72700,1,0.02663,0.29173,0.00302,0.00000,0.01112,cylinder,lift,0.2400,0.09736,-0.01538
old_v4_compositional,material_shift_proxy,2,5,1,0.10492,0.04211,0.04211,0,0,0,34.72745,1.94668,1,0.83227,1,0.07481,0.42467,0.00253,0.00000,0.00690,cylinder,lift,0.2400,0.10278,-0.38204
old_v4_compositional,material_shift_proxy,2,6,0,0.01241,0.04451,0.08210,1,0,0,32.45641,1.56166,1,-0.80104,1,0.09680,0.44254,0.00531,0.00000,0.02056,cylinder,lift,0.2400,0.10373,-0.65000
old_v4_compositional,material_shift_proxy,2,7,0,0.01179,0.05460,0.09281,1,0,0,39.78914,1.52074,1,-0.82335,1,0.09444,0.25693,0.04676,0.00000,0.02427,cylinder,lift,0.2400,0.08824,1.62175
old_v4_compositional,material_shift_proxy,2,8,0,0.00967,0.01723,0.05756,1,0,0,31.21396,1.64961,1,-0.74992,1,0.10761,0.48100,0.01286,0.00000,0.01504,cylinder,lift,0.2400,0.10539,-0.24302
old_v4_compositional,material_shift_proxy,2,9,0,0.01144,0.02800,0.06656,1,0,0,37.09639,1.63116,1,-0.76867,1,0.02519,0.25738,0.01655,0.00000,0.02558,cylinder,lift,0.2400,0.09579,2.55049
old_v4_compositional,material_shift_proxy,2,10,1,0.11940,0.02820,0.02820,0,0,0,35.25987,2.28067,1,0.86125,1,0.06678,0.39716,0.00255,0.00000,0.00998,cylinder,lift,0.2400,0.10164,-0.39471
old_v4_compositional,material_shift_proxy,2,11,0,0.04701,0.04201,0.04499,1,0,0,40.33474,1.96062,1,-0.72374,1,0.02320,0.28159,0.02062,0.00000,0.02915,cylinder,lift,0.2400,0.09684,2.20273
old_v4_compositional,material_shift_proxy,2,12,1,0.16011,0.08746,0.08746,0,0,0,38.63078,2.73731,1,0.73779,1,0.03292,0.29761,0.00380,0.00000,0.01798,cylinder,lift,0.2400,0.09734,-0.44632
old_v4_compositional,material_shift_proxy,2,13,0,0.06573,0.02810,0.02810,1,0,0,40.59873,2.22013,1,-0.68853,1,0.05094,0.25286,0.04992,0.00000,0.02391,cylinder,lift,0.2400,0.09273,1.30036
old_v4_compositional,material_shift_proxy,2,14,1,0.10891,0.10408,0.10408,0,0,0,41.26229,2.47007,1,0.70316,1,0.03924,0.25816,0.00675,0.00000,0.00414,cylinder,lift,0.2400,0.09201,-0.21471
old_v4_compositional,material_shift_proxy,3,0,0,0.01325,0.05065,0.08740,1,0,0,31.90377,1.61562,1,-0.81207,1,0.02680,0.25611,0.04742,0.00000,0.00993,cylinder,lift,0.2400,0.09387,-1.29394
old_v4_compositional,material_shift_proxy,3,1,1,0.11877,0.05091,0.05091,0,0,0,38.50204,2.09202,1,0.81393,1,0.02561,0.29690,0.04419,0.00000,0.00787,cylinder,lift,0.2400,0.09757,-0.87996
old_v4_compositional,material_shift_proxy,3,2,1,0.16549,0.01140,0.01140,0,0,0,39.90509,3.18970,1,0.89624,1,0.01248,0.26703,0.00701,0.00000,0.00683,cylinder,lift,0.2400,0.09631,-2.57696
old_v4_compositional,material_shift_proxy,3,3,1,0.08930,0.02990,0.02990,0,0,0,42.30547,2.52384,1,0.85771,1,0.05447,0.25244,0.00249,0.00000,0.00935,cylinder,lift,0.2400,0.09093,-0.64015
old_v4_compositional,material_shift_proxy,3,4,1,0.15298,0.02266,0.02266,0,0,0,38.65474,2.86782,1,0.87279,1,0.04078,0.33193,0.00009,0.00000,0.00915,cylinder,lift,0.2400,0.09902,0.58365
old_v4_compositional,material_shift_proxy,3,5,0,0.11997,0.14660,0.14660,0,0,0,40.24855,2.60828,1,-0.33000,1,0.04558,0.29187,0.02067,0.00000,0.04234,cylinder,lift,0.2400,0.09696,3.02266
old_v4_compositional,material_shift_proxy,3,6,0,0.01179,0.01737,0.05558,1,0,0,26.97860,1.29720,1,-0.74580,1,0.04799,0.29791,0.00005,0.00000,0.03215,cylinder,lift,0.2400,0.09751,-0.49463
old_v4_compositional,material_shift_proxy,3,7,1,0.16092,0.01392,0.01392,0,0,0,34.50885,2.63621,1,0.89100,1,0.12986,0.55317,0.01280,0.00000,0.02394,cylinder,lift,0.2400,0.10854,-0.69502
old_v4_compositional,material_shift_proxy,3,8,1,0.15457,0.03108,0.03108,0,0,0,37.22295,2.75036,1,0.85525,1,0.05111,0.36633,0.04704,0.00000,0.00411,cylinder,lift,0.2400,0.10059,-1.23777
old_v4_compositional,material_shift_proxy,3,9,1,0.14137,0.05053,0.05053,0,0,0,38.57555,2.72676,1,0.81473,1,0.03381,0.31249,0.04399,0.00000,0.00989,cylinder,lift,0.2400,0.09823,1.16810
old_v4_compositional,material_shift_proxy,3,10,1,0.12530,0.07644,0.07644,0,0,0,42.35812,2.79533,1,0.76076,1,0.07658,0.25480,0.01404,0.00000,0.01024,cylinder,lift,0.2400,0.08872,-0.20094
old_v4_compositional,material_shift_proxy,3,11,1,0.13231,0.08588,0.08588,0,0,0,35.64065,2.32351,1,0.74109,1,0.08465,0.43595,0.00484,0.00000,0.01095,cylinder,lift,0.2400,0.10341,0.06276
old_v4_compositional,material_shift_proxy,3,12,0,0.01179,0.02903,0.06724,1,0,0,31.88858,1.20500,1,-0.77008,1,0.06226,0.32561,0.04990,0.00000,0.03437,cylinder,lift,0.2400,0.09878,2.03740
old_v4_compositional,material_shift_proxy,3,13,0,0.01489,0.00467,0.03979,1,0,0,33.38847,1.50249,1,-0.71289,1,0.10690,0.46693,0.00660,0.00000,0.01966,cylinder,lift,0.2400,0.10487,0.30450
old_v4_compositional,material_shift_proxy,3,14,0,0.01130,0.06903,0.10773,1,0,0,36.45645,1.62748,1,-0.85444,1,0.03327,0.27854,0.04436,0.00000,0.02613,cylinder,lift,0.2400,0.09657,-1.72265
old_v4_compositional,material_shift_proxy,4,0,0,0.01562,0.03180,0.06618,1,0,0,41.33032,2.07790,1,-0.76787,1,0.05569,0.25528,0.04922,0.00000,0.01401,cylinder,lift,0.2400,0.09127,-1.68013
old_v4_compositional,material_shift_proxy,4,1,1,0.12327,0.06673,0.06673,0,0,0,35.92752,2.00117,1,0.78098,1,0.06961,0.42016,0.04883,0.00000,0.00275,cylinder,lift,0.2400,0.10265,-1.36558
old_v4_compositional,material_shift_proxy,4,2,0,0.01178,0.08116,0.11938,1,0,0,33.62291,1.48163,1,-0.87870,1,0.04422,0.25978,0.04602,0.00000,0.03357,cylinder,lift,0.2400,0.09438,2.05968
old_v4_compositional,material_shift_proxy,4,3,0,0.01471,0.01205,0.04734,1,0,0,37.90886,1.71086,1,-0.72863,1,0.02654,0.26727,0.04913,0.00000,0.02163,cylinder,lift,0.2400,0.09632,-1.66951
old_v4_compositional,material_shift_proxy,4,4,0,0.01259,0.02542,0.06283,1,0,0,38.34649,1.67610,1,-0.76089,1,0.02195,0.25413,0.04825,0.00000,0.01962,cylinder,lift,0.2400,0.09532,1.40538
old_v4_compositional,material_shift_proxy,4,5,0,0.01019,0.00553,0.04534,1,0,0,35.72813,1.61665,1,-0.72447,1,0.05229,0.33648,0.00024,0.00000,0.01905,cylinder,lift,0.2400,0.09925,0.32359
old_v4_compositional,material_shift_proxy,4,6,1,0.13737,0.03816,0.03816,0,0,0,29.30608,1.99882,1,0.84051,1,0.18230,0.68033,0.01261,0.00000,0.00802,cylinder,lift,0.2400,0.11385,-0.76691
old_v4_compositional,material_shift_proxy,4,7,0,0.02752,0.05941,0.08189,1,0,0,38.81862,2.13125,1,-0.80060,1,0.01776,0.27922,0.04495,0.00000,0.01056,cylinder,lift,0.2400,0.09649,-0.55045
old_v4_compositional,material_shift_proxy,4,8,0,0.01220,0.05579,0.09359,1,0,0,40.01729,2.05477,1,-0.82498,1,0.04177,0.25799,0.04595,0.00000,0.01988,cylinder,lift,0.2400,0.09329,-1.18349
old_v4_compositional,material_shift_proxy,4,9,0,0.00691,0.03151,0.07460,1,0,0,38.70115,2.03056,1,-0.78541,1,0.02127,0.27764,0.03567,0.00000,0.01302,cylinder,lift,0.2400,0.09661,-1.17679
old_v4_compositional,material_shift_proxy,4,10,1,0.08823,0.03274,0.03274,0,0,0,41.39923,2.43405,1,0.85179,1,0.03773,0.25249,0.04529,0.00000,0.01056,cylinder,lift,0.2400,0.09279,1.62092
old_v4_compositional,material_shift_proxy,4,11,1,0.16642,0.08287,0.08287,0,0,0,41.24844,3.46565,1,0.74735,1,0.04778,0.26020,0.04999,0.00000,0.02229,cylinder,lift,0.2400,0.09290,-1.88285
old_v4_compositional,material_shift_proxy,4,12,0,0.01798,0.03782,0.06984,1,0,0,41.39646,1.95702,1,-0.77551,1,0.04620,0.25490,0.01645,0.00000,0.01764,cylinder,lift,0.2400,0.09261,3.03430
old_v4_compositional,material_shift_proxy,4,13,0,0.01482,0.01527,0.05045,1,0,0,37.28750,1.70297,1,-0.73510,1,0.04898,0.33121,0.04329,0.00000,0.01795,cylinder,lift,0.2400,0.09901,1.11530
old_v4_compositional,material_shift_proxy,4,14,1,0.16587,0.10029,0.10029,0,0,0,39.33769,3.26596,1,0.71107,1,0.01786,0.26256,0.04830,0.00000,0.01157,cylinder,lift,0.2400,0.09496,-0.82821
old_v4_compositional,material_shift_proxy,5,0,0,0.00878,0.06993,0.11115,1,0,0,39.57192,1.97121,1,-0.86157,1,0.01457,0.27717,0.02239,0.00000,0.00704,cylinder,lift,0.2400,0.09650,-2.24686
old_v4_compositional,material_shift_proxy,5,1,0,0.01178,0.00162,0.03984,1,0,0,35.33028,1.37572,1,-0.71300,1,0.05934,0.33732,0.00251,0.00000,0.02596,cylinder,lift,0.2400,0.09930,-0.07703
old_v4_compositional,material_shift_proxy,5,2,0,0.04137,0.08490,0.09353,1,0,0,41.13028,2.36305,1,-0.82485,1,0.07711,0.26263,0.02519,0.00000,0.01733,cylinder,lift,0.2400,0.08936,0.60808
old_v4_compositional,material_shift_proxy,5,3,1,0.15281,0.06739,0.06739,0,0,0,38.22816,2.77305,1,0.77961,1,0.03071,0.32105,0.02572,0.00000,0.00417,cylinder,lift,0.2400,0.09846,1.11591
old_v4_compositional,material_shift_proxy,5,4,1,0.16313,0.02499,0.02499,0,0,0,39.26383,3.08261,1,0.86795,1,0.01891,0.25435,0.04300,0.00000,0.01887,cylinder,lift,0.2400,0.09557,-1.19054
old_v4_compositional,material_shift_proxy,5,5,0,0.01555,0.05723,0.09169,1,0,0,55.27191,1.77413,1,-0.82102,1,0.03987,0.25601,0.00505,0.00000,0.02176,cylinder,lift,0.2400,0.09367,0.55852
old_v4_compositional,material_shift_proxy,5,6,0,0.01790,0.02249,0.05460,1,0,0,42.65666,2.34156,1,-0.74374,1,0.09801,0.25216,0.05000,0.00000,0.01539,cylinder,lift,0.2400,0.08700,2.02034
old_v4_compositional,material_shift_proxy,5,7,0,0.00720,0.01141,0.05421,1,0,0,37.34783,1.91966,1,-0.74293,1,0.03895,0.31789,0.03169,0.00000,0.01275,cylinder,lift,0.2400,0.09848,-0.51747
old_v4_compositional,material_shift_proxy,5,8,0,0.01132,0.01989,0.05857,1,0,0,39.91202,1.69993,1,-0.75202,1,0.03925,0.25375,0.02731,0.00000,0.01997,cylinder,lift,0.2400,0.09356,1.98792
old_v4_compositional,material_shift_proxy,5,9,1,0.08172,0.03774,0.03774,0,0,0,37.27078,1.99919,1,0.84137,1,0.02802,0.29360,0.03441,0.00000,0.01207,cylinder,lift,0.2400,0.09741,-1.06175
old_v4_compositional,material_shift_proxy,5,10,0,0.00990,0.04412,0.08422,1,0,0,40.61360,1.85908,1,-0.80546,1,0.01814,0.25468,0.04597,0.00000,0.01130,cylinder,lift,0.2400,0.09490,-0.75111
old_v4_compositional,material_shift_proxy,5,11,0,0.01162,0.01792,0.05629,1,0,0,36.16133,1.46234,1,-0.74728,1,0.04739,0.31404,0.03989,0.00000,0.02363,cylinder,lift,0.2400,0.09829,-2.54149
old_v4_compositional,material_shift_proxy,5,12,0,0.01179,0.05880,0.09701,1,0,0,39.85840,1.50418,1,-0.83211,1,0.05080,0.25767,0.00184,0.00000,0.06158,cylinder,lift,0.2400,0.09318,0.24364
old_v4_compositional,material_shift_proxy,5,13,0,0.01112,0.11097,0.14985,1,0,0,37.71220,1.58404,1,-0.88000,1,0.05069,0.33998,0.01439,0.00000,0.02010,cylinder,lift,0.2400,0.09898,-0.88737
old_v4_compositional,material_shift_proxy,5,14,0,0.01294,0.02389,0.06094,1,0,0,38.95115,2.01982,1,-0.75697,1,0.02827,0.25352,0.04990,0.00000,0.00979,cylinder,lift,0.2400,0.09370,1.43594
old_v4_compositional,material_shift_proxy,6,0,0,0.01382,0.01038,0.04656,1,0,0,38.07999,1.63988,1,-0.72700,1,0.03331,0.29143,0.02896,0.00000,0.01878,cylinder,lift,0.2400,0.09730,-0.18685
old_v4_compositional,material_shift_proxy,6,1,0,0.01076,0.06361,0.10284,1,0,0,43.13703,2.01315,1,-0.84425,1,0.10523,0.25631,0.01946,0.00000,0.01071,cylinder,lift,0.2400,0.08579,2.23965
old_v4_compositional,material_shift_proxy,6,2,0,0.01329,0.00866,0.04537,1,0,0,41.63062,1.78404,1,-0.72451,1,0.05854,0.25266,0.03900,0.00000,0.01467,cylinder,lift,0.2400,0.09103,0.87896
old_v4_compositional,material_shift_proxy,6,3,0,0.01655,0.00324,0.03669,1,0,0,33.75911,1.72888,1,-0.70644,1,0.08657,0.41205,0.04908,0.00000,0.02167,cylinder,lift,0.2400,0.10255,-1.30896
old_v4_compositional,material_shift_proxy,6,4,0,0.01177,0.00460,0.04283,1,0,0,39.95799,1.59834,1,-0.71924,1,0.06414,0.25307,0.03316,0.00000,0.02586,cylinder,lift,0.2400,0.09155,-2.96696
old_v4_compositional,material_shift_proxy,6,5,1,0.09072,0.04715,0.04715,0,0,0,43.38659,2.50840,1,0.82176,1,0.07946,0.25475,0.04988,0.00000,0.02282,cylinder,lift,0.2400,0.08966,1.68283
old_v4_compositional,material_shift_proxy,6,6,0,0.01475,0.07781,0.11306,1,0,0,39.15226,1.76444,1,-0.86554,1,0.02893,0.25849,0.04160,0.00000,0.01794,cylinder,lift,0.2400,0.09443,-0.52274
old_v4_compositional,material_shift_proxy,6,7,1,0.15381,0.03696,0.03696,0,0,0,39.65889,2.92263,1,0.84300,1,0.01320,0.27346,0.03164,0.00000,0.00575,cylinder,lift,0.2400,0.09649,-1.23024
old_v4_compositional,material_shift_proxy,6,8,0,0.01120,0.00967,0.04847,1,0,0,33.87758,1.50451,1,-0.73098,1,0.05490,0.32215,0.03753,0.00000,0.02783,cylinder,lift,0.2400,0.09866,-1.26643
old_v4_compositional,material_shift_proxy,6,9,0,0.01169,0.00968,0.04799,1,0,0,31.06730,1.74458,1,-0.72998,1,0.04313,0.25322,0.04266,0.00000,0.01642,cylinder,lift,0.2400,0.09166,0.78716
old_v4_compositional,material_shift_proxy,6,10,0,0.01537,0.02953,0.06416,1,0,0,40.48520,1.82655,1,-0.76367,1,0.04035,0.25390,0.05000,0.00000,0.02938,cylinder,lift,0.2400,0.09437,-1.30658
old_v4_compositional,material_shift_proxy,6,11,0,0.01352,0.02510,0.06157,1,0,0,49.60698,1.56862,1,-0.75828,1,0.03179,0.25488,0.02713,0.00000,0.01671,cylinder,lift,0.2400,0.09402,-2.32903
old_v4_compositional,material_shift_proxy,6,12,0,0.01155,0.02253,0.06098,1,0,0,36.48501,1.70076,1,-0.75705,1,0.04324,0.32460,0.02566,0.00000,0.01499,cylinder,lift,0.2400,0.09870,2.08315
old_v4_compositional,material_shift_proxy,6,13,1,0.15562,0.03254,0.03254,0,0,0,37.39288,2.47754,1,0.85221,1,0.02083,0.29586,0.04757,0.00000,0.00335,cylinder,lift,0.2400,0.09752,-1.23227
old_v4_compositional,material_shift_proxy,6,14,1,0.15368,0.03225,0.03225,0,0,0,40.35250,3.00644,1,0.85281,1,0.05355,0.25714,0.03874,0.00000,0.01851,cylinder,lift,0.2400,0.09193,0.67109
old_v4_compositional,material_shift_proxy,7,0,1,0.16645,0.00752,0.00752,0,0,0,34.99283,2.91996,1,0.90432,1,0.08180,0.42284,0.04433,0.00000,0.01233,cylinder,lift,0.2400,0.10298,0.57060
old_v4_compositional,material_shift_proxy,7,1,0,0.01411,0.00977,0.04566,1,0,0,38.50694,1.83858,1,-0.72512,1,0.02109,0.26781,0.00481,0.00000,0.01624,cylinder,lift,0.2400,0.09628,-0.21042
old_v4_compositional,material_shift_proxy,7,2,0,0.01242,0.04640,0.08398,1,0,0,36.80369,1.71499,1,-0.80495,1,0.03882,0.31442,0.04899,0.00000,0.01536,cylinder,lift,0.2400,0.09821,-1.37858
old_v4_compositional,material_shift_proxy,7,3,0,0.01550,0.08556,0.12006,1,0,0,38.99520,1.95045,1,-0.88000,1,0.03417,0.26025,0.00582,0.00000,0.01920,cylinder,lift,0.2400,0.09401,0.42055
old_v4_compositional,material_shift_proxy,7,4,0,0.01142,0.02147,0.06005,1,0,0,34.64053,1.55488,1,-0.75510,1,0.04388,0.25359,0.04506,0.00000,0.01629,cylinder,lift,0.2400,0.09272,-0.84093
old_v4_compositional,material_shift_proxy,7,5,1,0.12296,0.05484,0.05484,0,0,0,38.24606,2.52872,1,0.80575,1,0.01725,0.26860,0.04677,0.00000,0.01219,cylinder,lift,0.2400,0.09628,-1.58577
old_v4_compositional,material_shift_proxy,7,6,0,0.01154,0.04527,0.08373,1,0,0,38.89723,1.68062,1,-0.80444,1,0.05272,0.25669,0.01042,0.00000,0.02789,cylinder,lift,0.2400,0.09294,-0.63008
old_v4_compositional,material_shift_proxy,7,7,0,0.01230,0.06741,0.10511,1,0,0,33.68443,1.48760,1,-0.84898,1,0.07769,0.38275,0.03927,0.00000,0.02764,cylinder,lift,0.2400,0.10105,1.66175
old_v4_compositional,material_shift_proxy,7,8,1,0.10291,0.06689,0.06689,0,0,0,40.58283,2.43346,1,0.78064,1,0.02791,0.25780,0.04988,0.00000,0.00872,cylinder,lift,0.2400,0.09363,1.68029
old_v4_compositional,material_shift_proxy,7,9,1,0.14437,0.04525,0.04525,0,0,0,34.18581,2.20189,1,0.82572,1,0.11851,0.52524,0.01506,0.00000,0.00636,cylinder,lift,0.2400,0.10738,0.86650
old_v4_compositional,material_shift_proxy,7,10,0,0.01068,0.07358,0.11290,1,0,0,35.57148,1.61361,1,-0.86520,1,0.03257,0.27140,0.04865,0.00000,0.02896,cylinder,lift,0.2400,0.09622,2.04613
old_v4_compositional,material_shift_proxy,7,11,1,0.15561,0.08931,0.08931,0,0,0,37.38862,2.87078,1,0.73394,1,0.03626,0.33607,0.04344,0.00000,0.00504,cylinder,lift,0.2400,0.09896,-1.70690
old_v4_compositional,material_shift_proxy,7,12,1,0.12564,0.03306,0.03306,0,0,0,41.30500,2.73339,1,0.85112,1,0.05185,0.25777,0.03882,0.00000,0.01035,cylinder,lift,0.2400,0.09130,-0.60874
old_v4_compositional,material_shift_proxy,7,13,0,0.06478,0.02690,0.02690,1,0,0,40.35508,2.02982,1,-0.68604,1,0.01772,0.25623,0.04166,0.00000,0.00555,cylinder,lift,0.2400,0.09438,-2.55650
old_v4_compositional,material_shift_proxy,7,14,1,0.16645,0.04795,0.04795,0,0,0,38.99788,3.25760,1,0.82011,1,0.03640,0.31713,0.00234,0.00000,0.01221,cylinder,lift,0.2400,0.09827,-0.14321
monolithic_scalar_energy_only,combined_composition_shift,0,0,0,0.16003,0.03915,0.03915,0,1,0,78.73149,6.48227,0,-0.51157,1,0.19873,0.13073,0.00000,0.00000,0.10139,t_shape,clutter_safe,0.3800,0.18000,-0.00333
monolithic_scalar_energy_only,combined_composition_shift,0,1,0,-0.00393,0.08597,0.13990,1,1,0,41.06201,2.02747,0,-1.23000,1,0.34914,0.43793,0.02009,0.03348,0.09270,t_shape,clutter_safe,0.3800,0.16316,-1.47884
monolithic_scalar_energy_only,combined_composition_shift,0,2,0,-0.00206,0.08314,0.13520,1,1,0,24.92182,0.69450,0,-1.20556,1,0.14071,0.12769,0.00000,0.00000,0.14878,t_shape,clutter_safe,0.3800,0.18000,-0.03426
monolithic_scalar_energy_only,combined_composition_shift,0,3,0,0.16049,0.03884,0.03884,0,1,0,74.62411,6.13116,0,-0.51091,1,0.17070,0.12905,0.00000,0.00000,0.10894,t_shape,clutter_safe,0.3800,0.18000,0.08497
monolithic_scalar_energy_only,combined_composition_shift,0,4,0,0.12445,0.12819,0.12819,0,1,0,104.34923,7.28199,0,-0.68000,1,0.24554,0.13658,0.00000,0.00000,0.13388,t_shape,clutter_safe,0.3800,0.18000,0.21859
monolithic_scalar_energy_only,combined_composition_shift,0,5,0,0.16105,0.04649,0.04649,0,1,0,53.27801,3.65323,0,-0.52684,1,0.19738,0.12619,0.00000,0.00000,0.10545,t_shape,clutter_safe,0.3800,0.18000,-2.84338
monolithic_scalar_energy_only,combined_composition_shift,0,6,0,0.12420,0.07126,0.07126,0,1,0,63.99412,3.49788,0,-0.57846,1,0.19310,0.12926,0.00000,0.00000,0.09244,t_shape,clutter_safe,0.3800,0.18000,2.91188
monolithic_scalar_energy_only,combined_composition_shift,0,7,1,0.16202,0.04265,0.04265,0,0,0,75.83377,6.25113,1,0.83115,1,0.18916,0.13047,0.00000,0.00000,0.10788,t_shape,clutter_safe,0.3800,0.18000,0.02522
monolithic_scalar_energy_only,combined_composition_shift,0,8,0,0.16237,0.04416,0.04416,0,1,0,78.99225,6.46736,0,-0.52199,1,0.18319,0.13100,0.00000,0.00000,0.12147,t_shape,clutter_safe,0.3800,0.18000,-0.15975
monolithic_scalar_energy_only,combined_composition_shift,0,9,0,-0.00206,0.11142,0.16348,1,0,0,0.00000,0.55339,1,-0.84427,1,0.20916,0.12822,0.00000,0.00000,0.13778,t_shape,clutter_safe,0.3800,0.18000,3.11101
monolithic_scalar_energy_only,combined_composition_shift,0,10,0,0.15803,0.03941,0.03941,0,1,0,62.01786,5.10277,0,-0.51211,1,0.14894,0.13028,0.00000,0.00000,0.11157,t_shape,clutter_safe,0.3800,0.17677,-0.09988
monolithic_scalar_energy_only,combined_composition_shift,0,11,0,0.15599,0.06480,0.06480,0,1,0,62.75170,5.05414,0,-0.56499,1,0.09891,0.13239,0.00000,0.00000,0.13359,t_shape,clutter_safe,0.3800,0.18000,-0.14212
monolithic_scalar_energy_only,combined_composition_shift,0,12,0,-0.00206,0.04882,0.10087,1,1,0,40.60075,1.06895,0,-1.19016,1,0.17109,0.13171,0.00000,0.00000,0.13256,t_shape,clutter_safe,0.3800,0.18000,0.11040
monolithic_scalar_energy_only,combined_composition_shift,0,13,0,-0.00206,0.07461,0.12667,1,0,0,2.04653,0.54720,1,-0.84378,1,0.11992,0.12777,0.00000,0.00000,0.10922,t_shape,clutter_safe,0.3800,0.18000,-3.12269
monolithic_scalar_energy_only,combined_composition_shift,0,14,0,0.16470,0.05363,0.05363,0,1,0,71.40578,5.66798,0,-0.54173,1,0.17876,0.13496,0.00000,0.00000,0.10267,t_shape,clutter_safe,0.3800,0.17719,-3.09687
monolithic_scalar_energy_only,combined_composition_shift,1,0,0,-0.00206,0.06434,0.11639,1,1,0,26.64673,0.90347,0,-1.21477,1,0.09001,0.13289,0.01275,0.02125,0.11468,t_shape,clutter_safe,0.3800,0.18000,-0.14042
monolithic_scalar_energy_only,combined_composition_shift,1,1,0,-0.00206,0.06092,0.11297,1,1,0,37.58997,1.53571,0,-1.21536,1,0.20174,0.13239,0.00000,0.00000,0.11794,t_shape,clutter_safe,0.3800,0.18000,-0.04213
monolithic_scalar_energy_only,combined_composition_shift,1,2,0,0.12214,0.09428,0.09428,0,1,0,64.93723,3.86713,0,-0.62643,1,0.18712,0.13388,0.00000,0.00000,0.09203,t_shape,clutter_safe,0.3800,0.18000,-0.24677
monolithic_scalar_energy_only,combined_composition_shift,1,3,0,-0.00206,0.10361,0.15567,1,0,0,6.22849,0.64897,1,-0.85192,1,0.20292,0.13462,0.00000,0.00000,0.12649,t_shape,clutter_safe,0.3800,0.18000,0.08627
monolithic_scalar_energy_only,combined_composition_shift,1,4,0,0.10488,0.05183,0.05183,0,1,0,66.76216,4.43658,0,-0.53799,1,0.18272,0.13319,0.00000,0.00000,0.04796,t_shape,clutter_safe,0.3800,0.16617,0.13147
monolithic_scalar_energy_only,combined_composition_shift,1,5,0,0.02532,0.04415,0.06883,1,1,0,70.32359,2.43086,0,-1.12341,1,0.23206,0.13584,0.00000,0.00000,0.15861,t_shape,clutter_safe,0.3800,0.18000,-0.05428
monolithic_scalar_energy_only,combined_composition_shift,1,6,0,0.15352,0.06591,0.06591,0,1,0,73.70612,5.73848,0,-0.56731,1,0.19026,0.12861,0.00000,0.00000,0.10912,t_shape,clutter_safe,0.3800,0.18000,-0.01595
monolithic_scalar_energy_only,combined_composition_shift,1,7,0,0.15248,0.08546,0.08546,0,1,0,77.43383,5.96858,0,-0.60805,1,0.19064,0.13635,0.00000,0.00000,0.11374,t_shape,clutter_safe,0.3800,0.18000,-3.11439
monolithic_scalar_energy_only,combined_composition_shift,1,8,0,0.04551,0.07449,0.07897,1,1,0,41.88359,2.08795,0,-1.14453,1,0.17687,0.16744,0.14878,0.24796,0.03625,t_shape,clutter_safe,0.3800,0.15253,-1.48185
monolithic_scalar_energy_only,combined_composition_shift,1,9,0,0.15855,0.10959,0.10959,0,1,0,66.26246,5.39997,0,-0.65831,1,0.10576,0.13636,0.00000,0.00000,0.10765,t_shape,clutter_safe,0.3800,0.18000,-0.24639
monolithic_scalar_energy_only,combined_composition_shift,1,10,0,-0.00206,0.16359,0.21564,1,1,0,50.01462,2.05949,0,-1.23000,1,0.26184,0.29746,0.05413,0.09021,0.06036,t_shape,clutter_safe,0.3800,0.15312,-1.57895
monolithic_scalar_energy_only,combined_composition_shift,1,11,0,0.13911,0.03779,0.03779,0,1,0,33.92264,1.49767,0,-0.50874,1,0.21569,0.13126,0.00000,0.00000,0.17109,t_shape,clutter_safe,0.3800,0.18000,-0.61747
monolithic_scalar_energy_only,combined_composition_shift,1,12,0,0.15308,0.08098,0.08098,0,1,0,72.71599,5.79458,0,-0.59872,1,0.19740,0.13502,0.00000,0.00000,0.14246,t_shape,clutter_safe,0.3800,0.18000,0.05718
monolithic_scalar_energy_only,combined_composition_shift,1,13,0,0.04351,0.03594,0.04244,1,1,0,69.56404,2.91088,0,-1.06841,1,0.14389,0.12796,0.00000,0.00000,0.13768,t_shape,clutter_safe,0.3800,0.18000,0.22019
monolithic_scalar_energy_only,combined_composition_shift,1,14,0,0.15265,0.05437,0.05437,0,1,0,52.54414,3.22277,0,-0.54326,1,0.14302,0.13635,0.00000,0.00000,0.11225,t_shape,clutter_safe,0.3800,0.18000,-3.01901
monolithic_scalar_energy_only,combined_composition_shift,2,0,0,0.08976,0.03957,0.03957,0,1,0,80.00473,5.64679,0,-0.51243,1,0.17165,0.13127,0.00000,0.00000,0.10971,t_shape,clutter_safe,0.3800,0.18000,3.08098
monolithic_scalar_energy_only,combined_composition_shift,2,1,0,-0.00206,0.12917,0.18123,1,0,0,5.25122,0.61781,1,-0.84942,1,0.20191,0.12735,0.00000,0.00000,0.12394,t_shape,clutter_safe,0.3800,0.18000,-0.01161
monolithic_scalar_energy_only,combined_composition_shift,2,2,0,0.15362,0.12273,0.12273,0,1,0,79.85152,6.44458,0,-0.68000,1,0.17185,0.13770,0.00000,0.00000,0.09329,t_shape,clutter_safe,0.3800,0.18000,-0.16413
monolithic_scalar_energy_only,combined_composition_shift,2,3,0,0.01264,0.27554,0.31290,1,1,0,69.66907,3.13511,0,-1.23000,1,0.14803,0.13322,0.00620,0.01033,0.11026,t_shape,clutter_safe,0.3800,0.17957,-0.14277
monolithic_scalar_energy_only,combined_composition_shift,2,4,0,0.15672,0.03676,0.03676,0,1,0,82.33158,6.73845,0,-0.50657,1,0.18293,0.13093,0.00000,0.00000,0.12522,t_shape,clutter_safe,0.3800,0.18000,3.05367
monolithic_scalar_energy_only,combined_composition_shift,2,5,0,-0.00206,0.06289,0.11495,1,1,0,23.40072,1.31014,0,-1.21948,1,0.40924,0.57501,0.00000,0.00000,0.08340,t_shape,clutter_safe,0.3800,0.16102,1.69697
monolithic_scalar_energy_only,combined_composition_shift,2,6,0,0.09040,0.07228,0.07228,0,1,0,65.70215,4.48342,0,-0.58058,1,0.18186,0.13570,0.00000,0.00000,0.10070,t_shape,clutter_safe,0.3800,0.18000,-3.10539
monolithic_scalar_energy_only,combined_composition_shift,2,7,0,0.09176,0.06996,0.06996,0,1,0,44.07757,2.69223,0,-0.57574,1,0.19322,0.13378,0.00000,0.00000,0.11633,t_shape,clutter_safe,0.3800,0.18000,-0.15182
monolithic_scalar_energy_only,combined_composition_shift,2,8,0,0.05266,0.06346,0.06346,1,1,0,36.69763,2.07545,0,-1.11222,1,0.22296,0.13365,0.00000,0.00000,0.09688,t_shape,clutter_safe,0.3800,0.16277,-0.33776
monolithic_scalar_energy_only,combined_composition_shift,2,9,0,0.16209,0.10427,0.10427,0,1,0,67.83111,5.62892,0,-0.64723,1,0.14236,0.13671,0.00000,0.00000,0.07197,t_shape,clutter_safe,0.3800,0.17150,-0.25205
monolithic_scalar_energy_only,combined_composition_shift,2,10,0,0.15581,0.05042,0.05042,0,1,0,70.24768,5.83828,0,-0.53503,1,0.14838,0.12876,0.01831,0.03052,0.09997,t_shape,clutter_safe,0.3800,0.17089,3.06424
monolithic_scalar_energy_only,combined_composition_shift,2,11,1,0.15929,0.05153,0.05153,0,0,0,77.28512,6.42312,1,0.81264,1,0.15559,0.12988,0.00000,0.00000,0.11789,t_shape,clutter_safe,0.3800,0.18000,-0.24313
monolithic_scalar_energy_only,combined_composition_shift,2,12,0,0.16039,0.05608,0.05608,0,1,0,77.68584,6.42391,0,-0.54684,1,0.17626,0.13139,0.03166,0.05276,0.11068,t_shape,clutter_safe,0.3800,0.18000,0.12482
monolithic_scalar_energy_only,combined_composition_shift,2,13,0,0.03673,0.06970,0.08297,1,1,0,69.73214,4.17997,0,-1.15285,1,0.10932,0.13424,0.08254,0.13757,0.04276,t_shape,clutter_safe,0.3800,0.16701,2.94572
monolithic_scalar_energy_only,combined_composition_shift,2,14,0,-0.00206,0.04923,0.10128,1,1,0,60.09506,2.20069,0,-1.19101,1,0.18302,0.12646,0.00000,0.00000,0.11136,t_shape,clutter_safe,0.3800,0.18000,0.10297
monolithic_scalar_energy_only,combined_composition_shift,3,0,0,0.16151,0.10673,0.10673,0,1,0,83.85637,6.93574,0,-0.65236,1,0.16886,0.13719,0.00000,0.00000,0.10775,t_shape,clutter_safe,0.3800,0.18000,3.01660
monolithic_scalar_energy_only,combined_composition_shift,3,1,0,0.14831,0.04905,0.04905,0,1,0,49.76320,2.20002,0,-0.53220,1,0.21167,0.13133,0.07090,0.11817,0.15243,t_shape,clutter_safe,0.3800,0.18000,-0.08444
monolithic_scalar_energy_only,combined_composition_shift,3,2,0,0.16008,0.11978,0.11978,0,1,0,79.62082,6.65179,0,-0.67954,1,0.14547,0.13734,0.00000,0.00000,0.10387,t_shape,clutter_safe,0.3800,0.18000,3.02732
monolithic_scalar_energy_only,combined_composition_shift,3,3,0,0.15141,0.07701,0.07701,0,1,0,77.19109,5.93062,0,-0.59045,1,0.08999,0.13640,0.00000,0.00000,0.12700,t_shape,clutter_safe,0.3800,0.18000,0.00247
monolithic_scalar_energy_only,combined_composition_shift,3,4,0,-0.00206,0.08782,0.13988,1,0,0,54.37616,1.54794,1,-0.88000,1,0.12648,0.12701,0.01017,0.01694,0.11005,t_shape,clutter_safe,0.3800,0.18000,-0.19392
monolithic_scalar_energy_only,combined_composition_shift,3,5,0,-0.00206,0.04268,0.09473,1,1,0,60.11375,2.07341,0,-1.17736,1,0.05600,0.13667,0.00000,0.00000,0.12889,t_shape,clutter_safe,0.3800,0.18000,-0.13361
monolithic_scalar_energy_only,combined_composition_shift,3,6,0,-0.00206,0.02866,0.08072,1,1,0,44.65779,1.54732,0,-1.14817,1,0.11754,0.13783,0.02608,0.04347,0.09772,t_shape,clutter_safe,0.3800,0.18000,-0.12110
monolithic_scalar_energy_only,combined_composition_shift,3,7,0,-0.00206,0.09304,0.14510,1,0,0,7.69196,0.58915,1,-0.84713,1,0.17059,0.13134,0.03256,0.05427,0.04170,t_shape,clutter_safe,0.3800,0.16605,-2.97687
monolithic_scalar_energy_only,combined_composition_shift,3,8,1,0.16317,0.05168,0.05168,0,0,0,57.83583,4.67974,1,0.81233,1,0.04125,0.12736,0.00000,0.00000,0.11136,t_shape,clutter_safe,0.3800,0.18000,-0.14973
monolithic_scalar_energy_only,combined_composition_shift,3,9,0,0.12605,0.05515,0.05515,0,1,0,50.30861,2.89874,0,-0.54489,1,0.26951,0.32151,0.00000,0.00000,0.16439,t_shape,clutter_safe,0.3800,0.18000,-2.67237
monolithic_scalar_energy_only,combined_composition_shift,3,10,0,0.02197,0.07223,0.10026,1,1,0,22.44815,0.91355,0,-1.18196,1,0.15249,0.12624,0.05905,0.09842,0.10691,t_shape,clutter_safe,0.3800,0.18000,0.17997
monolithic_scalar_energy_only,combined_composition_shift,3,11,0,0.16079,0.00222,0.00222,0,1,0,72.06474,5.98874,0,-0.43463,1,0.08986,0.12846,0.00000,0.00000,0.09334,t_shape,clutter_safe,0.3800,0.18000,-0.02295
monolithic_scalar_energy_only,combined_composition_shift,3,12,0,0.11107,0.03426,0.03426,0,1,0,72.19879,5.02470,0,-0.50137,1,0.23107,0.13233,0.00000,0.00000,0.12027,t_shape,clutter_safe,0.3800,0.18000,0.15347
monolithic_scalar_energy_only,combined_composition_shift,3,13,0,0.14246,0.06742,0.06742,0,1,0,80.98501,5.10395,0,-0.57045,1,0.16496,0.12903,0.00000,0.00000,0.11340,t_shape,clutter_safe,0.3800,0.18000,0.17932
monolithic_scalar_energy_only,combined_composition_shift,3,14,0,-0.00206,0.11353,0.16558,1,0,0,2.01346,0.54021,1,-0.84322,1,0.14667,0.12810,0.00000,0.00000,0.10284,t_shape,clutter_safe,0.3800,0.18000,-0.02451
monolithic_scalar_energy_only,combined_composition_shift,4,0,0,-0.00206,0.11772,0.16978,1,1,0,6.05373,0.61339,0,-1.19907,1,0.15318,0.12774,0.13763,0.22938,0.15565,t_shape,clutter_safe,0.3800,0.18000,1.82152
monolithic_scalar_energy_only,combined_composition_shift,4,1,0,0.16208,0.05812,0.05812,0,1,0,64.48905,5.26050,0,-0.55109,1,0.11935,0.13236,0.00000,0.00000,0.10943,t_shape,clutter_safe,0.3800,0.18000,-0.02434
monolithic_scalar_energy_only,combined_composition_shift,4,2,0,0.15724,0.10412,0.10412,0,1,0,65.52558,5.30853,0,-0.64692,1,0.13541,0.13687,0.00000,0.00000,0.11595,t_shape,clutter_safe,0.3800,0.18000,-3.14105
monolithic_scalar_energy_only,combined_composition_shift,4,3,0,-0.00206,0.07551,0.12756,1,1,0,28.20388,1.37523,0,-1.23000,1,0.42314,0.61687,0.00000,0.00000,0.07332,t_shape,clutter_safe,0.3800,0.16075,-1.61255
monolithic_scalar_energy_only,combined_composition_shift,4,4,0,0.03834,0.19447,0.20613,1,1,0,77.30420,5.13844,0,-1.23000,1,0.10546,0.13702,0.00000,0.00000,0.10692,t_shape,clutter_safe,0.3800,0.18000,3.12566
monolithic_scalar_energy_only,combined_composition_shift,4,5,0,-0.00206,0.06603,0.11809,1,1,0,56.68586,2.01621,0,-1.22603,1,0.06349,0.13724,0.00000,0.00000,0.10225,t_shape,clutter_safe,0.3800,0.18000,-2.91910
monolithic_scalar_energy_only,combined_composition_shift,4,6,0,0.15334,0.08397,0.08397,0,1,0,79.93759,6.50163,0,-0.60494,1,0.23589,0.13363,0.00000,0.00000,0.12530,t_shape,clutter_safe,0.3800,0.18000,-2.96722
monolithic_scalar_energy_only,combined_composition_shift,4,7,0,-0.00206,0.07967,0.13172,1,1,0,11.30651,0.62866,0,-1.20029,1,0.14190,0.12664,0.11171,0.18619,0.14273,t_shape,clutter_safe,0.3800,0.18000,0.02426
monolithic_scalar_energy_only,combined_composition_shift,4,8,0,-0.00206,0.05636,0.10842,1,1,0,19.58686,1.01938,0,-1.20588,1,0.32796,0.44121,0.00000,0.00000,0.09813,t_shape,clutter_safe,0.3800,0.16780,1.76929
monolithic_scalar_energy_only,combined_composition_shift,4,9,0,-0.00410,0.03461,0.08871,1,1,0,79.81772,3.28091,0,-1.16481,1,0.19772,0.13704,0.00000,0.00000,0.09779,t_shape,clutter_safe,0.3800,0.18000,-0.17918
monolithic_scalar_energy_only,combined_composition_shift,4,10,0,0.02731,0.02058,0.04327,1,1,0,62.60053,2.92137,0,-1.07016,1,0.13873,0.12700,0.00000,0.00000,0.12007,t_shape,clutter_safe,0.3800,0.18000,-3.14034
monolithic_scalar_energy_only,combined_composition_shift,4,11,0,0.15086,0.05153,0.05153,0,1,0,48.02672,3.03323,0,-0.53735,1,0.11202,0.12644,0.00000,0.00000,0.10821,t_shape,clutter_safe,0.3800,0.18000,0.05647
monolithic_scalar_energy_only,combined_composition_shift,4,12,0,0.11910,0.10135,0.10135,0,1,0,60.01217,3.53928,0,-0.64115,1,0.16526,0.13614,0.00000,0.00000,0.09676,t_shape,clutter_safe,0.3800,0.18000,-0.19031
monolithic_scalar_energy_only,combined_composition_shift,4,13,0,-0.00206,0.17180,0.22386,1,0,0,4.74625,0.68483,1,-0.85479,1,0.15040,0.13582,0.00000,0.00000,0.10391,t_shape,clutter_safe,0.3800,0.18000,0.15094
monolithic_scalar_energy_only,combined_composition_shift,4,14,0,0.15595,0.02255,0.02255,0,1,0,63.94204,5.18773,0,-0.47698,1,0.07719,0.13027,0.00000,0.00000,0.11422,t_shape,clutter_safe,0.3800,0.18000,-0.11666
monolithic_scalar_energy_only,combined_composition_shift,5,0,0,0.13968,0.05521,0.05521,0,1,0,74.46489,3.83019,0,-0.54501,1,0.19607,0.12989,0.00000,0.00000,0.11327,t_shape,clutter_safe,0.3800,0.17298,-0.34933
monolithic_scalar_energy_only,combined_composition_shift,5,1,0,-0.00206,0.06066,0.11272,1,1,0,64.21726,2.87208,0,-1.21484,1,0.19591,0.13726,0.00000,0.00000,0.12995,t_shape,clutter_safe,0.3800,0.18000,2.88770
monolithic_scalar_energy_only,combined_composition_shift,5,2,0,-0.00699,0.02825,0.08524,1,1,0,53.30542,2.43632,0,-1.15759,1,0.16267,0.13139,0.00000,0.00000,0.12683,t_shape,clutter_safe,0.3800,0.18000,0.35292
monolithic_scalar_energy_only,combined_composition_shift,5,3,0,-0.00206,0.08444,0.13650,1,0,0,6.61588,0.57898,1,-0.84632,1,0.14410,0.13018,0.17711,0.29518,0.11640,t_shape,clutter_safe,0.3800,0.18000,2.84752
monolithic_scalar_energy_only,combined_composition_shift,5,4,0,0.06014,0.05621,0.05621,1,1,0,74.68555,2.97299,0,-1.09710,1,0.17152,0.13756,0.01412,0.02353,0.07359,t_shape,clutter_safe,0.3800,0.17063,0.25990
monolithic_scalar_energy_only,combined_composition_shift,5,5,0,0.13575,0.12495,0.12495,0,1,0,84.05113,5.81490,0,-0.68000,1,0.16194,0.13578,0.00000,0.00000,0.08482,t_shape,clutter_safe,0.3800,0.17372,3.13534
monolithic_scalar_energy_only,combined_composition_shift,5,6,0,0.16136,0.09392,0.09392,0,1,0,65.88322,5.43415,0,-0.62566,1,0.13799,0.13575,0.01053,0.01755,0.10254,t_shape,clutter_safe,0.3800,0.18000,0.06737
monolithic_scalar_energy_only,combined_composition_shift,5,7,1,0.16096,0.02716,0.02716,0,0,0,76.39358,6.29768,1,0.86341,1,0.18102,0.12812,0.00000,0.00000,0.11661,t_shape,clutter_safe,0.3800,0.18000,-0.14079
monolithic_scalar_energy_only,combined_composition_shift,5,8,0,-0.00206,0.02284,0.07490,1,1,0,5.03679,0.63276,0,-1.10666,1,0.17961,0.13640,0.20775,0.34624,0.02264,t_shape,clutter_safe,0.3800,0.16366,-1.50906
monolithic_scalar_energy_only,combined_composition_shift,5,9,0,0.07206,0.01534,0.01534,0,1,0,44.31264,2.86956,0,-0.46196,1,0.18548,0.12720,0.00000,0.00000,0.09752,t_shape,clutter_safe,0.3800,0.17973,0.06751
monolithic_scalar_energy_only,combined_composition_shift,5,10,0,0.13174,0.10931,0.10931,0,1,0,92.94297,6.62063,0,-0.65772,1,0.20820,0.13406,0.00000,0.00000,0.10404,t_shape,clutter_safe,0.3800,0.18000,-0.04592
monolithic_scalar_energy_only,combined_composition_shift,5,11,0,0.02799,0.03431,0.05631,1,1,0,63.21900,2.44689,0,-1.09732,1,0.16728,0.13071,0.00000,0.00000,0.12416,t_shape,clutter_safe,0.3800,0.18000,0.01545
monolithic_scalar_energy_only,combined_composition_shift,5,12,0,0.14991,0.09175,0.09175,0,1,0,81.05528,6.12405,0,-0.62114,1,0.15474,0.13687,0.00000,0.00000,0.11274,t_shape,clutter_safe,0.3800,0.18000,2.99239
monolithic_scalar_energy_only,combined_composition_shift,5,13,0,0.12081,0.06553,0.06553,0,1,0,79.09265,4.74513,0,-0.56652,1,0.21114,0.13092,0.00000,0.00000,0.12144,t_shape,clutter_safe,0.3800,0.18000,-0.06808
monolithic_scalar_energy_only,combined_composition_shift,5,14,0,-0.00206,0.02260,0.07466,1,1,0,58.29651,2.73738,0,-1.13554,1,0.20933,0.13542,0.00000,0.00000,0.12936,t_shape,clutter_safe,0.3800,0.18000,3.08306
monolithic_scalar_energy_only,combined_composition_shift,6,0,0,-0.00206,0.00924,0.06130,1,1,0,60.21938,2.60420,0,-1.10771,1,0.16661,0.13364,0.01443,0.02404,0.10827,t_shape,clutter_safe,0.3800,0.18000,-0.40294
monolithic_scalar_energy_only,combined_composition_shift,6,1,1,0.15957,0.09845,0.09845,0,0,0,56.61927,4.71021,1,0.71490,1,0.02628,0.14309,0.02169,0.03615,0.11376,t_shape,clutter_safe,0.3800,0.18000,-0.01275
monolithic_scalar_energy_only,combined_composition_shift,6,2,0,-0.00206,0.06487,0.11693,1,1,0,58.04229,2.33260,0,-1.22360,1,0.19742,0.13126,0.00000,0.00000,0.11261,t_shape,clutter_safe,0.3800,0.18000,-3.02648
monolithic_scalar_energy_only,combined_composition_shift,6,3,0,-0.00206,0.03486,0.08692,1,1,0,48.33065,2.12394,0,-1.16109,1,0.20697,0.13767,0.00000,0.00000,0.11027,t_shape,clutter_safe,0.3800,0.18000,-0.14877
monolithic_scalar_energy_only,combined_composition_shift,6,4,0,0.05083,0.06916,0.06916,1,1,0,79.71906,5.40273,0,-1.12409,1,0.12961,0.13325,0.01364,0.02274,0.09818,t_shape,clutter_safe,0.3800,0.18000,2.99716
monolithic_scalar_energy_only,combined_composition_shift,6,5,1,0.16226,0.00314,0.00314,0,0,0,65.22219,5.40384,1,0.91345,1,0.10573,0.12618,0.00000,0.00000,0.06593,t_shape,clutter_safe,0.3800,0.16949,3.05047
monolithic_scalar_energy_only,combined_composition_shift,6,6,0,0.16220,0.02096,0.02096,0,1,0,65.86310,5.36444,0,-0.47366,1,0.12699,0.13051,0.00000,0.00000,0.11497,t_shape,clutter_safe,0.3800,0.18000,-0.00074
monolithic_scalar_energy_only,combined_composition_shift,6,7,0,0.12242,0.08855,0.08855,0,1,0,85.59654,3.08010,0,-0.61447,1,0.13553,0.13588,0.00000,0.00000,0.12339,t_shape,clutter_safe,0.3800,0.18000,-2.62277
monolithic_scalar_energy_only,combined_composition_shift,6,8,0,-0.00206,0.05549,0.10755,1,1,0,27.42708,1.40377,0,-1.20407,1,0.40588,0.56404,0.06010,0.10016,0.07412,t_shape,clutter_safe,0.3800,0.15815,1.87920
monolithic_scalar_energy_only,combined_composition_shift,6,9,0,0.15543,0.06715,0.06715,0,1,0,49.11875,3.49760,0,-0.56989,1,0.10572,0.12883,0.00000,0.00000,0.11312,t_shape,clutter_safe,0.3800,0.18000,0.19317
monolithic_scalar_energy_only,combined_composition_shift,6,10,0,0.12294,0.04963,0.04963,0,1,0,70.99468,3.94302,0,-0.53340,1,0.18942,0.12607,0.00000,0.00000,0.10553,t_shape,clutter_safe,0.3800,0.18000,3.05082
monolithic_scalar_energy_only,combined_composition_shift,6,11,0,0.10913,0.05604,0.05604,0,1,0,57.86432,3.74523,0,-0.54675,1,0.14728,0.16545,0.00457,0.00761,0.13056,t_shape,clutter_safe,0.3800,0.18000,-2.99114
monolithic_scalar_energy_only,combined_composition_shift,6,12,0,0.15902,0.01796,0.01796,0,1,0,64.54422,5.30223,0,-0.46742,1,0.06271,0.12827,0.00000,0.00000,0.08753,t_shape,clutter_safe,0.3800,0.17640,3.01592
monolithic_scalar_energy_only,combined_composition_shift,6,13,0,0.13279,0.12928,0.12928,0,1,0,69.44492,3.85696,0,-0.68000,1,0.12786,0.13673,0.00000,0.00000,0.10619,t_shape,clutter_safe,0.3800,0.17872,0.27356
monolithic_scalar_energy_only,combined_composition_shift,6,14,0,0.02509,0.01095,0.03586,1,1,0,42.59384,2.06314,0,-1.05470,1,0.15861,0.13786,0.00000,0.00000,0.11354,t_shape,clutter_safe,0.3800,0.17314,-2.61818
monolithic_scalar_energy_only,combined_composition_shift,7,0,0,0.15764,0.07948,0.07948,0,1,0,47.24416,3.13288,0,-0.59557,1,0.15124,0.13046,0.12457,0.20762,0.10761,t_shape,clutter_safe,0.3800,0.18000,0.27157
monolithic_scalar_energy_only,combined_composition_shift,7,1,1,0.16171,0.08676,0.08676,0,0,0,75.31677,6.30972,1,0.73925,1,0.10688,0.13461,0.00000,0.00000,0.10128,t_shape,clutter_safe,0.3800,0.18000,-0.05180
monolithic_scalar_energy_only,combined_composition_shift,7,2,0,-0.00220,0.04916,0.10136,1,1,0,56.36883,2.50027,0,-1.19117,1,0.11256,0.12793,0.00000,0.00000,0.11543,t_shape,clutter_safe,0.3800,0.18000,2.80328
monolithic_scalar_energy_only,combined_composition_shift,7,3,0,0.10179,0.08477,0.08477,0,1,0,59.01712,3.21292,0,-0.60661,1,0.12750,0.13574,0.00000,0.00000,0.11426,t_shape,clutter_safe,0.3800,0.18000,-0.38063
monolithic_scalar_energy_only,combined_composition_shift,7,4,0,-0.00206,0.10514,0.15719,1,1,0,0.00000,0.60174,0,-1.19814,1,0.12451,0.13730,0.09350,0.15583,0.09690,t_shape,clutter_safe,0.3800,0.18000,2.93805
monolithic_scalar_energy_only,combined_composition_shift,7,5,0,-0.00206,0.06225,0.11431,1,1,0,18.53488,1.04801,0,-1.21815,1,0.20096,0.12609,0.15843,0.26404,0.02845,t_shape,clutter_safe,0.3800,0.15839,1.49995
monolithic_scalar_energy_only,combined_composition_shift,7,6,0,0.06644,0.01860,0.01860,1,1,0,69.78711,3.74321,0,-1.01874,1,0.21192,0.12957,0.00000,0.00000,0.10666,t_shape,clutter_safe,0.3800,0.18000,0.14255
monolithic_scalar_energy_only,combined_composition_shift,7,7,0,0.15110,0.04555,0.04555,0,1,0,72.61106,5.61649,0,-0.52489,1,0.07717,0.13346,0.00000,0.00000,0.10755,t_shape,clutter_safe,0.3800,0.18000,-0.18557
monolithic_scalar_energy_only,combined_composition_shift,7,8,0,0.15619,0.04677,0.04677,0,1,0,36.72949,3.05843,0,-0.52743,1,0.21108,0.12711,0.00000,0.00000,0.10530,t_shape,clutter_safe,0.3800,0.18000,0.30658
monolithic_scalar_energy_only,combined_composition_shift,7,9,0,0.07301,0.06879,0.06879,0,1,0,37.10247,2.39679,0,-0.57331,1,0.19215,0.12707,0.02743,0.04572,0.03094,t_shape,clutter_safe,0.3800,0.16520,0.12659
monolithic_scalar_energy_only,combined_composition_shift,7,10,0,0.04632,0.05967,0.06335,1,1,0,55.17380,2.69960,0,-1.11198,1,0.13133,0.13139,0.00000,0.00000,0.10391,t_shape,clutter_safe,0.3800,0.18000,-0.08420
monolithic_scalar_energy_only,combined_composition_shift,7,11,0,-0.00206,0.07280,0.12486,1,1,0,47.72816,1.35678,0,-1.23000,1,0.14023,0.13219,0.04374,0.07290,0.19767,t_shape,clutter_safe,0.3800,0.18000,0.32146
monolithic_scalar_energy_only,combined_composition_shift,7,12,0,-0.00206,0.05995,0.11200,1,1,0,16.15245,0.71764,0,-1.19075,1,0.22720,0.13086,0.00000,0.00000,0.13820,t_shape,clutter_safe,0.3800,0.18000,-0.20177
monolithic_scalar_energy_only,combined_composition_shift,7,13,0,0.15695,0.03328,0.03328,0,1,0,70.24357,5.70039,0,-0.49933,1,0.12392,0.13072,0.00000,0.00000,0.05671,t_shape,clutter_safe,0.3800,0.16908,-3.11763
monolithic_scalar_energy_only,combined_composition_shift,7,14,0,0.15941,0.02647,0.02647,0,1,0,39.94945,3.28167,0,-0.48514,1,0.14850,0.12934,0.00000,0.00000,0.09406,t_shape,clutter_safe,0.3800,0.18000,0.15819
monolithic_scalar_energy_only,adversarial_clutter_gap,0,0,0,-0.00206,0.14892,0.20098,1,1,0,0.00000,0.60465,0,-1.19837,1,0.16172,0.12063,0.10877,0.18128,0.11301,t_shape,clutter_safe,0.4600,0.18000,1.64626
monolithic_scalar_energy_only,adversarial_clutter_gap,0,1,0,0.04970,0.05177,0.05207,1,1,0,46.00493,3.10444,0,-1.08849,1,0.21587,0.05470,0.00000,0.00000,0.11368,t_shape,clutter_safe,0.4600,0.18000,0.21604
monolithic_scalar_energy_only,adversarial_clutter_gap,0,2,0,0.04271,0.02720,0.03450,1,1,0,46.98369,2.30117,0,-1.05187,1,0.20372,0.06178,0.00000,0.00000,0.12776,t_shape,clutter_safe,0.4600,0.18000,-0.43877
monolithic_scalar_energy_only,adversarial_clutter_gap,0,3,0,0.01785,0.03679,0.06893,1,1,0,45.06024,2.07878,0,-1.12361,1,0.13862,0.06513,0.10550,0.17584,0.10091,t_shape,clutter_safe,0.4600,0.18000,2.54590
monolithic_scalar_energy_only,adversarial_clutter_gap,0,4,0,0.08060,0.03546,0.03546,0,1,0,77.96436,4.80558,0,-0.50388,1,0.23385,0.06045,0.00000,0.00000,0.11617,t_shape,clutter_safe,0.4600,0.18000,-0.23192
monolithic_scalar_energy_only,adversarial_clutter_gap,0,5,0,-0.00206,0.03578,0.08784,1,1,0,17.82978,0.89285,0,-1.15443,1,0.23040,0.06455,0.04474,0.07457,0.02109,t_shape,clutter_safe,0.4600,0.14064,1.47646
monolithic_scalar_energy_only,adversarial_clutter_gap,0,6,0,-0.00207,0.03508,0.08714,1,1,0,22.63828,1.29256,0,-1.16155,1,0.19952,0.18015,0.00212,0.00354,0.07529,t_shape,clutter_safe,0.4600,0.17188,-1.40379
monolithic_scalar_energy_only,adversarial_clutter_gap,0,7,0,0.12624,0.02001,0.02001,0,1,0,91.41448,7.27439,0,-0.47169,1,0.29147,0.05518,0.00000,0.00000,0.15150,t_shape,clutter_safe,0.4600,0.18000,-2.78361
monolithic_scalar_energy_only,adversarial_clutter_gap,0,8,0,-0.00206,0.03406,0.08611,1,1,0,33.97850,1.80430,0,-1.15940,1,0.24185,0.05788,0.01159,0.01931,0.04233,t_shape,clutter_safe,0.4600,0.14006,1.80274
monolithic_scalar_energy_only,adversarial_clutter_gap,0,9,0,0.03115,0.03887,0.05772,1,1,0,32.28924,2.00096,0,-1.10025,1,0.11501,0.05707,0.09700,0.16166,0.11232,t_shape,clutter_safe,0.4600,0.18000,0.28243
monolithic_scalar_energy_only,adversarial_clutter_gap,0,10,0,-0.00206,0.06167,0.11373,1,1,0,17.61971,0.87103,0,-1.20662,1,0.16449,0.05951,0.00000,0.00000,0.11050,t_shape,clutter_safe,0.4600,0.18000,0.10464
monolithic_scalar_energy_only,adversarial_clutter_gap,0,11,0,0.03610,0.09589,0.10979,1,1,0,14.28428,0.91949,0,-1.20228,1,0.14341,0.06129,0.00000,0.00000,0.11762,t_shape,clutter_safe,0.4600,0.18000,-1.29255
monolithic_scalar_energy_only,adversarial_clutter_gap,0,12,0,-0.00206,0.02010,0.07216,1,0,0,1.80137,0.57473,1,-0.74630,1,0.19854,0.06107,0.00000,0.00000,0.19017,t_shape,clutter_safe,0.4600,0.18000,-2.08321
monolithic_scalar_energy_only,adversarial_clutter_gap,0,13,0,0.07360,0.04326,0.04326,0,1,0,52.67138,4.02291,0,-0.52012,1,0.19207,0.05422,0.00000,0.00000,0.13141,t_shape,clutter_safe,0.4600,0.18000,3.13512
monolithic_scalar_energy_only,adversarial_clutter_gap,0,14,0,0.02460,0.03859,0.06398,1,1,0,43.46929,2.60241,0,-1.11330,1,0.19054,0.05853,0.00000,0.00000,0.10034,t_shape,clutter_safe,0.4600,0.18000,-2.71383
monolithic_scalar_energy_only,adversarial_clutter_gap,1,0,0,0.16345,0.01778,0.01778,0,1,0,72.82132,5.82562,0,-0.46703,1,0.13722,0.05871,0.00000,0.00000,0.15565,t_shape,clutter_safe,0.4600,0.17851,-0.20692
monolithic_scalar_energy_only,adversarial_clutter_gap,1,1,0,0.10668,0.05388,0.05388,0,1,0,66.40322,4.07375,0,-0.54225,1,0.16724,0.06188,0.15780,0.26299,0.11654,t_shape,clutter_safe,0.4600,0.18000,-0.14801
monolithic_scalar_energy_only,adversarial_clutter_gap,1,2,0,0.13960,0.05967,0.05967,0,1,0,77.04891,4.37931,0,-0.55431,1,0.25319,0.05405,0.00000,0.00000,0.12154,t_shape,clutter_safe,0.4600,0.18000,2.92833
monolithic_scalar_energy_only,adversarial_clutter_gap,1,3,0,-0.00206,0.02147,0.07353,1,1,0,24.82965,1.38327,0,-1.13318,1,0.32292,0.43128,0.08757,0.14594,0.06021,t_shape,clutter_safe,0.4600,0.17067,-1.63750
monolithic_scalar_energy_only,adversarial_clutter_gap,1,4,0,0.11169,0.06476,0.06476,0,1,0,76.86406,4.22111,0,-0.56491,1,0.15479,0.05858,0.05105,0.08508,0.09124,t_shape,clutter_safe,0.4600,0.18000,0.31569
monolithic_scalar_energy_only,adversarial_clutter_gap,1,5,0,0.12619,0.07677,0.07677,0,1,0,65.71753,3.73612,0,-0.58994,1,0.11796,0.05972,0.00000,0.00000,0.11448,t_shape,clutter_safe,0.4600,0.18000,-2.82754
monolithic_scalar_energy_only,adversarial_clutter_gap,1,6,0,-0.00206,0.03127,0.08333,1,1,0,13.89454,0.82759,0,-1.13981,1,0.39201,0.54587,0.06335,0.10558,0.07976,t_shape,clutter_safe,0.4600,0.17254,-1.33398
monolithic_scalar_energy_only,adversarial_clutter_gap,1,7,0,-0.00206,0.07652,0.12858,1,1,0,58.57002,2.28949,0,-1.23000,1,0.24502,0.06469,0.00000,0.00000,0.05093,t_shape,clutter_safe,0.4600,0.15602,1.44408
monolithic_scalar_energy_only,adversarial_clutter_gap,1,8,0,-0.00206,0.07200,0.12405,1,1,0,32.82994,2.27523,0,-1.23000,1,0.27713,0.05742,0.00000,0.00000,0.06704,t_shape,clutter_safe,0.4600,0.13945,-1.26290
monolithic_scalar_energy_only,adversarial_clutter_gap,1,9,0,0.01187,0.16834,0.20646,1,1,0,55.66000,3.07813,0,-1.23000,1,0.23834,0.06136,0.00000,0.00000,0.04917,t_shape,clutter_safe,0.4600,0.16022,-2.79280
monolithic_scalar_energy_only,adversarial_clutter_gap,1,10,0,-0.00238,0.05666,0.10904,1,1,0,22.81171,1.22046,0,-1.20717,1,0.19940,0.06364,0.00000,0.00000,0.08765,t_shape,clutter_safe,0.4600,0.17157,1.01574
monolithic_scalar_energy_only,adversarial_clutter_gap,1,11,0,0.06274,0.03249,0.03249,1,1,0,98.14286,5.17681,0,-1.04769,1,0.18421,0.05765,0.00000,0.00000,0.10742,t_shape,clutter_safe,0.4600,0.18000,0.00421
monolithic_scalar_energy_only,adversarial_clutter_gap,1,12,0,0.07401,0.03177,0.03177,0,1,0,93.49826,3.79445,0,-0.49619,1,0.17334,0.05817,0.00000,0.00000,0.09945,t_shape,clutter_safe,0.4600,0.17571,-2.88725
monolithic_scalar_energy_only,adversarial_clutter_gap,1,13,0,-0.00206,0.05720,0.10926,1,1,0,24.83080,0.84764,0,-1.19544,1,0.08724,0.05591,0.18331,0.30552,0.13140,t_shape,clutter_safe,0.4600,0.18000,-0.16313
monolithic_scalar_energy_only,adversarial_clutter_gap,1,14,0,-0.00206,0.01934,0.07140,1,1,0,33.41356,1.60268,0,-1.12875,1,0.20411,0.05990,0.05861,0.09769,0.02086,t_shape,clutter_safe,0.4600,0.15621,1.32005
monolithic_scalar_energy_only,adversarial_clutter_gap,2,0,0,0.14728,0.07393,0.07393,0,1,0,81.33922,6.70516,0,-0.58402,1,0.19374,0.05976,0.00000,0.00000,0.10814,t_shape,clutter_safe,0.4600,0.18000,3.09599
monolithic_scalar_energy_only,adversarial_clutter_gap,2,1,0,-0.00206,0.04826,0.10031,1,1,0,67.75110,2.46002,0,-1.18899,1,0.37605,0.41667,0.00000,0.00000,0.07419,t_shape,clutter_safe,0.4600,0.14747,-1.74264
monolithic_scalar_energy_only,adversarial_clutter_gap,2,2,0,-0.00206,0.11672,0.16878,1,1,0,32.23110,0.90013,0,-1.22201,1,0.18391,0.06548,0.00000,0.00000,0.11275,t_shape,clutter_safe,0.4600,0.18000,3.12231
monolithic_scalar_energy_only,adversarial_clutter_gap,2,3,0,-0.00206,0.03268,0.08473,1,1,0,35.93748,1.83220,0,-1.15653,1,0.16727,0.06019,0.00000,0.00000,0.02783,t_shape,clutter_safe,0.4600,0.15660,-1.48042
monolithic_scalar_energy_only,adversarial_clutter_gap,2,4,0,0.03090,0.07634,0.09544,1,1,0,21.20475,0.67215,0,-1.15260,1,0.17552,0.06424,0.00000,0.00000,0.20378,t_shape,clutter_safe,0.4600,0.18000,-0.14450
monolithic_scalar_energy_only,adversarial_clutter_gap,2,5,0,-0.00206,0.03481,0.08687,1,1,0,31.58951,1.81041,0,-1.16099,1,0.24542,0.05611,0.00000,0.00000,0.03918,t_shape,clutter_safe,0.4600,0.15226,1.83447
monolithic_scalar_energy_only,adversarial_clutter_gap,2,6,0,-0.00206,0.14327,0.19533,1,1,0,7.29535,0.63962,0,-1.20117,1,0.41305,0.55807,0.00000,0.00000,0.04057,t_shape,clutter_safe,0.4600,0.15993,1.53327
monolithic_scalar_energy_only,adversarial_clutter_gap,2,7,0,0.08171,0.04066,0.04066,0,1,0,53.62180,4.04652,0,-0.51471,1,0.16839,0.05773,0.03470,0.05784,0.09829,t_shape,clutter_safe,0.4600,0.18000,0.01175
monolithic_scalar_energy_only,adversarial_clutter_gap,2,8,0,0.05363,0.04119,0.04119,1,1,0,77.94461,3.78753,0,-1.06580,1,0.18154,0.05506,0.07074,0.11790,0.09806,t_shape,clutter_safe,0.4600,0.18000,-2.80687
monolithic_scalar_energy_only,adversarial_clutter_gap,2,9,0,0.01089,0.36958,0.40869,1,1,0,74.38527,3.68153,0,-1.23000,1,0.20337,0.05921,0.00000,0.00000,0.09935,t_shape,clutter_safe,0.4600,0.18000,2.92662
monolithic_scalar_energy_only,adversarial_clutter_gap,2,10,0,0.00423,0.05868,0.10445,1,1,0,56.68833,2.40808,0,-1.19760,1,0.30403,0.29718,0.13052,0.21753,0.05969,t_shape,clutter_safe,0.4600,0.15577,1.07250
monolithic_scalar_energy_only,adversarial_clutter_gap,2,11,0,0.04449,0.03741,0.04292,1,1,0,57.66102,4.23481,0,-1.06941,1,0.18685,0.05758,0.00000,0.00000,0.11093,t_shape,clutter_safe,0.4600,0.18000,-2.58762
monolithic_scalar_energy_only,adversarial_clutter_gap,2,12,0,0.10864,0.08521,0.08521,0,1,0,95.83635,6.06381,0,-0.60753,1,0.16487,0.06140,0.00000,0.00000,0.09731,t_shape,clutter_safe,0.4600,0.18000,0.11757
monolithic_scalar_energy_only,adversarial_clutter_gap,2,13,0,-0.00206,0.03280,0.08485,1,1,0,21.91086,1.17767,0,-1.15678,1,0.24125,0.05958,0.13579,0.22632,0.03170,t_shape,clutter_safe,0.4600,0.14118,2.01209
monolithic_scalar_energy_only,adversarial_clutter_gap,2,14,0,0.15648,0.07681,0.07681,0,1,0,74.42022,6.15750,0,-0.59002,1,0.12449,0.06051,0.00000,0.00000,0.10744,t_shape,clutter_safe,0.4600,0.18000,0.01685
monolithic_scalar_energy_only,adversarial_clutter_gap,3,0,0,0.01121,0.07759,0.11639,1,1,0,25.45917,1.99947,0,-1.22247,1,0.18242,0.05466,0.04264,0.07107,0.14795,t_shape,clutter_safe,0.4600,0.18000,0.98548
monolithic_scalar_energy_only,adversarial_clutter_gap,3,1,0,-0.00206,0.08017,0.13223,1,1,0,13.61543,0.85134,0,-1.21811,1,0.31649,0.39532,0.00000,0.00000,0.08027,t_shape,clutter_safe,0.4600,0.17302,1.59619
monolithic_scalar_energy_only,adversarial_clutter_gap,3,2,0,-0.00206,0.18889,0.24095,1,1,0,0.00000,0.56920,0,-1.19554,1,0.23302,0.05631,0.00000,0.00000,0.09838,t_shape,clutter_safe,0.4600,0.18000,0.09843
monolithic_scalar_energy_only,adversarial_clutter_gap,3,3,0,-0.00754,0.21970,0.27725,1,1,0,62.42610,3.29833,0,-1.23000,1,0.26007,0.06122,0.00000,0.00000,0.10240,t_shape,clutter_safe,0.4600,0.16451,-0.17890
monolithic_scalar_energy_only,adversarial_clutter_gap,3,4,0,0.06805,0.06017,0.06017,1,1,0,48.49923,2.73056,0,-1.10535,1,0.17427,0.06105,0.00000,0.00000,0.12579,t_shape,clutter_safe,0.4600,0.18000,0.16334
monolithic_scalar_energy_only,adversarial_clutter_gap,3,5,0,0.12046,0.04504,0.04504,0,1,0,61.93755,3.71378,0,-0.52382,1,0.21737,0.05540,0.00000,0.00000,0.09636,t_shape,clutter_safe,0.4600,0.18000,2.68267
monolithic_scalar_energy_only,adversarial_clutter_gap,3,6,0,0.04170,0.07293,0.08124,1,1,0,61.93430,2.93079,0,-1.14924,1,0.15580,0.06095,0.00000,0.00000,0.10122,t_shape,clutter_safe,0.4600,0.18000,-0.14470
monolithic_scalar_energy_only,adversarial_clutter_gap,3,7,0,0.02076,0.06700,0.09624,1,1,0,43.07610,2.19652,0,-1.18049,1,0.22237,0.06187,0.14810,0.24684,0.01458,t_shape,clutter_safe,0.4600,0.13284,-1.46993
monolithic_scalar_energy_only,adversarial_clutter_gap,3,8,0,0.03628,0.09461,0.10833,1,1,0,14.18323,0.92226,0,-1.19946,1,0.20432,0.05851,0.15000,0.25000,0.00645,t_shape,clutter_safe,0.4600,0.14664,-1.60849
monolithic_scalar_energy_only,adversarial_clutter_gap,3,9,0,-0.00206,0.03763,0.08968,1,1,0,55.36820,1.92582,0,-1.16684,1,0.20029,0.06428,0.00000,0.00000,0.04650,t_shape,clutter_safe,0.4600,0.16672,1.19649
monolithic_scalar_energy_only,adversarial_clutter_gap,3,10,0,0.08052,0.05558,0.05558,0,1,0,78.39765,3.32700,0,-0.54579,1,0.18089,0.06039,0.00000,0.00000,0.10343,t_shape,clutter_safe,0.4600,0.18000,2.87686
monolithic_scalar_energy_only,adversarial_clutter_gap,3,11,0,-0.00225,0.07020,0.12245,1,1,0,26.42228,1.89973,0,-1.23000,1,0.23779,0.17176,0.00000,0.00000,0.05831,t_shape,clutter_safe,0.4600,0.15417,1.32766
monolithic_scalar_energy_only,adversarial_clutter_gap,3,12,0,0.10412,0.13155,0.13155,0,1,0,121.45814,5.07210,0,-0.68000,1,0.22598,0.06574,0.00000,0.00000,0.11261,t_shape,clutter_safe,0.4600,0.18000,-3.03158
monolithic_scalar_energy_only,adversarial_clutter_gap,3,13,0,0.02503,0.05604,0.08101,1,1,0,69.63943,2.42231,0,-1.14877,1,0.21177,0.06148,0.04344,0.07240,0.10115,t_shape,clutter_safe,0.4600,0.18000,0.44722
monolithic_scalar_energy_only,adversarial_clutter_gap,3,14,0,0.05588,0.05278,0.05278,1,1,0,83.06621,3.77107,0,-1.08995,1,0.12878,0.06380,0.00000,0.00000,0.13103,t_shape,clutter_safe,0.4600,0.18000,0.20208
monolithic_scalar_energy_only,adversarial_clutter_gap,4,0,0,-0.00206,0.04856,0.10062,1,1,0,33.93794,1.71753,0,-1.18963,1,0.21601,0.05758,0.00000,0.00000,0.04057,t_shape,clutter_safe,0.4600,0.16570,1.20744
monolithic_scalar_energy_only,adversarial_clutter_gap,4,1,0,-0.00206,0.02729,0.07935,1,1,0,32.48669,1.84373,0,-1.14530,1,0.17241,0.06112,0.01823,0.03039,0.10622,t_shape,clutter_safe,0.4600,0.18000,2.87638
monolithic_scalar_energy_only,adversarial_clutter_gap,4,2,0,-0.00206,0.05161,0.10367,1,1,0,53.51670,2.02095,0,-1.19598,1,0.37404,0.47068,0.00000,0.00000,0.10082,t_shape,clutter_safe,0.4600,0.17142,1.53123
monolithic_scalar_energy_only,adversarial_clutter_gap,4,3,0,0.04629,0.01412,0.01782,1,1,0,96.79193,4.23585,0,-1.01713,1,0.26545,0.06487,0.00000,0.00000,0.14518,t_shape,clutter_safe,0.4600,0.18000,0.28881
monolithic_scalar_energy_only,adversarial_clutter_gap,4,4,0,-0.00208,0.03648,0.08857,1,1,0,30.24110,1.93187,0,-1.16451,1,0.21304,0.05625,0.00000,0.00000,0.13052,t_shape,clutter_safe,0.4600,0.18000,2.91129
monolithic_scalar_energy_only,adversarial_clutter_gap,4,5,0,-0.00206,0.07936,0.13142,1,1,0,4.30357,0.67315,0,-1.20385,1,0.16059,0.05941,0.10898,0.18163,0.18211,t_shape,clutter_safe,0.4600,0.18000,0.42950
monolithic_scalar_energy_only,adversarial_clutter_gap,4,6,0,0.01808,0.05716,0.08909,1,1,0,83.62424,4.47287,0,-1.16560,1,0.27671,0.06551,0.00000,0.00000,0.13912,t_shape,clutter_safe,0.4600,0.18000,0.30574
monolithic_scalar_energy_only,adversarial_clutter_gap,4,7,0,0.10640,0.11289,0.11289,0,1,0,89.53153,4.07976,0,-0.66518,1,0.21028,0.06497,0.22411,0.37352,0.12433,t_shape,clutter_safe,0.4600,0.18000,0.38210
monolithic_scalar_energy_only,adversarial_clutter_gap,4,8,0,-0.00206,0.01889,0.07095,1,1,0,42.80193,2.36174,0,-1.12781,1,0.11344,0.06334,0.00000,0.00000,0.12161,t_shape,clutter_safe,0.4600,0.18000,-0.26274
monolithic_scalar_energy_only,adversarial_clutter_gap,4,9,0,-0.00206,0.03803,0.09009,1,1,0,76.52154,2.33398,0,-1.16768,1,0.13840,0.06106,0.00000,0.00000,0.12434,t_shape,clutter_safe,0.4600,0.18000,-0.01854
monolithic_scalar_energy_only,adversarial_clutter_gap,4,10,0,0.07227,0.09049,0.09049,0,1,0,77.64520,4.46624,0,-0.61853,1,0.18052,0.06347,0.00000,0.00000,0.11902,t_shape,clutter_safe,0.4600,0.18000,-0.19335
monolithic_scalar_energy_only,adversarial_clutter_gap,4,11,0,0.15035,0.05497,0.05497,0,1,0,66.72004,4.96678,0,-0.54452,1,0.23199,0.05621,0.00000,0.00000,0.11884,t_shape,clutter_safe,0.4600,0.18000,-2.94539
monolithic_scalar_energy_only,adversarial_clutter_gap,4,12,0,0.00226,0.06687,0.11460,1,1,0,32.63399,1.73325,0,-1.21876,1,0.33126,0.35767,0.05891,0.09818,0.05159,t_shape,clutter_safe,0.4600,0.13329,-1.36582
monolithic_scalar_energy_only,adversarial_clutter_gap,4,13,0,0.05717,0.02277,0.02277,1,1,0,37.75476,2.57915,0,-1.02743,1,0.13256,0.05409,0.00000,0.00000,0.11270,t_shape,clutter_safe,0.4600,0.18000,2.75567
monolithic_scalar_energy_only,adversarial_clutter_gap,4,14,0,0.00248,0.04214,0.08966,1,1,0,48.65402,2.52960,0,-1.16679,1,0.17189,0.05977,0.01829,0.03048,0.10467,t_shape,clutter_safe,0.4600,0.17478,-0.53904
monolithic_scalar_energy_only,adversarial_clutter_gap,5,0,0,-0.00332,0.39254,0.44586,1,1,0,85.77264,4.85546,0,-1.23000,1,0.21333,0.06121,0.00000,0.00000,0.09774,t_shape,clutter_safe,0.4600,0.18000,-0.04141
monolithic_scalar_energy_only,adversarial_clutter_gap,5,1,0,-0.00206,0.02700,0.07906,1,1,0,66.25685,3.28521,0,-1.14470,1,0.22551,0.06404,0.00000,0.00000,0.13969,t_shape,clutter_safe,0.4600,0.18000,-0.29134
monolithic_scalar_energy_only,adversarial_clutter_gap,5,2,0,-0.00016,0.05938,0.10954,1,1,0,36.31690,1.47748,0,-1.20821,1,0.16854,0.05844,0.00000,0.00000,0.11879,t_shape,clutter_safe,0.4600,0.18000,0.19842
monolithic_scalar_energy_only,adversarial_clutter_gap,5,3,0,-0.00206,0.05103,0.10309,1,1,0,73.41061,2.76140,0,-1.19477,1,0.34237,0.35811,0.00000,0.00000,0.06659,t_shape,clutter_safe,0.4600,0.14065,1.71984
monolithic_scalar_energy_only,adversarial_clutter_gap,5,4,0,-0.00206,0.07163,0.12368,1,1,0,6.25708,0.55337,0,-1.19427,1,0.18791,0.05625,0.00723,0.01206,0.02941,t_shape,clutter_safe,0.4600,0.16591,1.41574
monolithic_scalar_energy_only,adversarial_clutter_gap,5,5,0,0.02330,0.05499,0.08169,1,1,0,45.53390,2.07462,0,-1.15019,1,0.18260,0.09268,0.00705,0.01174,0.04169,t_shape,clutter_safe,0.4600,0.15040,1.48787
monolithic_scalar_energy_only,adversarial_clutter_gap,5,6,0,-0.00207,0.03956,0.09164,1,1,0,23.08812,1.41192,0,-1.17091,1,0.20824,0.05509,0.11752,0.19587,0.05632,t_shape,clutter_safe,0.4600,0.16088,2.06162
monolithic_scalar_energy_only,adversarial_clutter_gap,5,7,0,0.07665,0.03454,0.03454,0,1,0,29.27475,1.46075,0,-0.50196,1,0.16941,0.13480,0.04723,0.07872,0.04451,t_shape,clutter_safe,0.4600,0.16598,1.36041
monolithic_scalar_energy_only,adversarial_clutter_gap,5,8,0,0.09458,0.05823,0.05823,0,1,0,77.16263,4.91669,0,-0.55131,1,0.21456,0.05587,0.00000,0.00000,0.09904,t_shape,clutter_safe,0.4600,0.18000,0.15567
monolithic_scalar_energy_only,adversarial_clutter_gap,5,9,0,0.03850,0.04340,0.05490,1,1,0,65.08691,3.38571,0,-1.09438,1,0.17447,0.06503,0.00000,0.00000,0.15641,t_shape,clutter_safe,0.4600,0.18000,0.38380
monolithic_scalar_energy_only,adversarial_clutter_gap,5,10,1,0.16116,0.03579,0.03579,0,0,0,88.59691,7.31090,1,0.84544,1,0.23372,0.05687,0.00000,0.00000,0.10363,t_shape,clutter_safe,0.4600,0.18000,-0.14155
monolithic_scalar_energy_only,adversarial_clutter_gap,5,11,0,-0.00206,0.04140,0.09346,1,1,0,42.72989,1.75981,0,-1.17471,1,0.30188,0.29461,0.00000,0.00000,0.06164,t_shape,clutter_safe,0.4600,0.15684,-2.00156
monolithic_scalar_energy_only,adversarial_clutter_gap,5,12,0,0.15162,0.07962,0.07962,0,1,0,77.56574,6.29490,0,-0.59587,1,0.17440,0.06169,0.00000,0.00000,0.10411,t_shape,clutter_safe,0.4600,0.18000,3.01481
monolithic_scalar_energy_only,adversarial_clutter_gap,5,13,0,-0.00226,0.04683,0.09910,1,1,0,24.68918,1.79330,0,-1.18645,1,0.25702,0.05752,0.00000,0.00000,0.06669,t_shape,clutter_safe,0.4600,0.15511,1.10127
monolithic_scalar_energy_only,adversarial_clutter_gap,5,14,0,-0.00206,0.07000,0.12206,1,1,0,28.48514,1.66141,0,-1.23000,1,0.21882,0.14216,0.00000,0.00000,0.05168,t_shape,clutter_safe,0.4600,0.14451,1.28433
monolithic_scalar_energy_only,adversarial_clutter_gap,6,0,0,-0.00206,0.03158,0.08363,1,1,0,45.84811,1.98512,0,-1.15424,1,0.19995,0.12323,0.13137,0.21894,0.04165,t_shape,clutter_safe,0.4600,0.15594,-1.05923
monolithic_scalar_energy_only,adversarial_clutter_gap,6,1,0,-0.00206,0.19626,0.24831,1,1,0,0.00000,0.59468,0,-1.19757,1,0.26575,0.26940,0.00000,0.00000,0.13533,t_shape,clutter_safe,0.4600,0.18000,-1.60161
monolithic_scalar_energy_only,adversarial_clutter_gap,6,2,0,-0.00206,0.06219,0.11425,1,1,0,13.52958,0.76776,0,-1.19944,1,0.13973,0.06942,0.05863,0.09772,0.03178,t_shape,clutter_safe,0.4600,0.16390,1.37628
monolithic_scalar_energy_only,adversarial_clutter_gap,6,3,0,-0.00206,0.04782,0.09988,1,1,0,12.82228,0.84594,0,-1.17576,1,0.29496,0.28219,0.07153,0.11921,0.07427,t_shape,clutter_safe,0.4600,0.16356,1.59922
monolithic_scalar_energy_only,adversarial_clutter_gap,6,4,0,0.00739,0.08478,0.12739,1,1,0,44.48364,2.19695,0,-1.23000,1,0.23368,0.05946,0.00000,0.00000,0.04779,t_shape,clutter_safe,0.4600,0.13589,1.71588
monolithic_scalar_energy_only,adversarial_clutter_gap,6,5,0,0.03847,0.14429,0.15583,1,1,0,39.07784,1.17123,0,-1.23000,1,0.24427,0.06465,0.15632,0.26053,0.17504,t_shape,clutter_safe,0.4600,0.18000,-3.03973
monolithic_scalar_energy_only,adversarial_clutter_gap,6,6,0,-0.00206,0.09906,0.15112,1,1,0,4.50378,0.57297,0,-1.19584,1,0.15729,0.13577,0.01570,0.02616,0.09861,t_shape,clutter_safe,0.4600,0.18000,-1.39450
monolithic_scalar_energy_only,adversarial_clutter_gap,6,7,0,0.11837,0.03217,0.03217,0,1,0,35.00582,1.87564,0,-0.49703,1,0.19352,0.05836,0.00000,0.00000,0.12865,t_shape,clutter_safe,0.4600,0.18000,2.53729
monolithic_scalar_energy_only,adversarial_clutter_gap,6,8,0,0.08213,0.05489,0.05489,0,1,0,59.41052,4.64896,0,-0.54436,1,0.19374,0.05949,0.00000,0.00000,0.09872,t_shape,clutter_safe,0.4600,0.18000,-0.00806
monolithic_scalar_energy_only,adversarial_clutter_gap,6,9,0,-0.00206,0.02354,0.07560,1,1,0,24.40356,1.44110,0,-1.13750,1,0.16618,0.05705,0.00000,0.00000,0.10208,t_shape,clutter_safe,0.4600,0.18000,1.88543
monolithic_scalar_energy_only,adversarial_clutter_gap,6,10,0,-0.00206,0.11211,0.16417,1,1,0,42.45423,2.35656,0,-1.23000,1,0.25002,0.05519,0.00000,0.00000,0.09997,t_shape,clutter_safe,0.4600,0.15542,-1.71059
monolithic_scalar_energy_only,adversarial_clutter_gap,6,11,0,-0.00207,0.07638,0.12844,1,1,0,48.40408,1.68171,0,-1.23000,1,0.13198,0.06169,0.06555,0.10924,0.08798,t_shape,clutter_safe,0.4600,0.17827,-0.03880
monolithic_scalar_energy_only,adversarial_clutter_gap,6,12,0,0.16029,0.04116,0.04116,0,1,0,68.61533,5.70631,0,-0.51575,1,0.10990,0.05717,0.00000,0.00000,0.11567,t_shape,clutter_safe,0.4600,0.18000,-0.03827
monolithic_scalar_energy_only,adversarial_clutter_gap,6,13,0,0.02141,0.03156,0.06015,1,1,0,58.26899,2.49814,0,-1.10532,1,0.22429,0.06242,0.00000,0.00000,0.15305,t_shape,clutter_safe,0.4600,0.17553,-2.59476
monolithic_scalar_energy_only,adversarial_clutter_gap,6,14,0,0.15779,0.03788,0.03788,0,1,0,44.10075,3.39390,0,-0.50891,1,0.17075,0.05870,0.00000,0.00000,0.10612,t_shape,clutter_safe,0.4600,0.18000,0.31253
monolithic_scalar_energy_only,adversarial_clutter_gap,7,0,0,-0.00206,0.06063,0.11269,1,1,0,60.59587,2.28212,0,-1.21477,1,0.18518,0.06200,0.00000,0.00000,0.05503,t_shape,clutter_safe,0.4600,0.14172,1.74171
monolithic_scalar_energy_only,adversarial_clutter_gap,7,1,0,-0.00206,0.08548,0.13754,1,1,0,8.18518,0.64959,0,-1.20197,1,0.22637,0.06385,0.00000,0.00000,0.10504,t_shape,clutter_safe,0.4600,0.18000,0.07689
monolithic_scalar_energy_only,adversarial_clutter_gap,7,2,0,-0.00206,0.01844,0.07050,1,1,0,44.81206,2.82320,0,-1.12687,1,0.18561,0.05743,0.00000,0.00000,0.11982,t_shape,clutter_safe,0.4600,0.18000,-0.37759
monolithic_scalar_energy_only,adversarial_clutter_gap,7,3,0,0.08174,0.07375,0.07375,0,1,0,42.85361,2.15078,0,-0.58364,1,0.15227,0.06166,0.00000,0.00000,0.10226,t_shape,clutter_safe,0.4600,0.18000,-1.82346
monolithic_scalar_energy_only,adversarial_clutter_gap,7,4,0,0.11810,0.05268,0.05268,0,1,0,88.56090,4.79927,0,-0.53975,1,0.17292,0.05694,0.03405,0.05676,0.11094,t_shape,clutter_safe,0.4600,0.18000,0.35276
monolithic_scalar_energy_only,adversarial_clutter_gap,7,5,0,0.03349,0.02740,0.04391,1,1,0,99.17348,3.66142,0,-1.07149,1,0.22255,0.06152,0.00000,0.00000,0.10482,t_shape,clutter_safe,0.4600,0.18000,0.17599
monolithic_scalar_energy_only,adversarial_clutter_gap,7,6,0,0.15341,0.03678,0.03678,0,1,0,79.68789,6.37171,0,-0.50663,1,0.13301,0.05985,0.01148,0.01913,0.09633,t_shape,clutter_safe,0.4600,0.18000,-0.00469
monolithic_scalar_energy_only,adversarial_clutter_gap,7,7,0,0.13794,0.06674,0.06674,0,1,0,54.72111,3.01043,0,-0.56903,1,0.17079,0.06312,0.10567,0.17612,0.06902,t_shape,clutter_safe,0.4600,0.16735,-0.49021
monolithic_scalar_energy_only,adversarial_clutter_gap,7,8,0,0.00673,0.04721,0.09048,1,1,0,47.77271,2.11847,0,-1.16851,1,0.21134,0.06061,0.00000,0.00000,0.07614,t_shape,clutter_safe,0.4600,0.16666,-1.85853
monolithic_scalar_energy_only,adversarial_clutter_gap,7,9,0,-0.00206,0.07071,0.12277,1,1,0,79.83011,3.30503,0,-1.23000,1,0.23000,0.06414,0.00000,0.00000,0.11915,t_shape,clutter_safe,0.4600,0.18000,-0.00666
monolithic_scalar_energy_only,adversarial_clutter_gap,7,10,0,0.09103,0.06703,0.06703,0,1,0,51.54966,2.45658,0,-0.56965,1,0.07892,0.05971,0.01717,0.02861,0.09161,t_shape,clutter_safe,0.4600,0.18000,-0.19773
monolithic_scalar_energy_only,adversarial_clutter_gap,7,11,0,0.03437,0.03114,0.04677,1,1,0,52.75698,2.62075,0,-1.07743,1,0.27147,0.06473,0.00000,0.00000,0.07847,t_shape,clutter_safe,0.4600,0.15108,2.79486
monolithic_scalar_energy_only,adversarial_clutter_gap,7,12,0,0.03847,0.04969,0.06122,1,1,0,59.09968,2.68966,0,-1.10753,1,0.17960,0.05873,0.00000,0.00000,0.11450,t_shape,clutter_safe,0.4600,0.18000,0.32526
monolithic_scalar_energy_only,adversarial_clutter_gap,7,13,0,-0.00206,0.10919,0.16125,1,1,0,8.57096,0.72595,0,-1.20808,1,0.21810,0.05667,0.01080,0.01800,0.01233,t_shape,clutter_safe,0.4600,0.15341,1.73979
monolithic_scalar_energy_only,adversarial_clutter_gap,7,14,0,-0.00206,0.08639,0.13845,1,1,0,34.41439,1.96981,0,-1.23000,1,0.21539,0.09583,0.00000,0.00000,0.06297,t_shape,clutter_safe,0.4600,0.12685,-1.63859
monolithic_scalar_energy_only,material_shift_proxy,0,0,1,0.15446,0.03927,0.03927,0,0,0,42.03923,3.14135,1,0.83819,1,0.03184,0.25863,0.00149,0.00000,0.00576,cylinder,lift,0.2400,0.09293,-0.52777
monolithic_scalar_energy_only,material_shift_proxy,0,1,0,0.14410,0.11596,0.11596,0,0,0,41.97212,3.08470,1,-0.32158,1,0.05917,0.25969,0.01284,0.00000,0.00608,cylinder,lift,0.2400,0.09012,0.58403
monolithic_scalar_energy_only,material_shift_proxy,0,2,0,0.01374,0.03990,0.07616,1,0,0,36.77609,2.02442,1,-0.78866,1,0.10419,0.25658,0.00544,0.00000,0.00951,cylinder,lift,0.2400,0.08578,-0.45666
monolithic_scalar_energy_only,material_shift_proxy,0,3,0,0.01784,0.01413,0.04629,1,0,0,41.02714,1.99735,1,-0.72643,1,0.03550,0.25382,0.00034,0.00000,0.01383,cylinder,lift,0.2400,0.09335,0.54418
monolithic_scalar_energy_only,material_shift_proxy,0,4,1,0.16651,0.05737,0.05737,0,0,0,33.41141,2.80059,1,0.80048,1,0.12025,0.54558,0.03458,0.00000,0.00155,cylinder,lift,0.2400,0.10803,-0.35810
monolithic_scalar_energy_only,material_shift_proxy,0,5,1,0.15525,0.08642,0.08642,0,0,0,32.25080,2.43388,1,0.73995,1,0.16181,0.63811,0.00389,0.00000,0.00748,cylinder,lift,0.2400,0.11177,2.85905
monolithic_scalar_energy_only,material_shift_proxy,0,6,1,0.11277,0.05061,0.05061,0,0,0,27.91691,1.68056,1,0.81456,1,0.24349,0.80547,0.00281,0.00000,0.01618,cylinder,lift,0.2400,0.11941,-0.22860
monolithic_scalar_energy_only,material_shift_proxy,0,7,1,0.11973,0.10214,0.10214,0,0,0,25.62091,1.77272,1,0.70720,1,0.19140,0.69379,0.00377,0.00000,0.01521,cylinder,lift,0.2400,0.11440,-0.31894
monolithic_scalar_energy_only,material_shift_proxy,0,8,0,0.14843,0.12242,0.12242,0,0,0,35.20201,2.60558,1,-0.33000,1,0.07249,0.42097,0.04692,0.00000,0.00693,cylinder,lift,0.2400,0.10254,-0.89568
monolithic_scalar_energy_only,material_shift_proxy,0,9,1,0.13044,0.03641,0.03641,0,0,0,30.64202,1.80989,1,0.84415,1,0.16397,0.64187,0.03255,0.00000,0.00324,cylinder,lift,0.2400,0.11241,-0.36681
monolithic_scalar_energy_only,material_shift_proxy,0,10,1,0.16192,0.04568,0.04568,0,0,0,37.88933,2.93049,1,0.82484,1,0.04852,0.36734,0.04546,0.00000,0.00318,cylinder,lift,0.2400,0.10041,2.06162
monolithic_scalar_energy_only,material_shift_proxy,0,11,1,0.10315,0.03953,0.03953,0,0,0,41.98517,2.64631,1,0.83765,1,0.08907,0.25384,0.03571,0.00000,0.01439,cylinder,lift,0.2400,0.08783,-1.23673
monolithic_scalar_energy_only,material_shift_proxy,0,12,1,0.16650,0.02569,0.02569,0,0,0,35.23194,2.93876,1,0.86649,1,0.08627,0.45806,0.01483,0.00000,0.00239,cylinder,lift,0.2400,0.10442,0.30948
monolithic_scalar_energy_only,material_shift_proxy,0,13,1,0.13869,0.02632,0.02632,0,0,0,29.97723,2.10526,1,0.86516,1,0.19657,0.70782,0.00653,0.00000,0.01143,cylinder,lift,0.2400,0.11500,0.33424
monolithic_scalar_energy_only,material_shift_proxy,0,14,0,0.01335,0.00739,0.04404,1,0,0,46.07506,2.26591,1,-0.72175,1,0.10235,0.25226,0.04999,0.00000,0.00521,cylinder,lift,0.2400,0.08555,1.96453
monolithic_scalar_energy_only,material_shift_proxy,1,0,1,0.11474,0.05826,0.05826,0,0,0,41.87060,2.69147,1,0.79863,1,0.04778,0.25333,0.01231,0.00000,0.00953,cylinder,lift,0.2400,0.09165,-2.47206
monolithic_scalar_energy_only,material_shift_proxy,1,1,0,0.14716,0.12159,0.12159,0,0,0,27.64971,1.98811,1,-0.33000,1,0.20270,0.73058,0.00240,0.00000,0.00906,cylinder,lift,0.2400,0.11587,-2.75229
monolithic_scalar_energy_only,material_shift_proxy,1,2,1,0.16180,0.06832,0.06832,0,0,0,28.69748,2.26015,1,0.77767,1,0.20742,0.73509,0.01491,0.00000,0.01042,cylinder,lift,0.2400,0.11623,0.27028
monolithic_scalar_energy_only,material_shift_proxy,1,3,1,0.11848,0.05340,0.05340,0,0,0,44.15570,2.90878,1,0.80876,1,0.09661,0.25266,0.00263,0.00000,0.01309,cylinder,lift,0.2400,0.08692,-0.60689
monolithic_scalar_energy_only,material_shift_proxy,1,4,1,0.10504,0.02150,0.02150,0,0,0,37.19787,2.24193,1,0.87522,1,0.03209,0.30649,0.01102,0.00000,0.01091,cylinder,lift,0.2400,0.09795,0.01085
monolithic_scalar_energy_only,material_shift_proxy,1,5,1,0.13455,0.06363,0.06363,0,0,0,29.61589,2.01098,1,0.78744,1,0.17194,0.64500,0.00245,0.00000,0.01107,cylinder,lift,0.2400,0.11247,0.46234
monolithic_scalar_energy_only,material_shift_proxy,1,6,0,0.14819,0.12246,0.12246,0,0,0,40.95520,2.93107,1,-0.33000,1,0.03941,0.26044,0.02454,0.00000,0.00275,cylinder,lift,0.2400,0.09185,-0.46120
monolithic_scalar_energy_only,material_shift_proxy,1,7,1,0.16042,0.03228,0.03228,0,0,0,28.66226,2.26169,1,0.85275,1,0.23571,0.81234,0.00793,0.00000,0.00679,cylinder,lift,0.2400,0.11953,-2.95865
monolithic_scalar_energy_only,material_shift_proxy,1,8,1,0.16490,0.09145,0.09145,0,0,0,31.02557,2.46963,1,0.72947,1,0.16281,0.64450,0.02656,0.00000,0.00423,cylinder,lift,0.2400,0.11220,0.41239
monolithic_scalar_energy_only,material_shift_proxy,1,9,1,0.15836,0.02201,0.02201,0,0,0,25.37983,1.64001,1,0.87415,1,0.18583,0.69639,0.04566,0.00000,0.00356,cylinder,lift,0.2400,0.11466,-0.60321
monolithic_scalar_energy_only,material_shift_proxy,1,10,1,0.12621,0.03459,0.03459,0,0,0,36.37558,2.42020,1,0.84793,1,0.07491,0.41840,0.00215,0.00000,0.00983,cylinder,lift,0.2400,0.10250,0.28661
monolithic_scalar_energy_only,material_shift_proxy,1,11,1,0.14481,0.01828,0.01828,0,0,0,33.90981,2.40304,1,0.88193,1,0.10175,0.48615,0.03686,0.00000,0.00718,cylinder,lift,0.2400,0.10556,0.43433
monolithic_scalar_energy_only,material_shift_proxy,1,12,0,0.16212,0.11531,0.11531,0,0,0,30.77775,2.47866,1,-0.32023,1,0.14740,0.60853,0.04394,0.00000,0.00501,cylinder,lift,0.2400,0.11052,-1.60579
monolithic_scalar_energy_only,material_shift_proxy,1,13,1,0.13597,0.08501,0.08501,0,0,0,27.07899,1.82503,1,0.74290,1,0.21185,0.75404,0.00624,0.00000,0.00684,cylinder,lift,0.2400,0.11704,-0.60658
monolithic_scalar_energy_only,material_shift_proxy,1,14,0,0.16303,0.11428,0.11428,0,0,0,40.79241,3.28634,1,-0.31807,1,0.03142,0.26347,0.04925,0.00000,0.00252,cylinder,lift,0.2400,0.09266,-1.67995
monolithic_scalar_energy_only,material_shift_proxy,2,0,0,0.01143,0.07608,0.11465,1,0,0,42.48214,1.74019,1,-0.86885,1,0.10613,0.26024,0.00144,0.00000,0.01441,cylinder,lift,0.2400,0.08606,-0.40325
monolithic_scalar_energy_only,material_shift_proxy,2,1,0,0.15907,0.11103,0.11103,0,0,0,30.97943,2.35279,1,-0.31132,1,0.17820,0.68215,0.03742,0.00000,0.00425,cylinder,lift,0.2400,0.11379,-0.26753
monolithic_scalar_energy_only,material_shift_proxy,2,2,0,0.01428,0.00948,0.04520,1,0,0,41.39027,1.93487,1,-0.72417,1,0.07567,0.25270,0.03303,0.00000,0.01423,cylinder,lift,0.2400,0.08921,0.41436
monolithic_scalar_energy_only,material_shift_proxy,2,3,1,0.16640,0.05317,0.05317,0,0,0,28.83700,2.46089,1,0.80924,1,0.23056,0.80701,0.00557,0.00000,0.00523,cylinder,lift,0.2400,0.11930,-0.38229
monolithic_scalar_energy_only,material_shift_proxy,2,4,0,0.01095,0.00752,0.04656,1,0,0,38.14738,1.91727,1,-0.72700,1,0.02663,0.29173,0.00302,0.00000,0.01112,cylinder,lift,0.2400,0.09736,-0.01538
monolithic_scalar_energy_only,material_shift_proxy,2,5,1,0.10492,0.04211,0.04211,0,0,0,34.72745,1.94668,1,0.83227,1,0.07481,0.42467,0.00253,0.00000,0.00690,cylinder,lift,0.2400,0.10278,-0.38204
monolithic_scalar_energy_only,material_shift_proxy,2,6,0,0.03508,0.05740,0.07232,1,0,0,28.63871,1.70005,1,-0.78066,1,0.05409,0.36100,0.01828,0.00000,0.01307,cylinder,lift,0.2400,0.10002,2.97228
monolithic_scalar_energy_only,material_shift_proxy,2,7,1,0.11854,0.07845,0.07845,0,0,0,28.41620,1.67204,1,0.75657,1,0.23167,0.76736,0.01357,0.00000,0.02151,cylinder,lift,0.2400,0.11766,-0.03607
monolithic_scalar_energy_only,material_shift_proxy,2,8,0,0.00967,0.01723,0.05756,1,0,0,31.21396,1.64961,1,-0.74992,1,0.10761,0.48100,0.01286,0.00000,0.01504,cylinder,lift,0.2400,0.10539,-0.24302
monolithic_scalar_energy_only,material_shift_proxy,2,9,1,0.16641,0.08280,0.08280,0,0,0,46.24264,2.93373,1,0.74749,1,0.10657,0.49716,0.00848,0.00000,0.00914,cylinder,lift,0.2400,0.10587,-0.42407
monolithic_scalar_energy_only,material_shift_proxy,2,10,1,0.11940,0.02820,0.02820,0,0,0,35.25987,2.28067,1,0.86125,1,0.06678,0.39716,0.00255,0.00000,0.00998,cylinder,lift,0.2400,0.10164,-0.39471
monolithic_scalar_energy_only,material_shift_proxy,2,11,1,0.10588,0.00882,0.00882,0,0,0,23.61043,1.60743,1,0.90163,1,0.18468,0.66722,0.01261,0.00000,0.01527,cylinder,lift,0.2400,0.11339,-0.25886
monolithic_scalar_energy_only,material_shift_proxy,2,12,1,0.16011,0.08746,0.08746,0,0,0,38.63078,2.73731,1,0.73779,1,0.03292,0.29761,0.00380,0.00000,0.01798,cylinder,lift,0.2400,0.09734,-0.44632
monolithic_scalar_energy_only,material_shift_proxy,2,13,1,0.16538,0.05854,0.05854,0,0,0,40.62201,3.26685,1,0.79803,1,0.04713,0.25697,0.00199,0.00000,0.00519,cylinder,lift,0.2400,0.09129,2.77528
monolithic_scalar_energy_only,material_shift_proxy,2,14,1,0.10891,0.10408,0.10408,0,0,0,41.26229,2.47007,1,0.70316,1,0.03924,0.25816,0.00675,0.00000,0.00414,cylinder,lift,0.2400,0.09201,-0.21471
monolithic_scalar_energy_only,material_shift_proxy,3,0,0,0.09209,0.11872,0.11872,0,0,0,40.59699,2.19737,1,-0.32734,1,0.00323,0.26223,0.02794,0.00000,0.00306,cylinder,lift,0.2400,0.09564,1.19249
monolithic_scalar_energy_only,material_shift_proxy,3,1,1,0.16199,0.08813,0.08813,0,0,0,31.97907,2.52817,1,0.73640,1,0.14875,0.60747,0.00888,0.00000,0.00496,cylinder,lift,0.2400,0.11066,0.02537
monolithic_scalar_energy_only,material_shift_proxy,3,2,1,0.16549,0.01140,0.01140,0,0,0,39.90509,3.18970,1,0.89624,1,0.01248,0.26703,0.00701,0.00000,0.00683,cylinder,lift,0.2400,0.09631,-2.57696
monolithic_scalar_energy_only,material_shift_proxy,3,3,1,0.08930,0.02990,0.02990,0,0,0,42.30547,2.52384,1,0.85771,1,0.05447,0.25244,0.00249,0.00000,0.00935,cylinder,lift,0.2400,0.09093,-0.64015
monolithic_scalar_energy_only,material_shift_proxy,3,4,1,0.12911,0.02069,0.02069,0,0,0,23.68697,1.70431,1,0.87689,1,0.18236,0.68106,0.00232,0.00000,0.00697,cylinder,lift,0.2400,0.11396,0.53902
monolithic_scalar_energy_only,material_shift_proxy,3,5,0,0.13716,0.12699,0.12699,0,0,0,30.12073,2.10851,1,-0.33000,1,0.16969,0.64571,0.00088,0.00000,0.01118,cylinder,lift,0.2400,0.11223,0.32484
monolithic_scalar_energy_only,material_shift_proxy,3,6,1,0.14171,0.07921,0.07921,0,0,0,34.95171,2.48252,1,0.75499,1,0.10556,0.49540,0.03058,0.00000,0.00749,cylinder,lift,0.2400,0.10592,-1.15376
monolithic_scalar_energy_only,material_shift_proxy,3,7,0,0.12993,0.13222,0.13222,0,0,0,40.44785,2.24476,1,-0.33000,1,0.02530,0.26189,0.02266,0.00000,0.00279,cylinder,lift,0.2400,0.09332,2.23509
monolithic_scalar_energy_only,material_shift_proxy,3,8,1,0.16651,0.06832,0.06832,0,0,0,34.81472,2.91712,1,0.77767,1,0.11117,0.51110,0.00361,0.00000,0.00741,cylinder,lift,0.2400,0.10651,-0.08500
monolithic_scalar_energy_only,material_shift_proxy,3,9,1,0.12759,0.02229,0.02229,0,0,0,39.51237,2.66790,1,0.87356,1,0.02409,0.25865,0.01473,0.00000,0.00791,cylinder,lift,0.2400,0.09395,2.93502
monolithic_scalar_energy_only,material_shift_proxy,3,10,1,0.12530,0.07644,0.07644,0,0,0,42.35812,2.79533,1,0.76076,1,0.07658,0.25480,0.01404,0.00000,0.01024,cylinder,lift,0.2400,0.08872,-0.20094
monolithic_scalar_energy_only,material_shift_proxy,3,11,1,0.13231,0.08588,0.08588,0,0,0,35.64065,2.32351,1,0.74109,1,0.08465,0.43595,0.00484,0.00000,0.01095,cylinder,lift,0.2400,0.10341,0.06276
monolithic_scalar_energy_only,material_shift_proxy,3,12,1,0.13513,0.08832,0.08832,0,0,0,42.45297,2.99668,1,0.73600,1,0.07226,0.25874,0.03940,0.00000,0.01069,cylinder,lift,0.2400,0.08922,-1.70511
monolithic_scalar_energy_only,material_shift_proxy,3,13,1,0.12167,0.00762,0.00762,0,0,0,26.71793,1.92636,1,0.90412,1,0.16933,0.63691,0.01748,0.00000,0.01266,cylinder,lift,0.2400,0.11205,-0.18508
monolithic_scalar_energy_only,material_shift_proxy,3,14,0,0.01147,0.08342,0.12195,1,0,0,44.95355,2.54350,1,-0.88000,1,0.10051,0.26249,0.01120,0.00000,0.00901,cylinder,lift,0.2400,0.08611,0.10160
monolithic_scalar_energy_only,material_shift_proxy,4,0,1,0.14366,0.08255,0.08255,0,0,0,28.36071,2.01434,1,0.74803,1,0.19595,0.70932,0.00884,0.00000,0.00929,cylinder,lift,0.2400,0.11515,-0.10963
monolithic_scalar_energy_only,material_shift_proxy,4,1,1,0.14256,0.10280,0.10280,0,0,0,31.35929,2.24607,1,0.70583,1,0.14235,0.58428,0.02537,0.00000,0.00856,cylinder,lift,0.2400,0.10964,-2.18695
monolithic_scalar_energy_only,material_shift_proxy,4,2,0,0.01642,0.00215,0.03572,1,0,0,43.60266,2.25609,1,-0.70442,1,0.10124,0.25226,0.04152,0.00000,0.00956,cylinder,lift,0.2400,0.08609,-0.89272
monolithic_scalar_energy_only,material_shift_proxy,4,3,1,0.16498,0.05154,0.05154,0,0,0,31.69787,2.52834,1,0.81262,1,0.17392,0.65552,0.00903,0.00000,0.00935,cylinder,lift,0.2400,0.11285,-0.09315
monolithic_scalar_energy_only,material_shift_proxy,4,4,0,0.01285,0.03424,0.07138,1,0,0,42.95268,2.00050,1,-0.77872,1,0.07576,0.25550,0.02377,0.00000,0.01455,cylinder,lift,0.2400,0.08923,2.21500
monolithic_scalar_energy_only,material_shift_proxy,4,5,0,0.01339,0.08608,0.12269,1,0,0,41.27873,1.55520,1,-0.88000,1,0.01668,0.25976,0.01482,0.00000,0.01068,cylinder,lift,0.2400,0.09499,-2.52190
monolithic_scalar_energy_only,material_shift_proxy,4,6,1,0.13737,0.03816,0.03816,0,0,0,29.30608,1.99882,1,0.84051,1,0.18230,0.68033,0.01261,0.00000,0.00802,cylinder,lift,0.2400,0.11385,-0.76691
monolithic_scalar_energy_only,material_shift_proxy,4,7,0,0.02642,0.01575,0.03933,1,0,0,43.89464,2.39371,1,-0.71194,1,0.10692,0.25585,0.03114,0.00000,0.00736,cylinder,lift,0.2400,0.08528,-0.10534
monolithic_scalar_energy_only,material_shift_proxy,4,8,0,0.01116,0.02078,0.05963,1,0,0,40.70783,1.75109,1,-0.75422,1,0.05963,0.25370,0.00306,0.00000,0.01290,cylinder,lift,0.2400,0.09075,-3.09852
monolithic_scalar_energy_only,material_shift_proxy,4,9,1,0.14378,0.03240,0.03240,0,0,0,34.73748,2.46862,1,0.85250,1,0.11506,0.51880,0.02460,0.00000,0.00628,cylinder,lift,0.2400,0.10703,2.24460
monolithic_scalar_energy_only,material_shift_proxy,4,10,1,0.12008,0.06142,0.06142,0,0,0,42.03547,2.08502,1,0.79204,1,0.07859,0.42484,0.01206,0.00000,0.00839,cylinder,lift,0.2400,0.10303,0.24414
monolithic_scalar_energy_only,material_shift_proxy,4,11,1,0.16564,0.03926,0.03926,0,0,0,26.39953,2.22868,1,0.83821,1,0.24511,0.82319,0.01334,0.00000,0.01155,cylinder,lift,0.2400,0.12004,2.54372
monolithic_scalar_energy_only,material_shift_proxy,4,12,0,0.01798,0.03782,0.06984,1,0,0,41.39646,1.95702,1,-0.77551,1,0.04620,0.25490,0.01645,0.00000,0.01764,cylinder,lift,0.2400,0.09261,3.03430
monolithic_scalar_energy_only,material_shift_proxy,4,13,1,0.11965,0.02935,0.02935,0,0,0,41.32321,2.73023,1,0.85885,1,0.05439,0.25672,0.03192,0.00000,0.00648,cylinder,lift,0.2400,0.09066,2.51766
monolithic_scalar_energy_only,material_shift_proxy,4,14,1,0.12931,0.05892,0.05892,0,0,0,31.38750,2.07929,1,0.79725,1,0.16242,0.61930,0.01363,0.00000,0.01206,cylinder,lift,0.2400,0.11139,0.75693
monolithic_scalar_energy_only,material_shift_proxy,5,0,0,0.00878,0.06993,0.11115,1,0,0,39.57192,1.97121,1,-0.86157,1,0.01457,0.27717,0.02239,0.00000,0.00704,cylinder,lift,0.2400,0.09650,-2.24686
monolithic_scalar_energy_only,material_shift_proxy,5,1,1,0.07606,0.09733,0.09733,0,0,0,29.64247,1.66889,1,0.71724,1,0.14682,0.58598,0.01209,0.00000,0.01239,cylinder,lift,0.2400,0.10973,-2.92434
monolithic_scalar_energy_only,material_shift_proxy,5,2,0,0.01138,0.04184,0.08046,1,0,0,42.83247,1.77131,1,-0.79763,1,0.07765,0.25681,0.01637,0.00000,0.01807,cylinder,lift,0.2400,0.08938,-0.25338
monolithic_scalar_energy_only,material_shift_proxy,5,3,1,0.15281,0.06739,0.06739,0,0,0,38.22816,2.77305,1,0.77961,1,0.03071,0.32105,0.02572,0.00000,0.00417,cylinder,lift,0.2400,0.09846,1.11591
monolithic_scalar_energy_only,material_shift_proxy,5,4,0,0.01022,0.12839,0.16816,1,0,0,38.14076,1.98850,1,-0.88000,1,0.04594,0.34654,0.00447,0.00000,0.01236,cylinder,lift,0.2400,0.09924,2.89671
monolithic_scalar_energy_only,material_shift_proxy,5,5,0,0.02014,0.04833,0.07818,1,0,0,43.11287,2.23661,1,-0.79288,1,0.11923,0.25624,0.00295,0.00000,0.02070,cylinder,lift,0.2400,0.08531,0.51649
monolithic_scalar_energy_only,material_shift_proxy,5,6,1,0.16640,0.07098,0.07098,0,0,0,31.15982,2.66004,1,0.77212,1,0.14835,0.60870,0.01289,0.00000,0.00425,cylinder,lift,0.2400,0.11069,-2.42378
monolithic_scalar_energy_only,material_shift_proxy,5,7,1,0.11508,0.00600,0.00600,0,0,0,42.00945,2.70987,1,0.90750,1,0.07720,0.25658,0.00204,0.00000,0.01135,cylinder,lift,0.2400,0.08877,0.12822
monolithic_scalar_energy_only,material_shift_proxy,5,8,0,0.01174,0.08138,0.11964,1,0,0,42.11958,1.69756,1,-0.87925,1,0.07534,0.26061,0.00829,0.00000,0.01510,cylinder,lift,0.2400,0.08933,-0.40913
monolithic_scalar_energy_only,material_shift_proxy,5,9,0,0.01489,0.07759,0.11270,1,0,0,42.95112,1.84456,1,-0.86480,1,0.05654,0.25804,0.02274,0.00000,0.00710,cylinder,lift,0.2400,0.09050,-0.77486
monolithic_scalar_energy_only,material_shift_proxy,5,10,1,0.13271,0.07016,0.07016,0,0,0,27.15078,1.76431,1,0.77384,1,0.22720,0.78902,0.00727,0.00000,0.01031,cylinder,lift,0.2400,0.11830,-2.87205
monolithic_scalar_energy_only,material_shift_proxy,5,11,0,0.01057,0.10698,0.14641,1,0,0,35.29082,1.77439,1,-0.88000,1,0.08769,0.43082,0.00119,0.00000,0.01848,cylinder,lift,0.2400,0.10298,-0.29963
monolithic_scalar_energy_only,material_shift_proxy,5,12,1,0.16641,0.03289,0.03289,0,0,0,27.46090,2.32535,1,0.85148,1,0.25591,0.83520,0.02322,0.00000,0.01699,cylinder,lift,0.2400,0.12063,2.86537
monolithic_scalar_energy_only,material_shift_proxy,5,13,1,0.16122,0.10156,0.10156,0,0,0,36.59905,2.91659,1,0.70842,1,0.07890,0.43546,0.04633,0.00000,0.00740,cylinder,lift,0.2400,0.10316,1.36096
monolithic_scalar_energy_only,material_shift_proxy,5,14,1,0.10574,0.10140,0.10140,0,0,0,30.30281,1.94230,1,0.70875,1,0.06836,0.39624,0.03782,0.00000,0.01266,cylinder,lift,0.2400,0.10155,2.08431
monolithic_scalar_energy_only,material_shift_proxy,6,0,1,0.16472,0.01097,0.01097,0,0,0,61.61921,3.08503,1,0.89714,1,0.03023,0.25370,0.01224,0.00000,0.00566,cylinder,lift,0.2400,0.09309,-2.46338
monolithic_scalar_energy_only,material_shift_proxy,6,1,0,0.01076,0.06361,0.10284,1,0,0,43.13703,2.01315,1,-0.84425,1,0.10523,0.25631,0.01946,0.00000,0.01071,cylinder,lift,0.2400,0.08579,2.23965
monolithic_scalar_energy_only,material_shift_proxy,6,2,0,0.01081,0.03298,0.07217,1,0,0,32.94182,1.59093,1,-0.78036,1,0.04292,0.25548,0.00156,0.00000,0.01396,cylinder,lift,0.2400,0.09259,0.01566
monolithic_scalar_energy_only,material_shift_proxy,6,3,0,0.01179,0.09286,0.13107,1,0,0,65.72036,1.45002,1,-0.88000,1,0.10291,0.26094,0.01947,0.00000,0.00793,cylinder,lift,0.2400,0.08576,0.85357
monolithic_scalar_energy_only,material_shift_proxy,6,4,1,0.15954,0.05993,0.05993,0,0,0,27.76486,2.16541,1,0.79515,1,0.21223,0.75060,0.01707,0.00000,0.00845,cylinder,lift,0.2400,0.11692,2.24258
monolithic_scalar_energy_only,material_shift_proxy,6,5,1,0.15574,0.06418,0.06418,0,0,0,30.54576,2.02825,1,0.78630,1,0.16891,0.63721,0.00406,0.00000,0.01416,cylinder,lift,0.2400,0.11186,0.09918
monolithic_scalar_energy_only,material_shift_proxy,6,6,1,0.16351,0.06353,0.06353,0,0,0,29.19700,2.33765,1,0.78765,1,0.18413,0.69174,0.03029,0.00000,0.00464,cylinder,lift,0.2400,0.11437,-0.19102
monolithic_scalar_energy_only,material_shift_proxy,6,7,1,0.15835,0.09054,0.09054,0,0,0,34.20770,2.60861,1,0.73138,1,0.13101,0.56274,0.00947,0.00000,0.00783,cylinder,lift,0.2400,0.10854,2.78698
monolithic_scalar_energy_only,material_shift_proxy,6,8,0,0.00639,0.10786,0.15148,1,0,0,41.78112,2.20148,1,-0.88000,1,0.05894,0.26309,0.04676,0.00000,0.00802,cylinder,lift,0.2400,0.09034,-1.62646
monolithic_scalar_energy_only,material_shift_proxy,6,9,1,0.16550,0.09475,0.09475,0,0,0,31.27943,2.59302,1,0.72260,1,0.16023,0.63951,0.04532,0.00000,0.00442,cylinder,lift,0.2400,0.11191,0.89979
monolithic_scalar_energy_only,material_shift_proxy,6,10,1,0.15285,0.09284,0.09284,0,0,0,28.15589,2.12363,1,0.72659,1,0.25332,0.81948,0.00026,0.00000,0.02265,cylinder,lift,0.2400,0.11980,0.24907
monolithic_scalar_energy_only,material_shift_proxy,6,11,1,0.14640,0.08402,0.08402,0,0,0,43.25097,2.67086,1,0.74496,1,0.06538,0.40103,0.02068,0.00000,0.00611,cylinder,lift,0.2400,0.10188,-2.47622
monolithic_scalar_energy_only,material_shift_proxy,6,12,1,0.12608,0.03114,0.03114,0,0,0,31.81318,2.12868,1,0.85513,1,0.12551,0.53402,0.01217,0.00000,0.01262,cylinder,lift,0.2400,0.10749,-0.27352
monolithic_scalar_energy_only,material_shift_proxy,6,13,1,0.16466,0.04689,0.04689,0,0,0,39.24271,3.11995,1,0.82231,1,0.01928,0.29039,0.00084,0.00000,0.00625,cylinder,lift,0.2400,0.09707,0.04248
monolithic_scalar_energy_only,material_shift_proxy,6,14,1,0.15572,0.05283,0.05283,0,0,0,25.60493,1.80611,1,0.80993,1,0.21974,0.75857,0.00055,0.00000,0.01416,cylinder,lift,0.2400,0.11714,-0.20438
monolithic_scalar_energy_only,material_shift_proxy,7,0,0,0.15186,0.12476,0.12476,0,0,0,32.25632,2.44890,1,-0.33000,1,0.13981,0.57688,0.00195,0.00000,0.00996,cylinder,lift,0.2400,0.10924,2.58332
monolithic_scalar_energy_only,material_shift_proxy,7,1,0,0.01411,0.00977,0.04566,1,0,0,38.50694,1.83858,1,-0.72512,1,0.02109,0.26781,0.00481,0.00000,0.01624,cylinder,lift,0.2400,0.09628,-0.21042
monolithic_scalar_energy_only,material_shift_proxy,7,2,1,0.16650,0.06685,0.06685,0,0,0,43.41157,3.62648,1,0.78073,1,0.08600,0.25864,0.00114,0.00000,0.00329,cylinder,lift,0.2400,0.08706,0.37065
monolithic_scalar_energy_only,material_shift_proxy,7,3,0,0.01550,0.08556,0.12006,1,0,0,38.99520,1.95045,1,-0.88000,1,0.03417,0.26025,0.00582,0.00000,0.01920,cylinder,lift,0.2400,0.09401,0.42055
monolithic_scalar_energy_only,material_shift_proxy,7,4,1,0.13054,0.04518,0.04518,0,0,0,28.48767,1.93098,1,0.82588,1,0.12712,0.55586,0.04497,0.00000,0.00214,cylinder,lift,0.2400,0.10869,-1.74143
monolithic_scalar_energy_only,material_shift_proxy,7,5,1,0.11060,0.03846,0.03846,0,0,0,30.96104,1.85114,1,0.83988,1,0.17587,0.65853,0.02724,0.00000,0.01028,cylinder,lift,0.2400,0.11296,2.18927
monolithic_scalar_energy_only,material_shift_proxy,7,6,0,0.05048,0.10456,0.10456,1,0,0,44.79653,2.56940,1,-0.84784,1,0.10358,0.26015,0.00998,0.00000,0.00803,cylinder,lift,0.2400,0.08570,2.92234
monolithic_scalar_energy_only,material_shift_proxy,7,7,0,0.01876,0.05161,0.08284,1,0,0,44.23435,2.38859,1,-0.80259,1,0.09428,0.25532,0.04642,0.00000,0.00717,cylinder,lift,0.2400,0.08658,0.61336
monolithic_scalar_energy_only,material_shift_proxy,7,8,1,0.07150,0.07399,0.07399,0,0,0,32.35041,1.71400,1,0.76586,1,0.14760,0.58447,0.00722,0.00000,0.01292,cylinder,lift,0.2400,0.10976,-3.10819
monolithic_scalar_energy_only,material_shift_proxy,7,9,0,0.01591,0.09265,0.12674,1,0,0,32.63851,1.67417,1,-0.88000,1,0.10052,0.25942,0.00711,0.00000,0.00834,cylinder,lift,0.2400,0.08604,-2.72386
monolithic_scalar_energy_only,material_shift_proxy,7,10,1,0.10776,0.02906,0.02906,0,0,0,27.29605,1.60560,1,0.85946,1,0.22323,0.75523,0.00277,0.00000,0.01884,cylinder,lift,0.2400,0.11705,0.29758
monolithic_scalar_energy_only,material_shift_proxy,7,11,1,0.15561,0.08931,0.08931,0,0,0,37.38862,2.87078,1,0.73394,1,0.03626,0.33607,0.04344,0.00000,0.00504,cylinder,lift,0.2400,0.09896,-1.70690
monolithic_scalar_energy_only,material_shift_proxy,7,12,1,0.14614,0.02672,0.02672,0,0,0,29.77295,2.16083,1,0.86433,1,0.19514,0.70543,0.00562,0.00000,0.01078,cylinder,lift,0.2400,0.11492,0.39284
monolithic_scalar_energy_only,material_shift_proxy,7,13,1,0.15252,0.04649,0.04649,0,0,0,36.77109,2.74853,1,0.82314,1,0.03618,0.33578,0.00258,0.00000,0.00515,cylinder,lift,0.2400,0.09894,-0.34808
monolithic_scalar_energy_only,material_shift_proxy,7,14,1,0.16645,0.04795,0.04795,0,0,0,38.99788,3.25760,1,0.82011,1,0.03640,0.31713,0.00234,0.00000,0.01221,cylinder,lift,0.2400,0.09827,-0.14321
