method,split,seed,mean_success,ci95_success,mean_slip,ci95_slip,drop_rate,collision_rate,unsafe_force_rate,mean_energy,sampled_candidates,episodes,seeds
antipodal_geometry,adversarial_clutter_gap,0,0.0000,0.0000,0.0886,0.0230,0.9333,1.0000,0.0000,1.6769,1.00,15,1
antipodal_geometry,adversarial_clutter_gap,1,0.0000,0.0000,0.0791,0.0215,0.5333,0.9333,0.0000,3.1793,1.00,15,1
antipodal_geometry,adversarial_clutter_gap,2,0.0000,0.0000,0.0936,0.0189,0.8000,1.0000,0.0000,2.9167,1.00,15,1
antipodal_geometry,adversarial_clutter_gap,3,0.0000,0.0000,0.1051,0.0267,0.9333,0.9333,0.0000,1.9241,1.00,15,1
antipodal_geometry,adversarial_clutter_gap,4,0.0000,0.0000,0.0938,0.0278,0.8000,1.0000,0.0000,2.6820,1.00,15,1
antipodal_geometry,adversarial_clutter_gap,5,0.0000,0.0000,0.0727,0.0137,0.5333,1.0000,0.0000,3.6891,1.00,15,1
antipodal_geometry,adversarial_clutter_gap,6,0.0000,0.0000,0.0901,0.0192,0.8667,1.0000,0.0000,2.3192,1.00,15,1
antipodal_geometry,adversarial_clutter_gap,7,0.0000,0.0000,0.0781,0.0221,0.8000,1.0000,0.0000,2.9827,1.00,15,1
antipodal_geometry,clutter_collision,0,0.4000,0.2566,0.0753,0.0261,0.1333,0.5333,0.0000,2.4761,1.00,15,1
antipodal_geometry,clutter_collision,1,0.2667,0.2316,0.0611,0.0120,0.0667,0.7333,0.0000,2.9434,1.00,15,1
antipodal_geometry,clutter_collision,2,0.4000,0.2566,0.0544,0.0197,0.0667,0.6000,0.0000,2.8040,1.00,15,1
antipodal_geometry,clutter_collision,3,0.1333,0.1781,0.0505,0.0137,0.2667,0.8667,0.0000,2.2044,1.00,15,1
antipodal_geometry,clutter_collision,4,0.3333,0.2469,0.0578,0.0260,0.2000,0.6000,0.0000,2.5899,1.00,15,1
antipodal_geometry,clutter_collision,5,0.3333,0.2469,0.0547,0.0170,0.0667,0.5333,0.0000,2.9387,1.00,15,1
antipodal_geometry,clutter_collision,6,0.4667,0.2613,0.0467,0.0151,0.2000,0.5333,0.0000,2.6885,1.00,15,1
antipodal_geometry,clutter_collision,7,0.3333,0.2469,0.0586,0.0121,0.1333,0.6667,0.0000,2.6292,1.00,15,1
antipodal_geometry,combined_composition_shift,0,0.0000,0.0000,0.1294,0.0390,0.6667,0.8667,0.0000,2.7413,1.00,15,1
antipodal_geometry,combined_composition_shift,1,0.0000,0.0000,0.1090,0.0406,0.4000,0.8667,0.0000,3.3577,1.00,15,1
antipodal_geometry,combined_composition_shift,2,0.0667,0.1307,0.0787,0.0254,0.2000,0.8667,0.0000,4.8403,1.00,15,1
antipodal_geometry,combined_composition_shift,3,0.0667,0.1307,0.0897,0.0214,0.4667,0.8000,0.0000,3.4096,1.00,15,1
antipodal_geometry,combined_composition_shift,4,0.0000,0.0000,0.1107,0.0289,0.5333,0.9333,0.0000,3.2562,1.00,15,1
antipodal_geometry,combined_composition_shift,5,0.0667,0.1307,0.0757,0.0171,0.3333,0.8667,0.0000,3.5637,1.00,15,1
antipodal_geometry,combined_composition_shift,6,0.1333,0.1781,0.0639,0.0234,0.1333,0.8667,0.0000,4.5842,1.00,15,1
antipodal_geometry,combined_composition_shift,7,0.0667,0.1307,0.0868,0.0284,0.4667,0.8667,0.0000,3.3799,1.00,15,1
antipodal_geometry,long_bar_high_aspect,0,0.2000,0.2095,0.0668,0.0121,0.7333,0.0000,0.0000,0.7016,1.00,15,1
antipodal_geometry,long_bar_high_aspect,1,0.2667,0.2316,0.0642,0.0107,0.6667,0.0000,0.0000,0.9041,1.00,15,1
antipodal_geometry,long_bar_high_aspect,2,0.1333,0.1781,0.0730,0.0124,0.7333,0.0000,0.0000,0.7310,1.00,15,1
antipodal_geometry,long_bar_high_aspect,3,0.2667,0.2316,0.0715,0.0131,0.6667,0.0000,0.0000,0.8469,1.00,15,1
antipodal_geometry,long_bar_high_aspect,4,0.2000,0.2095,0.0626,0.0081,0.8000,0.0000,0.0000,0.7830,1.00,15,1
antipodal_geometry,long_bar_high_aspect,5,0.2000,0.2095,0.0671,0.0082,0.8000,0.0000,0.0000,0.6651,1.00,15,1
antipodal_geometry,long_bar_high_aspect,6,0.1333,0.1781,0.0662,0.0139,0.8000,0.0000,0.0000,0.7615,1.00,15,1
antipodal_geometry,long_bar_high_aspect,7,0.0667,0.1307,0.0714,0.0135,0.8667,0.0000,0.0000,0.5984,1.00,15,1
antipodal_geometry,material_shift_proxy,0,0.4667,0.2613,0.0896,0.0199,0.5333,0.0000,0.0000,2.0532,1.00,15,1
antipodal_geometry,material_shift_proxy,1,0.2667,0.2316,0.0917,0.0159,0.6000,0.0000,0.0000,2.0945,1.00,15,1
antipodal_geometry,material_shift_proxy,2,0.2000,0.2095,0.0893,0.0196,0.7333,0.0000,0.0000,1.8984,1.00,15,1
antipodal_geometry,material_shift_proxy,3,0.4667,0.2613,0.0743,0.0203,0.3333,0.0000,0.0000,2.2516,1.00,15,1
antipodal_geometry,material_shift_proxy,4,0.1333,0.1781,0.0925,0.0167,0.6667,0.0000,0.0000,2.2623,1.00,15,1
antipodal_geometry,material_shift_proxy,5,0.3333,0.2469,0.0790,0.0206,0.6667,0.0000,0.0000,2.0785,1.00,15,1
antipodal_geometry,material_shift_proxy,6,0.5333,0.2613,0.0836,0.0222,0.3333,0.0000,0.0000,2.3499,1.00,15,1
antipodal_geometry,material_shift_proxy,7,0.2000,0.2095,0.0983,0.0236,0.8000,0.0000,0.0000,1.9670,1.00,15,1
antipodal_geometry,seen_simple,0,0.8667,0.1781,0.0704,0.0163,0.0000,0.0000,0.0000,2.1755,1.00,15,1
antipodal_geometry,seen_simple,1,0.8000,0.2095,0.0622,0.0190,0.0000,0.0000,0.0000,2.4618,1.00,15,1
antipodal_geometry,seen_simple,2,0.8000,0.2095,0.0698,0.0198,0.0000,0.0000,0.0000,2.4781,1.00,15,1
antipodal_geometry,seen_simple,3,0.7333,0.2316,0.0786,0.0169,0.0000,0.0000,0.0000,2.4781,1.00,15,1
antipodal_geometry,seen_simple,4,0.9333,0.1307,0.0642,0.0179,0.0000,0.0000,0.0000,2.2599,1.00,15,1
antipodal_geometry,seen_simple,5,0.8000,0.2095,0.0620,0.0200,0.0000,0.0000,0.0000,2.4699,1.00,15,1
antipodal_geometry,seen_simple,6,0.8000,0.2095,0.0681,0.0165,0.0000,0.0000,0.0000,2.2530,1.00,15,1
antipodal_geometry,seen_simple,7,0.7333,0.2316,0.0725,0.0183,0.0000,0.0000,0.0000,2.3820,1.00,15,1
antipodal_geometry,slippery_contact,0,0.5333,0.2613,0.0882,0.0209,0.4000,0.0000,0.0000,2.2175,1.00,15,1
antipodal_geometry,slippery_contact,1,0.5333,0.2613,0.0943,0.0190,0.3333,0.0000,0.0000,2.2757,1.00,15,1
antipodal_geometry,slippery_contact,2,0.2667,0.2316,0.0971,0.0186,0.7333,0.0000,0.0000,2.0063,1.00,15,1
antipodal_geometry,slippery_contact,3,0.6000,0.2566,0.0777,0.0156,0.3333,0.0000,0.0000,2.2137,1.00,15,1
antipodal_geometry,slippery_contact,4,0.1333,0.1781,0.0998,0.0174,0.5333,0.0000,0.0000,2.0626,1.00,15,1
antipodal_geometry,slippery_contact,5,0.2667,0.2316,0.0899,0.0242,0.6000,0.0000,0.0000,1.9365,1.00,15,1
antipodal_geometry,slippery_contact,6,0.2667,0.2316,0.0965,0.0166,0.6000,0.0000,0.0000,1.9534,1.00,15,1
antipodal_geometry,slippery_contact,7,0.4000,0.2566,0.0940,0.0222,0.5333,0.0000,0.0000,1.9933,1.00,15,1
antipodal_geometry,task_constraint_shift,0,0.0667,0.1307,0.0747,0.0163,0.6667,0.0000,0.0000,1.7808,1.00,15,1
antipodal_geometry,task_constraint_shift,1,0.0667,0.1307,0.0579,0.0157,0.5333,0.0000,0.0000,2.6087,1.00,15,1
antipodal_geometry,task_constraint_shift,2,0.0667,0.1307,0.0671,0.0165,0.6000,0.0000,0.0000,2.5180,1.00,15,1
antipodal_geometry,task_constraint_shift,3,0.0000,0.0000,0.0637,0.0128,0.8667,0.0000,0.0000,1.2977,1.00,15,1
antipodal_geometry,task_constraint_shift,4,0.0667,0.1307,0.0614,0.0088,0.8667,0.0000,0.0000,0.9754,1.00,15,1
antipodal_geometry,task_constraint_shift,5,0.1333,0.1781,0.0544,0.0144,0.5333,0.0000,0.0000,2.5411,1.00,15,1
antipodal_geometry,task_constraint_shift,6,0.0000,0.0000,0.0683,0.0142,0.6667,0.0000,0.0000,2.4433,1.00,15,1
antipodal_geometry,task_constraint_shift,7,0.1333,0.1781,0.0609,0.0149,0.6667,0.0000,0.0000,1.9122,1.00,15,1
antipodal_geometry,thin_handle_shift,0,0.0000,0.0000,0.0794,0.0160,0.2667,0.0000,0.0000,3.3608,1.00,15,1
antipodal_geometry,thin_handle_shift,1,0.0000,0.0000,0.0631,0.0192,0.2000,0.0000,0.0000,3.4112,1.00,15,1
antipodal_geometry,thin_handle_shift,2,0.0000,0.0000,0.0771,0.0226,0.5333,0.0000,0.0000,2.5261,1.00,15,1
antipodal_geometry,thin_handle_shift,3,0.0000,0.0000,0.0823,0.0183,0.4000,0.0000,0.0000,3.0668,1.00,15,1
antipodal_geometry,thin_handle_shift,4,0.0000,0.0000,0.0844,0.0185,0.4000,0.0000,0.0000,2.9450,1.00,15,1
antipodal_geometry,thin_handle_shift,5,0.0000,0.0000,0.0770,0.0167,0.2667,0.0000,0.0000,3.4418,1.00,15,1
antipodal_geometry,thin_handle_shift,6,0.0000,0.0000,0.0540,0.0221,0.1333,0.0000,0.0000,4.1708,1.00,15,1
antipodal_geometry,thin_handle_shift,7,0.0000,0.0000,0.0864,0.0177,0.4667,0.0000,0.0000,2.8527,1.00,15,1
antipodal_geometry,unseen_dimensions,0,0.8000,0.2095,0.0609,0.0210,0.1333,0.0000,0.0000,3.8858,1.00,15,1
antipodal_geometry,unseen_dimensions,1,0.6667,0.2469,0.0645,0.0230,0.0667,0.0000,0.0000,4.3694,1.00,15,1
antipodal_geometry,unseen_dimensions,2,0.8000,0.2095,0.0639,0.0156,0.0667,0.0000,0.0000,4.3228,1.00,15,1
antipodal_geometry,unseen_dimensions,3,0.8000,0.2095,0.0570,0.0204,0.0000,0.0000,0.0000,4.5087,1.00,15,1
antipodal_geometry,unseen_dimensions,4,0.8000,0.2095,0.0622,0.0174,0.0667,0.0000,0.0000,3.9684,1.00,15,1
antipodal_geometry,unseen_dimensions,5,0.7333,0.2316,0.0685,0.0182,0.0667,0.0000,0.0000,4.1440,1.00,15,1
antipodal_geometry,unseen_dimensions,6,0.6667,0.2469,0.0636,0.0233,0.1333,0.0000,0.0000,4.0989,1.00,15,1
antipodal_geometry,unseen_dimensions,7,0.6000,0.2566,0.0667,0.0259,0.2000,0.0000,0.0000,3.5783,1.00,15,1
antipodal_geometry,unseen_shape_family,0,0.2000,0.2095,0.0579,0.0198,0.0000,0.0000,0.0000,2.9239,1.00,15,1
antipodal_geometry,unseen_shape_family,1,0.4000,0.2566,0.0673,0.0206,0.0000,0.0000,0.0000,2.9056,1.00,15,1
antipodal_geometry,unseen_shape_family,2,0.5333,0.2613,0.0479,0.0165,0.0000,0.0000,0.0000,3.1111,1.00,15,1
antipodal_geometry,unseen_shape_family,3,0.2000,0.2095,0.0458,0.0131,0.0000,0.0000,0.0000,2.9248,1.00,15,1
antipodal_geometry,unseen_shape_family,4,0.5333,0.2613,0.0710,0.0184,0.0000,0.0000,0.0000,3.3748,1.00,15,1
antipodal_geometry,unseen_shape_family,5,0.2000,0.2095,0.0676,0.0175,0.0000,0.0000,0.0000,3.0758,1.00,15,1
antipodal_geometry,unseen_shape_family,6,0.4000,0.2566,0.0748,0.0204,0.0000,0.0000,0.0000,2.7843,1.00,15,1
antipodal_geometry,unseen_shape_family,7,0.4667,0.2613,0.0389,0.0171,0.0000,0.0000,0.0000,2.8635,1.00,15,1
calibrated_stacked_ranker,adversarial_clutter_gap,0,0.0000,0.0000,0.0836,0.0195,0.8000,0.9333,0.0000,3.0070,1.00,15,1
calibrated_stacked_ranker,adversarial_clutter_gap,1,0.0000,0.0000,0.0841,0.0247,0.6667,1.0000,0.0000,2.8609,1.00,15,1
calibrated_stacked_ranker,adversarial_clutter_gap,2,0.0000,0.0000,0.0839,0.0157,0.6000,1.0000,0.0000,2.9875,1.00,15,1
calibrated_stacked_ranker,adversarial_clutter_gap,3,0.0000,0.0000,0.1125,0.0379,0.8667,1.0000,0.0000,2.7768,1.00,15,1
calibrated_stacked_ranker,adversarial_clutter_gap,4,0.0000,0.0000,0.0844,0.0172,0.7333,1.0000,0.0000,2.8432,1.00,15,1
calibrated_stacked_ranker,adversarial_clutter_gap,5,0.0000,0.0000,0.1042,0.0499,0.6667,1.0000,0.0000,3.7239,1.00,15,1
calibrated_stacked_ranker,adversarial_clutter_gap,6,0.0000,0.0000,0.0892,0.0300,0.8000,1.0000,0.0000,2.4743,1.00,15,1
calibrated_stacked_ranker,adversarial_clutter_gap,7,0.0000,0.0000,0.0765,0.0203,0.8667,1.0000,0.0000,2.7308,1.00,15,1
calibrated_stacked_ranker,clutter_collision,0,0.4667,0.2613,0.0596,0.0142,0.2000,0.4667,0.0000,2.0824,1.00,15,1
calibrated_stacked_ranker,clutter_collision,1,0.5333,0.2613,0.0463,0.0161,0.1333,0.4667,0.0000,2.4650,1.00,15,1
calibrated_stacked_ranker,clutter_collision,2,0.3333,0.2469,0.0491,0.0112,0.0667,0.6667,0.0000,2.5328,1.00,15,1
calibrated_stacked_ranker,clutter_collision,3,0.4000,0.2566,0.0494,0.0162,0.2667,0.5333,0.0000,2.0413,1.00,15,1
calibrated_stacked_ranker,clutter_collision,4,0.4667,0.2613,0.0556,0.0272,0.0667,0.5333,0.0000,2.5812,1.00,15,1
calibrated_stacked_ranker,clutter_collision,5,0.4667,0.2613,0.0357,0.0109,0.0667,0.5333,0.0000,2.7323,1.00,15,1
calibrated_stacked_ranker,clutter_collision,6,0.6000,0.2566,0.0357,0.0126,0.0667,0.4000,0.0000,2.8134,1.00,15,1
calibrated_stacked_ranker,clutter_collision,7,0.5333,0.2613,0.0440,0.0139,0.2000,0.4667,0.0000,2.2905,1.00,15,1
calibrated_stacked_ranker,combined_composition_shift,0,0.0000,0.0000,0.0881,0.0212,0.4667,0.9333,0.0000,3.6167,1.00,15,1
calibrated_stacked_ranker,combined_composition_shift,1,0.0000,0.0000,0.1062,0.0393,0.4667,0.8667,0.0000,2.8932,1.00,15,1
calibrated_stacked_ranker,combined_composition_shift,2,0.1333,0.1781,0.0852,0.0276,0.2667,0.8000,0.0000,4.3945,1.00,15,1
calibrated_stacked_ranker,combined_composition_shift,3,0.1333,0.1781,0.0730,0.0250,0.3333,0.8000,0.0000,3.7174,1.00,15,1
calibrated_stacked_ranker,combined_composition_shift,4,0.0667,0.1307,0.0923,0.0284,0.6667,0.8000,0.0000,2.7916,1.00,15,1
calibrated_stacked_ranker,combined_composition_shift,5,0.0667,0.1307,0.0694,0.0179,0.2667,0.9333,0.0000,3.9093,1.00,15,1
calibrated_stacked_ranker,combined_composition_shift,6,0.1333,0.1781,0.0591,0.0242,0.2667,0.8667,0.0000,3.5644,1.00,15,1
calibrated_stacked_ranker,combined_composition_shift,7,0.0667,0.1307,0.0699,0.0170,0.2000,0.8667,0.0000,3.7416,1.00,15,1
calibrated_stacked_ranker,long_bar_high_aspect,0,1.0000,0.0000,0.0493,0.0152,0.0000,0.0000,0.0000,1.6180,1.00,15,1
calibrated_stacked_ranker,long_bar_high_aspect,1,0.9333,0.1307,0.0583,0.0129,0.0667,0.0000,0.0000,1.6931,1.00,15,1
calibrated_stacked_ranker,long_bar_high_aspect,2,1.0000,0.0000,0.0508,0.0133,0.0000,0.0000,0.0000,1.7645,1.00,15,1
calibrated_stacked_ranker,long_bar_high_aspect,3,0.9333,0.1307,0.0545,0.0138,0.0667,0.0000,0.0000,1.4674,1.00,15,1
calibrated_stacked_ranker,long_bar_high_aspect,4,1.0000,0.0000,0.0556,0.0118,0.0000,0.0000,0.0000,1.7791,1.00,15,1
calibrated_stacked_ranker,long_bar_high_aspect,5,0.9333,0.1307,0.0501,0.0184,0.0000,0.0000,0.0000,1.8368,1.00,15,1
calibrated_stacked_ranker,long_bar_high_aspect,6,1.0000,0.0000,0.0426,0.0140,0.0000,0.0000,0.0000,1.8067,1.00,15,1
calibrated_stacked_ranker,long_bar_high_aspect,7,1.0000,0.0000,0.0488,0.0147,0.0000,0.0000,0.0000,1.6085,1.00,15,1
calibrated_stacked_ranker,material_shift_proxy,0,0.5333,0.2613,0.0712,0.0182,0.4667,0.0000,0.0000,2.0579,1.00,15,1
calibrated_stacked_ranker,material_shift_proxy,1,0.6667,0.2469,0.0662,0.0182,0.2000,0.0000,0.0000,2.3595,1.00,15,1
calibrated_stacked_ranker,material_shift_proxy,2,0.7333,0.2316,0.0677,0.0151,0.2000,0.0000,0.0000,2.2201,1.00,15,1
calibrated_stacked_ranker,material_shift_proxy,3,0.8667,0.1781,0.0567,0.0149,0.0667,0.0000,0.0000,2.3057,1.00,15,1
calibrated_stacked_ranker,material_shift_proxy,4,0.6000,0.2566,0.0590,0.0109,0.4000,0.0000,0.0000,1.9907,1.00,15,1
calibrated_stacked_ranker,material_shift_proxy,5,0.5333,0.2613,0.0762,0.0171,0.4000,0.0000,0.0000,1.9302,1.00,15,1
calibrated_stacked_ranker,material_shift_proxy,6,0.7333,0.2316,0.0586,0.0170,0.1333,0.0000,0.0000,2.2912,1.00,15,1
calibrated_stacked_ranker,material_shift_proxy,7,0.8667,0.1781,0.0569,0.0141,0.1333,0.0000,0.0000,2.3801,1.00,15,1
calibrated_stacked_ranker,seen_simple,0,1.0000,0.0000,0.0370,0.0122,0.0000,0.0000,0.0000,2.7902,1.00,15,1
calibrated_stacked_ranker,seen_simple,1,1.0000,0.0000,0.0320,0.0095,0.0000,0.0000,0.0000,2.5481,1.00,15,1
calibrated_stacked_ranker,seen_simple,2,1.0000,0.0000,0.0314,0.0147,0.0000,0.0000,0.0000,2.8885,1.00,15,1
calibrated_stacked_ranker,seen_simple,3,1.0000,0.0000,0.0343,0.0114,0.0000,0.0000,0.0000,2.6719,1.00,15,1
calibrated_stacked_ranker,seen_simple,4,1.0000,0.0000,0.0307,0.0097,0.0000,0.0000,0.0000,2.8077,1.00,15,1
calibrated_stacked_ranker,seen_simple,5,1.0000,0.0000,0.0402,0.0117,0.0000,0.0000,0.0000,2.6762,1.00,15,1
calibrated_stacked_ranker,seen_simple,6,1.0000,0.0000,0.0380,0.0148,0.0000,0.0000,0.0000,2.9361,1.00,15,1
calibrated_stacked_ranker,seen_simple,7,1.0000,0.0000,0.0381,0.0099,0.0000,0.0000,0.0000,2.7485,1.00,15,1
calibrated_stacked_ranker,slippery_contact,0,1.0000,0.0000,0.0431,0.0116,0.0000,0.0000,0.0000,2.1041,1.00,15,1
calibrated_stacked_ranker,slippery_contact,1,0.9333,0.1307,0.0611,0.0128,0.0667,0.0000,0.0000,2.0131,1.00,15,1
calibrated_stacked_ranker,slippery_contact,2,1.0000,0.0000,0.0510,0.0092,0.0000,0.0000,0.0000,2.1667,1.00,15,1
calibrated_stacked_ranker,slippery_contact,3,1.0000,0.0000,0.0470,0.0094,0.0000,0.0000,0.0000,2.0587,1.00,15,1
calibrated_stacked_ranker,slippery_contact,4,0.9333,0.1307,0.0453,0.0095,0.0667,0.0000,0.0000,2.3013,1.00,15,1
calibrated_stacked_ranker,slippery_contact,5,0.8667,0.1781,0.0540,0.0112,0.1333,0.0000,0.0000,2.0145,1.00,15,1
calibrated_stacked_ranker,slippery_contact,6,0.8667,0.1781,0.0569,0.0135,0.1333,0.0000,0.0000,2.0223,1.00,15,1
calibrated_stacked_ranker,slippery_contact,7,0.9333,0.1307,0.0551,0.0137,0.0667,0.0000,0.0000,2.0935,1.00,15,1
calibrated_stacked_ranker,task_constraint_shift,0,1.0000,0.0000,0.0579,0.0119,0.0000,0.0000,0.0000,1.9591,1.00,15,1
calibrated_stacked_ranker,task_constraint_shift,1,1.0000,0.0000,0.0493,0.0125,0.0000,0.0000,0.0000,1.8410,1.00,15,1
calibrated_stacked_ranker,task_constraint_shift,2,1.0000,0.0000,0.0404,0.0162,0.0000,0.0000,0.0000,1.6127,1.00,15,1
calibrated_stacked_ranker,task_constraint_shift,3,1.0000,0.0000,0.0469,0.0156,0.0000,0.0000,0.0000,1.7775,1.00,15,1
calibrated_stacked_ranker,task_constraint_shift,4,1.0000,0.0000,0.0480,0.0114,0.0000,0.0000,0.0000,1.8522,1.00,15,1
calibrated_stacked_ranker,task_constraint_shift,5,1.0000,0.0000,0.0407,0.0137,0.0000,0.0000,0.0000,1.8530,1.00,15,1
calibrated_stacked_ranker,task_constraint_shift,6,1.0000,0.0000,0.0447,0.0125,0.0000,0.0000,0.0000,1.9688,1.00,15,1
calibrated_stacked_ranker,task_constraint_shift,7,1.0000,0.0000,0.0471,0.0142,0.0000,0.0000,0.0000,1.8367,1.00,15,1
calibrated_stacked_ranker,thin_handle_shift,0,1.0000,0.0000,0.0467,0.0147,0.0000,0.0000,0.0000,2.2208,1.00,15,1
calibrated_stacked_ranker,thin_handle_shift,1,1.0000,0.0000,0.0391,0.0146,0.0000,0.0000,0.0000,2.2228,1.00,15,1
calibrated_stacked_ranker,thin_handle_shift,2,1.0000,0.0000,0.0569,0.0140,0.0000,0.0000,0.0000,2.2146,1.00,15,1
calibrated_stacked_ranker,thin_handle_shift,3,1.0000,0.0000,0.0383,0.0140,0.0000,0.0000,0.0000,2.1529,1.00,15,1
calibrated_stacked_ranker,thin_handle_shift,4,1.0000,0.0000,0.0505,0.0142,0.0000,0.0000,0.0000,2.1449,1.00,15,1
calibrated_stacked_ranker,thin_handle_shift,5,0.9333,0.1307,0.0444,0.0155,0.0000,0.0000,0.0000,2.1783,1.00,15,1
calibrated_stacked_ranker,thin_handle_shift,6,1.0000,0.0000,0.0421,0.0133,0.0000,0.0000,0.0000,2.1862,1.00,15,1
calibrated_stacked_ranker,thin_handle_shift,7,1.0000,0.0000,0.0351,0.0115,0.0000,0.0000,0.0000,2.1825,1.00,15,1
calibrated_stacked_ranker,unseen_dimensions,0,1.0000,0.0000,0.0344,0.0130,0.0000,0.0000,0.0000,2.2988,1.00,15,1
calibrated_stacked_ranker,unseen_dimensions,1,1.0000,0.0000,0.0355,0.0135,0.0000,0.0000,0.0000,2.2518,1.00,15,1
calibrated_stacked_ranker,unseen_dimensions,2,1.0000,0.0000,0.0481,0.0161,0.0000,0.0000,0.0000,2.2618,1.00,15,1
calibrated_stacked_ranker,unseen_dimensions,3,1.0000,0.0000,0.0334,0.0123,0.0000,0.0000,0.0000,1.9985,1.00,15,1
calibrated_stacked_ranker,unseen_dimensions,4,1.0000,0.0000,0.0389,0.0160,0.0000,0.0000,0.0000,2.2031,1.00,15,1
calibrated_stacked_ranker,unseen_dimensions,5,1.0000,0.0000,0.0465,0.0127,0.0000,0.0000,0.0000,2.1727,1.00,15,1
calibrated_stacked_ranker,unseen_dimensions,6,1.0000,0.0000,0.0441,0.0159,0.0000,0.0000,0.0000,2.1271,1.00,15,1
calibrated_stacked_ranker,unseen_dimensions,7,1.0000,0.0000,0.0475,0.0121,0.0000,0.0000,0.0000,1.9265,1.00,15,1
calibrated_stacked_ranker,unseen_shape_family,0,1.0000,0.0000,0.0503,0.0139,0.0000,0.0000,0.0000,3.5861,1.00,15,1
calibrated_stacked_ranker,unseen_shape_family,1,1.0000,0.0000,0.0499,0.0128,0.0000,0.0000,0.0000,3.4961,1.00,15,1
calibrated_stacked_ranker,unseen_shape_family,2,1.0000,0.0000,0.0520,0.0150,0.0000,0.0000,0.0000,3.4660,1.00,15,1
calibrated_stacked_ranker,unseen_shape_family,3,1.0000,0.0000,0.0414,0.0121,0.0000,0.0000,0.0000,3.5053,1.00,15,1
calibrated_stacked_ranker,unseen_shape_family,4,1.0000,0.0000,0.0473,0.0149,0.0000,0.0000,0.0000,3.7159,1.00,15,1
calibrated_stacked_ranker,unseen_shape_family,5,0.8667,0.1781,0.0616,0.0172,0.0000,0.0000,0.0000,3.6752,1.00,15,1
calibrated_stacked_ranker,unseen_shape_family,6,1.0000,0.0000,0.0486,0.0139,0.0000,0.0000,0.0000,3.5200,1.00,15,1
calibrated_stacked_ranker,unseen_shape_family,7,1.0000,0.0000,0.0320,0.0125,0.0000,0.0000,0.0000,3.4407,1.00,15,1
cem_grasp_search,adversarial_clutter_gap,0,0.0000,0.0000,0.0728,0.0178,0.8000,0.8667,0.0000,2.6714,1.00,15,1
cem_grasp_search,adversarial_clutter_gap,1,0.0000,0.0000,0.0643,0.0135,0.4000,1.0000,0.0000,3.5290,1.00,15,1
cem_grasp_search,adversarial_clutter_gap,2,0.0000,0.0000,0.0856,0.0168,0.8000,1.0000,0.0000,3.1787,1.00,15,1
cem_grasp_search,adversarial_clutter_gap,3,0.0000,0.0000,0.1110,0.0353,0.8000,0.9333,0.0000,2.5755,1.00,15,1
cem_grasp_search,adversarial_clutter_gap,4,0.0000,0.0000,0.0849,0.0275,0.7333,1.0000,0.0000,2.9055,1.00,15,1
cem_grasp_search,adversarial_clutter_gap,5,0.0000,0.0000,0.1001,0.0501,0.5333,1.0000,0.0000,4.4265,1.00,15,1
cem_grasp_search,adversarial_clutter_gap,6,0.0000,0.0000,0.0854,0.0290,0.7333,1.0000,0.0000,2.5530,1.00,15,1
cem_grasp_search,adversarial_clutter_gap,7,0.0000,0.0000,0.0638,0.0187,0.7333,1.0000,0.0000,3.4065,1.00,15,1
cem_grasp_search,clutter_collision,0,0.3333,0.2469,0.0828,0.0255,0.1333,0.5333,0.0000,2.5649,1.00,15,1
cem_grasp_search,clutter_collision,1,0.2667,0.2316,0.0586,0.0152,0.1333,0.7333,0.0000,2.7547,1.00,15,1
cem_grasp_search,clutter_collision,2,0.4000,0.2566,0.0576,0.0135,0.0667,0.6000,0.0000,2.7088,1.00,15,1
cem_grasp_search,clutter_collision,3,0.2000,0.2095,0.0638,0.0151,0.4000,0.7333,0.0000,2.1075,1.00,15,1
cem_grasp_search,clutter_collision,4,0.2000,0.2095,0.0529,0.0163,0.0667,0.8000,0.0000,2.8637,1.00,15,1
cem_grasp_search,clutter_collision,5,0.4667,0.2613,0.0580,0.0206,0.1333,0.4000,0.0000,2.8505,1.00,15,1
cem_grasp_search,clutter_collision,6,0.6000,0.2566,0.0391,0.0141,0.1333,0.4000,0.0000,2.8015,1.00,15,1
cem_grasp_search,clutter_collision,7,0.4000,0.2566,0.0567,0.0115,0.1333,0.6000,0.0000,2.8257,1.00,15,1
cem_grasp_search,combined_composition_shift,0,0.0000,0.0000,0.1063,0.0410,0.4000,0.8667,0.0000,4.0549,1.00,15,1
cem_grasp_search,combined_composition_shift,1,0.0000,0.0000,0.1052,0.0412,0.3333,1.0000,0.0000,3.6502,1.00,15,1
cem_grasp_search,combined_composition_shift,2,0.0667,0.1307,0.0719,0.0198,0.1333,0.8667,0.0000,4.8751,1.00,15,1
cem_grasp_search,combined_composition_shift,3,0.0667,0.1307,0.0890,0.0243,0.4667,0.8667,0.0000,3.3895,1.00,15,1
cem_grasp_search,combined_composition_shift,4,0.0000,0.0000,0.1050,0.0317,0.5333,0.9333,0.0000,3.0376,1.00,15,1
cem_grasp_search,combined_composition_shift,5,0.0667,0.1307,0.0779,0.0201,0.3333,0.8667,0.0000,3.7542,1.00,15,1
cem_grasp_search,combined_composition_shift,6,0.0667,0.1307,0.0701,0.0208,0.4000,0.9333,0.0000,3.8591,1.00,15,1
cem_grasp_search,combined_composition_shift,7,0.0667,0.1307,0.0881,0.0268,0.4667,0.8667,0.0000,3.1301,1.00,15,1
cem_grasp_search,long_bar_high_aspect,0,0.4000,0.2566,0.0602,0.0114,0.5333,0.0000,0.0000,0.7738,1.00,15,1
cem_grasp_search,long_bar_high_aspect,1,0.3333,0.2469,0.0681,0.0118,0.6667,0.0000,0.0000,0.8053,1.00,15,1
cem_grasp_search,long_bar_high_aspect,2,0.3333,0.2469,0.0667,0.0171,0.6000,0.0000,0.0000,0.8060,1.00,15,1
cem_grasp_search,long_bar_high_aspect,3,0.2667,0.2316,0.0688,0.0126,0.6667,0.0000,0.0000,0.8363,1.00,15,1
cem_grasp_search,long_bar_high_aspect,4,0.2667,0.2316,0.0640,0.0082,0.7333,0.0000,0.0000,0.8652,1.00,15,1
cem_grasp_search,long_bar_high_aspect,5,0.2667,0.2316,0.0571,0.0121,0.7333,0.0000,0.0000,0.7465,1.00,15,1
cem_grasp_search,long_bar_high_aspect,6,0.4000,0.2566,0.0580,0.0166,0.5333,0.0000,0.0000,0.9624,1.00,15,1
cem_grasp_search,long_bar_high_aspect,7,0.3333,0.2469,0.0534,0.0075,0.6667,0.0000,0.0000,0.7522,1.00,15,1
cem_grasp_search,material_shift_proxy,0,0.2000,0.2095,0.0932,0.0184,0.8000,0.0000,0.0000,1.8236,1.00,15,1
cem_grasp_search,material_shift_proxy,1,0.1333,0.1781,0.0879,0.0175,0.6000,0.0000,0.0000,2.0087,1.00,15,1
cem_grasp_search,material_shift_proxy,2,0.3333,0.2469,0.0733,0.0191,0.6000,0.0000,0.0000,2.2730,1.00,15,1
cem_grasp_search,material_shift_proxy,3,0.4667,0.2613,0.0728,0.0197,0.4000,0.0000,0.0000,2.1716,1.00,15,1
cem_grasp_search,material_shift_proxy,4,0.1333,0.1781,0.0808,0.0140,0.8000,0.0000,0.0000,1.9018,1.00,15,1
cem_grasp_search,material_shift_proxy,5,0.2000,0.2095,0.0707,0.0161,0.8000,0.0000,0.0000,1.9425,1.00,15,1
cem_grasp_search,material_shift_proxy,6,0.4000,0.2566,0.0748,0.0236,0.6000,0.0000,0.0000,2.0649,1.00,15,1
cem_grasp_search,material_shift_proxy,7,0.1333,0.1781,0.0916,0.0207,0.8667,0.0000,0.0000,1.9005,1.00,15,1
cem_grasp_search,seen_simple,0,0.9333,0.1307,0.0606,0.0169,0.0000,0.0000,0.0000,2.5724,1.00,15,1
cem_grasp_search,seen_simple,1,0.8667,0.1781,0.0559,0.0198,0.0000,0.0000,0.0000,2.7114,1.00,15,1
cem_grasp_search,seen_simple,2,0.8667,0.1781,0.0607,0.0176,0.0000,0.0000,0.0000,2.7372,1.00,15,1
cem_grasp_search,seen_simple,3,0.8000,0.2095,0.0611,0.0202,0.0000,0.0000,0.0000,2.6930,1.00,15,1
cem_grasp_search,seen_simple,4,0.9333,0.1307,0.0616,0.0152,0.0000,0.0000,0.0000,2.4221,1.00,15,1
cem_grasp_search,seen_simple,5,0.8667,0.1781,0.0508,0.0173,0.0000,0.0000,0.0000,2.6143,1.00,15,1
cem_grasp_search,seen_simple,6,0.8000,0.2095,0.0491,0.0207,0.0000,0.0000,0.0000,2.3216,1.00,15,1
cem_grasp_search,seen_simple,7,0.9333,0.1307,0.0455,0.0152,0.0000,0.0000,0.0000,2.5324,1.00,15,1
cem_grasp_search,slippery_contact,0,0.3333,0.2469,0.0816,0.0157,0.6000,0.0000,0.0000,2.1287,1.00,15,1
cem_grasp_search,slippery_contact,1,0.4000,0.2566,0.0698,0.0226,0.6000,0.0000,0.0000,2.0052,1.00,15,1
cem_grasp_search,slippery_contact,2,0.1333,0.1781,0.0960,0.0214,0.8667,0.0000,0.0000,1.8277,1.00,15,1
cem_grasp_search,slippery_contact,3,0.4667,0.2613,0.0840,0.0179,0.5333,0.0000,0.0000,1.9993,1.00,15,1
cem_grasp_search,slippery_contact,4,0.0667,0.1307,0.0977,0.0147,0.8000,0.0000,0.0000,1.9426,1.00,15,1
cem_grasp_search,slippery_contact,5,0.4000,0.2566,0.0706,0.0230,0.4667,0.0000,0.0000,2.1867,1.00,15,1
cem_grasp_search,slippery_contact,6,0.3333,0.2469,0.0737,0.0158,0.6667,0.0000,0.0000,1.9889,1.00,15,1
cem_grasp_search,slippery_contact,7,0.3333,0.2469,0.0816,0.0216,0.5333,0.0000,0.0000,2.1379,1.00,15,1
cem_grasp_search,task_constraint_shift,0,0.2000,0.2095,0.0693,0.0120,0.8000,0.0000,0.0000,0.7290,1.00,15,1
cem_grasp_search,task_constraint_shift,1,0.3333,0.2469,0.0646,0.0162,0.6000,0.0000,0.0000,1.0172,1.00,15,1
cem_grasp_search,task_constraint_shift,2,0.3333,0.2469,0.0590,0.0131,0.6667,0.0000,0.0000,0.8426,1.00,15,1
cem_grasp_search,task_constraint_shift,3,0.2667,0.2316,0.0599,0.0112,0.6667,0.0000,0.0000,0.9124,1.00,15,1
cem_grasp_search,task_constraint_shift,4,0.2000,0.2095,0.0609,0.0088,0.8000,0.0000,0.0000,0.7673,1.00,15,1
cem_grasp_search,task_constraint_shift,5,0.3333,0.2469,0.0621,0.0141,0.6667,0.0000,0.0000,0.8815,1.00,15,1
cem_grasp_search,task_constraint_shift,6,0.4000,0.2566,0.0682,0.0172,0.4667,0.0000,0.0000,1.3524,1.00,15,1
cem_grasp_search,task_constraint_shift,7,0.4000,0.2566,0.0552,0.0139,0.6000,0.0000,0.0000,0.8771,1.00,15,1
cem_grasp_search,thin_handle_shift,0,0.9333,0.1307,0.0506,0.0172,0.0000,0.0000,0.0000,2.1933,1.00,15,1
cem_grasp_search,thin_handle_shift,1,0.8667,0.1781,0.0488,0.0190,0.0000,0.0000,0.0000,2.0504,1.00,15,1
cem_grasp_search,thin_handle_shift,2,0.9333,0.1307,0.0556,0.0143,0.0000,0.0000,0.0000,2.2512,1.00,15,1
cem_grasp_search,thin_handle_shift,3,0.7333,0.2316,0.0625,0.0201,0.0000,0.0000,0.0000,2.0921,1.00,15,1
cem_grasp_search,thin_handle_shift,4,1.0000,0.0000,0.0557,0.0136,0.0000,0.0000,0.0000,2.1544,1.00,15,1
cem_grasp_search,thin_handle_shift,5,0.7333,0.2316,0.0639,0.0183,0.0000,0.0000,0.0000,2.2479,1.00,15,1
cem_grasp_search,thin_handle_shift,6,0.9333,0.1307,0.0536,0.0144,0.0000,0.0000,0.0000,2.1136,1.00,15,1
cem_grasp_search,thin_handle_shift,7,0.9333,0.1307,0.0518,0.0177,0.0000,0.0000,0.0000,2.2356,1.00,15,1
cem_grasp_search,unseen_dimensions,0,0.6000,0.2566,0.0669,0.0253,0.3333,0.0000,0.0000,3.2704,1.00,15,1
cem_grasp_search,unseen_dimensions,1,0.7333,0.2316,0.0487,0.0186,0.0667,0.0000,0.0000,4.2140,1.00,15,1
cem_grasp_search,unseen_dimensions,2,0.7333,0.2316,0.0589,0.0184,0.1333,0.0000,0.0000,4.2008,1.00,15,1
cem_grasp_search,unseen_dimensions,3,0.8000,0.2095,0.0608,0.0195,0.0000,0.0000,0.0000,4.5967,1.00,15,1
cem_grasp_search,unseen_dimensions,4,0.5333,0.2613,0.0600,0.0222,0.3333,0.0000,0.0000,3.3695,1.00,15,1
cem_grasp_search,unseen_dimensions,5,0.6667,0.2469,0.0685,0.0214,0.2000,0.0000,0.0000,3.6500,1.00,15,1
cem_grasp_search,unseen_dimensions,6,0.6000,0.2566,0.0782,0.0224,0.2000,0.0000,0.0000,4.0492,1.00,15,1
cem_grasp_search,unseen_dimensions,7,0.4667,0.2613,0.0701,0.0172,0.4000,0.0000,0.0000,2.9676,1.00,15,1
cem_grasp_search,unseen_shape_family,0,1.0000,0.0000,0.0578,0.0127,0.0000,0.0000,0.0000,3.7177,1.00,15,1
cem_grasp_search,unseen_shape_family,1,0.9333,0.1307,0.0578,0.0165,0.0000,0.0000,0.0000,3.5236,1.00,15,1
cem_grasp_search,unseen_shape_family,2,0.9333,0.1307,0.0596,0.0148,0.0000,0.0000,0.0000,3.5670,1.00,15,1
cem_grasp_search,unseen_shape_family,3,0.8667,0.1781,0.0609,0.0175,0.0000,0.0000,0.0000,3.5337,1.00,15,1
cem_grasp_search,unseen_shape_family,4,1.0000,0.0000,0.0499,0.0154,0.0000,0.0000,0.0000,3.7536,1.00,15,1
cem_grasp_search,unseen_shape_family,5,0.7333,0.2316,0.0723,0.0184,0.0000,0.0000,0.0000,3.7893,1.00,15,1
cem_grasp_search,unseen_shape_family,6,1.0000,0.0000,0.0651,0.0150,0.0000,0.0000,0.0000,3.4943,1.00,15,1
cem_grasp_search,unseen_shape_family,7,0.9333,0.1307,0.0465,0.0168,0.0000,0.0000,0.0000,3.5066,1.00,15,1
collision_aware_force_closure,adversarial_clutter_gap,0,0.0000,0.0000,0.0730,0.0176,0.7333,0.8667,0.0000,3.2171,1.00,15,1
collision_aware_force_closure,adversarial_clutter_gap,1,0.0000,0.0000,0.0655,0.0130,0.4000,1.0000,0.0000,3.4394,1.00,15,1
collision_aware_force_closure,adversarial_clutter_gap,2,0.0000,0.0000,0.0902,0.0150,0.7333,1.0000,0.0000,3.0697,1.00,15,1
collision_aware_force_closure,adversarial_clutter_gap,3,0.0000,0.0000,0.0966,0.0337,0.8667,1.0000,0.0000,3.0216,1.00,15,1
collision_aware_force_closure,adversarial_clutter_gap,4,0.0000,0.0000,0.0724,0.0186,0.7333,1.0000,0.0000,2.8988,1.00,15,1
collision_aware_force_closure,adversarial_clutter_gap,5,0.0667,0.1307,0.1007,0.0498,0.6667,0.9333,0.0000,3.8985,1.00,15,1
collision_aware_force_closure,adversarial_clutter_gap,6,0.0000,0.0000,0.0871,0.0297,0.7333,1.0000,0.0000,2.5833,1.00,15,1
collision_aware_force_closure,adversarial_clutter_gap,7,0.0000,0.0000,0.0704,0.0175,0.8667,1.0000,0.0000,3.1293,1.00,15,1
collision_aware_force_closure,clutter_collision,0,0.2667,0.2316,0.0812,0.0227,0.2000,0.6000,0.0000,2.5244,1.00,15,1
collision_aware_force_closure,clutter_collision,1,0.2667,0.2316,0.0637,0.0141,0.1333,0.7333,0.0000,2.6334,1.00,15,1
collision_aware_force_closure,clutter_collision,2,0.4000,0.2566,0.0576,0.0135,0.0667,0.6000,0.0000,2.7004,1.00,15,1
collision_aware_force_closure,clutter_collision,3,0.2000,0.2095,0.0635,0.0151,0.4000,0.7333,0.0000,2.1034,1.00,15,1
collision_aware_force_closure,clutter_collision,4,0.3333,0.2469,0.0551,0.0152,0.0667,0.6667,0.0000,2.9038,1.00,15,1
collision_aware_force_closure,clutter_collision,5,0.4667,0.2613,0.0587,0.0217,0.1333,0.4000,0.0000,2.8554,1.00,15,1
collision_aware_force_closure,clutter_collision,6,0.5333,0.2613,0.0449,0.0140,0.1333,0.4667,0.0000,2.8134,1.00,15,1
collision_aware_force_closure,clutter_collision,7,0.4000,0.2566,0.0580,0.0103,0.1333,0.6000,0.0000,2.6909,1.00,15,1
collision_aware_force_closure,combined_composition_shift,0,0.0000,0.0000,0.0869,0.0198,0.4667,0.9333,0.0000,3.4061,1.00,15,1
collision_aware_force_closure,combined_composition_shift,1,0.0000,0.0000,0.0988,0.0392,0.4000,1.0000,0.0000,3.5490,1.00,15,1
collision_aware_force_closure,combined_composition_shift,2,0.0667,0.1307,0.0892,0.0255,0.2667,0.8667,0.0000,4.2711,1.00,15,1
collision_aware_force_closure,combined_composition_shift,3,0.1333,0.1781,0.0811,0.0230,0.3333,0.8000,0.0000,3.8290,1.00,15,1
collision_aware_force_closure,combined_composition_shift,4,0.0000,0.0000,0.1123,0.0279,0.6667,0.9333,0.0000,2.6953,1.00,15,1
collision_aware_force_closure,combined_composition_shift,5,0.0667,0.1307,0.0838,0.0201,0.4667,0.8667,0.0000,3.4533,1.00,15,1
collision_aware_force_closure,combined_composition_shift,6,0.0667,0.1307,0.0775,0.0239,0.4667,0.9333,0.0000,3.1525,1.00,15,1
collision_aware_force_closure,combined_composition_shift,7,0.0667,0.1307,0.0827,0.0239,0.3333,0.8667,0.0000,3.3949,1.00,15,1
collision_aware_force_closure,long_bar_high_aspect,0,0.0667,0.1307,0.0630,0.0108,0.9333,0.0000,0.0000,0.6689,1.00,15,1
collision_aware_force_closure,long_bar_high_aspect,1,0.0000,0.0000,0.0631,0.0073,1.0000,0.0000,0.0000,0.5527,1.00,15,1
collision_aware_force_closure,long_bar_high_aspect,2,0.0667,0.1307,0.0636,0.0102,0.9333,0.0000,0.0000,0.6475,1.00,15,1
collision_aware_force_closure,long_bar_high_aspect,3,0.0000,0.0000,0.0593,0.0018,1.0000,0.0000,0.0000,0.5541,1.00,15,1
collision_aware_force_closure,long_bar_high_aspect,4,0.1333,0.1781,0.0693,0.0096,0.8667,0.0000,0.0000,0.7131,1.00,15,1
collision_aware_force_closure,long_bar_high_aspect,5,0.0000,0.0000,0.0634,0.0073,1.0000,0.0000,0.0000,0.5476,1.00,15,1
collision_aware_force_closure,long_bar_high_aspect,6,0.1333,0.1781,0.0615,0.0108,0.8667,0.0000,0.0000,0.7412,1.00,15,1
collision_aware_force_closure,long_bar_high_aspect,7,0.0000,0.0000,0.0628,0.0033,1.0000,0.0000,0.0000,0.5554,1.00,15,1
collision_aware_force_closure,material_shift_proxy,0,0.2000,0.2095,0.0819,0.0170,0.7333,0.0000,0.0000,1.9659,1.00,15,1
collision_aware_force_closure,material_shift_proxy,1,0.2667,0.2316,0.0938,0.0173,0.4667,0.0000,0.0000,2.2372,1.00,15,1
collision_aware_force_closure,material_shift_proxy,2,0.4000,0.2566,0.0763,0.0182,0.5333,0.0000,0.0000,2.2931,1.00,15,1
collision_aware_force_closure,material_shift_proxy,3,0.4000,0.2566,0.0716,0.0181,0.5333,0.0000,0.0000,2.0678,1.00,15,1
collision_aware_force_closure,material_shift_proxy,4,0.2667,0.2316,0.0695,0.0192,0.7333,0.0000,0.0000,2.0758,1.00,15,1
collision_aware_force_closure,material_shift_proxy,5,0.1333,0.1781,0.0771,0.0152,0.8667,0.0000,0.0000,1.8548,1.00,15,1
collision_aware_force_closure,material_shift_proxy,6,0.5333,0.2613,0.0635,0.0147,0.4667,0.0000,0.0000,2.1045,1.00,15,1
collision_aware_force_closure,material_shift_proxy,7,0.2667,0.2316,0.0671,0.0179,0.7333,0.0000,0.0000,2.1027,1.00,15,1
collision_aware_force_closure,seen_simple,0,1.0000,0.0000,0.0486,0.0185,0.0000,0.0000,0.0000,2.9330,1.00,15,1
collision_aware_force_closure,seen_simple,1,0.8667,0.1781,0.0659,0.0198,0.0000,0.0000,0.0000,2.7257,1.00,15,1
collision_aware_force_closure,seen_simple,2,0.8667,0.1781,0.0512,0.0194,0.0000,0.0000,0.0000,2.6997,1.00,15,1
collision_aware_force_closure,seen_simple,3,0.8667,0.1781,0.0622,0.0198,0.0000,0.0000,0.0000,2.6376,1.00,15,1
collision_aware_force_closure,seen_simple,4,1.0000,0.0000,0.0658,0.0167,0.0000,0.0000,0.0000,2.6429,1.00,15,1
collision_aware_force_closure,seen_simple,5,0.8667,0.1781,0.0509,0.0173,0.0000,0.0000,0.0000,2.5616,1.00,15,1
collision_aware_force_closure,seen_simple,6,0.9333,0.1307,0.0473,0.0165,0.0000,0.0000,0.0000,2.5164,1.00,15,1
collision_aware_force_closure,seen_simple,7,1.0000,0.0000,0.0399,0.0101,0.0000,0.0000,0.0000,2.6501,1.00,15,1
collision_aware_force_closure,slippery_contact,0,0.4667,0.2613,0.0755,0.0175,0.5333,0.0000,0.0000,2.2158,1.00,15,1
collision_aware_force_closure,slippery_contact,1,0.3333,0.2469,0.0815,0.0234,0.6000,0.0000,0.0000,1.9688,1.00,15,1
collision_aware_force_closure,slippery_contact,2,0.2000,0.2095,0.0986,0.0199,0.8000,0.0000,0.0000,1.9192,1.00,15,1
collision_aware_force_closure,slippery_contact,3,0.3333,0.2469,0.0802,0.0211,0.6667,0.0000,0.0000,1.9054,1.00,15,1
collision_aware_force_closure,slippery_contact,4,0.3333,0.2469,0.0850,0.0183,0.6000,0.0000,0.0000,2.1530,1.00,15,1
collision_aware_force_closure,slippery_contact,5,0.2667,0.2316,0.0752,0.0172,0.6667,0.0000,0.0000,2.0578,1.00,15,1
collision_aware_force_closure,slippery_contact,6,0.2667,0.2316,0.0661,0.0136,0.7333,0.0000,0.0000,2.0073,1.00,15,1
collision_aware_force_closure,slippery_contact,7,0.4000,0.2566,0.0755,0.0191,0.5333,0.0000,0.0000,2.1494,1.00,15,1
collision_aware_force_closure,task_constraint_shift,0,0.1333,0.1781,0.0680,0.0103,0.8667,0.0000,0.0000,0.7030,1.00,15,1
collision_aware_force_closure,task_constraint_shift,1,0.2000,0.2095,0.0672,0.0126,0.8000,0.0000,0.0000,0.8769,1.00,15,1
collision_aware_force_closure,task_constraint_shift,2,0.0000,0.0000,0.0708,0.0089,1.0000,0.0000,0.0000,0.5698,1.00,15,1
collision_aware_force_closure,task_constraint_shift,3,0.2000,0.2095,0.0609,0.0098,0.8000,0.0000,0.0000,0.7567,1.00,15,1
collision_aware_force_closure,task_constraint_shift,4,0.0667,0.1307,0.0684,0.0102,0.9333,0.0000,0.0000,0.6654,1.00,15,1
collision_aware_force_closure,task_constraint_shift,5,0.2000,0.2095,0.0580,0.0120,0.8000,0.0000,0.0000,0.7919,1.00,15,1
collision_aware_force_closure,task_constraint_shift,6,0.2667,0.2316,0.0676,0.0148,0.7333,0.0000,0.0000,1.2333,1.00,15,1
collision_aware_force_closure,task_constraint_shift,7,0.0667,0.1307,0.0622,0.0116,0.9333,0.0000,0.0000,0.5985,1.00,15,1
collision_aware_force_closure,thin_handle_shift,0,0.9333,0.1307,0.0581,0.0177,0.0000,0.0000,0.0000,2.1931,1.00,15,1
collision_aware_force_closure,thin_handle_shift,1,1.0000,0.0000,0.0301,0.0103,0.0000,0.0000,0.0000,2.0716,1.00,15,1
collision_aware_force_closure,thin_handle_shift,2,0.9333,0.1307,0.0648,0.0160,0.0000,0.0000,0.0000,2.2407,1.00,15,1
collision_aware_force_closure,thin_handle_shift,3,0.7333,0.2316,0.0621,0.0203,0.0000,0.0000,0.0000,2.0736,1.00,15,1
collision_aware_force_closure,thin_handle_shift,4,1.0000,0.0000,0.0520,0.0140,0.0000,0.0000,0.0000,2.1117,1.00,15,1
collision_aware_force_closure,thin_handle_shift,5,0.8000,0.2095,0.0548,0.0183,0.0000,0.0000,0.0000,2.2431,1.00,15,1
collision_aware_force_closure,thin_handle_shift,6,0.8667,0.1781,0.0580,0.0159,0.0000,0.0000,0.0000,2.0507,1.00,15,1
collision_aware_force_closure,thin_handle_shift,7,0.9333,0.1307,0.0383,0.0149,0.0000,0.0000,0.0000,2.1766,1.00,15,1
collision_aware_force_closure,unseen_dimensions,0,0.7333,0.2316,0.0624,0.0236,0.2000,0.0000,0.0000,3.9836,1.00,15,1
collision_aware_force_closure,unseen_dimensions,1,0.8667,0.1781,0.0422,0.0169,0.0000,0.0000,0.0000,4.5314,1.00,15,1
collision_aware_force_closure,unseen_dimensions,2,0.8000,0.2095,0.0628,0.0204,0.0667,0.0000,0.0000,4.3059,1.00,15,1
collision_aware_force_closure,unseen_dimensions,3,0.7333,0.2316,0.0643,0.0179,0.0667,0.0000,0.0000,4.3967,1.00,15,1
collision_aware_force_closure,unseen_dimensions,4,0.6667,0.2469,0.0640,0.0261,0.1333,0.0000,0.0000,4.1537,1.00,15,1
collision_aware_force_closure,unseen_dimensions,5,0.8000,0.2095,0.0634,0.0210,0.0667,0.0000,0.0000,3.7079,1.00,15,1
collision_aware_force_closure,unseen_dimensions,6,0.6000,0.2566,0.0825,0.0198,0.2000,0.0000,0.0000,4.0371,1.00,15,1
collision_aware_force_closure,unseen_dimensions,7,0.5333,0.2613,0.0660,0.0162,0.3333,0.0000,0.0000,3.1070,1.00,15,1
collision_aware_force_closure,unseen_shape_family,0,0.9333,0.1307,0.0628,0.0142,0.0000,0.0000,0.0000,3.7136,1.00,15,1
collision_aware_force_closure,unseen_shape_family,1,0.8667,0.1781,0.0633,0.0181,0.0000,0.0000,0.0000,3.5473,1.00,15,1
collision_aware_force_closure,unseen_shape_family,2,0.9333,0.1307,0.0602,0.0146,0.0000,0.0000,0.0000,3.4775,1.00,15,1
collision_aware_force_closure,unseen_shape_family,3,0.9333,0.1307,0.0545,0.0165,0.0000,0.0000,0.0000,3.6139,1.00,15,1
collision_aware_force_closure,unseen_shape_family,4,1.0000,0.0000,0.0520,0.0175,0.0000,0.0000,0.0000,3.7178,1.00,15,1
collision_aware_force_closure,unseen_shape_family,5,0.7333,0.2316,0.0722,0.0184,0.0000,0.0000,0.0000,3.7858,1.00,15,1
collision_aware_force_closure,unseen_shape_family,6,0.9333,0.1307,0.0660,0.0157,0.0000,0.0000,0.0000,3.6089,1.00,15,1
collision_aware_force_closure,unseen_shape_family,7,0.9333,0.1307,0.0517,0.0164,0.0000,0.0000,0.0000,3.4673,1.00,15,1
ebm_transformer_compositional,adversarial_clutter_gap,0,0.0000,0.0000,0.0744,0.0214,0.8000,0.9333,0.0000,2.5558,1.00,15,1
ebm_transformer_compositional,adversarial_clutter_gap,1,0.0000,0.0000,0.0747,0.0166,0.4667,1.0000,0.0000,3.4631,1.00,15,1
ebm_transformer_compositional,adversarial_clutter_gap,2,0.0000,0.0000,0.0835,0.0180,0.6667,1.0000,0.0000,3.3913,1.00,15,1
ebm_transformer_compositional,adversarial_clutter_gap,3,0.0000,0.0000,0.1029,0.0294,0.8000,1.0000,0.0000,2.6269,1.00,15,1
ebm_transformer_compositional,adversarial_clutter_gap,4,0.0667,0.1307,0.0770,0.0206,0.7333,0.9333,0.0000,3.1501,1.00,15,1
ebm_transformer_compositional,adversarial_clutter_gap,5,0.0667,0.1307,0.1006,0.0501,0.6000,0.9333,0.0000,3.8624,1.00,15,1
ebm_transformer_compositional,adversarial_clutter_gap,6,0.0000,0.0000,0.0974,0.0288,0.8667,1.0000,0.0000,2.2062,1.00,15,1
ebm_transformer_compositional,adversarial_clutter_gap,7,0.0000,0.0000,0.0741,0.0210,0.7333,1.0000,0.0000,3.1088,1.00,15,1
ebm_transformer_compositional,clutter_collision,0,0.3333,0.2469,0.0732,0.0183,0.0667,0.5333,0.0000,2.6413,1.00,15,1
ebm_transformer_compositional,clutter_collision,1,0.2667,0.2316,0.0608,0.0143,0.1333,0.7333,0.0000,2.6738,1.00,15,1
ebm_transformer_compositional,clutter_collision,2,0.3333,0.2469,0.0566,0.0128,0.0000,0.6667,0.0000,2.6518,1.00,15,1
ebm_transformer_compositional,clutter_collision,3,0.2667,0.2316,0.0631,0.0150,0.3333,0.6667,0.0000,2.1778,1.00,15,1
ebm_transformer_compositional,clutter_collision,4,0.4667,0.2613,0.0571,0.0276,0.0667,0.5333,0.0000,2.6682,1.00,15,1
ebm_transformer_compositional,clutter_collision,5,0.5333,0.2613,0.0427,0.0121,0.0667,0.4667,0.0000,2.8483,1.00,15,1
ebm_transformer_compositional,clutter_collision,6,0.5333,0.2613,0.0433,0.0159,0.1333,0.4667,0.0000,2.7597,1.00,15,1
ebm_transformer_compositional,clutter_collision,7,0.3333,0.2469,0.0594,0.0102,0.1333,0.6667,0.0000,2.6864,1.00,15,1
ebm_transformer_compositional,combined_composition_shift,0,0.0000,0.0000,0.0888,0.0223,0.4000,0.9333,0.0000,3.9048,1.00,15,1
ebm_transformer_compositional,combined_composition_shift,1,0.0000,0.0000,0.1094,0.0405,0.4000,0.8667,0.0000,3.3400,1.00,15,1
ebm_transformer_compositional,combined_composition_shift,2,0.0667,0.1307,0.0885,0.0244,0.3333,0.8000,0.0000,4.5804,1.00,15,1
ebm_transformer_compositional,combined_composition_shift,3,0.0000,0.0000,0.0944,0.0252,0.5333,0.8667,0.0000,3.1795,1.00,15,1
ebm_transformer_compositional,combined_composition_shift,4,0.0667,0.1307,0.1170,0.0527,0.6000,0.8667,0.0000,3.0216,1.00,15,1
ebm_transformer_compositional,combined_composition_shift,5,0.0667,0.1307,0.0724,0.0174,0.3333,0.8667,0.0000,3.7130,1.00,15,1
ebm_transformer_compositional,combined_composition_shift,6,0.1333,0.1781,0.0588,0.0181,0.2667,0.8667,0.0000,4.4889,1.00,15,1
ebm_transformer_compositional,combined_composition_shift,7,0.0667,0.1307,0.0793,0.0230,0.4000,0.9333,0.0000,3.0780,1.00,15,1
ebm_transformer_compositional,long_bar_high_aspect,0,0.9333,0.1307,0.0378,0.0172,0.0000,0.0000,0.0000,1.5555,1.00,15,1
ebm_transformer_compositional,long_bar_high_aspect,1,0.6667,0.2469,0.0797,0.0134,0.0667,0.0000,0.0000,1.5442,1.00,15,1
ebm_transformer_compositional,long_bar_high_aspect,2,0.8667,0.1781,0.0485,0.0158,0.0667,0.0000,0.0000,1.6434,1.00,15,1
ebm_transformer_compositional,long_bar_high_aspect,3,0.6667,0.2469,0.0726,0.0175,0.0667,0.0000,0.0000,1.5833,1.00,15,1
ebm_transformer_compositional,long_bar_high_aspect,4,0.8667,0.1781,0.0644,0.0161,0.0000,0.0000,0.0000,1.7708,1.00,15,1
ebm_transformer_compositional,long_bar_high_aspect,5,0.8667,0.1781,0.0480,0.0207,0.0000,0.0000,0.0000,1.6304,1.00,15,1
ebm_transformer_compositional,long_bar_high_aspect,6,1.0000,0.0000,0.0406,0.0138,0.0000,0.0000,0.0000,1.7156,1.00,15,1
ebm_transformer_compositional,long_bar_high_aspect,7,0.8667,0.1781,0.0543,0.0170,0.0000,0.0000,0.0000,1.6177,1.00,15,1
ebm_transformer_compositional,material_shift_proxy,0,0.3333,0.2469,0.0753,0.0162,0.6000,0.0000,0.0000,2.1201,1.00,15,1
ebm_transformer_compositional,material_shift_proxy,1,0.6667,0.2469,0.0610,0.0143,0.2667,0.0000,0.0000,2.3452,1.00,15,1
ebm_transformer_compositional,material_shift_proxy,2,0.4000,0.2566,0.0637,0.0130,0.6000,0.0000,0.0000,2.0801,1.00,15,1
ebm_transformer_compositional,material_shift_proxy,3,0.6000,0.2566,0.0585,0.0190,0.3333,0.0000,0.0000,2.2508,1.00,15,1
ebm_transformer_compositional,material_shift_proxy,4,0.3333,0.2469,0.0688,0.0122,0.6667,0.0000,0.0000,2.1070,1.00,15,1
ebm_transformer_compositional,material_shift_proxy,5,0.2000,0.2095,0.0721,0.0165,0.8000,0.0000,0.0000,1.9820,1.00,15,1
ebm_transformer_compositional,material_shift_proxy,6,0.2667,0.2316,0.0546,0.0121,0.7333,0.0000,0.0000,1.9859,1.00,15,1
ebm_transformer_compositional,material_shift_proxy,7,0.4667,0.2613,0.0655,0.0167,0.5333,0.0000,0.0000,2.1878,1.00,15,1
ebm_transformer_compositional,seen_simple,0,1.0000,0.0000,0.0430,0.0146,0.0000,0.0000,0.0000,2.6055,1.00,15,1
ebm_transformer_compositional,seen_simple,1,1.0000,0.0000,0.0527,0.0178,0.0000,0.0000,0.0000,2.6824,1.00,15,1
ebm_transformer_compositional,seen_simple,2,1.0000,0.0000,0.0454,0.0175,0.0000,0.0000,0.0000,2.7914,1.00,15,1
ebm_transformer_compositional,seen_simple,3,1.0000,0.0000,0.0557,0.0154,0.0000,0.0000,0.0000,2.7287,1.00,15,1
ebm_transformer_compositional,seen_simple,4,0.9333,0.1307,0.0493,0.0134,0.0000,0.0000,0.0000,2.2135,1.00,15,1
ebm_transformer_compositional,seen_simple,5,0.9333,0.1307,0.0460,0.0142,0.0000,0.0000,0.0000,2.6200,1.00,15,1
ebm_transformer_compositional,seen_simple,6,1.0000,0.0000,0.0416,0.0158,0.0000,0.0000,0.0000,2.4044,1.00,15,1
ebm_transformer_compositional,seen_simple,7,1.0000,0.0000,0.0370,0.0125,0.0000,0.0000,0.0000,2.6919,1.00,15,1
ebm_transformer_compositional,slippery_contact,0,0.8667,0.1781,0.0582,0.0135,0.1333,0.0000,0.0000,2.0462,1.00,15,1
ebm_transformer_compositional,slippery_contact,1,0.6667,0.2469,0.0590,0.0115,0.3333,0.0000,0.0000,2.1291,1.00,15,1
ebm_transformer_compositional,slippery_contact,2,0.6667,0.2469,0.0579,0.0161,0.3333,0.0000,0.0000,2.0636,1.00,15,1
ebm_transformer_compositional,slippery_contact,3,0.8667,0.1781,0.0440,0.0106,0.1333,0.0000,0.0000,2.1406,1.00,15,1
ebm_transformer_compositional,slippery_contact,4,0.7333,0.2316,0.0622,0.0163,0.1333,0.0000,0.0000,2.1744,1.00,15,1
ebm_transformer_compositional,slippery_contact,5,0.5333,0.2613,0.0616,0.0130,0.4000,0.0000,0.0000,1.9439,1.00,15,1
ebm_transformer_compositional,slippery_contact,6,0.4667,0.2613,0.0717,0.0212,0.4000,0.0000,0.0000,2.1416,1.00,15,1
ebm_transformer_compositional,slippery_contact,7,0.6667,0.2469,0.0579,0.0198,0.3333,0.0000,0.0000,2.1776,1.00,15,1
ebm_transformer_compositional,task_constraint_shift,0,1.0000,0.0000,0.0621,0.0103,0.0000,0.0000,0.0000,1.8334,1.00,15,1
ebm_transformer_compositional,task_constraint_shift,1,0.9333,0.1307,0.0539,0.0153,0.0000,0.0000,0.0000,1.8264,1.00,15,1
ebm_transformer_compositional,task_constraint_shift,2,1.0000,0.0000,0.0470,0.0153,0.0000,0.0000,0.0000,1.5343,1.00,15,1
ebm_transformer_compositional,task_constraint_shift,3,0.8667,0.1781,0.0529,0.0181,0.0000,0.0000,0.0000,1.7090,1.00,15,1
ebm_transformer_compositional,task_constraint_shift,4,1.0000,0.0000,0.0499,0.0125,0.0000,0.0000,0.0000,1.7673,1.00,15,1
ebm_transformer_compositional,task_constraint_shift,5,0.9333,0.1307,0.0514,0.0176,0.0000,0.0000,0.0000,1.6831,1.00,15,1
ebm_transformer_compositional,task_constraint_shift,6,0.9333,0.1307,0.0552,0.0162,0.0000,0.0000,0.0000,1.8662,1.00,15,1
ebm_transformer_compositional,task_constraint_shift,7,0.8667,0.1781,0.0554,0.0165,0.0000,0.0000,0.0000,1.4663,1.00,15,1
ebm_transformer_compositional,thin_handle_shift,0,0.9333,0.1307,0.0506,0.0172,0.0000,0.0000,0.0000,2.1948,1.00,15,1
ebm_transformer_compositional,thin_handle_shift,1,0.9333,0.1307,0.0449,0.0173,0.0000,0.0000,0.0000,2.1357,1.00,15,1
ebm_transformer_compositional,thin_handle_shift,2,0.9333,0.1307,0.0512,0.0154,0.0000,0.0000,0.0000,2.2293,1.00,15,1
ebm_transformer_compositional,thin_handle_shift,3,0.8667,0.1781,0.0558,0.0188,0.0000,0.0000,0.0000,2.1193,1.00,15,1
ebm_transformer_compositional,thin_handle_shift,4,1.0000,0.0000,0.0557,0.0137,0.0000,0.0000,0.0000,2.1432,1.00,15,1
ebm_transformer_compositional,thin_handle_shift,5,0.8000,0.2095,0.0612,0.0174,0.0000,0.0000,0.0000,2.3000,1.00,15,1
ebm_transformer_compositional,thin_handle_shift,6,0.9333,0.1307,0.0565,0.0153,0.0000,0.0000,0.0000,2.2294,1.00,15,1
ebm_transformer_compositional,thin_handle_shift,7,0.9333,0.1307,0.0476,0.0165,0.0000,0.0000,0.0000,2.2594,1.00,15,1
ebm_transformer_compositional,unseen_dimensions,0,0.9333,0.1307,0.0471,0.0167,0.0667,0.0000,0.0000,2.1999,1.00,15,1
ebm_transformer_compositional,unseen_dimensions,1,0.9333,0.1307,0.0455,0.0183,0.0000,0.0000,0.0000,2.5588,1.00,15,1
ebm_transformer_compositional,unseen_dimensions,2,0.9333,0.1307,0.0497,0.0160,0.0000,0.0000,0.0000,3.0847,1.00,15,1
ebm_transformer_compositional,unseen_dimensions,3,0.9333,0.1307,0.0522,0.0168,0.0000,0.0000,0.0000,2.4956,1.00,15,1
ebm_transformer_compositional,unseen_dimensions,4,0.6667,0.2469,0.0534,0.0238,0.0000,0.0000,0.0000,2.4082,1.00,15,1
ebm_transformer_compositional,unseen_dimensions,5,0.9333,0.1307,0.0490,0.0139,0.0667,0.0000,0.0000,2.1164,1.00,15,1
ebm_transformer_compositional,unseen_dimensions,6,1.0000,0.0000,0.0348,0.0121,0.0000,0.0000,0.0000,2.4142,1.00,15,1
ebm_transformer_compositional,unseen_dimensions,7,0.8667,0.1781,0.0589,0.0168,0.0667,0.0000,0.0000,2.0854,1.00,15,1
ebm_transformer_compositional,unseen_shape_family,0,0.8667,0.1781,0.0622,0.0143,0.0000,0.0000,0.0000,3.6840,1.00,15,1
ebm_transformer_compositional,unseen_shape_family,1,0.8667,0.1781,0.0568,0.0173,0.0000,0.0000,0.0000,3.6110,1.00,15,1
ebm_transformer_compositional,unseen_shape_family,2,1.0000,0.0000,0.0520,0.0136,0.0000,0.0000,0.0000,3.4801,1.00,15,1
ebm_transformer_compositional,unseen_shape_family,3,0.9333,0.1307,0.0547,0.0171,0.0000,0.0000,0.0000,3.5642,1.00,15,1
ebm_transformer_compositional,unseen_shape_family,4,0.9333,0.1307,0.0610,0.0155,0.0000,0.0000,0.0000,3.7216,1.00,15,1
ebm_transformer_compositional,unseen_shape_family,5,0.6667,0.2469,0.0743,0.0191,0.0000,0.0000,0.0000,3.7841,1.00,15,1
ebm_transformer_compositional,unseen_shape_family,6,0.9333,0.1307,0.0658,0.0156,0.0000,0.0000,0.0000,3.4298,1.00,15,1
ebm_transformer_compositional,unseen_shape_family,7,1.0000,0.0000,0.0294,0.0136,0.0000,0.0000,0.0000,3.5682,1.00,15,1
ebm_transformer_compositional_v5,adversarial_clutter_gap,0,0.0000,0.0000,0.0806,0.0193,0.8000,0.9333,0.0000,3.1296,1.00,15,1
ebm_transformer_compositional_v5,adversarial_clutter_gap,1,0.0000,0.0000,0.0787,0.0243,0.5333,1.0000,0.0000,3.2529,1.00,15,1
ebm_transformer_compositional_v5,adversarial_clutter_gap,2,0.0000,0.0000,0.0915,0.0152,0.7333,1.0000,0.0000,2.9206,1.00,15,1
ebm_transformer_compositional_v5,adversarial_clutter_gap,3,0.0000,0.0000,0.0937,0.0334,0.8667,1.0000,0.0000,2.9767,1.00,15,1
ebm_transformer_compositional_v5,adversarial_clutter_gap,4,0.0000,0.0000,0.0823,0.0173,0.7333,1.0000,0.0000,2.8483,1.00,15,1
ebm_transformer_compositional_v5,adversarial_clutter_gap,5,0.0667,0.1307,0.1053,0.0500,0.6667,0.9333,0.0000,3.8012,1.00,15,1
ebm_transformer_compositional_v5,adversarial_clutter_gap,6,0.0000,0.0000,0.0921,0.0299,0.8000,1.0000,0.0000,2.4580,1.00,15,1
ebm_transformer_compositional_v5,adversarial_clutter_gap,7,0.0000,0.0000,0.0769,0.0198,0.8000,1.0000,0.0000,3.0947,1.00,15,1
ebm_transformer_compositional_v5,clutter_collision,0,0.4667,0.2613,0.0708,0.0243,0.1333,0.4667,0.0000,2.3293,1.00,15,1
ebm_transformer_compositional_v5,clutter_collision,1,0.2667,0.2316,0.0608,0.0143,0.1333,0.7333,0.0000,2.6738,1.00,15,1
ebm_transformer_compositional_v5,clutter_collision,2,0.3333,0.2469,0.0512,0.0121,0.0667,0.6667,0.0000,2.5656,1.00,15,1
ebm_transformer_compositional_v5,clutter_collision,3,0.3333,0.2469,0.0581,0.0156,0.2667,0.6000,0.0000,2.2921,1.00,15,1
ebm_transformer_compositional_v5,clutter_collision,4,0.4667,0.2613,0.0571,0.0276,0.0667,0.5333,0.0000,2.6682,1.00,15,1
ebm_transformer_compositional_v5,clutter_collision,5,0.4667,0.2613,0.0388,0.0108,0.0667,0.5333,0.0000,2.8064,1.00,15,1
ebm_transformer_compositional_v5,clutter_collision,6,0.5333,0.2613,0.0403,0.0148,0.1333,0.4667,0.0000,2.8138,1.00,15,1
ebm_transformer_compositional_v5,clutter_collision,7,0.4000,0.2566,0.0579,0.0134,0.2000,0.6000,0.0000,2.5591,1.00,15,1
ebm_transformer_compositional_v5,combined_composition_shift,0,0.0000,0.0000,0.0929,0.0202,0.5333,0.9333,0.0000,3.2304,1.00,15,1
ebm_transformer_compositional_v5,combined_composition_shift,1,0.0000,0.0000,0.0873,0.0376,0.4000,1.0000,0.0000,3.3840,1.00,15,1
ebm_transformer_compositional_v5,combined_composition_shift,2,0.0667,0.1307,0.0876,0.0262,0.2667,0.8667,0.0000,4.2365,1.00,15,1
ebm_transformer_compositional_v5,combined_composition_shift,3,0.1333,0.1781,0.0798,0.0241,0.2667,0.8000,0.0000,3.8364,1.00,15,1
ebm_transformer_compositional_v5,combined_composition_shift,4,0.0667,0.1307,0.1023,0.0311,0.6667,0.8000,0.0000,2.8852,1.00,15,1
ebm_transformer_compositional_v5,combined_composition_shift,5,0.0667,0.1307,0.0888,0.0195,0.4667,0.8667,0.0000,3.4477,1.00,15,1
ebm_transformer_compositional_v5,combined_composition_shift,6,0.1333,0.1781,0.0693,0.0250,0.4667,0.8667,0.0000,3.3828,1.00,15,1
ebm_transformer_compositional_v5,combined_composition_shift,7,0.0667,0.1307,0.0727,0.0187,0.2667,0.9333,0.0000,3.5428,1.00,15,1
ebm_transformer_compositional_v5,long_bar_high_aspect,0,0.9333,0.1307,0.0500,0.0164,0.0000,0.0000,0.0000,1.6887,1.00,15,1
ebm_transformer_compositional_v5,long_bar_high_aspect,1,0.8000,0.2095,0.0706,0.0130,0.0667,0.0000,0.0000,1.7313,1.00,15,1
ebm_transformer_compositional_v5,long_bar_high_aspect,2,0.8000,0.2095,0.0582,0.0181,0.1333,0.0000,0.0000,1.6058,1.00,15,1
ebm_transformer_compositional_v5,long_bar_high_aspect,3,0.7333,0.2316,0.0618,0.0163,0.1333,0.0000,0.0000,1.5493,1.00,15,1
ebm_transformer_compositional_v5,long_bar_high_aspect,4,0.9333,0.1307,0.0552,0.0129,0.0000,0.0000,0.0000,1.7941,1.00,15,1
ebm_transformer_compositional_v5,long_bar_high_aspect,5,0.8667,0.1781,0.0535,0.0180,0.0667,0.0000,0.0000,1.7332,1.00,15,1
ebm_transformer_compositional_v5,long_bar_high_aspect,6,1.0000,0.0000,0.0456,0.0143,0.0000,0.0000,0.0000,1.8186,1.00,15,1
ebm_transformer_compositional_v5,long_bar_high_aspect,7,1.0000,0.0000,0.0442,0.0118,0.0000,0.0000,0.0000,1.6164,1.00,15,1
ebm_transformer_compositional_v5,material_shift_proxy,0,0.4000,0.2566,0.0708,0.0178,0.6000,0.0000,0.0000,2.3337,1.00,15,1
ebm_transformer_compositional_v5,material_shift_proxy,1,0.8000,0.2095,0.0503,0.0139,0.1333,0.0000,0.0000,2.6101,1.00,15,1
ebm_transformer_compositional_v5,material_shift_proxy,2,0.6000,0.2566,0.0657,0.0145,0.4000,0.0000,0.0000,2.3239,1.00,15,1
ebm_transformer_compositional_v5,material_shift_proxy,3,0.6000,0.2566,0.0748,0.0151,0.3333,0.0000,0.0000,2.3727,1.00,15,1
ebm_transformer_compositional_v5,material_shift_proxy,4,0.2667,0.2316,0.0641,0.0144,0.7333,0.0000,0.0000,2.1367,1.00,15,1
ebm_transformer_compositional_v5,material_shift_proxy,5,0.2667,0.2316,0.0700,0.0143,0.7333,0.0000,0.0000,2.1015,1.00,15,1
ebm_transformer_compositional_v5,material_shift_proxy,6,0.4000,0.2566,0.0705,0.0174,0.6000,0.0000,0.0000,2.1923,1.00,15,1
ebm_transformer_compositional_v5,material_shift_proxy,7,0.6000,0.2566,0.0578,0.0097,0.4000,0.0000,0.0000,2.4201,1.00,15,1
ebm_transformer_compositional_v5,seen_simple,0,1.0000,0.0000,0.0392,0.0139,0.0000,0.0000,0.0000,2.8438,1.00,15,1
ebm_transformer_compositional_v5,seen_simple,1,1.0000,0.0000,0.0431,0.0143,0.0000,0.0000,0.0000,2.6921,1.00,15,1
ebm_transformer_compositional_v5,seen_simple,2,1.0000,0.0000,0.0362,0.0145,0.0000,0.0000,0.0000,2.5686,1.00,15,1
ebm_transformer_compositional_v5,seen_simple,3,1.0000,0.0000,0.0369,0.0134,0.0000,0.0000,0.0000,2.7902,1.00,15,1
ebm_transformer_compositional_v5,seen_simple,4,1.0000,0.0000,0.0440,0.0130,0.0000,0.0000,0.0000,2.7995,1.00,15,1
ebm_transformer_compositional_v5,seen_simple,5,1.0000,0.0000,0.0464,0.0109,0.0000,0.0000,0.0000,2.8156,1.00,15,1
ebm_transformer_compositional_v5,seen_simple,6,1.0000,0.0000,0.0424,0.0131,0.0000,0.0000,0.0000,2.7201,1.00,15,1
ebm_transformer_compositional_v5,seen_simple,7,1.0000,0.0000,0.0364,0.0100,0.0000,0.0000,0.0000,2.7943,1.00,15,1
ebm_transformer_compositional_v5,slippery_contact,0,0.6667,0.2469,0.0600,0.0128,0.3333,0.0000,0.0000,2.2775,1.00,15,1
ebm_transformer_compositional_v5,slippery_contact,1,0.7333,0.2316,0.0682,0.0136,0.2667,0.0000,0.0000,2.2879,1.00,15,1
ebm_transformer_compositional_v5,slippery_contact,2,0.5333,0.2613,0.0594,0.0115,0.4667,0.0000,0.0000,2.0209,1.00,15,1
ebm_transformer_compositional_v5,slippery_contact,3,0.5333,0.2613,0.0668,0.0148,0.4667,0.0000,0.0000,2.1942,1.00,15,1
ebm_transformer_compositional_v5,slippery_contact,4,0.6667,0.2469,0.0669,0.0122,0.2667,0.0000,0.0000,2.3127,1.00,15,1
ebm_transformer_compositional_v5,slippery_contact,5,0.4000,0.2566,0.0824,0.0156,0.4667,0.0000,0.0000,2.0450,1.00,15,1
ebm_transformer_compositional_v5,slippery_contact,6,0.5333,0.2613,0.0685,0.0147,0.4667,0.0000,0.0000,2.0589,1.00,15,1
ebm_transformer_compositional_v5,slippery_contact,7,0.6000,0.2566,0.0551,0.0134,0.4000,0.0000,0.0000,2.1565,1.00,15,1
ebm_transformer_compositional_v5,task_constraint_shift,0,1.0000,0.0000,0.0601,0.0103,0.0000,0.0000,0.0000,1.8219,1.00,15,1
ebm_transformer_compositional_v5,task_constraint_shift,1,1.0000,0.0000,0.0524,0.0136,0.0000,0.0000,0.0000,1.8259,1.00,15,1
ebm_transformer_compositional_v5,task_constraint_shift,2,1.0000,0.0000,0.0452,0.0160,0.0000,0.0000,0.0000,1.5270,1.00,15,1
ebm_transformer_compositional_v5,task_constraint_shift,3,0.9333,0.1307,0.0506,0.0155,0.0000,0.0000,0.0000,1.7282,1.00,15,1
ebm_transformer_compositional_v5,task_constraint_shift,4,1.0000,0.0000,0.0480,0.0111,0.0000,0.0000,0.0000,1.7878,1.00,15,1
ebm_transformer_compositional_v5,task_constraint_shift,5,1.0000,0.0000,0.0391,0.0137,0.0000,0.0000,0.0000,1.7847,1.00,15,1
ebm_transformer_compositional_v5,task_constraint_shift,6,1.0000,0.0000,0.0540,0.0120,0.0000,0.0000,0.0000,1.9620,1.00,15,1
ebm_transformer_compositional_v5,task_constraint_shift,7,1.0000,0.0000,0.0394,0.0114,0.0000,0.0000,0.0000,1.5730,1.00,15,1
ebm_transformer_compositional_v5,thin_handle_shift,0,1.0000,0.0000,0.0536,0.0148,0.0000,0.0000,0.0000,2.2338,1.00,15,1
ebm_transformer_compositional_v5,thin_handle_shift,1,1.0000,0.0000,0.0362,0.0131,0.0000,0.0000,0.0000,2.2266,1.00,15,1
ebm_transformer_compositional_v5,thin_handle_shift,2,1.0000,0.0000,0.0559,0.0146,0.0000,0.0000,0.0000,2.2223,1.00,15,1
ebm_transformer_compositional_v5,thin_handle_shift,3,1.0000,0.0000,0.0405,0.0142,0.0000,0.0000,0.0000,2.0773,1.00,15,1
ebm_transformer_compositional_v5,thin_handle_shift,4,1.0000,0.0000,0.0549,0.0148,0.0000,0.0000,0.0000,2.1611,1.00,15,1
ebm_transformer_compositional_v5,thin_handle_shift,5,0.8667,0.1781,0.0517,0.0163,0.0000,0.0000,0.0000,2.2116,1.00,15,1
ebm_transformer_compositional_v5,thin_handle_shift,6,1.0000,0.0000,0.0494,0.0141,0.0000,0.0000,0.0000,2.2597,1.00,15,1
ebm_transformer_compositional_v5,thin_handle_shift,7,0.9333,0.1307,0.0361,0.0151,0.0000,0.0000,0.0000,2.2370,1.00,15,1
ebm_transformer_compositional_v5,unseen_dimensions,0,1.0000,0.0000,0.0341,0.0120,0.0000,0.0000,0.0000,2.6014,1.00,15,1
ebm_transformer_compositional_v5,unseen_dimensions,1,1.0000,0.0000,0.0332,0.0087,0.0000,0.0000,0.0000,3.3228,1.00,15,1
ebm_transformer_compositional_v5,unseen_dimensions,2,1.0000,0.0000,0.0371,0.0117,0.0000,0.0000,0.0000,4.0361,1.00,15,1
ebm_transformer_compositional_v5,unseen_dimensions,3,0.9333,0.1307,0.0324,0.0157,0.0667,0.0000,0.0000,2.9004,1.00,15,1
ebm_transformer_compositional_v5,unseen_dimensions,4,0.8667,0.1781,0.0419,0.0211,0.0000,0.0000,0.0000,3.1328,1.00,15,1
ebm_transformer_compositional_v5,unseen_dimensions,5,1.0000,0.0000,0.0430,0.0157,0.0000,0.0000,0.0000,3.0914,1.00,15,1
ebm_transformer_compositional_v5,unseen_dimensions,6,1.0000,0.0000,0.0405,0.0171,0.0000,0.0000,0.0000,3.0376,1.00,15,1
ebm_transformer_compositional_v5,unseen_dimensions,7,0.9333,0.1307,0.0511,0.0151,0.0667,0.0000,0.0000,2.6260,1.00,15,1
ebm_transformer_compositional_v5,unseen_shape_family,0,1.0000,0.0000,0.0576,0.0137,0.0000,0.0000,0.0000,3.7089,1.00,15,1
ebm_transformer_compositional_v5,unseen_shape_family,1,0.9333,0.1307,0.0519,0.0143,0.0000,0.0000,0.0000,3.5724,1.00,15,1
ebm_transformer_compositional_v5,unseen_shape_family,2,1.0000,0.0000,0.0450,0.0139,0.0000,0.0000,0.0000,3.5980,1.00,15,1
ebm_transformer_compositional_v5,unseen_shape_family,3,0.9333,0.1307,0.0504,0.0172,0.0000,0.0000,0.0000,3.6454,1.00,15,1
ebm_transformer_compositional_v5,unseen_shape_family,4,1.0000,0.0000,0.0562,0.0169,0.0000,0.0000,0.0000,3.7152,1.00,15,1
ebm_transformer_compositional_v5,unseen_shape_family,5,0.8667,0.1781,0.0596,0.0176,0.0000,0.0000,0.0000,3.8219,1.00,15,1
ebm_transformer_compositional_v5,unseen_shape_family,6,1.0000,0.0000,0.0527,0.0135,0.0000,0.0000,0.0000,3.5586,1.00,15,1
ebm_transformer_compositional_v5,unseen_shape_family,7,1.0000,0.0000,0.0348,0.0128,0.0000,0.0000,0.0000,3.4591,1.00,15,1
ensemble_uncertainty_ranker,adversarial_clutter_gap,0,0.0000,0.0000,0.0869,0.0207,0.8000,0.9333,0.0000,2.1412,1.00,15,1
ensemble_uncertainty_ranker,adversarial_clutter_gap,1,0.0000,0.0000,0.0938,0.0237,0.6000,1.0000,0.0000,3.4926,1.00,15,1
ensemble_uncertainty_ranker,adversarial_clutter_gap,2,0.0000,0.0000,0.0833,0.0237,0.5333,1.0000,0.0000,3.2346,1.00,15,1
ensemble_uncertainty_ranker,adversarial_clutter_gap,3,0.0000,0.0000,0.0977,0.0319,0.8667,1.0000,0.0000,2.7476,1.00,15,1
ensemble_uncertainty_ranker,adversarial_clutter_gap,4,0.0000,0.0000,0.0752,0.0223,0.7333,1.0000,0.0000,2.9379,1.00,15,1
ensemble_uncertainty_ranker,adversarial_clutter_gap,5,0.0000,0.0000,0.1077,0.0497,0.9333,1.0000,0.0000,2.5495,1.00,15,1
ensemble_uncertainty_ranker,adversarial_clutter_gap,6,0.0000,0.0000,0.1135,0.0281,0.9333,1.0000,0.0000,1.7900,1.00,15,1
ensemble_uncertainty_ranker,adversarial_clutter_gap,7,0.0000,0.0000,0.1050,0.0209,0.8000,1.0000,0.0000,2.3291,1.00,15,1
ensemble_uncertainty_ranker,clutter_collision,0,0.4000,0.2566,0.0557,0.0131,0.2667,0.5333,0.0000,2.0841,1.00,15,1
ensemble_uncertainty_ranker,clutter_collision,1,0.2667,0.2316,0.0681,0.0158,0.0667,0.6667,0.0000,2.6521,1.00,15,1
ensemble_uncertainty_ranker,clutter_collision,2,0.1333,0.1781,0.0730,0.0234,0.2000,0.8000,0.0000,2.1670,1.00,15,1
ensemble_uncertainty_ranker,clutter_collision,3,0.3333,0.2469,0.0587,0.0144,0.2000,0.6000,0.0000,2.0722,1.00,15,1
ensemble_uncertainty_ranker,clutter_collision,4,0.6000,0.2566,0.0421,0.0125,0.0000,0.4000,0.0000,2.4658,1.00,15,1
ensemble_uncertainty_ranker,clutter_collision,5,0.4667,0.2613,0.0501,0.0222,0.1333,0.4667,0.0000,2.5820,1.00,15,1
ensemble_uncertainty_ranker,clutter_collision,6,0.6000,0.2566,0.0501,0.0188,0.0667,0.4000,0.0000,2.7502,1.00,15,1
ensemble_uncertainty_ranker,clutter_collision,7,0.5333,0.2613,0.0513,0.0141,0.2000,0.4667,0.0000,2.3267,1.00,15,1
ensemble_uncertainty_ranker,combined_composition_shift,0,0.0000,0.0000,0.0906,0.0236,0.5333,0.9333,0.0000,3.5233,1.00,15,1
ensemble_uncertainty_ranker,combined_composition_shift,1,0.0000,0.0000,0.0874,0.0270,0.4667,0.9333,0.0000,3.1807,1.00,15,1
ensemble_uncertainty_ranker,combined_composition_shift,2,0.0667,0.1307,0.1024,0.0345,0.5333,0.8667,0.0000,3.1379,1.00,15,1
ensemble_uncertainty_ranker,combined_composition_shift,3,0.0667,0.1307,0.0866,0.0279,0.5333,0.8000,0.0000,3.1211,1.00,15,1
ensemble_uncertainty_ranker,combined_composition_shift,4,0.0667,0.1307,0.1160,0.0508,0.7333,0.8000,0.0000,2.5004,1.00,15,1
ensemble_uncertainty_ranker,combined_composition_shift,5,0.0667,0.1307,0.0737,0.0191,0.5333,0.8667,0.0000,3.3733,1.00,15,1
ensemble_uncertainty_ranker,combined_composition_shift,6,0.2000,0.2095,0.0532,0.0224,0.2000,0.8000,0.0000,4.4307,1.00,15,1
ensemble_uncertainty_ranker,combined_composition_shift,7,0.1333,0.1781,0.0775,0.0203,0.4667,0.8000,0.0000,3.3719,1.00,15,1
ensemble_uncertainty_ranker,long_bar_high_aspect,0,1.0000,0.0000,0.0414,0.0135,0.0000,0.0000,0.0000,1.3808,1.00,15,1
ensemble_uncertainty_ranker,long_bar_high_aspect,1,0.9333,0.1307,0.0517,0.0127,0.0667,0.0000,0.0000,1.2930,1.00,15,1
ensemble_uncertainty_ranker,long_bar_high_aspect,2,1.0000,0.0000,0.0436,0.0149,0.0000,0.0000,0.0000,1.2123,1.00,15,1
ensemble_uncertainty_ranker,long_bar_high_aspect,3,0.9333,0.1307,0.0433,0.0129,0.0667,0.0000,0.0000,1.1819,1.00,15,1
ensemble_uncertainty_ranker,long_bar_high_aspect,4,1.0000,0.0000,0.0598,0.0119,0.0000,0.0000,0.0000,1.5753,1.00,15,1
ensemble_uncertainty_ranker,long_bar_high_aspect,5,0.8667,0.1781,0.0644,0.0190,0.1333,0.0000,0.0000,1.3945,1.00,15,1
ensemble_uncertainty_ranker,long_bar_high_aspect,6,0.9333,0.1307,0.0558,0.0150,0.0667,0.0000,0.0000,1.5625,1.00,15,1
ensemble_uncertainty_ranker,long_bar_high_aspect,7,1.0000,0.0000,0.0389,0.0098,0.0000,0.0000,0.0000,1.4249,1.00,15,1
ensemble_uncertainty_ranker,material_shift_proxy,0,0.9333,0.1307,0.0472,0.0114,0.0667,0.0000,0.0000,1.9536,1.00,15,1
ensemble_uncertainty_ranker,material_shift_proxy,1,1.0000,0.0000,0.0444,0.0124,0.0000,0.0000,0.0000,2.3469,1.00,15,1
ensemble_uncertainty_ranker,material_shift_proxy,2,0.7333,0.2316,0.0626,0.0184,0.0667,0.0000,0.0000,2.0053,1.00,15,1
ensemble_uncertainty_ranker,material_shift_proxy,3,0.9333,0.1307,0.0534,0.0156,0.0000,0.0000,0.0000,1.9878,1.00,15,1
ensemble_uncertainty_ranker,material_shift_proxy,4,0.7333,0.2316,0.0659,0.0170,0.2000,0.0000,0.0000,1.9374,1.00,15,1
ensemble_uncertainty_ranker,material_shift_proxy,5,0.8667,0.1781,0.0549,0.0134,0.1333,0.0000,0.0000,1.9846,1.00,15,1
ensemble_uncertainty_ranker,material_shift_proxy,6,0.8000,0.2095,0.0643,0.0153,0.0000,0.0000,0.0000,2.1070,1.00,15,1
ensemble_uncertainty_ranker,material_shift_proxy,7,0.8667,0.1781,0.0610,0.0144,0.0667,0.0000,0.0000,1.9375,1.00,15,1
ensemble_uncertainty_ranker,seen_simple,0,1.0000,0.0000,0.0377,0.0080,0.0000,0.0000,0.0000,2.5293,1.00,15,1
ensemble_uncertainty_ranker,seen_simple,1,1.0000,0.0000,0.0436,0.0108,0.0000,0.0000,0.0000,2.4611,1.00,15,1
ensemble_uncertainty_ranker,seen_simple,2,1.0000,0.0000,0.0357,0.0122,0.0000,0.0000,0.0000,2.5536,1.00,15,1
ensemble_uncertainty_ranker,seen_simple,3,1.0000,0.0000,0.0378,0.0093,0.0000,0.0000,0.0000,2.4230,1.00,15,1
ensemble_uncertainty_ranker,seen_simple,4,1.0000,0.0000,0.0417,0.0127,0.0000,0.0000,0.0000,2.5139,1.00,15,1
ensemble_uncertainty_ranker,seen_simple,5,1.0000,0.0000,0.0346,0.0097,0.0000,0.0000,0.0000,2.6735,1.00,15,1
ensemble_uncertainty_ranker,seen_simple,6,1.0000,0.0000,0.0462,0.0113,0.0000,0.0000,0.0000,2.5958,1.00,15,1
ensemble_uncertainty_ranker,seen_simple,7,1.0000,0.0000,0.0476,0.0119,0.0000,0.0000,0.0000,2.4812,1.00,15,1
ensemble_uncertainty_ranker,slippery_contact,0,0.9333,0.1307,0.0511,0.0165,0.0000,0.0000,0.0000,1.9796,1.00,15,1
ensemble_uncertainty_ranker,slippery_contact,1,0.9333,0.1307,0.0669,0.0125,0.0000,0.0000,0.0000,1.9190,1.00,15,1
ensemble_uncertainty_ranker,slippery_contact,2,0.9333,0.1307,0.0627,0.0159,0.0000,0.0000,0.0000,2.0114,1.00,15,1
ensemble_uncertainty_ranker,slippery_contact,3,1.0000,0.0000,0.0499,0.0110,0.0000,0.0000,0.0000,1.9576,1.00,15,1
ensemble_uncertainty_ranker,slippery_contact,4,0.9333,0.1307,0.0624,0.0141,0.0667,0.0000,0.0000,2.1615,1.00,15,1
ensemble_uncertainty_ranker,slippery_contact,5,0.9333,0.1307,0.0573,0.0149,0.0000,0.0000,0.0000,2.0781,1.00,15,1
ensemble_uncertainty_ranker,slippery_contact,6,0.8667,0.1781,0.0643,0.0141,0.0667,0.0000,0.0000,1.8899,1.00,15,1
ensemble_uncertainty_ranker,slippery_contact,7,0.9333,0.1307,0.0553,0.0140,0.0667,0.0000,0.0000,1.9094,1.00,15,1
ensemble_uncertainty_ranker,task_constraint_shift,0,1.0000,0.0000,0.0504,0.0158,0.0000,0.0000,0.0000,1.6175,1.00,15,1
ensemble_uncertainty_ranker,task_constraint_shift,1,1.0000,0.0000,0.0552,0.0127,0.0000,0.0000,0.0000,1.6372,1.00,15,1
ensemble_uncertainty_ranker,task_constraint_shift,2,1.0000,0.0000,0.0447,0.0173,0.0000,0.0000,0.0000,1.4770,1.00,15,1
ensemble_uncertainty_ranker,task_constraint_shift,3,1.0000,0.0000,0.0542,0.0159,0.0000,0.0000,0.0000,1.6164,1.00,15,1
ensemble_uncertainty_ranker,task_constraint_shift,4,1.0000,0.0000,0.0470,0.0150,0.0000,0.0000,0.0000,1.6822,1.00,15,1
ensemble_uncertainty_ranker,task_constraint_shift,5,1.0000,0.0000,0.0414,0.0114,0.0000,0.0000,0.0000,1.6029,1.00,15,1
ensemble_uncertainty_ranker,task_constraint_shift,6,1.0000,0.0000,0.0379,0.0171,0.0000,0.0000,0.0000,1.6908,1.00,15,1
ensemble_uncertainty_ranker,task_constraint_shift,7,1.0000,0.0000,0.0464,0.0157,0.0000,0.0000,0.0000,1.6789,1.00,15,1
ensemble_uncertainty_ranker,thin_handle_shift,0,1.0000,0.0000,0.0501,0.0127,0.0000,0.0000,0.0000,2.2689,1.00,15,1
ensemble_uncertainty_ranker,thin_handle_shift,1,0.9333,0.1307,0.0438,0.0167,0.0000,0.0000,0.0000,2.1875,1.00,15,1
ensemble_uncertainty_ranker,thin_handle_shift,2,1.0000,0.0000,0.0513,0.0127,0.0000,0.0000,0.0000,2.2569,1.00,15,1
ensemble_uncertainty_ranker,thin_handle_shift,3,1.0000,0.0000,0.0408,0.0153,0.0000,0.0000,0.0000,2.0464,1.00,15,1
ensemble_uncertainty_ranker,thin_handle_shift,4,1.0000,0.0000,0.0448,0.0131,0.0000,0.0000,0.0000,2.0415,1.00,15,1
ensemble_uncertainty_ranker,thin_handle_shift,5,1.0000,0.0000,0.0406,0.0114,0.0000,0.0000,0.0000,2.1042,1.00,15,1
ensemble_uncertainty_ranker,thin_handle_shift,6,1.0000,0.0000,0.0470,0.0144,0.0000,0.0000,0.0000,2.1464,1.00,15,1
ensemble_uncertainty_ranker,thin_handle_shift,7,1.0000,0.0000,0.0478,0.0157,0.0000,0.0000,0.0000,1.9919,1.00,15,1
ensemble_uncertainty_ranker,unseen_dimensions,0,1.0000,0.0000,0.0528,0.0142,0.0000,0.0000,0.0000,1.9371,1.00,15,1
ensemble_uncertainty_ranker,unseen_dimensions,1,1.0000,0.0000,0.0333,0.0129,0.0000,0.0000,0.0000,1.9251,1.00,15,1
ensemble_uncertainty_ranker,unseen_dimensions,2,1.0000,0.0000,0.0485,0.0132,0.0000,0.0000,0.0000,1.9609,1.00,15,1
ensemble_uncertainty_ranker,unseen_dimensions,3,1.0000,0.0000,0.0501,0.0126,0.0000,0.0000,0.0000,1.8616,1.00,15,1
ensemble_uncertainty_ranker,unseen_dimensions,4,1.0000,0.0000,0.0377,0.0141,0.0000,0.0000,0.0000,2.0465,1.00,15,1
ensemble_uncertainty_ranker,unseen_dimensions,5,1.0000,0.0000,0.0451,0.0134,0.0000,0.0000,0.0000,2.0276,1.00,15,1
ensemble_uncertainty_ranker,unseen_dimensions,6,1.0000,0.0000,0.0553,0.0128,0.0000,0.0000,0.0000,2.0570,1.00,15,1
ensemble_uncertainty_ranker,unseen_dimensions,7,1.0000,0.0000,0.0452,0.0137,0.0000,0.0000,0.0000,1.7361,1.00,15,1
ensemble_uncertainty_ranker,unseen_shape_family,0,1.0000,0.0000,0.0619,0.0160,0.0000,0.0000,0.0000,3.4469,1.00,15,1
ensemble_uncertainty_ranker,unseen_shape_family,1,1.0000,0.0000,0.0605,0.0132,0.0000,0.0000,0.0000,3.3402,1.00,15,1
ensemble_uncertainty_ranker,unseen_shape_family,2,1.0000,0.0000,0.0475,0.0165,0.0000,0.0000,0.0000,3.2405,1.00,15,1
ensemble_uncertainty_ranker,unseen_shape_family,3,1.0000,0.0000,0.0509,0.0138,0.0000,0.0000,0.0000,3.2876,1.00,15,1
ensemble_uncertainty_ranker,unseen_shape_family,4,1.0000,0.0000,0.0421,0.0136,0.0000,0.0000,0.0000,3.6221,1.00,15,1
ensemble_uncertainty_ranker,unseen_shape_family,5,0.8667,0.1781,0.0681,0.0157,0.0000,0.0000,0.0000,3.5927,1.00,15,1
ensemble_uncertainty_ranker,unseen_shape_family,6,1.0000,0.0000,0.0553,0.0155,0.0000,0.0000,0.0000,3.1500,1.00,15,1
ensemble_uncertainty_ranker,unseen_shape_family,7,1.0000,0.0000,0.0532,0.0157,0.0000,0.0000,0.0000,2.9675,1.00,15,1
force_closure_score,adversarial_clutter_gap,0,0.0000,0.0000,0.0715,0.0195,0.8667,1.0000,0.0000,2.0869,1.00,15,1
force_closure_score,adversarial_clutter_gap,1,0.0000,0.0000,0.0671,0.0141,0.4000,1.0000,0.0000,3.5473,1.00,15,1
force_closure_score,adversarial_clutter_gap,2,0.0000,0.0000,0.0807,0.0210,0.7333,1.0000,0.0000,3.2035,1.00,15,1
force_closure_score,adversarial_clutter_gap,3,0.0000,0.0000,0.1034,0.0265,0.8667,0.9333,0.0000,2.1575,1.00,15,1
force_closure_score,adversarial_clutter_gap,4,0.0000,0.0000,0.0823,0.0262,0.8000,1.0000,0.0000,2.7496,1.00,15,1
force_closure_score,adversarial_clutter_gap,5,0.0000,0.0000,0.0713,0.0145,0.6000,1.0000,0.0000,3.6570,1.00,15,1
force_closure_score,adversarial_clutter_gap,6,0.0000,0.0000,0.0815,0.0190,0.8000,1.0000,0.0000,2.5905,1.00,15,1
force_closure_score,adversarial_clutter_gap,7,0.0000,0.0000,0.0805,0.0232,0.8000,1.0000,0.0000,2.8007,1.00,15,1
force_closure_score,clutter_collision,0,0.4667,0.2613,0.0586,0.0137,0.2000,0.5333,0.0000,2.5859,1.00,15,1
force_closure_score,clutter_collision,1,0.2000,0.2095,0.0657,0.0140,0.2000,0.8000,0.0000,2.5523,1.00,15,1
force_closure_score,clutter_collision,2,0.3333,0.2469,0.0584,0.0227,0.2000,0.6667,0.0000,2.6389,1.00,15,1
force_closure_score,clutter_collision,3,0.1333,0.1781,0.0497,0.0154,0.2667,0.8000,0.0000,2.3834,1.00,15,1
force_closure_score,clutter_collision,4,0.2667,0.2316,0.0541,0.0210,0.2000,0.7333,0.0000,2.7153,1.00,15,1
force_closure_score,clutter_collision,5,0.3333,0.2469,0.0580,0.0150,0.1333,0.6000,0.0000,2.7728,1.00,15,1
force_closure_score,clutter_collision,6,0.5333,0.2613,0.0451,0.0153,0.1333,0.4667,0.0000,2.8133,1.00,15,1
force_closure_score,clutter_collision,7,0.4000,0.2566,0.0580,0.0147,0.3333,0.6000,0.0000,2.6304,1.00,15,1
force_closure_score,combined_composition_shift,0,0.0000,0.0000,0.1287,0.0388,0.6667,0.8667,0.0000,2.7392,1.00,15,1
force_closure_score,combined_composition_shift,1,0.0000,0.0000,0.0963,0.0381,0.4000,1.0000,0.0000,3.3254,1.00,15,1
force_closure_score,combined_composition_shift,2,0.0667,0.1307,0.0760,0.0274,0.2000,0.8667,0.0000,4.7703,1.00,15,1
force_closure_score,combined_composition_shift,3,0.1333,0.1781,0.0853,0.0244,0.4000,0.8000,0.0000,3.7539,1.00,15,1
force_closure_score,combined_composition_shift,4,0.0667,0.1307,0.1010,0.0324,0.6000,0.8667,0.0000,3.0602,1.00,15,1
force_closure_score,combined_composition_shift,5,0.0667,0.1307,0.0757,0.0170,0.3333,0.8667,0.0000,3.5662,1.00,15,1
force_closure_score,combined_composition_shift,6,0.1333,0.1781,0.0629,0.0224,0.1333,0.8667,0.0000,4.5978,1.00,15,1
force_closure_score,combined_composition_shift,7,0.0667,0.1307,0.0817,0.0276,0.4667,0.8667,0.0000,3.4329,1.00,15,1
force_closure_score,long_bar_high_aspect,0,0.2667,0.2316,0.0615,0.0127,0.6667,0.0000,0.0000,0.8134,1.00,15,1
force_closure_score,long_bar_high_aspect,1,0.2667,0.2316,0.0666,0.0115,0.7333,0.0000,0.0000,0.7767,1.00,15,1
force_closure_score,long_bar_high_aspect,2,0.2667,0.2316,0.0639,0.0126,0.6667,0.0000,0.0000,0.8135,1.00,15,1
force_closure_score,long_bar_high_aspect,3,0.2667,0.2316,0.0656,0.0114,0.6667,0.0000,0.0000,0.8361,1.00,15,1
force_closure_score,long_bar_high_aspect,4,0.2000,0.2095,0.0694,0.0090,0.8000,0.0000,0.0000,0.8073,1.00,15,1
force_closure_score,long_bar_high_aspect,5,0.2667,0.2316,0.0615,0.0150,0.7333,0.0000,0.0000,0.7144,1.00,15,1
force_closure_score,long_bar_high_aspect,6,0.4000,0.2566,0.0518,0.0139,0.6000,0.0000,0.0000,0.9437,1.00,15,1
force_closure_score,long_bar_high_aspect,7,0.3333,0.2469,0.0567,0.0108,0.6667,0.0000,0.0000,0.7537,1.00,15,1
force_closure_score,material_shift_proxy,0,0.2667,0.2316,0.0920,0.0186,0.7333,0.0000,0.0000,1.8625,1.00,15,1
force_closure_score,material_shift_proxy,1,0.2667,0.2316,0.0716,0.0153,0.6000,0.0000,0.0000,1.9637,1.00,15,1
force_closure_score,material_shift_proxy,2,0.2667,0.2316,0.0786,0.0213,0.6667,0.0000,0.0000,2.2055,1.00,15,1
force_closure_score,material_shift_proxy,3,0.4000,0.2566,0.0709,0.0199,0.4000,0.0000,0.0000,2.2044,1.00,15,1
force_closure_score,material_shift_proxy,4,0.1333,0.1781,0.0872,0.0145,0.7333,0.0000,0.0000,2.0624,1.00,15,1
force_closure_score,material_shift_proxy,5,0.1333,0.1781,0.0750,0.0142,0.8000,0.0000,0.0000,1.9526,1.00,15,1
force_closure_score,material_shift_proxy,6,0.3333,0.2469,0.0773,0.0233,0.6667,0.0000,0.0000,1.9843,1.00,15,1
force_closure_score,material_shift_proxy,7,0.2000,0.2095,0.0875,0.0213,0.8000,0.0000,0.0000,1.9255,1.00,15,1
force_closure_score,seen_simple,0,0.9333,0.1307,0.0616,0.0180,0.0000,0.0000,0.0000,2.4136,1.00,15,1
force_closure_score,seen_simple,1,0.8667,0.1781,0.0543,0.0194,0.0000,0.0000,0.0000,2.4424,1.00,15,1
force_closure_score,seen_simple,2,0.9333,0.1307,0.0508,0.0174,0.0000,0.0000,0.0000,2.5436,1.00,15,1
force_closure_score,seen_simple,3,0.9333,0.1307,0.0525,0.0186,0.0000,0.0000,0.0000,2.4820,1.00,15,1
force_closure_score,seen_simple,4,0.9333,0.1307,0.0631,0.0156,0.0000,0.0000,0.0000,2.2895,1.00,15,1
force_closure_score,seen_simple,5,0.8667,0.1781,0.0461,0.0175,0.0000,0.0000,0.0000,2.3814,1.00,15,1
force_closure_score,seen_simple,6,0.8667,0.1781,0.0544,0.0178,0.0000,0.0000,0.0000,2.3138,1.00,15,1
force_closure_score,seen_simple,7,0.8667,0.1781,0.0548,0.0178,0.0000,0.0000,0.0000,2.3404,1.00,15,1
force_closure_score,slippery_contact,0,0.4667,0.2613,0.0833,0.0160,0.4667,0.0000,0.0000,2.2071,1.00,15,1
force_closure_score,slippery_contact,1,0.4000,0.2566,0.0707,0.0226,0.6000,0.0000,0.0000,1.8957,1.00,15,1
force_closure_score,slippery_contact,2,0.1333,0.1781,0.0910,0.0145,0.8667,0.0000,0.0000,1.7488,1.00,15,1
force_closure_score,slippery_contact,3,0.4667,0.2613,0.0887,0.0162,0.4667,0.0000,0.0000,2.0927,1.00,15,1
force_closure_score,slippery_contact,4,0.2000,0.2095,0.0774,0.0149,0.7333,0.0000,0.0000,1.9348,1.00,15,1
force_closure_score,slippery_contact,5,0.2667,0.2316,0.0796,0.0209,0.6667,0.0000,0.0000,1.9566,1.00,15,1
force_closure_score,slippery_contact,6,0.3333,0.2469,0.0759,0.0125,0.6000,0.0000,0.0000,2.0658,1.00,15,1
force_closure_score,slippery_contact,7,0.3333,0.2469,0.0846,0.0194,0.6000,0.0000,0.0000,1.9796,1.00,15,1
force_closure_score,task_constraint_shift,0,0.2000,0.2095,0.0694,0.0120,0.8000,0.0000,0.0000,0.7285,1.00,15,1
force_closure_score,task_constraint_shift,1,0.2000,0.2095,0.0695,0.0175,0.7333,0.0000,0.0000,0.8259,1.00,15,1
force_closure_score,task_constraint_shift,2,0.2000,0.2095,0.0582,0.0085,0.8000,0.0000,0.0000,0.7582,1.00,15,1
force_closure_score,task_constraint_shift,3,0.2667,0.2316,0.0629,0.0115,0.7333,0.0000,0.0000,0.7056,1.00,15,1
force_closure_score,task_constraint_shift,4,0.1333,0.1781,0.0602,0.0076,0.8667,0.0000,0.0000,0.6384,1.00,15,1
force_closure_score,task_constraint_shift,5,0.4000,0.2566,0.0598,0.0162,0.6000,0.0000,0.0000,0.9663,1.00,15,1
force_closure_score,task_constraint_shift,6,0.3333,0.2469,0.0660,0.0171,0.5333,0.0000,0.0000,1.2601,1.00,15,1
force_closure_score,task_constraint_shift,7,0.2667,0.2316,0.0612,0.0159,0.7333,0.0000,0.0000,0.8139,1.00,15,1
force_closure_score,thin_handle_shift,0,0.9333,0.1307,0.0534,0.0171,0.0000,0.0000,0.0000,2.1952,1.00,15,1
force_closure_score,thin_handle_shift,1,0.8667,0.1781,0.0499,0.0183,0.0000,0.0000,0.0000,1.9309,1.00,15,1
force_closure_score,thin_handle_shift,2,0.9333,0.1307,0.0605,0.0159,0.0000,0.0000,0.0000,2.2034,1.00,15,1
force_closure_score,thin_handle_shift,3,0.8667,0.1781,0.0452,0.0185,0.0000,0.0000,0.0000,2.0450,1.00,15,1
force_closure_score,thin_handle_shift,4,0.9333,0.1307,0.0481,0.0144,0.0000,0.0000,0.0000,1.9910,1.00,15,1
force_closure_score,thin_handle_shift,5,0.8000,0.2095,0.0600,0.0165,0.0000,0.0000,0.0000,1.9800,1.00,15,1
force_closure_score,thin_handle_shift,6,0.8667,0.1781,0.0607,0.0160,0.0667,0.0000,0.0000,1.8071,1.00,15,1
force_closure_score,thin_handle_shift,7,0.9333,0.1307,0.0453,0.0188,0.0000,0.0000,0.0000,2.0958,1.00,15,1
force_closure_score,unseen_dimensions,0,0.6000,0.2566,0.0642,0.0235,0.3333,0.0000,0.0000,3.4937,1.00,15,1
force_closure_score,unseen_dimensions,1,0.7333,0.2316,0.0454,0.0194,0.0667,0.0000,0.0000,4.2784,1.00,15,1
force_closure_score,unseen_dimensions,2,0.6667,0.2469,0.0626,0.0190,0.2000,0.0000,0.0000,4.0002,1.00,15,1
force_closure_score,unseen_dimensions,3,0.7333,0.2316,0.0638,0.0194,0.0667,0.0000,0.0000,4.2012,1.00,15,1
force_closure_score,unseen_dimensions,4,0.4667,0.2613,0.0634,0.0237,0.2667,0.0000,0.0000,3.5239,1.00,15,1
force_closure_score,unseen_dimensions,5,0.6667,0.2469,0.0714,0.0251,0.2000,0.0000,0.0000,3.6875,1.00,15,1
force_closure_score,unseen_dimensions,6,0.6667,0.2469,0.0668,0.0201,0.1333,0.0000,0.0000,4.2494,1.00,15,1
force_closure_score,unseen_dimensions,7,0.4667,0.2613,0.0725,0.0177,0.4000,0.0000,0.0000,3.0807,1.00,15,1
force_closure_score,unseen_shape_family,0,0.9333,0.1307,0.0573,0.0144,0.0000,0.0000,0.0000,3.6785,1.00,15,1
force_closure_score,unseen_shape_family,1,0.8667,0.1781,0.0596,0.0178,0.0000,0.0000,0.0000,3.5065,1.00,15,1
force_closure_score,unseen_shape_family,2,0.9333,0.1307,0.0571,0.0161,0.0000,0.0000,0.0000,3.4183,1.00,15,1
force_closure_score,unseen_shape_family,3,0.8667,0.1781,0.0577,0.0178,0.0000,0.0000,0.0000,3.4523,1.00,15,1
force_closure_score,unseen_shape_family,4,1.0000,0.0000,0.0477,0.0163,0.0000,0.0000,0.0000,3.5325,1.00,15,1
force_closure_score,unseen_shape_family,5,0.7333,0.2316,0.0735,0.0176,0.0000,0.0000,0.0000,3.5684,1.00,15,1
force_closure_score,unseen_shape_family,6,0.9333,0.1307,0.0641,0.0151,0.0000,0.0000,0.0000,3.4620,1.00,15,1
force_closure_score,unseen_shape_family,7,0.8667,0.1781,0.0482,0.0162,0.0000,0.0000,0.0000,3.1775,1.00,15,1
gradient_boosted_energy_model,adversarial_clutter_gap,0,0.0000,0.0000,0.0781,0.0235,0.9333,1.0000,0.0000,2.1808,1.00,15,1
gradient_boosted_energy_model,adversarial_clutter_gap,1,0.0000,0.0000,0.0921,0.0227,0.4667,0.9333,0.0000,3.3589,1.00,15,1
gradient_boosted_energy_model,adversarial_clutter_gap,2,0.0000,0.0000,0.0935,0.0170,0.7333,1.0000,0.0000,2.4547,1.00,15,1
gradient_boosted_energy_model,adversarial_clutter_gap,3,0.0000,0.0000,0.1012,0.0275,0.8667,0.9333,0.0000,1.8253,1.00,15,1
gradient_boosted_energy_model,adversarial_clutter_gap,4,0.0000,0.0000,0.0704,0.0190,0.7333,1.0000,0.0000,2.8696,1.00,15,1
gradient_boosted_energy_model,adversarial_clutter_gap,5,0.0000,0.0000,0.0862,0.0188,0.8000,0.9333,0.0000,2.0508,1.00,15,1
gradient_boosted_energy_model,adversarial_clutter_gap,6,0.0000,0.0000,0.0860,0.0191,0.6667,1.0000,0.0000,2.1029,1.00,15,1
gradient_boosted_energy_model,adversarial_clutter_gap,7,0.0000,0.0000,0.1027,0.0261,0.8000,1.0000,0.0000,2.6076,1.00,15,1
gradient_boosted_energy_model,clutter_collision,0,0.4667,0.2613,0.0516,0.0132,0.1333,0.5333,0.0000,2.3684,1.00,15,1
gradient_boosted_energy_model,clutter_collision,1,0.5333,0.2613,0.0481,0.0163,0.0667,0.4000,0.0000,2.5031,1.00,15,1
gradient_boosted_energy_model,clutter_collision,2,0.3333,0.2469,0.0486,0.0119,0.1333,0.6667,0.0000,2.4018,1.00,15,1
gradient_boosted_energy_model,clutter_collision,3,0.4667,0.2613,0.0556,0.0111,0.1333,0.5333,0.0000,2.2039,1.00,15,1
gradient_boosted_energy_model,clutter_collision,4,0.5333,0.2613,0.0520,0.0125,0.1333,0.4000,0.0000,2.2844,1.00,15,1
gradient_boosted_energy_model,clutter_collision,5,0.6000,0.2566,0.0385,0.0124,0.0000,0.4000,0.0000,2.7182,1.00,15,1
gradient_boosted_energy_model,clutter_collision,6,0.3333,0.2469,0.0428,0.0136,0.2667,0.6667,0.0000,2.4491,1.00,15,1
gradient_boosted_energy_model,clutter_collision,7,0.2667,0.2316,0.0528,0.0114,0.2000,0.7333,0.0000,2.2357,1.00,15,1
gradient_boosted_energy_model,combined_composition_shift,0,0.0000,0.0000,0.1068,0.0415,0.6000,0.8667,0.0000,3.2915,1.00,15,1
gradient_boosted_energy_model,combined_composition_shift,1,0.0000,0.0000,0.1195,0.0381,0.6000,0.9333,0.0000,2.5463,1.00,15,1
gradient_boosted_energy_model,combined_composition_shift,2,0.2000,0.2095,0.0712,0.0217,0.3333,0.6667,0.0000,4.0345,1.00,15,1
gradient_boosted_energy_model,combined_composition_shift,3,0.0667,0.1307,0.0754,0.0271,0.4000,0.8667,0.0000,2.9889,1.00,15,1
gradient_boosted_energy_model,combined_composition_shift,4,0.0000,0.0000,0.1073,0.0497,0.7333,1.0000,0.0000,2.2101,1.00,15,1
gradient_boosted_energy_model,combined_composition_shift,5,0.0000,0.0000,0.0932,0.0170,0.6667,0.8667,0.0000,2.7882,1.00,15,1
gradient_boosted_energy_model,combined_composition_shift,6,0.1333,0.1781,0.0565,0.0233,0.2000,0.8667,0.0000,4.2716,1.00,15,1
gradient_boosted_energy_model,combined_composition_shift,7,0.1333,0.1781,0.0668,0.0186,0.4000,0.8667,0.0000,3.6492,1.00,15,1
gradient_boosted_energy_model,long_bar_high_aspect,0,1.0000,0.0000,0.0431,0.0132,0.0000,0.0000,0.0000,1.4125,1.00,15,1
gradient_boosted_energy_model,long_bar_high_aspect,1,0.9333,0.1307,0.0559,0.0101,0.0667,0.0000,0.0000,1.3016,1.00,15,1
gradient_boosted_energy_model,long_bar_high_aspect,2,0.9333,0.1307,0.0449,0.0146,0.0667,0.0000,0.0000,1.3973,1.00,15,1
gradient_boosted_energy_model,long_bar_high_aspect,3,0.9333,0.1307,0.0444,0.0163,0.0667,0.0000,0.0000,1.2445,1.00,15,1
gradient_boosted_energy_model,long_bar_high_aspect,4,1.0000,0.0000,0.0529,0.0116,0.0000,0.0000,0.0000,1.6524,1.00,15,1
gradient_boosted_energy_model,long_bar_high_aspect,5,0.9333,0.1307,0.0453,0.0172,0.0667,0.0000,0.0000,1.4548,1.00,15,1
gradient_boosted_energy_model,long_bar_high_aspect,6,0.9333,0.1307,0.0363,0.0113,0.0667,0.0000,0.0000,1.3326,1.00,15,1
gradient_boosted_energy_model,long_bar_high_aspect,7,0.9333,0.1307,0.0434,0.0132,0.0667,0.0000,0.0000,1.1985,1.00,15,1
gradient_boosted_energy_model,material_shift_proxy,0,0.7333,0.2316,0.0656,0.0180,0.1333,0.0000,0.0000,2.0956,1.00,15,1
gradient_boosted_energy_model,material_shift_proxy,1,0.9333,0.1307,0.0490,0.0122,0.0667,0.0000,0.0000,2.1885,1.00,15,1
gradient_boosted_energy_model,material_shift_proxy,2,0.6667,0.2469,0.0698,0.0181,0.2000,0.0000,0.0000,1.9119,1.00,15,1
gradient_boosted_energy_model,material_shift_proxy,3,0.9333,0.1307,0.0499,0.0117,0.0667,0.0000,0.0000,1.9578,1.00,15,1
gradient_boosted_energy_model,material_shift_proxy,4,0.8667,0.1781,0.0639,0.0115,0.1333,0.0000,0.0000,2.0424,1.00,15,1
gradient_boosted_energy_model,material_shift_proxy,5,0.8667,0.1781,0.0577,0.0110,0.1333,0.0000,0.0000,2.0008,1.00,15,1
gradient_boosted_energy_model,material_shift_proxy,6,0.8000,0.2095,0.0619,0.0115,0.1333,0.0000,0.0000,2.0046,1.00,15,1
gradient_boosted_energy_model,material_shift_proxy,7,0.8000,0.2095,0.0581,0.0129,0.1333,0.0000,0.0000,1.8555,1.00,15,1
gradient_boosted_energy_model,seen_simple,0,1.0000,0.0000,0.0325,0.0106,0.0000,0.0000,0.0000,2.6997,1.00,15,1
gradient_boosted_energy_model,seen_simple,1,1.0000,0.0000,0.0389,0.0121,0.0000,0.0000,0.0000,2.2212,1.00,15,1
gradient_boosted_energy_model,seen_simple,2,1.0000,0.0000,0.0238,0.0111,0.0000,0.0000,0.0000,2.5138,1.00,15,1
gradient_boosted_energy_model,seen_simple,3,1.0000,0.0000,0.0351,0.0101,0.0000,0.0000,0.0000,2.4416,1.00,15,1
gradient_boosted_energy_model,seen_simple,4,1.0000,0.0000,0.0325,0.0106,0.0000,0.0000,0.0000,2.4756,1.00,15,1
gradient_boosted_energy_model,seen_simple,5,1.0000,0.0000,0.0345,0.0100,0.0000,0.0000,0.0000,2.6369,1.00,15,1
gradient_boosted_energy_model,seen_simple,6,1.0000,0.0000,0.0296,0.0085,0.0000,0.0000,0.0000,2.5162,1.00,15,1
gradient_boosted_energy_model,seen_simple,7,1.0000,0.0000,0.0425,0.0109,0.0000,0.0000,0.0000,2.3388,1.00,15,1
gradient_boosted_energy_model,slippery_contact,0,1.0000,0.0000,0.0478,0.0147,0.0000,0.0000,0.0000,2.1797,1.00,15,1
gradient_boosted_energy_model,slippery_contact,1,1.0000,0.0000,0.0554,0.0123,0.0000,0.0000,0.0000,2.0203,1.00,15,1
gradient_boosted_energy_model,slippery_contact,2,0.9333,0.1307,0.0550,0.0135,0.0667,0.0000,0.0000,2.0968,1.00,15,1
gradient_boosted_energy_model,slippery_contact,3,1.0000,0.0000,0.0528,0.0122,0.0000,0.0000,0.0000,1.9046,1.00,15,1
gradient_boosted_energy_model,slippery_contact,4,0.9333,0.1307,0.0473,0.0141,0.0667,0.0000,0.0000,2.2095,1.00,15,1
gradient_boosted_energy_model,slippery_contact,5,0.8667,0.1781,0.0633,0.0141,0.0667,0.0000,0.0000,2.1402,1.00,15,1
gradient_boosted_energy_model,slippery_contact,6,0.9333,0.1307,0.0576,0.0143,0.0000,0.0000,0.0000,2.0370,1.00,15,1
gradient_boosted_energy_model,slippery_contact,7,0.9333,0.1307,0.0522,0.0138,0.0667,0.0000,0.0000,2.0403,1.00,15,1
gradient_boosted_energy_model,task_constraint_shift,0,1.0000,0.0000,0.0496,0.0118,0.0000,0.0000,0.0000,1.5158,1.00,15,1
gradient_boosted_energy_model,task_constraint_shift,1,1.0000,0.0000,0.0465,0.0133,0.0000,0.0000,0.0000,1.6523,1.00,15,1
gradient_boosted_energy_model,task_constraint_shift,2,1.0000,0.0000,0.0354,0.0134,0.0000,0.0000,0.0000,1.4592,1.00,15,1
gradient_boosted_energy_model,task_constraint_shift,3,0.9333,0.1307,0.0470,0.0151,0.0667,0.0000,0.0000,1.6106,1.00,15,1
gradient_boosted_energy_model,task_constraint_shift,4,1.0000,0.0000,0.0304,0.0120,0.0000,0.0000,0.0000,1.5864,1.00,15,1
gradient_boosted_energy_model,task_constraint_shift,5,1.0000,0.0000,0.0367,0.0118,0.0000,0.0000,0.0000,1.6675,1.00,15,1
gradient_boosted_energy_model,task_constraint_shift,6,1.0000,0.0000,0.0332,0.0124,0.0000,0.0000,0.0000,1.6136,1.00,15,1
gradient_boosted_energy_model,task_constraint_shift,7,1.0000,0.0000,0.0412,0.0134,0.0000,0.0000,0.0000,1.4943,1.00,15,1
gradient_boosted_energy_model,thin_handle_shift,0,1.0000,0.0000,0.0361,0.0141,0.0000,0.0000,0.0000,2.0857,1.00,15,1
gradient_boosted_energy_model,thin_handle_shift,1,1.0000,0.0000,0.0532,0.0130,0.0000,0.0000,0.0000,1.9092,1.00,15,1
gradient_boosted_energy_model,thin_handle_shift,2,1.0000,0.0000,0.0466,0.0123,0.0000,0.0000,0.0000,2.0703,1.00,15,1
gradient_boosted_energy_model,thin_handle_shift,3,1.0000,0.0000,0.0354,0.0126,0.0000,0.0000,0.0000,2.0136,1.00,15,1
gradient_boosted_energy_model,thin_handle_shift,4,1.0000,0.0000,0.0491,0.0130,0.0000,0.0000,0.0000,1.9804,1.00,15,1
gradient_boosted_energy_model,thin_handle_shift,5,1.0000,0.0000,0.0415,0.0104,0.0000,0.0000,0.0000,2.0506,1.00,15,1
gradient_boosted_energy_model,thin_handle_shift,6,1.0000,0.0000,0.0527,0.0130,0.0000,0.0000,0.0000,2.0792,1.00,15,1
gradient_boosted_energy_model,thin_handle_shift,7,1.0000,0.0000,0.0364,0.0129,0.0000,0.0000,0.0000,2.1013,1.00,15,1
gradient_boosted_energy_model,unseen_dimensions,0,1.0000,0.0000,0.0420,0.0134,0.0000,0.0000,0.0000,2.1473,1.00,15,1
gradient_boosted_energy_model,unseen_dimensions,1,1.0000,0.0000,0.0339,0.0141,0.0000,0.0000,0.0000,2.1100,1.00,15,1
gradient_boosted_energy_model,unseen_dimensions,2,1.0000,0.0000,0.0458,0.0137,0.0000,0.0000,0.0000,2.0495,1.00,15,1
gradient_boosted_energy_model,unseen_dimensions,3,1.0000,0.0000,0.0439,0.0120,0.0000,0.0000,0.0000,1.9745,1.00,15,1
gradient_boosted_energy_model,unseen_dimensions,4,1.0000,0.0000,0.0450,0.0137,0.0000,0.0000,0.0000,2.0291,1.00,15,1
gradient_boosted_energy_model,unseen_dimensions,5,1.0000,0.0000,0.0440,0.0123,0.0000,0.0000,0.0000,2.1559,1.00,15,1
gradient_boosted_energy_model,unseen_dimensions,6,1.0000,0.0000,0.0366,0.0151,0.0000,0.0000,0.0000,2.1052,1.00,15,1
gradient_boosted_energy_model,unseen_dimensions,7,1.0000,0.0000,0.0507,0.0121,0.0000,0.0000,0.0000,2.0317,1.00,15,1
gradient_boosted_energy_model,unseen_shape_family,0,1.0000,0.0000,0.0483,0.0141,0.0000,0.0000,0.0000,3.4973,1.00,15,1
gradient_boosted_energy_model,unseen_shape_family,1,1.0000,0.0000,0.0488,0.0124,0.0000,0.0000,0.0000,3.0880,1.00,15,1
gradient_boosted_energy_model,unseen_shape_family,2,1.0000,0.0000,0.0459,0.0163,0.0000,0.0000,0.0000,3.0650,1.00,15,1
gradient_boosted_energy_model,unseen_shape_family,3,1.0000,0.0000,0.0492,0.0132,0.0000,0.0000,0.0000,3.2919,1.00,15,1
gradient_boosted_energy_model,unseen_shape_family,4,1.0000,0.0000,0.0417,0.0117,0.0000,0.0000,0.0000,3.3993,1.00,15,1
gradient_boosted_energy_model,unseen_shape_family,5,0.9333,0.1307,0.0574,0.0177,0.0000,0.0000,0.0000,3.3664,1.00,15,1
gradient_boosted_energy_model,unseen_shape_family,6,1.0000,0.0000,0.0566,0.0139,0.0000,0.0000,0.0000,3.3313,1.00,15,1
gradient_boosted_energy_model,unseen_shape_family,7,1.0000,0.0000,0.0426,0.0146,0.0000,0.0000,0.0000,3.1774,1.00,15,1
mlp_energy_model,adversarial_clutter_gap,0,0.0000,0.0000,0.0899,0.0208,0.8667,1.0000,0.0000,2.3128,1.00,15,1
mlp_energy_model,adversarial_clutter_gap,1,0.0000,0.0000,0.0922,0.0258,0.8000,1.0000,0.0000,2.6824,1.00,15,1
mlp_energy_model,adversarial_clutter_gap,2,0.0000,0.0000,0.0865,0.0151,0.8000,1.0000,0.0000,2.3355,1.00,15,1
mlp_energy_model,adversarial_clutter_gap,3,0.0000,0.0000,0.1066,0.0468,0.8000,1.0000,0.0000,2.1979,1.00,15,1
mlp_energy_model,adversarial_clutter_gap,4,0.0000,0.0000,0.0818,0.0124,0.8000,1.0000,0.0000,2.2276,1.00,15,1
mlp_energy_model,adversarial_clutter_gap,5,0.0000,0.0000,0.0812,0.0110,0.8667,1.0000,0.0000,2.0553,1.00,15,1
mlp_energy_model,adversarial_clutter_gap,6,0.0000,0.0000,0.0817,0.0231,0.8000,1.0000,0.0000,2.6827,1.00,15,1
mlp_energy_model,adversarial_clutter_gap,7,0.0000,0.0000,0.0863,0.0198,0.8000,1.0000,0.0000,2.5829,1.00,15,1
mlp_energy_model,clutter_collision,0,0.6000,0.2566,0.0559,0.0162,0.2000,0.4000,0.0000,2.2968,1.00,15,1
mlp_energy_model,clutter_collision,1,0.4667,0.2613,0.0335,0.0134,0.1333,0.5333,0.0000,2.3529,1.00,15,1
mlp_energy_model,clutter_collision,2,0.3333,0.2469,0.0556,0.0155,0.1333,0.6667,0.0000,2.3517,1.00,15,1
mlp_energy_model,clutter_collision,3,0.4000,0.2566,0.0497,0.0157,0.2667,0.5333,0.0000,2.0189,1.00,15,1
mlp_energy_model,clutter_collision,4,0.5333,0.2613,0.0530,0.0269,0.1333,0.4667,0.0000,2.2466,1.00,15,1
mlp_energy_model,clutter_collision,5,0.5333,0.2613,0.0391,0.0135,0.0667,0.4667,0.0000,2.4292,1.00,15,1
mlp_energy_model,clutter_collision,6,0.6000,0.2566,0.0308,0.0135,0.0667,0.4000,0.0000,2.6572,1.00,15,1
mlp_energy_model,clutter_collision,7,0.4667,0.2613,0.0449,0.0155,0.2667,0.5333,0.0000,2.1595,1.00,15,1
mlp_energy_model,combined_composition_shift,0,0.0000,0.0000,0.0701,0.0184,0.6000,1.0000,0.0000,2.6107,1.00,15,1
mlp_energy_model,combined_composition_shift,1,0.0000,0.0000,0.0730,0.0213,0.4000,1.0000,0.0000,2.5896,1.00,15,1
mlp_energy_model,combined_composition_shift,2,0.0667,0.1307,0.0866,0.0372,0.5333,0.9333,0.0000,2.5271,1.00,15,1
mlp_energy_model,combined_composition_shift,3,0.0667,0.1307,0.0569,0.0153,0.4667,0.9333,0.0000,2.8530,1.00,15,1
mlp_energy_model,combined_composition_shift,4,0.0667,0.1307,0.0982,0.0458,0.6667,0.9333,0.0000,2.5462,1.00,15,1
mlp_energy_model,combined_composition_shift,5,0.0667,0.1307,0.0680,0.0175,0.3333,0.9333,0.0000,3.5303,1.00,15,1
mlp_energy_model,combined_composition_shift,6,0.0667,0.1307,0.0611,0.0151,0.5333,0.9333,0.0000,2.8031,1.00,15,1
mlp_energy_model,combined_composition_shift,7,0.0667,0.1307,0.0713,0.0150,0.3333,0.9333,0.0000,3.3513,1.00,15,1
mlp_energy_model,long_bar_high_aspect,0,0.9333,0.1307,0.0495,0.0189,0.0000,0.0000,0.0000,1.5371,1.00,15,1
mlp_energy_model,long_bar_high_aspect,1,0.8667,0.1781,0.0660,0.0182,0.0000,0.0000,0.0000,1.3936,1.00,15,1
mlp_energy_model,long_bar_high_aspect,2,1.0000,0.0000,0.0534,0.0167,0.0000,0.0000,0.0000,1.5248,1.00,15,1
mlp_energy_model,long_bar_high_aspect,3,0.7333,0.2316,0.0608,0.0212,0.0667,0.0000,0.0000,1.4009,1.00,15,1
mlp_energy_model,long_bar_high_aspect,4,0.9333,0.1307,0.0644,0.0148,0.0000,0.0000,0.0000,1.5641,1.00,15,1
mlp_energy_model,long_bar_high_aspect,5,0.8667,0.1781,0.0666,0.0186,0.0000,0.0000,0.0000,1.4873,1.00,15,1
mlp_energy_model,long_bar_high_aspect,6,0.9333,0.1307,0.0509,0.0178,0.0000,0.0000,0.0000,1.4854,1.00,15,1
mlp_energy_model,long_bar_high_aspect,7,0.9333,0.1307,0.0452,0.0142,0.0000,0.0000,0.0000,1.3449,1.00,15,1
mlp_energy_model,material_shift_proxy,0,0.2667,0.2316,0.0817,0.0166,0.7333,0.0000,0.0000,1.7484,1.00,15,1
mlp_energy_model,material_shift_proxy,1,0.4667,0.2613,0.0793,0.0173,0.4667,0.0000,0.0000,1.9476,1.00,15,1
mlp_energy_model,material_shift_proxy,2,0.5333,0.2613,0.0761,0.0179,0.3333,0.0000,0.0000,2.0113,1.00,15,1
mlp_energy_model,material_shift_proxy,3,0.6667,0.2469,0.0576,0.0185,0.3333,0.0000,0.0000,2.0075,1.00,15,1
mlp_energy_model,material_shift_proxy,4,0.4000,0.2566,0.0762,0.0140,0.6000,0.0000,0.0000,1.7214,1.00,15,1
mlp_energy_model,material_shift_proxy,5,0.4667,0.2613,0.0681,0.0146,0.4667,0.0000,0.0000,1.7542,1.00,15,1
mlp_energy_model,material_shift_proxy,6,0.3333,0.2469,0.0643,0.0202,0.6000,0.0000,0.0000,1.8834,1.00,15,1
mlp_energy_model,material_shift_proxy,7,0.6000,0.2566,0.0760,0.0231,0.3333,0.0000,0.0000,2.1770,1.00,15,1
mlp_energy_model,seen_simple,0,1.0000,0.0000,0.0276,0.0096,0.0000,0.0000,0.0000,2.1829,1.00,15,1
mlp_energy_model,seen_simple,1,1.0000,0.0000,0.0385,0.0138,0.0000,0.0000,0.0000,2.0665,1.00,15,1
mlp_energy_model,seen_simple,2,1.0000,0.0000,0.0217,0.0067,0.0000,0.0000,0.0000,2.1002,1.00,15,1
mlp_energy_model,seen_simple,3,1.0000,0.0000,0.0368,0.0112,0.0000,0.0000,0.0000,2.0698,1.00,15,1
mlp_energy_model,seen_simple,4,1.0000,0.0000,0.0300,0.0102,0.0000,0.0000,0.0000,2.1027,1.00,15,1
mlp_energy_model,seen_simple,5,1.0000,0.0000,0.0291,0.0085,0.0000,0.0000,0.0000,2.3267,1.00,15,1
mlp_energy_model,seen_simple,6,1.0000,0.0000,0.0237,0.0091,0.0000,0.0000,0.0000,2.1927,1.00,15,1
mlp_energy_model,seen_simple,7,1.0000,0.0000,0.0267,0.0088,0.0000,0.0000,0.0000,2.0994,1.00,15,1
mlp_energy_model,slippery_contact,0,0.8000,0.2095,0.0525,0.0193,0.1333,0.0000,0.0000,1.9234,1.00,15,1
mlp_energy_model,slippery_contact,1,0.8667,0.1781,0.0540,0.0103,0.1333,0.0000,0.0000,1.9458,1.00,15,1
mlp_energy_model,slippery_contact,2,0.8000,0.2095,0.0559,0.0142,0.2000,0.0000,0.0000,1.8897,1.00,15,1
mlp_energy_model,slippery_contact,3,0.9333,0.1307,0.0534,0.0151,0.0667,0.0000,0.0000,2.0131,1.00,15,1
mlp_energy_model,slippery_contact,4,0.8667,0.1781,0.0534,0.0104,0.1333,0.0000,0.0000,2.1526,1.00,15,1
mlp_energy_model,slippery_contact,5,1.0000,0.0000,0.0540,0.0120,0.0000,0.0000,0.0000,2.0211,1.00,15,1
mlp_energy_model,slippery_contact,6,0.7333,0.2316,0.0516,0.0154,0.2000,0.0000,0.0000,1.8293,1.00,15,1
mlp_energy_model,slippery_contact,7,0.8667,0.1781,0.0553,0.0116,0.1333,0.0000,0.0000,1.8467,1.00,15,1
mlp_energy_model,task_constraint_shift,0,1.0000,0.0000,0.0453,0.0146,0.0000,0.0000,0.0000,1.6377,1.00,15,1
mlp_energy_model,task_constraint_shift,1,1.0000,0.0000,0.0408,0.0145,0.0000,0.0000,0.0000,1.6318,1.00,15,1
mlp_energy_model,task_constraint_shift,2,0.9333,0.1307,0.0471,0.0191,0.0000,0.0000,0.0000,1.5179,1.00,15,1
mlp_energy_model,task_constraint_shift,3,1.0000,0.0000,0.0355,0.0162,0.0000,0.0000,0.0000,1.5698,1.00,15,1
mlp_energy_model,task_constraint_shift,4,1.0000,0.0000,0.0360,0.0115,0.0000,0.0000,0.0000,1.5008,1.00,15,1
mlp_energy_model,task_constraint_shift,5,1.0000,0.0000,0.0350,0.0106,0.0000,0.0000,0.0000,1.7724,1.00,15,1
mlp_energy_model,task_constraint_shift,6,1.0000,0.0000,0.0322,0.0122,0.0000,0.0000,0.0000,1.5841,1.00,15,1
mlp_energy_model,task_constraint_shift,7,0.8000,0.2095,0.0510,0.0184,0.0000,0.0000,0.0000,1.5572,1.00,15,1
mlp_energy_model,thin_handle_shift,0,1.0000,0.0000,0.0415,0.0122,0.0000,0.0000,0.0000,1.8857,1.00,15,1
mlp_energy_model,thin_handle_shift,1,0.9333,0.1307,0.0358,0.0127,0.0000,0.0000,0.0000,1.9618,1.00,15,1
mlp_energy_model,thin_handle_shift,2,1.0000,0.0000,0.0459,0.0138,0.0000,0.0000,0.0000,1.8197,1.00,15,1
mlp_energy_model,thin_handle_shift,3,1.0000,0.0000,0.0410,0.0165,0.0000,0.0000,0.0000,1.8308,1.00,15,1
mlp_energy_model,thin_handle_shift,4,1.0000,0.0000,0.0490,0.0142,0.0000,0.0000,0.0000,1.9352,1.00,15,1
mlp_energy_model,thin_handle_shift,5,1.0000,0.0000,0.0529,0.0126,0.0000,0.0000,0.0000,1.7350,1.00,15,1
mlp_energy_model,thin_handle_shift,6,0.9333,0.1307,0.0360,0.0141,0.0000,0.0000,0.0000,1.7228,1.00,15,1
mlp_energy_model,thin_handle_shift,7,0.9333,0.1307,0.0511,0.0178,0.0000,0.0000,0.0000,1.7826,1.00,15,1
mlp_energy_model,unseen_dimensions,0,0.9333,0.1307,0.0348,0.0162,0.0000,0.0000,0.0000,2.5417,1.00,15,1
mlp_energy_model,unseen_dimensions,1,1.0000,0.0000,0.0260,0.0116,0.0000,0.0000,0.0000,1.9860,1.00,15,1
mlp_energy_model,unseen_dimensions,2,1.0000,0.0000,0.0424,0.0099,0.0000,0.0000,0.0000,2.0779,1.00,15,1
mlp_energy_model,unseen_dimensions,3,1.0000,0.0000,0.0342,0.0129,0.0000,0.0000,0.0000,2.2625,1.00,15,1
mlp_energy_model,unseen_dimensions,4,0.8667,0.1781,0.0519,0.0267,0.0667,0.0000,0.0000,2.3671,1.00,15,1
mlp_energy_model,unseen_dimensions,5,1.0000,0.0000,0.0473,0.0103,0.0000,0.0000,0.0000,2.1818,1.00,15,1
mlp_energy_model,unseen_dimensions,6,0.9333,0.1307,0.0349,0.0134,0.0000,0.0000,0.0000,2.1793,1.00,15,1
mlp_energy_model,unseen_dimensions,7,1.0000,0.0000,0.0339,0.0106,0.0000,0.0000,0.0000,1.8847,1.00,15,1
mlp_energy_model,unseen_shape_family,0,0.9333,0.1307,0.0479,0.0134,0.0000,0.0000,0.0000,3.3420,1.00,15,1
mlp_energy_model,unseen_shape_family,1,0.8667,0.1781,0.0342,0.0085,0.0000,0.0000,0.0000,3.2433,1.00,15,1
mlp_energy_model,unseen_shape_family,2,0.9333,0.1307,0.0283,0.0082,0.0000,0.0000,0.0000,2.8577,1.00,15,1
mlp_energy_model,unseen_shape_family,3,0.9333,0.1307,0.0271,0.0089,0.0000,0.0000,0.0000,3.3251,1.00,15,1
mlp_energy_model,unseen_shape_family,4,0.8000,0.2095,0.0486,0.0159,0.0000,0.0000,0.0000,3.4583,1.00,15,1
mlp_energy_model,unseen_shape_family,5,0.9333,0.1307,0.0373,0.0124,0.0000,0.0000,0.0000,3.1205,1.00,15,1
mlp_energy_model,unseen_shape_family,6,0.9333,0.1307,0.0459,0.0124,0.0000,0.0000,0.0000,3.3434,1.00,15,1
mlp_energy_model,unseen_shape_family,7,0.9333,0.1307,0.0301,0.0102,0.0000,0.0000,0.0000,3.2541,1.00,15,1
oracle_mujoco_grid,adversarial_clutter_gap,0,0.0000,0.0000,0.0602,0.0199,0.3333,0.9333,0.0000,3.8973,7.00,15,1
oracle_mujoco_grid,adversarial_clutter_gap,1,0.0000,0.0000,0.0468,0.0169,0.0667,1.0000,0.0000,4.2087,7.00,15,1
oracle_mujoco_grid,adversarial_clutter_gap,2,0.0000,0.0000,0.0452,0.0120,0.1333,1.0000,0.0000,5.1636,7.00,15,1
oracle_mujoco_grid,adversarial_clutter_gap,3,0.1333,0.1781,0.0711,0.0288,0.2000,0.8000,0.0000,4.3582,7.00,15,1
oracle_mujoco_grid,adversarial_clutter_gap,4,0.1333,0.1781,0.0338,0.0118,0.2000,0.8667,0.0000,4.5705,7.00,15,1
oracle_mujoco_grid,adversarial_clutter_gap,5,0.1333,0.1781,0.0394,0.0138,0.1333,0.8667,0.0000,4.4393,7.00,15,1
oracle_mujoco_grid,adversarial_clutter_gap,6,0.0000,0.0000,0.0533,0.0284,0.3333,1.0000,0.0000,3.5943,7.00,15,1
oracle_mujoco_grid,adversarial_clutter_gap,7,0.1333,0.1781,0.0565,0.0204,0.4667,0.7333,0.0000,3.8369,7.00,15,1
oracle_mujoco_grid,clutter_collision,0,0.8000,0.2095,0.0295,0.0130,0.0000,0.2000,0.0000,2.6728,7.00,15,1
oracle_mujoco_grid,clutter_collision,1,0.9333,0.1307,0.0334,0.0151,0.0000,0.0667,0.0000,2.5619,7.00,15,1
oracle_mujoco_grid,clutter_collision,2,0.7333,0.2316,0.0469,0.0171,0.0000,0.2000,0.0000,2.7750,7.00,15,1
oracle_mujoco_grid,clutter_collision,3,0.8667,0.1781,0.0462,0.0151,0.0000,0.1333,0.0000,2.6435,7.00,15,1
oracle_mujoco_grid,clutter_collision,4,0.9333,0.1307,0.0439,0.0175,0.0000,0.0667,0.0000,2.3444,7.00,15,1
oracle_mujoco_grid,clutter_collision,5,0.9333,0.1307,0.0288,0.0128,0.0000,0.0667,0.0000,2.5627,7.00,15,1
oracle_mujoco_grid,clutter_collision,6,0.9333,0.1307,0.0188,0.0094,0.0000,0.0667,0.0000,2.7290,7.00,15,1
oracle_mujoco_grid,clutter_collision,7,0.8667,0.1781,0.0312,0.0103,0.0000,0.1333,0.0000,2.5440,7.00,15,1
oracle_mujoco_grid,combined_composition_shift,0,0.1333,0.1781,0.0450,0.0174,0.0000,0.8000,0.0000,5.6136,7.00,15,1
oracle_mujoco_grid,combined_composition_shift,1,0.0667,0.1307,0.0559,0.0243,0.0667,0.8667,0.0000,3.7847,7.00,15,1
oracle_mujoco_grid,combined_composition_shift,2,0.3333,0.2469,0.0393,0.0111,0.0000,0.6667,0.0000,4.8116,7.00,15,1
oracle_mujoco_grid,combined_composition_shift,3,0.3333,0.2469,0.0358,0.0110,0.0000,0.6667,0.0000,4.9805,7.00,15,1
oracle_mujoco_grid,combined_composition_shift,4,0.1333,0.1781,0.0778,0.0565,0.1333,0.7333,0.0000,3.1907,7.00,15,1
oracle_mujoco_grid,combined_composition_shift,5,0.2000,0.2095,0.0437,0.0115,0.0000,0.8000,0.0000,4.7321,7.00,15,1
oracle_mujoco_grid,combined_composition_shift,6,0.4000,0.2566,0.0347,0.0198,0.0667,0.5333,0.0000,5.1007,7.00,15,1
oracle_mujoco_grid,combined_composition_shift,7,0.2000,0.2095,0.0321,0.0110,0.0000,0.8000,0.0000,4.0196,7.00,15,1
oracle_mujoco_grid,long_bar_high_aspect,0,0.9333,0.1307,0.0346,0.0133,0.0667,0.0000,0.0000,1.1555,7.00,15,1
oracle_mujoco_grid,long_bar_high_aspect,1,0.8000,0.2095,0.0515,0.0132,0.0667,0.0000,0.0000,1.2800,7.00,15,1
oracle_mujoco_grid,long_bar_high_aspect,2,0.8667,0.1781,0.0332,0.0125,0.1333,0.0000,0.0000,1.3072,7.00,15,1
oracle_mujoco_grid,long_bar_high_aspect,3,0.8667,0.1781,0.0409,0.0133,0.0667,0.0000,0.0000,1.7910,7.00,15,1
oracle_mujoco_grid,long_bar_high_aspect,4,0.8000,0.2095,0.0561,0.0155,0.0667,0.0000,0.0000,1.6383,7.00,15,1
oracle_mujoco_grid,long_bar_high_aspect,5,0.9333,0.1307,0.0436,0.0170,0.0667,0.0000,0.0000,1.3233,7.00,15,1
oracle_mujoco_grid,long_bar_high_aspect,6,1.0000,0.0000,0.0332,0.0116,0.0000,0.0000,0.0000,1.6338,7.00,15,1
oracle_mujoco_grid,long_bar_high_aspect,7,1.0000,0.0000,0.0375,0.0117,0.0000,0.0000,0.0000,1.3996,7.00,15,1
oracle_mujoco_grid,material_shift_proxy,0,0.5333,0.2613,0.0675,0.0159,0.2667,0.0000,0.0000,2.4647,7.00,15,1
oracle_mujoco_grid,material_shift_proxy,1,0.6667,0.2469,0.0523,0.0104,0.2667,0.0000,0.0000,2.5170,7.00,15,1
oracle_mujoco_grid,material_shift_proxy,2,0.6667,0.2469,0.0590,0.0154,0.2000,0.0000,0.0000,2.5281,7.00,15,1
oracle_mujoco_grid,material_shift_proxy,3,0.7333,0.2316,0.0593,0.0188,0.1333,0.0000,0.0000,2.5061,7.00,15,1
oracle_mujoco_grid,material_shift_proxy,4,0.7333,0.2316,0.0481,0.0159,0.2000,0.0000,0.0000,2.6931,7.00,15,1
oracle_mujoco_grid,material_shift_proxy,5,0.6667,0.2469,0.0534,0.0119,0.3333,0.0000,0.0000,2.2187,7.00,15,1
oracle_mujoco_grid,material_shift_proxy,6,0.8000,0.2095,0.0452,0.0100,0.2000,0.0000,0.0000,2.4295,7.00,15,1
oracle_mujoco_grid,material_shift_proxy,7,0.6667,0.2469,0.0550,0.0101,0.3333,0.0000,0.0000,2.4816,7.00,15,1
oracle_mujoco_grid,seen_simple,0,1.0000,0.0000,0.0119,0.0049,0.0000,0.0000,0.0000,2.5889,7.00,15,1
oracle_mujoco_grid,seen_simple,1,1.0000,0.0000,0.0170,0.0064,0.0000,0.0000,0.0000,2.5158,7.00,15,1
oracle_mujoco_grid,seen_simple,2,1.0000,0.0000,0.0176,0.0070,0.0000,0.0000,0.0000,2.8315,7.00,15,1
oracle_mujoco_grid,seen_simple,3,1.0000,0.0000,0.0138,0.0048,0.0000,0.0000,0.0000,2.5879,7.00,15,1
oracle_mujoco_grid,seen_simple,4,1.0000,0.0000,0.0168,0.0059,0.0000,0.0000,0.0000,2.3688,7.00,15,1
oracle_mujoco_grid,seen_simple,5,1.0000,0.0000,0.0119,0.0060,0.0000,0.0000,0.0000,2.6052,7.00,15,1
oracle_mujoco_grid,seen_simple,6,1.0000,0.0000,0.0150,0.0061,0.0000,0.0000,0.0000,2.4432,7.00,15,1
oracle_mujoco_grid,seen_simple,7,1.0000,0.0000,0.0182,0.0070,0.0000,0.0000,0.0000,2.5794,7.00,15,1
oracle_mujoco_grid,slippery_contact,0,0.7333,0.2316,0.0585,0.0127,0.2000,0.0000,0.0000,2.5071,7.00,15,1
oracle_mujoco_grid,slippery_contact,1,0.9333,0.1307,0.0399,0.0086,0.0667,0.0000,0.0000,2.5534,7.00,15,1
oracle_mujoco_grid,slippery_contact,2,0.7333,0.2316,0.0614,0.0164,0.2000,0.0000,0.0000,2.4778,7.00,15,1
oracle_mujoco_grid,slippery_contact,3,0.8667,0.1781,0.0532,0.0103,0.1333,0.0000,0.0000,2.3171,7.00,15,1
oracle_mujoco_grid,slippery_contact,4,0.8667,0.1781,0.0564,0.0083,0.1333,0.0000,0.0000,2.4367,7.00,15,1
oracle_mujoco_grid,slippery_contact,5,0.9333,0.1307,0.0461,0.0133,0.0667,0.0000,0.0000,2.6474,7.00,15,1
oracle_mujoco_grid,slippery_contact,6,0.8000,0.2095,0.0661,0.0147,0.0667,0.0000,0.0000,2.5582,7.00,15,1
oracle_mujoco_grid,slippery_contact,7,0.9333,0.1307,0.0448,0.0106,0.0667,0.0000,0.0000,2.5666,7.00,15,1
oracle_mujoco_grid,task_constraint_shift,0,0.8000,0.2095,0.0533,0.0102,0.1333,0.0000,0.0000,1.7286,7.00,15,1
oracle_mujoco_grid,task_constraint_shift,1,0.9333,0.1307,0.0477,0.0168,0.0000,0.0000,0.0000,1.7333,7.00,15,1
oracle_mujoco_grid,task_constraint_shift,2,0.8667,0.1781,0.0405,0.0170,0.0667,0.0000,0.0000,2.0837,7.00,15,1
oracle_mujoco_grid,task_constraint_shift,3,0.9333,0.1307,0.0342,0.0115,0.0667,0.0000,0.0000,1.1327,7.00,15,1
oracle_mujoco_grid,task_constraint_shift,4,0.9333,0.1307,0.0414,0.0115,0.0667,0.0000,0.0000,1.2907,7.00,15,1
oracle_mujoco_grid,task_constraint_shift,5,0.9333,0.1307,0.0319,0.0110,0.0667,0.0000,0.0000,1.4898,7.00,15,1
oracle_mujoco_grid,task_constraint_shift,6,0.9333,0.1307,0.0310,0.0108,0.0667,0.0000,0.0000,1.7737,7.00,15,1
oracle_mujoco_grid,task_constraint_shift,7,0.8667,0.1781,0.0371,0.0177,0.0667,0.0000,0.0000,1.7130,7.00,15,1
oracle_mujoco_grid,thin_handle_shift,0,1.0000,0.0000,0.0177,0.0049,0.0000,0.0000,0.0000,1.6231,7.00,15,1
oracle_mujoco_grid,thin_handle_shift,1,1.0000,0.0000,0.0142,0.0038,0.0000,0.0000,0.0000,1.6665,7.00,15,1
oracle_mujoco_grid,thin_handle_shift,2,1.0000,0.0000,0.0226,0.0094,0.0000,0.0000,0.0000,1.6702,7.00,15,1
oracle_mujoco_grid,thin_handle_shift,3,1.0000,0.0000,0.0240,0.0081,0.0000,0.0000,0.0000,1.5223,7.00,15,1
oracle_mujoco_grid,thin_handle_shift,4,1.0000,0.0000,0.0186,0.0067,0.0000,0.0000,0.0000,1.5460,7.00,15,1
oracle_mujoco_grid,thin_handle_shift,5,1.0000,0.0000,0.0227,0.0095,0.0000,0.0000,0.0000,1.6208,7.00,15,1
oracle_mujoco_grid,thin_handle_shift,6,1.0000,0.0000,0.0207,0.0080,0.0000,0.0000,0.0000,1.4821,7.00,15,1
oracle_mujoco_grid,thin_handle_shift,7,1.0000,0.0000,0.0221,0.0085,0.0000,0.0000,0.0000,1.8829,7.00,15,1
oracle_mujoco_grid,unseen_dimensions,0,1.0000,0.0000,0.0264,0.0114,0.0000,0.0000,0.0000,3.5159,7.00,15,1
oracle_mujoco_grid,unseen_dimensions,1,1.0000,0.0000,0.0163,0.0067,0.0000,0.0000,0.0000,3.0589,7.00,15,1
oracle_mujoco_grid,unseen_dimensions,2,1.0000,0.0000,0.0241,0.0061,0.0000,0.0000,0.0000,2.6381,7.00,15,1
oracle_mujoco_grid,unseen_dimensions,3,0.9333,0.1307,0.0255,0.0139,0.0000,0.0000,0.0000,2.7712,7.00,15,1
oracle_mujoco_grid,unseen_dimensions,4,1.0000,0.0000,0.0303,0.0112,0.0000,0.0000,0.0000,3.9587,7.00,15,1
oracle_mujoco_grid,unseen_dimensions,5,1.0000,0.0000,0.0265,0.0082,0.0000,0.0000,0.0000,2.7074,7.00,15,1
oracle_mujoco_grid,unseen_dimensions,6,1.0000,0.0000,0.0276,0.0114,0.0000,0.0000,0.0000,2.8442,7.00,15,1
oracle_mujoco_grid,unseen_dimensions,7,0.9333,0.1307,0.0265,0.0112,0.0667,0.0000,0.0000,3.3322,7.00,15,1
oracle_mujoco_grid,unseen_shape_family,0,1.0000,0.0000,0.0198,0.0075,0.0000,0.0000,0.0000,2.5805,7.00,15,1
oracle_mujoco_grid,unseen_shape_family,1,1.0000,0.0000,0.0197,0.0048,0.0000,0.0000,0.0000,2.8167,7.00,15,1
oracle_mujoco_grid,unseen_shape_family,2,1.0000,0.0000,0.0149,0.0052,0.0000,0.0000,0.0000,2.7616,7.00,15,1
oracle_mujoco_grid,unseen_shape_family,3,1.0000,0.0000,0.0164,0.0047,0.0000,0.0000,0.0000,3.1164,7.00,15,1
oracle_mujoco_grid,unseen_shape_family,4,1.0000,0.0000,0.0133,0.0033,0.0000,0.0000,0.0000,2.8623,7.00,15,1
oracle_mujoco_grid,unseen_shape_family,5,1.0000,0.0000,0.0162,0.0048,0.0000,0.0000,0.0000,2.7954,7.00,15,1
oracle_mujoco_grid,unseen_shape_family,6,1.0000,0.0000,0.0173,0.0046,0.0000,0.0000,0.0000,2.8853,7.00,15,1
oracle_mujoco_grid,unseen_shape_family,7,1.0000,0.0000,0.0128,0.0051,0.0000,0.0000,0.0000,3.0912,7.00,15,1
random_grasp,adversarial_clutter_gap,0,0.0000,0.0000,0.0826,0.0222,0.7333,1.0000,0.0000,2.0922,1.00,15,1
random_grasp,adversarial_clutter_gap,1,0.0000,0.0000,0.0871,0.0232,0.8667,1.0000,0.0000,1.5649,1.00,15,1
random_grasp,adversarial_clutter_gap,2,0.0000,0.0000,0.0826,0.0181,0.8667,1.0000,0.0000,1.8698,1.00,15,1
random_grasp,adversarial_clutter_gap,3,0.0667,0.1307,0.0888,0.0197,0.8667,0.9333,0.0000,2.4123,1.00,15,1
random_grasp,adversarial_clutter_gap,4,0.0000,0.0000,0.0909,0.0162,0.8667,1.0000,0.0000,1.7710,1.00,15,1
random_grasp,adversarial_clutter_gap,5,0.0000,0.0000,0.0854,0.0146,0.9333,1.0000,0.0000,1.8990,1.00,15,1
random_grasp,adversarial_clutter_gap,6,0.0000,0.0000,0.0938,0.0151,0.8000,1.0000,0.0000,1.8051,1.00,15,1
random_grasp,adversarial_clutter_gap,7,0.0000,0.0000,0.0896,0.0154,0.8000,1.0000,0.0000,2.3114,1.00,15,1
random_grasp,clutter_collision,0,0.0667,0.1307,0.0586,0.0204,0.4667,0.9333,0.0000,1.9107,1.00,15,1
random_grasp,clutter_collision,1,0.2000,0.2095,0.0675,0.0193,0.4000,0.8000,0.0000,1.6941,1.00,15,1
random_grasp,clutter_collision,2,0.0667,0.1307,0.0750,0.0228,0.6000,0.9333,0.0000,1.6145,1.00,15,1
random_grasp,clutter_collision,3,0.0000,0.0000,0.0668,0.0131,0.5333,1.0000,0.0000,1.5928,1.00,15,1
random_grasp,clutter_collision,4,0.1333,0.1781,0.0615,0.0139,0.4000,0.8667,0.0000,1.7285,1.00,15,1
random_grasp,clutter_collision,5,0.1333,0.1781,0.0678,0.0210,0.4667,0.8667,0.0000,1.9035,1.00,15,1
random_grasp,clutter_collision,6,0.0667,0.1307,0.0585,0.0101,0.4000,0.9333,0.0000,1.5771,1.00,15,1
random_grasp,clutter_collision,7,0.0667,0.1307,0.0597,0.0189,0.4000,0.9333,0.0000,2.1551,1.00,15,1
random_grasp,combined_composition_shift,0,0.0000,0.0000,0.0739,0.0130,0.7333,1.0000,0.0000,2.1740,1.00,15,1
random_grasp,combined_composition_shift,1,0.0000,0.0000,0.0833,0.0169,0.6667,0.9333,0.0000,2.0760,1.00,15,1
random_grasp,combined_composition_shift,2,0.0000,0.0000,0.0920,0.0262,0.7333,1.0000,0.0000,1.8676,1.00,15,1
random_grasp,combined_composition_shift,3,0.0000,0.0000,0.0910,0.0142,0.6667,1.0000,0.0000,1.9514,1.00,15,1
random_grasp,combined_composition_shift,4,0.0000,0.0000,0.1017,0.0520,0.6667,1.0000,0.0000,2.1206,1.00,15,1
random_grasp,combined_composition_shift,5,0.0667,0.1307,0.0677,0.0173,0.3333,0.9333,0.0000,3.3845,1.00,15,1
random_grasp,combined_composition_shift,6,0.0000,0.0000,0.0738,0.0143,0.6000,1.0000,0.0000,2.8057,1.00,15,1
random_grasp,combined_composition_shift,7,0.0000,0.0000,0.0912,0.0255,0.8000,1.0000,0.0000,1.3659,1.00,15,1
random_grasp,long_bar_high_aspect,0,0.2000,0.2095,0.0699,0.0181,0.7333,0.0000,0.0000,1.1507,1.00,15,1
random_grasp,long_bar_high_aspect,1,0.1333,0.1781,0.0784,0.0232,0.7333,0.0000,0.0000,1.6579,1.00,15,1
random_grasp,long_bar_high_aspect,2,0.1333,0.1781,0.1260,0.0778,0.7333,0.0000,0.0000,1.1053,1.00,15,1
random_grasp,long_bar_high_aspect,3,0.2000,0.2095,0.0730,0.0156,0.8000,0.0000,0.0000,1.0467,1.00,15,1
random_grasp,long_bar_high_aspect,4,0.0667,0.1307,0.1209,0.0730,0.9333,0.0000,0.0000,0.8393,1.00,15,1
random_grasp,long_bar_high_aspect,5,0.0667,0.1307,0.1051,0.0589,0.8667,0.0000,0.0000,1.3901,1.00,15,1
random_grasp,long_bar_high_aspect,6,0.2000,0.2095,0.0907,0.0243,0.8000,0.0000,0.0000,0.9662,1.00,15,1
random_grasp,long_bar_high_aspect,7,0.2000,0.2095,0.1094,0.0361,0.7333,0.0000,0.0000,1.7629,1.00,15,1
random_grasp,material_shift_proxy,0,0.0667,0.1307,0.0872,0.0163,0.7333,0.0000,0.0000,1.6965,1.00,15,1
random_grasp,material_shift_proxy,1,0.2000,0.2095,0.0943,0.0166,0.8000,0.0000,0.0000,1.5163,1.00,15,1
random_grasp,material_shift_proxy,2,0.1333,0.1781,0.0948,0.0202,0.8667,0.0000,0.0000,1.4313,1.00,15,1
random_grasp,material_shift_proxy,3,0.3333,0.2469,0.0780,0.0192,0.6667,0.0000,0.0000,1.7544,1.00,15,1
random_grasp,material_shift_proxy,4,0.2000,0.2095,0.0848,0.0186,0.8000,0.0000,0.0000,1.4989,1.00,15,1
random_grasp,material_shift_proxy,5,0.1333,0.1781,0.0941,0.0197,0.8667,0.0000,0.0000,1.4842,1.00,15,1
random_grasp,material_shift_proxy,6,0.2000,0.2095,0.0892,0.0208,0.7333,0.0000,0.0000,1.6103,1.00,15,1
random_grasp,material_shift_proxy,7,0.0667,0.1307,0.1049,0.0195,0.9333,0.0000,0.0000,1.3787,1.00,15,1
random_grasp,seen_simple,0,0.9333,0.1307,0.0542,0.0174,0.0000,0.0000,0.0000,2.2758,1.00,15,1
random_grasp,seen_simple,1,0.8667,0.1781,0.0648,0.0209,0.0000,0.0000,0.0000,1.9317,1.00,15,1
random_grasp,seen_simple,2,0.9333,0.1307,0.0637,0.0161,0.0000,0.0000,0.0000,1.9184,1.00,15,1
random_grasp,seen_simple,3,0.9333,0.1307,0.0604,0.0157,0.0667,0.0000,0.0000,2.0429,1.00,15,1
random_grasp,seen_simple,4,0.8667,0.1781,0.0626,0.0191,0.0000,0.0000,0.0000,1.7423,1.00,15,1
random_grasp,seen_simple,5,0.8000,0.2095,0.0563,0.0196,0.0667,0.0000,0.0000,2.0529,1.00,15,1
random_grasp,seen_simple,6,1.0000,0.0000,0.0668,0.0138,0.0000,0.0000,0.0000,1.9981,1.00,15,1
random_grasp,seen_simple,7,0.6000,0.2566,0.0904,0.0141,0.0000,0.0000,0.0000,2.2804,1.00,15,1
random_grasp,slippery_contact,0,0.2667,0.2316,0.1040,0.0204,0.6667,0.0000,0.0000,1.5554,1.00,15,1
random_grasp,slippery_contact,1,0.4000,0.2566,0.0819,0.0164,0.4667,0.0000,0.0000,1.7277,1.00,15,1
random_grasp,slippery_contact,2,0.4000,0.2566,0.0859,0.0205,0.6000,0.0000,0.0000,1.7045,1.00,15,1
random_grasp,slippery_contact,3,0.4000,0.2566,0.0911,0.0185,0.5333,0.0000,0.0000,1.8121,1.00,15,1
random_grasp,slippery_contact,4,0.3333,0.2469,0.1023,0.0199,0.5333,0.0000,0.0000,1.7666,1.00,15,1
random_grasp,slippery_contact,5,0.4667,0.2613,0.0676,0.0185,0.4667,0.0000,0.0000,1.7051,1.00,15,1
random_grasp,slippery_contact,6,0.6000,0.2566,0.0787,0.0127,0.4000,0.0000,0.0000,1.9055,1.00,15,1
random_grasp,slippery_contact,7,0.4667,0.2613,0.0822,0.0187,0.5333,0.0000,0.0000,1.7927,1.00,15,1
random_grasp,task_constraint_shift,0,0.2667,0.2316,0.0653,0.0123,0.6667,0.0000,0.0000,0.7898,1.00,15,1
random_grasp,task_constraint_shift,1,0.2667,0.2316,0.0642,0.0216,0.4667,0.0000,0.0000,2.1823,1.00,15,1
random_grasp,task_constraint_shift,2,0.0667,0.1307,0.0733,0.0180,0.6667,0.0000,0.0000,1.9585,1.00,15,1
random_grasp,task_constraint_shift,3,0.2000,0.2095,0.0803,0.0212,0.6667,0.0000,0.0000,2.2424,1.00,15,1
random_grasp,task_constraint_shift,4,0.2000,0.2095,0.0724,0.0158,0.7333,0.0000,0.0000,0.8594,1.00,15,1
random_grasp,task_constraint_shift,5,0.2000,0.2095,0.0604,0.0170,0.6667,0.0000,0.0000,1.7300,1.00,15,1
random_grasp,task_constraint_shift,6,0.2000,0.2095,0.0883,0.0196,0.6000,0.0000,0.0000,2.1620,1.00,15,1
random_grasp,task_constraint_shift,7,0.0667,0.1307,0.0830,0.0187,0.7333,0.0000,0.0000,1.2702,1.00,15,1
random_grasp,thin_handle_shift,0,0.2000,0.2095,0.0862,0.0187,0.5333,0.0000,0.0000,1.6106,1.00,15,1
random_grasp,thin_handle_shift,1,0.2667,0.2316,0.0810,0.0105,0.6000,0.0000,0.0000,1.1252,1.00,15,1
random_grasp,thin_handle_shift,2,0.5333,0.2613,0.0737,0.0124,0.4000,0.0000,0.0000,1.2899,1.00,15,1
random_grasp,thin_handle_shift,3,0.4000,0.2566,0.0825,0.0264,0.4667,0.0000,0.0000,1.3820,1.00,15,1
random_grasp,thin_handle_shift,4,0.2667,0.2316,0.0766,0.0171,0.5333,0.0000,0.0000,1.6148,1.00,15,1
random_grasp,thin_handle_shift,5,0.4667,0.2613,0.0620,0.0145,0.5333,0.0000,0.0000,1.0758,1.00,15,1
random_grasp,thin_handle_shift,6,0.4000,0.2566,0.0816,0.0134,0.6000,0.0000,0.0000,1.1169,1.00,15,1
random_grasp,thin_handle_shift,7,0.2000,0.2095,0.0757,0.0157,0.6000,0.0000,0.0000,1.7256,1.00,15,1
random_grasp,unseen_dimensions,0,0.3333,0.2469,0.0790,0.0187,0.5333,0.0000,0.0000,1.4919,1.00,15,1
random_grasp,unseen_dimensions,1,0.4000,0.2566,0.0704,0.0178,0.5333,0.0000,0.0000,1.9090,1.00,15,1
random_grasp,unseen_dimensions,2,0.4000,0.2566,0.0611,0.0115,0.6000,0.0000,0.0000,1.7452,1.00,15,1
random_grasp,unseen_dimensions,3,0.4667,0.2613,0.0581,0.0197,0.4000,0.0000,0.0000,1.1800,1.00,15,1
random_grasp,unseen_dimensions,4,0.2667,0.2316,0.0816,0.0220,0.6667,0.0000,0.0000,1.4817,1.00,15,1
random_grasp,unseen_dimensions,5,0.5333,0.2613,0.0699,0.0195,0.4667,0.0000,0.0000,1.6454,1.00,15,1
random_grasp,unseen_dimensions,6,0.4000,0.2566,0.0673,0.0145,0.5333,0.0000,0.0000,1.5317,1.00,15,1
random_grasp,unseen_dimensions,7,0.3333,0.2469,0.0649,0.0111,0.6667,0.0000,0.0000,1.4426,1.00,15,1
random_grasp,unseen_shape_family,0,0.2000,0.2095,0.0691,0.0205,0.2667,0.0000,0.0000,1.8581,1.00,15,1
random_grasp,unseen_shape_family,1,0.4667,0.2613,0.0694,0.0225,0.0000,0.0000,0.0000,2.5186,1.00,15,1
random_grasp,unseen_shape_family,2,0.4667,0.2613,0.0713,0.0177,0.0000,0.0000,0.0000,2.7854,1.00,15,1
random_grasp,unseen_shape_family,3,0.3333,0.2469,0.0778,0.0273,0.0667,0.0000,0.0000,2.7684,1.00,15,1
random_grasp,unseen_shape_family,4,0.6000,0.2566,0.0582,0.0152,0.0000,0.0000,0.0000,2.8091,1.00,15,1
random_grasp,unseen_shape_family,5,0.2667,0.2316,0.0574,0.0183,0.0667,0.0000,0.0000,2.7204,1.00,15,1
random_grasp,unseen_shape_family,6,0.4000,0.2566,0.0645,0.0198,0.0667,0.0000,0.0000,2.3071,1.00,15,1
random_grasp,unseen_shape_family,7,0.4000,0.2566,0.0704,0.0205,0.0667,0.0000,0.0000,2.5087,1.00,15,1
robust_perturbation_ranker,adversarial_clutter_gap,0,0.0000,0.0000,0.0748,0.0207,0.7333,0.9333,0.0000,3.2039,1.00,15,1
robust_perturbation_ranker,adversarial_clutter_gap,1,0.0000,0.0000,0.0756,0.0226,0.4667,1.0000,0.0000,3.3374,1.00,15,1
robust_perturbation_ranker,adversarial_clutter_gap,2,0.0000,0.0000,0.0900,0.0158,0.8000,1.0000,0.0000,2.7204,1.00,15,1
robust_perturbation_ranker,adversarial_clutter_gap,3,0.0000,0.0000,0.0939,0.0335,0.8667,1.0000,0.0000,2.9872,1.00,15,1
robust_perturbation_ranker,adversarial_clutter_gap,4,0.0000,0.0000,0.0826,0.0174,0.7333,1.0000,0.0000,2.8000,1.00,15,1
robust_perturbation_ranker,adversarial_clutter_gap,5,0.0000,0.0000,0.1027,0.0497,0.7333,1.0000,0.0000,3.6003,1.00,15,1
robust_perturbation_ranker,adversarial_clutter_gap,6,0.0000,0.0000,0.0932,0.0293,0.8000,1.0000,0.0000,2.4108,1.00,15,1
robust_perturbation_ranker,adversarial_clutter_gap,7,0.0000,0.0000,0.0750,0.0208,0.7333,1.0000,0.0000,3.3720,1.00,15,1
robust_perturbation_ranker,clutter_collision,0,0.2000,0.2095,0.0810,0.0232,0.2000,0.6667,0.0000,2.5104,1.00,15,1
robust_perturbation_ranker,clutter_collision,1,0.2667,0.2316,0.0688,0.0133,0.1333,0.7333,0.0000,2.6728,1.00,15,1
robust_perturbation_ranker,clutter_collision,2,0.3333,0.2469,0.0576,0.0116,0.0667,0.6667,0.0000,2.4777,1.00,15,1
robust_perturbation_ranker,clutter_collision,3,0.2000,0.2095,0.0638,0.0154,0.3333,0.7333,0.0000,2.2348,1.00,15,1
robust_perturbation_ranker,clutter_collision,4,0.3333,0.2469,0.0551,0.0152,0.0667,0.6667,0.0000,2.9022,1.00,15,1
robust_perturbation_ranker,clutter_collision,5,0.5333,0.2613,0.0554,0.0229,0.1333,0.3333,0.0000,2.8497,1.00,15,1
robust_perturbation_ranker,clutter_collision,6,0.5333,0.2613,0.0486,0.0135,0.1333,0.4667,0.0000,2.8647,1.00,15,1
robust_perturbation_ranker,clutter_collision,7,0.4000,0.2566,0.0620,0.0127,0.2000,0.6000,0.0000,2.7035,1.00,15,1
robust_perturbation_ranker,combined_composition_shift,0,0.0000,0.0000,0.0853,0.0207,0.5333,0.9333,0.0000,3.3086,1.00,15,1
robust_perturbation_ranker,combined_composition_shift,1,0.0000,0.0000,0.1039,0.0410,0.4000,0.9333,0.0000,3.5354,1.00,15,1
robust_perturbation_ranker,combined_composition_shift,2,0.0667,0.1307,0.0893,0.0255,0.2667,0.8667,0.0000,4.2704,1.00,15,1
robust_perturbation_ranker,combined_composition_shift,3,0.0667,0.1307,0.0870,0.0235,0.4000,0.8000,0.0000,3.2317,1.00,15,1
robust_perturbation_ranker,combined_composition_shift,4,0.0000,0.0000,0.1057,0.0288,0.6667,0.8667,0.0000,2.7010,1.00,15,1
robust_perturbation_ranker,combined_composition_shift,5,0.0667,0.1307,0.0840,0.0202,0.4667,0.8667,0.0000,3.4534,1.00,15,1
robust_perturbation_ranker,combined_composition_shift,6,0.0667,0.1307,0.0750,0.0250,0.5333,0.9333,0.0000,2.9211,1.00,15,1
robust_perturbation_ranker,combined_composition_shift,7,0.0667,0.1307,0.0746,0.0151,0.2000,0.9333,0.0000,3.7176,1.00,15,1
robust_perturbation_ranker,long_bar_high_aspect,0,0.0667,0.1307,0.0632,0.0108,0.9333,0.0000,0.0000,0.6704,1.00,15,1
robust_perturbation_ranker,long_bar_high_aspect,1,0.0000,0.0000,0.0596,0.0016,1.0000,0.0000,0.0000,0.5522,1.00,15,1
robust_perturbation_ranker,long_bar_high_aspect,2,0.0000,0.0000,0.0735,0.0124,1.0000,0.0000,0.0000,0.5716,1.00,15,1
robust_perturbation_ranker,long_bar_high_aspect,3,0.0000,0.0000,0.0682,0.0096,1.0000,0.0000,0.0000,0.5692,1.00,15,1
robust_perturbation_ranker,long_bar_high_aspect,4,0.0000,0.0000,0.0685,0.0107,1.0000,0.0000,0.0000,0.5648,1.00,15,1
robust_perturbation_ranker,long_bar_high_aspect,5,0.0667,0.1307,0.0626,0.0039,0.9333,0.0000,0.0000,0.6376,1.00,15,1
robust_perturbation_ranker,long_bar_high_aspect,6,0.1333,0.1781,0.0680,0.0106,0.8667,0.0000,0.0000,0.7549,1.00,15,1
robust_perturbation_ranker,long_bar_high_aspect,7,0.0000,0.0000,0.0623,0.0035,1.0000,0.0000,0.0000,0.5648,1.00,15,1
robust_perturbation_ranker,material_shift_proxy,0,0.1333,0.1781,0.0811,0.0155,0.6667,0.0000,0.0000,2.1337,1.00,15,1
robust_perturbation_ranker,material_shift_proxy,1,0.2000,0.2095,0.0867,0.0170,0.7333,0.0000,0.0000,1.9623,1.00,15,1
robust_perturbation_ranker,material_shift_proxy,2,0.2667,0.2316,0.0845,0.0204,0.7333,0.0000,0.0000,2.1101,1.00,15,1
robust_perturbation_ranker,material_shift_proxy,3,0.2667,0.2316,0.0791,0.0158,0.7333,0.0000,0.0000,2.0084,1.00,15,1
robust_perturbation_ranker,material_shift_proxy,4,0.4000,0.2566,0.0561,0.0164,0.6000,0.0000,0.0000,2.2519,1.00,15,1
robust_perturbation_ranker,material_shift_proxy,5,0.1333,0.1781,0.0799,0.0162,0.8667,0.0000,0.0000,1.8447,1.00,15,1
robust_perturbation_ranker,material_shift_proxy,6,0.2667,0.2316,0.0843,0.0215,0.7333,0.0000,0.0000,1.9384,1.00,15,1
robust_perturbation_ranker,material_shift_proxy,7,0.2667,0.2316,0.0709,0.0163,0.7333,0.0000,0.0000,1.9818,1.00,15,1
robust_perturbation_ranker,seen_simple,0,1.0000,0.0000,0.0562,0.0170,0.0000,0.0000,0.0000,2.7469,1.00,15,1
robust_perturbation_ranker,seen_simple,1,0.8667,0.1781,0.0677,0.0197,0.0000,0.0000,0.0000,2.7302,1.00,15,1
robust_perturbation_ranker,seen_simple,2,1.0000,0.0000,0.0425,0.0166,0.0000,0.0000,0.0000,2.7693,1.00,15,1
robust_perturbation_ranker,seen_simple,3,0.8000,0.2095,0.0660,0.0197,0.0000,0.0000,0.0000,3.0460,1.00,15,1
robust_perturbation_ranker,seen_simple,4,1.0000,0.0000,0.0644,0.0159,0.0000,0.0000,0.0000,2.7520,1.00,15,1
robust_perturbation_ranker,seen_simple,5,0.9333,0.1307,0.0506,0.0149,0.0000,0.0000,0.0000,2.6732,1.00,15,1
robust_perturbation_ranker,seen_simple,6,0.9333,0.1307,0.0466,0.0157,0.0000,0.0000,0.0000,2.8588,1.00,15,1
robust_perturbation_ranker,seen_simple,7,0.9333,0.1307,0.0499,0.0148,0.0000,0.0000,0.0000,2.5900,1.00,15,1
robust_perturbation_ranker,slippery_contact,0,0.4000,0.2566,0.0899,0.0205,0.6000,0.0000,0.0000,2.1418,1.00,15,1
robust_perturbation_ranker,slippery_contact,1,0.2667,0.2316,0.0837,0.0225,0.6000,0.0000,0.0000,2.1073,1.00,15,1
robust_perturbation_ranker,slippery_contact,2,0.1333,0.1781,0.0946,0.0196,0.8667,0.0000,0.0000,2.0092,1.00,15,1
robust_perturbation_ranker,slippery_contact,3,0.2000,0.2095,0.0754,0.0197,0.8000,0.0000,0.0000,1.7659,1.00,15,1
robust_perturbation_ranker,slippery_contact,4,0.3333,0.2469,0.0876,0.0145,0.6667,0.0000,0.0000,2.1062,1.00,15,1
robust_perturbation_ranker,slippery_contact,5,0.4000,0.2566,0.0749,0.0175,0.5333,0.0000,0.0000,2.0795,1.00,15,1
robust_perturbation_ranker,slippery_contact,6,0.2667,0.2316,0.0885,0.0184,0.7333,0.0000,0.0000,2.0163,1.00,15,1
robust_perturbation_ranker,slippery_contact,7,0.4667,0.2613,0.0686,0.0214,0.4667,0.0000,0.0000,2.2380,1.00,15,1
robust_perturbation_ranker,task_constraint_shift,0,0.0667,0.1307,0.0692,0.0099,0.9333,0.0000,0.0000,0.7027,1.00,15,1
robust_perturbation_ranker,task_constraint_shift,1,0.2000,0.2095,0.0706,0.0128,0.8000,0.0000,0.0000,0.8816,1.00,15,1
robust_perturbation_ranker,task_constraint_shift,2,0.0000,0.0000,0.0690,0.0083,1.0000,0.0000,0.0000,0.5700,1.00,15,1
robust_perturbation_ranker,task_constraint_shift,3,0.0000,0.0000,0.0653,0.0080,1.0000,0.0000,0.0000,0.5666,1.00,15,1
robust_perturbation_ranker,task_constraint_shift,4,0.0667,0.1307,0.0752,0.0113,0.9333,0.0000,0.0000,0.5860,1.00,15,1
robust_perturbation_ranker,task_constraint_shift,5,0.2000,0.2095,0.0587,0.0120,0.8000,0.0000,0.0000,0.7917,1.00,15,1
robust_perturbation_ranker,task_constraint_shift,6,0.2667,0.2316,0.0717,0.0162,0.7333,0.0000,0.0000,1.2318,1.00,15,1
robust_perturbation_ranker,task_constraint_shift,7,0.0667,0.1307,0.0662,0.0141,0.9333,0.0000,0.0000,0.5956,1.00,15,1
robust_perturbation_ranker,thin_handle_shift,0,0.8667,0.1781,0.0645,0.0165,0.0000,0.0000,0.0000,2.1824,1.00,15,1
robust_perturbation_ranker,thin_handle_shift,1,0.9333,0.1307,0.0388,0.0164,0.0000,0.0000,0.0000,2.2856,1.00,15,1
robust_perturbation_ranker,thin_handle_shift,2,0.9333,0.1307,0.0619,0.0166,0.0000,0.0000,0.0000,2.2443,1.00,15,1
robust_perturbation_ranker,thin_handle_shift,3,0.7333,0.2316,0.0660,0.0215,0.0000,0.0000,0.0000,2.0524,1.00,15,1
robust_perturbation_ranker,thin_handle_shift,4,0.8667,0.1781,0.0656,0.0171,0.0000,0.0000,0.0000,2.1206,1.00,15,1
robust_perturbation_ranker,thin_handle_shift,5,0.7333,0.2316,0.0610,0.0184,0.0000,0.0000,0.0000,2.2461,1.00,15,1
robust_perturbation_ranker,thin_handle_shift,6,0.9333,0.1307,0.0565,0.0158,0.0000,0.0000,0.0000,2.2063,1.00,15,1
robust_perturbation_ranker,thin_handle_shift,7,0.9333,0.1307,0.0361,0.0151,0.0000,0.0000,0.0000,2.2407,1.00,15,1
robust_perturbation_ranker,unseen_dimensions,0,0.7333,0.2316,0.0644,0.0227,0.2667,0.0000,0.0000,3.5616,1.00,15,1
robust_perturbation_ranker,unseen_dimensions,1,0.8000,0.2095,0.0503,0.0196,0.0667,0.0000,0.0000,4.0514,1.00,15,1
robust_perturbation_ranker,unseen_dimensions,2,0.8000,0.2095,0.0632,0.0198,0.1333,0.0000,0.0000,4.1503,1.00,15,1
robust_perturbation_ranker,unseen_dimensions,3,0.7333,0.2316,0.0655,0.0188,0.2667,0.0000,0.0000,3.7794,1.00,15,1
robust_perturbation_ranker,unseen_dimensions,4,0.6667,0.2469,0.0635,0.0239,0.2000,0.0000,0.0000,3.8462,1.00,15,1
robust_perturbation_ranker,unseen_dimensions,5,0.8000,0.2095,0.0635,0.0210,0.0667,0.0000,0.0000,3.7142,1.00,15,1
robust_perturbation_ranker,unseen_dimensions,6,0.6000,0.2566,0.0767,0.0181,0.3333,0.0000,0.0000,3.5718,1.00,15,1
robust_perturbation_ranker,unseen_dimensions,7,0.4667,0.2613,0.0700,0.0146,0.5333,0.0000,0.0000,2.6316,1.00,15,1
robust_perturbation_ranker,unseen_shape_family,0,1.0000,0.0000,0.0656,0.0132,0.0000,0.0000,0.0000,3.8846,1.00,15,1
robust_perturbation_ranker,unseen_shape_family,1,0.8000,0.2095,0.0686,0.0181,0.0000,0.0000,0.0000,3.6377,1.00,15,1
robust_perturbation_ranker,unseen_shape_family,2,0.9333,0.1307,0.0557,0.0160,0.0000,0.0000,0.0000,3.6040,1.00,15,1
robust_perturbation_ranker,unseen_shape_family,3,0.9333,0.1307,0.0549,0.0169,0.0000,0.0000,0.0000,3.6887,1.00,15,1
robust_perturbation_ranker,unseen_shape_family,4,1.0000,0.0000,0.0534,0.0175,0.0000,0.0000,0.0000,3.8338,1.00,15,1
robust_perturbation_ranker,unseen_shape_family,5,0.8000,0.2095,0.0652,0.0193,0.0000,0.0000,0.0000,3.8396,1.00,15,1
robust_perturbation_ranker,unseen_shape_family,6,1.0000,0.0000,0.0640,0.0144,0.0000,0.0000,0.0000,3.6750,1.00,15,1
robust_perturbation_ranker,unseen_shape_family,7,0.9333,0.1307,0.0519,0.0172,0.0000,0.0000,0.0000,3.5387,1.00,15,1
transformer_policy_ranker,adversarial_clutter_gap,0,0.0000,0.0000,0.0860,0.0197,0.8000,0.9333,0.0000,2.0795,1.00,15,1
transformer_policy_ranker,adversarial_clutter_gap,1,0.0000,0.0000,0.0881,0.0188,0.8000,1.0000,0.0000,2.0931,1.00,15,1
transformer_policy_ranker,adversarial_clutter_gap,2,0.0000,0.0000,0.0798,0.0210,0.8000,1.0000,0.0000,1.6742,1.00,15,1
transformer_policy_ranker,adversarial_clutter_gap,3,0.0000,0.0000,0.1128,0.0444,0.7333,1.0000,0.0000,1.9648,1.00,15,1
transformer_policy_ranker,adversarial_clutter_gap,4,0.0000,0.0000,0.0724,0.0097,0.8667,1.0000,0.0000,1.8825,1.00,15,1
transformer_policy_ranker,adversarial_clutter_gap,5,0.0000,0.0000,0.0645,0.0163,0.7333,1.0000,0.0000,2.2556,1.00,15,1
transformer_policy_ranker,adversarial_clutter_gap,6,0.0000,0.0000,0.0934,0.0153,0.8000,1.0000,0.0000,2.3818,1.00,15,1
transformer_policy_ranker,adversarial_clutter_gap,7,0.0000,0.0000,0.0846,0.0188,0.8667,1.0000,0.0000,2.2359,1.00,15,1
transformer_policy_ranker,clutter_collision,0,0.4667,0.2613,0.0611,0.0128,0.0667,0.5333,0.0000,2.5940,1.00,15,1
transformer_policy_ranker,clutter_collision,1,0.3333,0.2469,0.0610,0.0131,0.0667,0.6667,0.0000,2.7503,1.00,15,1
transformer_policy_ranker,clutter_collision,2,0.4000,0.2566,0.0595,0.0102,0.0000,0.6000,0.0000,2.5920,1.00,15,1
transformer_policy_ranker,clutter_collision,3,0.2667,0.2316,0.0678,0.0152,0.2667,0.6000,0.0000,2.1169,1.00,15,1
transformer_policy_ranker,clutter_collision,4,0.5333,0.2613,0.0559,0.0276,0.0667,0.4667,0.0000,2.5473,1.00,15,1
transformer_policy_ranker,clutter_collision,5,0.3333,0.2469,0.0474,0.0153,0.0667,0.6000,0.0000,2.7982,1.00,15,1
transformer_policy_ranker,clutter_collision,6,0.5333,0.2613,0.0520,0.0200,0.1333,0.4667,0.0000,2.7305,1.00,15,1
transformer_policy_ranker,clutter_collision,7,0.3333,0.2469,0.0589,0.0103,0.1333,0.6667,0.0000,2.6706,1.00,15,1
transformer_policy_ranker,combined_composition_shift,0,0.0000,0.0000,0.0780,0.0173,0.6667,0.9333,0.0000,2.8245,1.00,15,1
transformer_policy_ranker,combined_composition_shift,1,0.0000,0.0000,0.0841,0.0173,0.6667,0.9333,0.0000,2.1700,1.00,15,1
transformer_policy_ranker,combined_composition_shift,2,0.0667,0.1307,0.0724,0.0279,0.4667,0.9333,0.0000,2.2658,1.00,15,1
transformer_policy_ranker,combined_composition_shift,3,0.0000,0.0000,0.0842,0.0252,0.7333,0.8667,0.0000,1.9048,1.00,15,1
transformer_policy_ranker,combined_composition_shift,4,0.0667,0.1307,0.0878,0.0515,0.5333,0.8667,0.0000,2.7232,1.00,15,1
transformer_policy_ranker,combined_composition_shift,5,0.0000,0.0000,0.0611,0.0199,0.3333,1.0000,0.0000,3.0566,1.00,15,1
transformer_policy_ranker,combined_composition_shift,6,0.0667,0.1307,0.0528,0.0160,0.2000,0.9333,0.0000,3.9325,1.00,15,1
transformer_policy_ranker,combined_composition_shift,7,0.0000,0.0000,0.0686,0.0150,0.4667,1.0000,0.0000,3.0405,1.00,15,1
transformer_policy_ranker,long_bar_high_aspect,0,1.0000,0.0000,0.0442,0.0179,0.0000,0.0000,0.0000,1.5402,1.00,15,1
transformer_policy_ranker,long_bar_high_aspect,1,0.8000,0.2095,0.0730,0.0168,0.0000,0.0000,0.0000,1.4969,1.00,15,1
transformer_policy_ranker,long_bar_high_aspect,2,0.9333,0.1307,0.0524,0.0157,0.0000,0.0000,0.0000,1.7009,1.00,15,1
transformer_policy_ranker,long_bar_high_aspect,3,0.6000,0.2566,0.0721,0.0195,0.0667,0.0000,0.0000,1.4117,1.00,15,1
transformer_policy_ranker,long_bar_high_aspect,4,0.9333,0.1307,0.0540,0.0152,0.0000,0.0000,0.0000,1.6888,1.00,15,1
transformer_policy_ranker,long_bar_high_aspect,5,0.8000,0.2095,0.0618,0.0209,0.0000,0.0000,0.0000,1.5456,1.00,15,1
transformer_policy_ranker,long_bar_high_aspect,6,1.0000,0.0000,0.0390,0.0153,0.0000,0.0000,0.0000,1.5975,1.00,15,1
transformer_policy_ranker,long_bar_high_aspect,7,0.8000,0.2095,0.0614,0.0165,0.0667,0.0000,0.0000,1.5469,1.00,15,1
transformer_policy_ranker,material_shift_proxy,0,0.6000,0.2566,0.0687,0.0194,0.3333,0.0000,0.0000,2.1408,1.00,15,1
transformer_policy_ranker,material_shift_proxy,1,0.8000,0.2095,0.0446,0.0141,0.2000,0.0000,0.0000,2.1603,1.00,15,1
transformer_policy_ranker,material_shift_proxy,2,0.5333,0.2613,0.0738,0.0200,0.4000,0.0000,0.0000,2.0604,1.00,15,1
transformer_policy_ranker,material_shift_proxy,3,0.6000,0.2566,0.0598,0.0171,0.3333,0.0000,0.0000,2.1839,1.00,15,1
transformer_policy_ranker,material_shift_proxy,4,0.4000,0.2566,0.0710,0.0136,0.6000,0.0000,0.0000,1.9923,1.00,15,1
transformer_policy_ranker,material_shift_proxy,5,0.4000,0.2566,0.0586,0.0153,0.6000,0.0000,0.0000,1.9003,1.00,15,1
transformer_policy_ranker,material_shift_proxy,6,0.6667,0.2469,0.0522,0.0098,0.3333,0.0000,0.0000,2.1669,1.00,15,1
transformer_policy_ranker,material_shift_proxy,7,0.4667,0.2613,0.0590,0.0193,0.5333,0.0000,0.0000,1.9634,1.00,15,1
transformer_policy_ranker,seen_simple,0,1.0000,0.0000,0.0278,0.0129,0.0000,0.0000,0.0000,2.0218,1.00,15,1
transformer_policy_ranker,seen_simple,1,1.0000,0.0000,0.0222,0.0098,0.0000,0.0000,0.0000,2.1009,1.00,15,1
transformer_policy_ranker,seen_simple,2,1.0000,0.0000,0.0421,0.0114,0.0000,0.0000,0.0000,2.2480,1.00,15,1
transformer_policy_ranker,seen_simple,3,1.0000,0.0000,0.0295,0.0122,0.0000,0.0000,0.0000,1.9489,1.00,15,1
transformer_policy_ranker,seen_simple,4,1.0000,0.0000,0.0323,0.0116,0.0000,0.0000,0.0000,2.0849,1.00,15,1
transformer_policy_ranker,seen_simple,5,0.9333,0.1307,0.0420,0.0153,0.0000,0.0000,0.0000,2.0706,1.00,15,1
transformer_policy_ranker,seen_simple,6,0.9333,0.1307,0.0393,0.0160,0.0000,0.0000,0.0000,2.2823,1.00,15,1
transformer_policy_ranker,seen_simple,7,1.0000,0.0000,0.0464,0.0151,0.0000,0.0000,0.0000,2.1409,1.00,15,1
transformer_policy_ranker,slippery_contact,0,0.9333,0.1307,0.0524,0.0131,0.0667,0.0000,0.0000,1.8386,1.00,15,1
transformer_policy_ranker,slippery_contact,1,0.8667,0.1781,0.0565,0.0140,0.0667,0.0000,0.0000,1.8044,1.00,15,1
transformer_policy_ranker,slippery_contact,2,0.9333,0.1307,0.0496,0.0097,0.0667,0.0000,0.0000,2.0534,1.00,15,1
transformer_policy_ranker,slippery_contact,3,0.8667,0.1781,0.0431,0.0105,0.1333,0.0000,0.0000,1.9612,1.00,15,1
transformer_policy_ranker,slippery_contact,4,0.9333,0.1307,0.0533,0.0117,0.0667,0.0000,0.0000,2.0886,1.00,15,1
transformer_policy_ranker,slippery_contact,5,0.8667,0.1781,0.0473,0.0114,0.1333,0.0000,0.0000,1.8598,1.00,15,1
transformer_policy_ranker,slippery_contact,6,0.7333,0.2316,0.0635,0.0150,0.2000,0.0000,0.0000,1.9328,1.00,15,1
transformer_policy_ranker,slippery_contact,7,0.9333,0.1307,0.0495,0.0116,0.0667,0.0000,0.0000,1.8915,1.00,15,1
transformer_policy_ranker,task_constraint_shift,0,1.0000,0.0000,0.0435,0.0131,0.0000,0.0000,0.0000,1.7716,1.00,15,1
transformer_policy_ranker,task_constraint_shift,1,0.8667,0.1781,0.0476,0.0178,0.0000,0.0000,0.0000,1.7011,1.00,15,1
transformer_policy_ranker,task_constraint_shift,2,0.8667,0.1781,0.0541,0.0206,0.0000,0.0000,0.0000,1.5242,1.00,15,1
transformer_policy_ranker,task_constraint_shift,3,0.9333,0.1307,0.0419,0.0166,0.0000,0.0000,0.0000,1.7199,1.00,15,1
transformer_policy_ranker,task_constraint_shift,4,1.0000,0.0000,0.0395,0.0159,0.0000,0.0000,0.0000,1.7612,1.00,15,1
transformer_policy_ranker,task_constraint_shift,5,1.0000,0.0000,0.0351,0.0122,0.0000,0.0000,0.0000,1.6891,1.00,15,1
transformer_policy_ranker,task_constraint_shift,6,0.9333,0.1307,0.0436,0.0177,0.0000,0.0000,0.0000,1.8089,1.00,15,1
transformer_policy_ranker,task_constraint_shift,7,0.8667,0.1781,0.0541,0.0189,0.0000,0.0000,0.0000,1.6798,1.00,15,1
transformer_policy_ranker,thin_handle_shift,0,1.0000,0.0000,0.0401,0.0100,0.0000,0.0000,0.0000,1.9829,1.00,15,1
transformer_policy_ranker,thin_handle_shift,1,0.9333,0.1307,0.0458,0.0152,0.0000,0.0000,0.0000,2.1377,1.00,15,1
transformer_policy_ranker,thin_handle_shift,2,0.9333,0.1307,0.0502,0.0175,0.0000,0.0000,0.0000,2.1035,1.00,15,1
transformer_policy_ranker,thin_handle_shift,3,0.9333,0.1307,0.0389,0.0150,0.0000,0.0000,0.0000,2.0790,1.00,15,1
transformer_policy_ranker,thin_handle_shift,4,0.9333,0.1307,0.0477,0.0136,0.0000,0.0000,0.0000,2.0537,1.00,15,1
transformer_policy_ranker,thin_handle_shift,5,0.9333,0.1307,0.0633,0.0131,0.0000,0.0000,0.0000,2.1202,1.00,15,1
transformer_policy_ranker,thin_handle_shift,6,0.8667,0.1781,0.0508,0.0176,0.0000,0.0000,0.0000,2.0004,1.00,15,1
transformer_policy_ranker,thin_handle_shift,7,0.9333,0.1307,0.0415,0.0166,0.0000,0.0000,0.0000,2.1679,1.00,15,1
transformer_policy_ranker,unseen_dimensions,0,0.9333,0.1307,0.0385,0.0152,0.0000,0.0000,0.0000,2.0357,1.00,15,1
transformer_policy_ranker,unseen_dimensions,1,1.0000,0.0000,0.0310,0.0137,0.0000,0.0000,0.0000,2.0514,1.00,15,1
transformer_policy_ranker,unseen_dimensions,2,0.9333,0.1307,0.0559,0.0136,0.0000,0.0000,0.0000,2.0327,1.00,15,1
transformer_policy_ranker,unseen_dimensions,3,1.0000,0.0000,0.0348,0.0136,0.0000,0.0000,0.0000,2.1204,1.00,15,1
transformer_policy_ranker,unseen_dimensions,4,0.9333,0.1307,0.0395,0.0170,0.0000,0.0000,0.0000,2.1164,1.00,15,1
transformer_policy_ranker,unseen_dimensions,5,1.0000,0.0000,0.0333,0.0106,0.0000,0.0000,0.0000,2.0356,1.00,15,1
transformer_policy_ranker,unseen_dimensions,6,1.0000,0.0000,0.0272,0.0109,0.0000,0.0000,0.0000,2.1033,1.00,15,1
transformer_policy_ranker,unseen_dimensions,7,1.0000,0.0000,0.0485,0.0135,0.0000,0.0000,0.0000,1.9991,1.00,15,1
transformer_policy_ranker,unseen_shape_family,0,0.8000,0.2095,0.0643,0.0170,0.0000,0.0000,0.0000,3.6048,1.00,15,1
transformer_policy_ranker,unseen_shape_family,1,0.8667,0.1781,0.0544,0.0171,0.0000,0.0000,0.0000,3.5120,1.00,15,1
transformer_policy_ranker,unseen_shape_family,2,1.0000,0.0000,0.0444,0.0142,0.0000,0.0000,0.0000,3.4438,1.00,15,1
transformer_policy_ranker,unseen_shape_family,3,0.9333,0.1307,0.0547,0.0171,0.0000,0.0000,0.0000,3.5658,1.00,15,1
transformer_policy_ranker,unseen_shape_family,4,0.9333,0.1307,0.0614,0.0149,0.0000,0.0000,0.0000,3.6450,1.00,15,1
transformer_policy_ranker,unseen_shape_family,5,0.8667,0.1781,0.0625,0.0161,0.0000,0.0000,0.0000,3.6482,1.00,15,1
transformer_policy_ranker,unseen_shape_family,6,0.9333,0.1307,0.0616,0.0169,0.0000,0.0000,0.0000,3.3471,1.00,15,1
transformer_policy_ranker,unseen_shape_family,7,1.0000,0.0000,0.0268,0.0110,0.0000,0.0000,0.0000,3.3859,1.00,15,1
