scene_id,candidate_id,success,score,lifted_height,slip,collision,unsafe_force,f0,f1,f2,f3,f4,f5,f6,f7,f8,f9,f10,f11,f12,f13,f14,f15,f16,f17,f18,f19,f20,f21,f22,f23,f24,f25,f26,f27,f28,f29,f30,f31
0,0,0,-0.83140,-0.00211,0.11247,0,0,0.054007,0.039108,0.035000,0.045000,0.820000,0.160000,-0.352297,0.935888,0.000000,-0.002068,-0.043307,-0.375320,0.926895,0.107359,1.051304,-0.084248,0.109914,0.023245,1.000000,0.000000,0.000000,0.000000,1.000000,0.000000,0.000000,0.000000,0.130460,0.121934,0.028278,0.000000,0.078041,0.305273
0,1,1,0.71615,0.16558,0.09785,0,0,0.054007,0.039108,0.035000,0.045000,0.820000,0.160000,-0.352297,0.935888,0.000000,0.006764,0.004938,0.845924,0.533304,0.095642,1.043206,-0.099428,0.098339,0.027424,1.000000,0.000000,0.000000,0.000000,1.000000,0.000000,0.000000,0.000000,0.066813,0.115094,0.035585,0.000000,0.015074,0.333067
0,2,1,0.74305,0.16344,0.08494,0,0,0.054007,0.039108,0.035000,0.045000,0.820000,0.160000,-0.352297,0.935888,0.000000,0.002627,0.008370,-0.974041,-0.226374,0.103742,0.849765,-0.085317,0.091719,0.131085,1.000000,0.000000,0.000000,0.000000,1.000000,0.000000,0.000000,0.000000,0.225999,0.430701,0.045136,0.000000,0.015791,0.832716
0,3,1,0.88822,0.16554,0.01525,0,0,0.054007,0.039108,0.035000,0.045000,0.820000,0.160000,-0.352297,0.935888,0.000000,0.012711,0.007446,0.476988,0.878910,0.110362,0.891087,0.016473,0.129832,0.149962,1.000000,0.000000,0.000000,0.000000,1.000000,0.000000,0.000000,0.000000,0.095006,0.001647,0.013858,0.000000,0.026516,0.102588
0,4,1,0.87588,0.16551,0.02118,0,0,0.054007,0.039108,0.035000,0.045000,0.820000,0.160000,-0.352297,0.935888,0.000000,-0.001090,0.003541,0.974116,-0.226049,0.121312,1.097858,-0.021179,0.124996,0.029474,1.000000,0.000000,0.000000,0.000000,1.000000,0.000000,0.000000,0.000000,0.056824,0.103170,0.049997,0.000000,0.006668,0.360277
0,5,0,-0.30045,0.16276,0.10582,0,0,0.054007,0.039108,0.035000,0.045000,0.820000,0.160000,-0.352297,0.935888,0.000000,-0.024005,0.002204,0.988348,0.152209,0.091548,1.206684,0.106960,0.098765,0.073069,1.000000,0.000000,0.000000,0.000000,1.000000,0.000000,0.000000,0.000000,0.047911,0.024558,0.046631,0.000000,0.069067,0.377857
0,6,1,0.90243,0.16529,0.00843,0,0,0.054007,0.039108,0.035000,0.045000,0.820000,0.160000,-0.352297,0.935888,0.000000,-0.003410,-0.000451,-0.993160,-0.116762,0.102943,1.132350,-0.007176,0.101907,0.010167,1.000000,0.000000,0.000000,0.000000,1.000000,0.000000,0.000000,0.000000,0.096015,0.181052,0.047247,0.000000,0.006192,0.522130
0,7,1,0.80076,0.16564,0.05723,0,0,0.054007,0.039108,0.035000,0.045000,0.820000,0.160000,-0.352297,0.935888,0.000000,-0.004697,0.001935,0.485881,-0.874025,0.107715,1.029440,0.056572,0.118327,0.089678,1.000000,0.000000,0.000000,0.000000,1.000000,0.000000,0.000000,0.000000,0.018314,0.005657,0.033110,0.000000,0.009144,0.114112
0,8,1,0.80744,0.16548,0.05403,0,0,0.054007,0.039108,0.035000,0.045000,0.820000,0.160000,-0.352297,0.935888,0.000000,-0.004045,-0.009705,-0.954594,-0.297911,0.076751,1.165613,-0.053689,0.084295,0.089495,1.000000,0.000000,0.000000,0.000000,1.000000,0.000000,0.000000,0.000000,0.027369,0.005369,0.043419,0.000000,0.022013,0.343728
0,9,1,0.87329,0.16558,0.02242,0,0,0.054007,0.039108,0.035000,0.045000,0.820000,0.160000,-0.352297,0.935888,0.000000,-0.010215,-0.010633,-0.893682,-0.448701,0.088475,1.040878,-0.019889,0.089134,0.007386,1.000000,0.000000,0.000000,0.000000,1.000000,0.000000,0.000000,0.000000,0.097680,0.147216,0.038825,0.000000,0.026541,0.400500
0,10,1,0.84961,0.16566,0.03379,0,0,0.054007,0.039108,0.035000,0.045000,0.820000,0.160000,-0.352297,0.935888,0.000000,0.010564,0.015572,-0.784919,-0.619598,0.095918,0.824107,-0.032719,0.107296,0.106042,1.000000,0.000000,0.000000,0.000000,1.000000,0.000000,0.000000,0.000000,0.058031,0.003272,0.031680,0.000000,0.033871,0.133913
0,11,1,0.72741,0.16544,0.09244,0,0,0.054007,0.039108,0.035000,0.045000,0.820000,0.160000,-0.352297,0.935888,0.000000,0.005477,0.000724,0.992569,0.121681,0.095667,0.979453,-0.093072,0.101479,0.057274,1.000000,0.000000,0.000000,0.000000,1.000000,0.000000,0.000000,0.000000,0.032119,0.054759,0.047165,0.000000,0.009945,0.372205
1,0,0,-0.86234,-0.00211,0.14953,0,0,0.089279,0.030406,0.035000,0.045000,0.780000,0.180000,0.442336,0.896849,0.000000,-0.005637,0.032217,0.418367,0.908278,0.175314,1.171458,0.046390,0.180109,0.026623,1.000000,0.000000,0.000000,0.000000,1.000000,0.000000,0.000000,0.000000,0.112960,0.111392,0.038490,0.000000,0.134087,0.241496
1,1,1,0.82667,0.16275,0.04480,0,0,0.089279,0.030406,0.035000,0.045000,0.780000,0.180000,0.442336,0.896849,0.000000,0.003297,0.003275,0.947085,-0.320984,0.083021,1.041358,-0.043687,0.083689,0.007981,1.000000,0.000000,0.000000,0.000000,1.000000,0.000000,0.000000,0.000000,0.228624,0.148406,0.035768,0.000000,0.008364,0.662225
1,2,1,0.89095,0.16473,0.01394,0,0,0.089279,0.030406,0.035000,0.045000,0.780000,0.180000,0.442336,0.896849,0.000000,-0.006167,-0.000262,-0.897453,0.441110,0.062843,1.117700,0.010583,0.061057,0.029250,1.000000,0.000000,0.000000,0.000000,1.000000,0.000000,0.000000,0.000000,0.269743,0.219559,0.030935,0.000000,0.011111,0.322139
1,3,0,-0.71502,-0.00211,0.05781,0,0,0.089279,0.030406,0.035000,0.045000,0.780000,0.180000,0.442336,0.896849,0.000000,-0.007297,-0.007643,-0.367789,0.929909,0.170171,1.059910,-0.045360,0.164940,0.031718,1.000000,0.000000,0.000000,0.000000,1.000000,0.000000,0.000000,0.000000,0.240859,0.227973,0.003510,0.000000,0.064790,0.559686
1,4,0,-0.73285,-0.00211,0.06466,0,0,0.089279,0.030406,0.035000,0.045000,0.780000,0.180000,0.442336,0.896849,0.000000,0.005525,0.007354,0.960357,0.278772,0.174934,0.848285,-0.109745,0.165373,0.057815,1.000000,0.000000,0.000000,0.000000,1.000000,0.000000,0.000000,0.000000,0.264150,0.286605,0.049326,0.000000,0.083759,0.540482
1,5,0,-0.74156,-0.00211,0.06664,0,0,0.089279,0.030406,0.035000,0.045000,0.780000,0.180000,0.442336,0.896849,0.000000,0.002507,0.023452,0.925023,0.379911,0.152667,0.874539,0.118222,0.174130,0.123258,1.000000,0.000000,0.000000,0.000000,1.000000,0.000000,0.000000,0.000000,0.182587,0.011822,0.049918,0.000000,0.042453,0.183222
1,6,0,-0.72119,-0.00211,0.05426,0,0,0.089279,0.030406,0.035000,0.045000,0.780000,0.180000,0.442336,0.896849,0.000000,0.005876,0.000720,-0.881510,-0.472164,0.156974,0.983509,-0.000672,0.180612,0.130880,1.000000,0.000000,0.000000,0.000000,1.000000,0.000000,0.000000,0.000000,0.148204,0.000067,0.049950,0.000000,0.010656,0.141185
1,7,1,0.89825,0.16458,0.01044,0,0,0.089279,0.030406,0.035000,0.045000,0.780000,0.180000,0.442336,0.896849,0.000000,0.000253,0.004191,-0.915622,0.402041,0.075131,0.961718,0.011068,0.068688,0.093799,1.000000,0.000000,0.000000,0.000000,1.000000,0.000000,0.000000,0.000000,0.330789,0.348705,0.032598,0.000000,0.007558,0.513627
1,8,0,-0.71157,-0.00211,0.05566,0,0,0.089279,0.030406,0.035000,0.045000,0.780000,0.180000,0.442336,0.896849,0.000000,-0.000140,-0.001789,-0.398264,0.917271,0.174020,1.218640,-0.057729,0.161831,0.075320,1.000000,0.000000,0.000000,0.000000,1.000000,0.000000,0.000000,0.000000,0.272811,0.316414,0.001862,0.000000,0.098573,0.616473
1,9,0,-0.31441,0.15184,0.11251,0,0,0.089279,0.030406,0.035000,0.045000,0.780000,0.180000,0.442336,0.896849,0.000000,-0.000757,-0.002088,0.115827,0.993269,0.180000,0.889464,0.072833,0.188611,0.045655,1.000000,0.000000,0.000000,0.000000,1.000000,0.000000,0.000000,0.000000,0.088443,0.075973,0.026685,0.000000,0.093998,0.185199
1,10,1,0.81672,0.15853,0.04958,0,0,0.089279,0.030406,0.035000,0.045000,0.780000,0.180000,0.442336,0.896849,0.000000,-0.033713,0.018970,0.970484,-0.241164,0.096026,1.219492,-0.047590,0.097449,0.014595,1.000000,0.000000,0.000000,0.000000,1.000000,0.000000,0.000000,0.000000,0.277726,0.135570,0.038548,0.000000,0.102352,0.607670
1,11,1,0.71149,0.16277,0.10009,0,0,0.089279,0.030406,0.035000,0.045000,0.780000,0.180000,0.442336,0.896849,0.000000,0.006709,-0.010788,0.727988,-0.685589,0.102014,0.937792,0.099017,0.110438,0.076282,1.000000,0.000000,0.000000,0.000000,1.000000,0.000000,0.000000,0.000000,0.168739,0.017338,0.018011,0.000000,0.022867,0.470118
2,0,0,-0.75522,0.00968,0.06010,0,0,0.055672,0.053663,0.038000,0.050000,0.340000,0.170000,0.444470,0.895794,0.000000,-0.010523,0.012828,0.459676,0.888087,0.106279,1.102188,-0.000594,0.100000,0.062789,0.000000,1.000000,0.000000,0.000000,1.000000,0.000000,0.000000,0.000000,0.170995,0.486191,0.032557,0.000000,0.029865,0.742279
2,1,0,-0.33000,0.15271,0.13126,0,0,0.055672,0.053663,0.038000,0.050000,0.340000,0.170000,0.444470,0.895794,0.000000,-0.005448,0.005363,0.907466,-0.420125,0.103405,0.850034,0.111494,0.100000,0.034046,0.000000,1.000000,0.000000,0.000000,1.000000,0.000000,0.000000,0.000000,0.127042,0.432035,0.039345,0.000000,0.013761,0.679767
2,2,1,0.82880,0.14379,0.04377,0,0,0.055672,0.053663,0.038000,0.050000,0.340000,0.170000,0.444470,0.895794,0.000000,-0.004339,0.004673,-0.925050,0.379845,0.091142,1.092071,-0.010311,0.100000,0.088579,0.000000,1.000000,0.000000,0.000000,1.000000,0.000000,0.000000,0.000000,0.019419,0.163031,0.040663,0.000000,0.011478,0.362379
2,3,1,0.78429,0.14648,0.06514,0,0,0.055672,0.053663,0.038000,0.050000,0.340000,0.170000,0.444470,0.895794,0.000000,-0.001141,-0.004891,-0.218873,0.975753,0.110810,1.025725,0.024113,0.100000,0.108101,0.000000,1.000000,0.000000,0.000000,1.000000,0.000000,0.000000,0.000000,0.196638,0.591400,0.000540,0.000000,0.009040,0.846888
2,4,0,-0.75046,0.00904,0.05782,0,0,0.055672,0.053663,0.038000,0.050000,0.340000,0.170000,0.444470,0.895794,0.000000,-0.007924,-0.004353,0.948468,0.316872,0.088319,0.957638,0.015412,0.100000,0.116806,0.000000,1.000000,0.000000,0.000000,1.000000,0.000000,0.000000,0.000000,0.052176,0.163541,0.049793,0.000000,0.016274,0.311125
2,5,0,-0.78242,0.00979,0.07316,0,0,0.055672,0.053663,0.038000,0.050000,0.340000,0.170000,0.444470,0.895794,0.000000,-0.016094,-0.013892,0.998738,-0.050232,0.109221,0.864040,-0.019442,0.100000,0.092214,0.000000,1.000000,0.000000,0.000000,1.000000,0.000000,0.000000,0.000000,0.208358,0.554871,0.048029,0.000000,0.038270,0.858357
2,6,0,-0.88000,0.00909,0.15525,0,0,0.055672,0.053663,0.038000,0.050000,0.340000,0.170000,0.444470,0.895794,0.000000,0.007271,0.000853,-0.998621,0.052505,0.088077,0.889273,-0.098412,0.100000,0.119233,0.000000,1.000000,0.000000,0.000000,1.000000,0.000000,0.000000,0.000000,0.051678,0.171841,0.047997,0.000000,0.013177,0.303776
2,7,0,-0.88000,0.00635,0.14232,0,0,0.055672,0.053663,0.038000,0.050000,0.340000,0.170000,0.444470,0.895794,0.000000,-0.009540,-0.006481,-0.402502,0.915419,0.110288,1.053752,-0.095529,0.100000,0.102879,0.000000,1.000000,0.000000,0.000000,1.000000,0.000000,0.000000,0.000000,0.202485,0.586688,0.009089,0.000000,0.020760,0.852102
2,8,0,-0.86840,0.00264,0.11443,0,0,0.055672,0.053663,0.038000,0.050000,0.340000,0.170000,0.444470,0.895794,0.000000,0.004304,-0.000198,-0.848098,-0.529839,0.094642,1.140809,-0.083691,0.100000,0.053578,0.000000,1.000000,0.000000,0.000000,1.000000,0.000000,0.000000,0.000000,0.033746,0.230348,0.047351,0.000000,0.007755,0.465820
2,9,1,0.82477,0.12380,0.04571,0,0,0.055672,0.053663,0.038000,0.050000,0.340000,0.170000,0.444470,0.895794,0.000000,0.003988,0.001198,0.940384,-0.340115,0.108149,1.128565,-0.002353,0.100000,0.081491,0.000000,1.000000,0.000000,0.000000,1.000000,0.000000,0.000000,0.000000,0.168570,0.528821,0.041864,0.000000,0.007495,0.796284
2,10,0,-0.88000,0.01335,0.16988,0,0,0.055672,0.053663,0.038000,0.050000,0.340000,0.170000,0.444470,0.895794,0.000000,-0.007839,0.026847,0.866899,-0.498484,0.102179,1.002653,0.113252,0.100000,0.021795,0.000000,1.000000,0.000000,0.000000,1.000000,0.000000,0.000000,0.000000,0.149340,0.404400,0.036472,0.000000,0.050342,0.665235
2,11,1,0.78658,0.12513,0.06404,0,0,0.055672,0.053663,0.038000,0.050000,0.340000,0.170000,0.444470,0.895794,0.000000,0.009624,-0.000432,0.955345,-0.295493,0.112128,0.908466,-0.035410,0.100000,0.121277,0.000000,1.000000,0.000000,0.000000,1.000000,0.000000,0.000000,0.000000,0.217654,0.622439,0.043104,0.000000,0.017341,0.907251
3,0,0,-0.33000,0.16300,0.12183,0,0,0.107467,0.024580,0.032000,0.045000,0.720000,0.160000,-0.516936,0.856024,0.000000,-0.008851,-0.001614,-0.416524,0.909125,0.180000,0.999792,0.117127,0.219122,0.178541,0.000000,0.000000,1.000000,0.000000,0.000000,0.000000,1.000000,0.000000,0.130846,0.011713,0.169433,0.000000,0.106194,0.260282
3,1,1,0.72804,0.16310,0.09214,0,0,0.107467,0.024580,0.032000,0.045000,0.720000,0.160000,-0.516936,0.856024,0.000000,0.003953,0.003045,0.839119,0.543947,0.046882,1.011864,-0.093014,0.055982,0.162551,0.000000,0.000000,1.000000,0.000000,0.000000,0.000000,1.000000,0.000000,0.240957,0.009301,0.101819,0.000000,0.008981,0.377449
3,2,1,0.73146,0.16203,0.09050,0,0,0.107467,0.024580,0.032000,0.045000,0.720000,0.160000,-0.516936,0.856024,0.000000,0.014130,-0.000223,-0.873022,-0.487681,0.062044,0.835838,-0.095861,0.056402,0.100026,0.000000,0.000000,1.000000,0.000000,0.000000,0.000000,1.000000,0.000000,0.353963,0.369637,0.054823,0.000000,0.025437,0.788480
3,3,0,-0.88000,-0.00211,0.15483,0,0,0.107467,0.024580,0.032000,0.045000,0.720000,0.160000,-0.516936,0.856024,0.000000,0.006319,0.002728,-0.222144,0.975014,0.180000,1.025591,0.115071,0.219502,0.179963,0.000000,0.000000,1.000000,0.000000,0.000000,0.000000,1.000000,0.000000,0.158743,0.011507,0.278126,0.000000,0.102389,0.344729
3,4,1,0.82042,0.15867,0.05030,0,0,0.107467,0.024580,0.032000,0.045000,0.720000,0.160000,-0.516936,0.856024,0.000000,-0.005750,-0.002283,0.922186,0.386746,0.087759,1.149487,-0.048938,0.079940,0.097818,0.000000,0.000000,1.000000,0.000000,0.000000,0.000000,1.000000,0.000000,0.336736,0.360530,0.000000,0.000000,0.011136,1.096068
3,5,0,-0.78013,-0.00211,0.08934,0,0,0.107467,0.024580,0.032000,0.045000,0.720000,0.160000,-0.516936,0.856024,0.000000,-0.021108,-0.015246,0.968675,-0.248332,0.180000,0.934204,0.016238,0.187770,0.041379,0.000000,0.000000,1.000000,0.000000,0.000000,0.000000,1.000000,0.000000,0.188012,0.078867,0.000000,0.000000,0.136869,0.335173
3,6,0,-0.71187,-0.00211,0.05734,0,0,0.107467,0.024580,0.032000,0.045000,0.720000,0.160000,-0.516936,0.856024,0.000000,0.000713,-0.005119,-0.972940,0.231059,0.155104,0.828091,0.019791,0.185684,0.164690,0.000000,0.000000,1.000000,0.000000,0.000000,0.000000,1.000000,0.000000,0.200488,0.001979,0.000000,0.000000,0.009302,0.134976
3,7,0,-0.71879,-0.00211,0.06011,0,0,0.107467,0.024580,0.032000,0.045000,0.720000,0.160000,-0.516936,0.856024,0.000000,0.008906,0.002341,0.937678,-0.347505,0.180000,1.013397,-0.032299,0.198748,0.094329,0.000000,0.000000,1.000000,0.000000,0.000000,0.000000,1.000000,0.000000,0.123439,0.003230,0.000000,0.000000,0.106575,0.144469
3,8,0,-0.09394,0.13559,0.02178,0,0,0.107467,0.024580,0.032000,0.045000,0.720000,0.160000,-0.516936,0.856024,0.000000,0.010362,-0.008758,-0.670935,-0.741516,0.102332,0.825464,-0.024390,0.108962,0.060846,0.000000,0.000000,1.000000,0.000000,0.000000,0.000000,1.000000,0.000000,0.185867,0.040747,0.255573,0.000000,0.024421,0.604618
3,9,0,-0.74586,-0.00211,0.07214,0,0,0.107467,0.024580,0.032000,0.045000,0.720000,0.160000,-0.516936,0.856024,0.000000,0.002037,0.000667,0.900829,-0.434173,0.173379,0.909528,0.073578,0.206846,0.161800,0.000000,0.000000,1.000000,0.000000,0.000000,0.000000,1.000000,0.000000,0.167447,0.007358,0.000000,0.000000,0.064062,0.130706
3,10,0,-0.77888,-0.00211,0.08671,0,0,0.107467,0.024580,0.032000,0.045000,0.720000,0.160000,-0.516936,0.856024,0.000000,-0.000891,-0.036484,0.427097,0.904206,0.180000,1.002416,-0.106294,0.159861,0.125979,0.000000,0.000000,1.000000,0.000000,0.000000,0.000000,1.000000,0.000000,0.392973,0.422588,0.358034,0.000000,0.155690,1.007667
3,11,1,0.74125,0.16287,0.08580,0,0,0.107467,0.024580,0.032000,0.045000,0.720000,0.160000,-0.516936,0.856024,0.000000,0.001637,0.006369,-0.507860,0.861440,0.180000,0.853137,0.091058,0.215442,0.164507,0.000000,0.000000,1.000000,0.000000,0.000000,0.000000,1.000000,0.000000,0.097271,0.009106,0.102080,0.000000,0.101837,0.218860
4,0,0,-0.33000,0.16299,0.13276,0,0,0.056190,0.042996,0.035000,0.045000,0.760000,0.160000,0.361407,0.932408,2.000000,-0.005918,-0.019191,0.415314,0.909678,0.111615,1.044077,0.110555,0.117216,0.047783,1.000000,0.000000,0.000000,0.000000,0.000000,1.000000,0.000000,0.000000,0.066358,0.075490,0.092476,0.154126,0.036149,0.562668
4,1,0,-0.68000,0.07628,0.14162,1,0,0.056190,0.042996,0.035000,0.045000,0.760000,0.160000,0.361407,0.932408,2.000000,0.007633,0.014837,0.938735,-0.344641,0.099361,0.962206,-0.100669,0.087991,0.129208,1.000000,0.000000,0.000000,0.000000,0.000000,1.000000,0.000000,0.000000,0.237574,0.428483,0.600000,1.000000,0.030034,1.954698
4,2,0,-1.14621,-0.00214,0.07978,1,0,0.056190,0.042996,0.035000,0.045000,0.760000,0.160000,0.361407,0.932408,2.000000,-0.001892,-0.001145,-0.927810,0.373054,0.079675,1.199014,-0.031062,0.087392,0.088302,1.000000,0.000000,0.000000,0.000000,0.000000,1.000000,0.000000,0.000000,0.012062,0.003106,0.600000,1.000000,0.025438,1.579150
4,3,0,-0.63321,0.16358,0.09754,1,0,0.056190,0.042996,0.035000,0.045000,0.760000,0.160000,0.361407,0.932408,2.000000,0.005096,0.012206,-0.610879,0.791724,0.138190,0.866887,0.100113,0.131734,0.049009,1.000000,0.000000,0.000000,0.000000,0.000000,1.000000,0.000000,0.000000,0.151496,0.268029,0.557178,0.928630,0.023809,1.896674
4,4,0,-1.14980,-0.00211,0.08329,1,0,0.056190,0.042996,0.035000,0.045000,0.760000,0.160000,0.361407,0.932408,2.000000,0.011567,-0.003978,0.932802,0.360390,0.122771,0.858201,-0.017677,0.139240,0.118273,1.000000,0.000000,0.000000,0.000000,0.000000,1.000000,0.000000,0.000000,0.059067,0.001768,0.600000,1.000000,0.022017,1.556238
4,5,0,-1.06488,-0.00211,0.05650,1,0,0.056190,0.042996,0.035000,0.045000,0.760000,0.160000,0.361407,0.932408,2.000000,0.001167,0.011292,0.998959,0.045627,0.119326,0.913812,0.114687,0.124031,0.037931,1.000000,0.000000,0.000000,0.000000,0.000000,1.000000,0.000000,0.000000,0.061368,0.095606,0.600000,1.000000,0.020435,1.707885
4,6,0,-1.11780,-0.00211,0.07379,1,0,0.056190,0.042996,0.035000,0.045000,0.760000,0.160000,0.361407,0.932408,2.000000,0.003169,-0.002205,-0.970003,-0.243092,0.144652,1.013112,-0.020142,0.135088,0.070797,1.000000,0.000000,0.000000,0.000000,0.000000,1.000000,0.000000,0.000000,0.157361,0.303608,0.584054,0.973423,0.006950,1.800440
4,7,0,-1.11254,-0.00211,0.07785,1,0,0.056190,0.042996,0.035000,0.045000,0.760000,0.160000,0.361407,0.932408,2.000000,0.011829,0.005232,0.992141,-0.125125,0.118224,1.073237,0.065689,0.110622,0.068719,1.000000,0.000000,0.000000,0.000000,0.000000,1.000000,0.000000,0.000000,0.170708,0.304008,0.600000,1.000000,0.023282,1.992674
4,8,0,-1.19692,-0.00714,0.10412,1,0,0.056190,0.042996,0.035000,0.045000,0.760000,0.160000,0.361407,0.932408,2.000000,-0.004955,-0.006356,0.900305,-0.435259,0.091752,0.988800,-0.101421,0.094755,0.031693,1.000000,0.000000,0.000000,0.000000,0.000000,1.000000,0.000000,0.000000,0.062008,0.106755,0.600000,1.000000,0.014508,1.940039
4,9,0,-1.09384,0.01115,0.05464,1,0,0.056190,0.042996,0.035000,0.045000,0.760000,0.160000,0.361407,0.932408,2.000000,0.002575,0.014229,-0.764880,0.644172,0.121872,1.163592,-0.065880,0.117780,0.034740,1.000000,0.000000,0.000000,0.000000,0.000000,1.000000,0.000000,0.000000,0.139321,0.236067,0.600000,1.000000,0.028003,2.008634
4,10,0,-0.51225,0.16494,0.03948,1,0,0.056190,0.042996,0.035000,0.045000,0.760000,0.160000,0.361407,0.932408,2.000000,-0.020961,0.018119,-0.847907,0.530146,0.088910,1.022652,-0.045640,0.105573,0.157837,1.000000,0.000000,0.000000,0.000000,0.000000,1.000000,0.000000,0.000000,0.124938,0.004564,0.600000,1.000000,0.049871,1.616783
4,11,0,-0.47150,0.16098,0.01992,1,0,0.056190,0.042996,0.035000,0.045000,0.760000,0.160000,0.361407,0.932408,2.000000,0.007684,0.001148,0.741356,0.671112,0.116166,0.969872,-0.027175,0.139016,0.164367,1.000000,0.000000,0.000000,0.000000,0.000000,1.000000,0.000000,0.000000,0.097576,0.002718,0.544268,0.907114,0.013986,1.562507
5,0,0,-0.88000,-0.00211,0.14410,0,0,0.054400,0.037034,0.035000,0.045000,0.820000,0.160000,-0.197139,0.980375,0.000000,0.015582,-0.031034,-0.255413,0.966832,0.128746,1.196127,0.036792,0.113035,0.138988,1.000000,0.000000,0.000000,0.000000,1.000000,0.000000,0.000000,0.000000,0.278023,0.441656,0.036463,0.000000,0.082378,0.658877
5,1,1,0.71922,0.16316,0.09638,0,0,0.054400,0.037034,0.035000,0.045000,0.820000,0.160000,-0.197139,0.980375,0.000000,-0.002409,0.001574,0.996209,-0.086994,0.110113,0.974428,-0.096375,0.101717,0.082545,1.000000,0.000000,0.000000,0.000000,1.000000,0.000000,0.000000,0.000000,0.167436,0.334727,0.044536,0.000000,0.005180,0.689194
5,2,1,0.80751,0.16532,0.05400,0,0,0.054400,0.037034,0.035000,0.045000,0.820000,0.160000,-0.197139,0.980375,0.000000,0.007556,-0.008685,-0.991913,-0.126916,0.085494,0.881056,-0.054446,0.081619,0.047479,1.000000,0.000000,0.000000,0.000000,1.000000,0.000000,0.000000,0.000000,0.147049,0.260402,0.038682,0.000000,0.020721,0.688349
5,3,1,0.83419,0.16057,0.04119,0,0,0.054400,0.037034,0.035000,0.045000,0.820000,0.160000,-0.197139,0.980375,0.000000,0.002581,-0.007618,0.465081,0.885268,0.135250,0.838852,-0.056322,0.131151,0.031255,1.000000,0.000000,0.000000,0.000000,1.000000,0.000000,0.000000,0.000000,0.124929,0.228142,0.003759,0.000000,0.014478,0.426673
5,4,1,0.76357,0.16531,0.07509,0,0,0.054400,0.037034,0.035000,0.045000,0.820000,0.160000,-0.197139,0.980375,0.000000,0.003934,0.005185,0.892578,-0.450892,0.107883,0.984211,-0.072031,0.125470,0.140171,1.000000,0.000000,0.000000,0.000000,1.000000,0.000000,0.000000,0.000000,0.071235,0.007203,0.049792,0.000000,0.011715,0.127003
5,5,1,0.82002,0.16535,0.04799,0,0,0.054400,0.037034,0.035000,0.045000,0.820000,0.160000,-0.197139,0.980375,0.000000,0.000800,-0.020273,0.969955,0.243283,0.074433,1.118679,0.045916,0.079131,0.059371,1.000000,0.000000,0.000000,0.000000,1.000000,0.000000,0.000000,0.000000,0.055119,0.045850,0.034666,0.000000,0.036519,0.144896
5,6,0,-0.32507,0.16529,0.11763,0,0,0.054400,0.037034,0.035000,0.045000,0.820000,0.160000,-0.197139,0.980375,0.000000,0.000882,0.001322,-0.993828,-0.110932,0.094524,1.098135,0.117521,0.083271,0.135142,1.000000,0.000000,0.000000,0.000000,1.000000,0.000000,0.000000,0.000000,0.217843,0.442037,0.039187,0.000000,0.002860,0.878922
5,7,0,-0.30286,0.16524,0.10697,0,0,0.054400,0.037034,0.035000,0.045000,0.820000,0.160000,-0.197139,0.980375,0.000000,0.004623,0.009189,-0.203374,-0.979101,0.113358,1.125773,-0.098500,0.129139,0.122203,1.000000,0.000000,0.000000,0.000000,1.000000,0.000000,0.000000,0.000000,0.059691,0.009850,0.017341,0.000000,0.018516,0.112608
5,8,0,-0.32112,0.16546,0.11574,0,0,0.054400,0.037034,0.035000,0.045000,0.820000,0.160000,-0.197139,0.980375,0.000000,0.002202,0.003263,-0.929243,0.369468,0.116266,1.147654,0.116512,0.121423,0.042474,1.000000,0.000000,0.000000,0.000000,1.000000,0.000000,0.000000,0.000000,0.044218,0.086704,0.049187,0.000000,0.007085,0.344581
5,9,1,0.82742,0.16520,0.04444,0,0,0.054400,0.037034,0.035000,0.045000,0.820000,0.160000,-0.197139,0.980375,0.000000,0.005412,0.005388,-0.606969,0.794726,0.115295,0.827208,-0.036558,0.130259,0.114878,1.000000,0.000000,0.000000,0.000000,1.000000,0.000000,0.000000,0.000000,0.047860,0.003656,0.046802,0.000000,0.013746,0.105427
5,10,1,0.81237,0.16065,0.05166,0,0,0.054400,0.037034,0.035000,0.045000,0.820000,0.160000,-0.197139,0.980375,0.000000,0.031990,0.016803,0.993664,0.112388,0.080453,1.201770,-0.043654,0.083121,0.032107,1.000000,0.000000,0.000000,0.000000,1.000000,0.000000,0.000000,0.000000,0.109322,0.100151,0.039141,0.000000,0.088016,0.521242
5,11,1,0.85880,0.16557,0.02937,0,0,0.054400,0.037034,0.035000,0.045000,0.820000,0.160000,-0.197139,0.980375,0.000000,0.008196,0.004026,0.464635,0.885503,0.127883,1.205121,0.029799,0.131156,0.024955,1.000000,0.000000,0.000000,0.000000,1.000000,0.000000,0.000000,0.000000,0.070568,0.113069,0.003784,0.000000,0.041253,0.299687
6,0,1,0.78230,0.16243,0.06610,0,0,0.094864,0.030644,0.035000,0.045000,0.780000,0.180000,-0.508669,0.860962,0.000000,-0.024572,-0.009591,-0.504930,0.863160,0.179874,0.843137,-0.083998,0.189993,0.053259,1.000000,0.000000,0.000000,0.000000,1.000000,0.000000,0.000000,0.000000,0.072233,0.061882,0.014678,0.000000,0.136911,0.153162
6,1,1,0.72885,0.16492,0.09175,0,0,0.094864,0.030644,0.035000,0.045000,0.780000,0.180000,-0.508669,0.860962,0.000000,-0.004503,-0.000197,0.812915,0.582382,0.075047,1.053605,-0.089703,0.077728,0.034493,1.000000,0.000000,0.000000,0.000000,1.000000,0.000000,0.000000,0.000000,0.202589,0.099985,0.046239,0.000000,0.008113,0.677813
6,2,1,0.72592,0.16449,0.09316,0,0,0.094864,0.030644,0.035000,0.045000,0.780000,0.180000,-0.508669,0.860962,0.000000,0.007314,-0.000265,-0.886802,-0.462150,0.074732,1.033884,-0.096038,0.071293,0.048245,1.000000,0.000000,0.000000,0.000000,1.000000,0.000000,0.000000,0.000000,0.290475,0.266094,0.048457,0.000000,0.013174,0.884262
6,3,0,-0.82927,-0.00234,0.09565,0,0,0.094864,0.030644,0.035000,0.045000,0.780000,0.180000,-0.508669,0.860962,0.000000,0.000471,-0.011962,-0.064477,0.997919,0.169048,1.096807,-0.039830,0.196940,0.141626,1.000000,0.000000,0.000000,0.000000,1.000000,0.000000,0.000000,0.000000,0.149791,0.003983,0.008302,0.000000,0.062263,0.114438
6,4,0,-0.70744,-0.00211,0.05521,0,0,0.094864,0.030644,0.035000,0.045000,0.780000,0.180000,-0.508669,0.860962,0.000000,-0.004450,-0.002034,0.992358,0.123389,0.125940,0.825000,0.010154,0.131825,0.044647,1.000000,0.000000,0.000000,0.000000,1.000000,0.000000,0.000000,0.000000,0.181244,0.071722,0.049711,0.000000,0.008808,0.504861
6,5,0,-0.71234,-0.00211,0.05565,0,0,0.094864,0.030644,0.035000,0.045000,0.780000,0.180000,-0.508669,0.860962,0.000000,0.001155,0.004423,0.997810,-0.066149,0.169223,0.904440,-0.087147,0.157691,0.073133,1.000000,0.000000,0.000000,0.000000,1.000000,0.000000,0.000000,0.000000,0.284719,0.314980,0.047803,0.000000,0.049735,0.718438
6,6,0,-0.71624,-0.00211,0.05898,0,0,0.094864,0.030644,0.035000,0.045000,0.780000,0.180000,-0.508669,0.860962,0.000000,-0.001853,0.006539,-0.999425,-0.033894,0.141758,0.826361,-0.046780,0.144709,0.020395,1.000000,0.000000,0.000000,0.000000,1.000000,0.000000,0.000000,0.000000,0.202814,0.123887,0.049029,0.000000,0.012233,0.521132
6,7,0,-0.73800,-0.00211,0.06630,0,0,0.094864,0.030644,0.035000,0.045000,0.780000,0.180000,-0.508669,0.860962,0.000000,0.002764,-0.007827,0.175029,0.984563,0.159087,0.952998,-0.113133,0.183865,0.134758,1.000000,0.000000,0.000000,0.000000,1.000000,0.000000,0.000000,0.000000,0.166596,0.011313,0.019806,0.000000,0.014941,0.122065
6,8,0,-0.31077,0.16489,0.11077,0,0,0.094864,0.030644,0.035000,0.045000,0.780000,0.180000,-0.508669,0.860962,0.000000,-0.006283,0.002737,-0.352856,0.935678,0.180000,1.144590,-0.110211,0.197447,0.088362,1.000000,0.000000,0.000000,0.000000,1.000000,0.000000,0.000000,0.000000,0.045835,0.011021,0.006446,0.000000,0.102335,0.099424
6,9,0,-0.70449,-0.00211,0.05348,0,0,0.094864,0.030644,0.035000,0.045000,0.780000,0.180000,-0.508669,0.860962,0.000000,0.001015,0.000908,-0.932441,0.361321,0.180000,0.821347,0.001906,0.186947,0.037163,1.000000,0.000000,0.000000,0.000000,1.000000,0.000000,0.000000,0.000000,0.138003,0.085866,0.041238,0.000000,0.092452,0.283757
6,10,0,-0.81905,-0.00211,0.10643,0,0,0.094864,0.030644,0.035000,0.045000,0.780000,0.180000,-0.508669,0.860962,0.000000,0.015554,0.034208,-0.972695,0.232089,0.180000,0.969791,0.034807,0.175875,0.023454,1.000000,0.000000,0.000000,0.000000,1.000000,0.000000,0.000000,0.000000,0.275247,0.210388,0.044678,0.000000,0.157642,0.493089
6,11,0,-0.72048,-0.00211,0.06058,0,0,0.094864,0.030644,0.035000,0.045000,0.780000,0.180000,-0.508669,0.860962,0.000000,0.001451,-0.007052,-0.996334,0.085550,0.134614,1.032102,-0.040498,0.160035,0.158847,1.000000,0.000000,0.000000,0.000000,1.000000,0.000000,0.000000,0.000000,0.213230,0.004050,0.047509,0.000000,0.012960,0.185685
7,0,1,0.77166,0.15655,0.07120,0,0,0.053848,0.050595,0.038000,0.050000,0.340000,0.170000,0.298893,0.954287,0.000000,-0.003204,-0.003201,0.245603,0.969371,0.114476,1.041435,-0.100422,0.100000,0.144762,0.000000,1.000000,0.000000,0.000000,1.000000,0.000000,0.000000,0.000000,0.232461,0.682253,0.030843,0.000000,0.008152,0.960317
7,1,0,-0.86908,0.01149,0.11476,0,0,0.053848,0.050595,0.038000,0.050000,0.340000,0.170000,0.298893,0.954287,0.000000,0.004250,0.010190,0.930219,-0.367004,0.095856,1.051636,0.065718,0.100000,0.041439,0.000000,1.000000,0.000000,0.000000,1.000000,0.000000,0.000000,0.000000,0.057330,0.256104,0.035107,0.000000,0.019873,0.478368
7,2,1,0.75717,0.12323,0.07816,0,0,0.053848,0.050595,0.038000,0.050000,0.340000,0.170000,0.298893,0.954287,0.000000,0.006533,-0.008837,-0.952055,0.305928,0.114736,0.996782,-0.054762,0.100000,0.147363,0.000000,1.000000,0.000000,0.000000,1.000000,0.000000,0.000000,0.000000,0.246046,0.683589,0.037341,0.000000,0.019782,0.980284
7,3,0,-0.75103,0.01257,0.05809,0,0,0.053848,0.050595,0.038000,0.050000,0.340000,0.170000,0.298893,0.954287,0.000000,-0.012903,-0.000138,-0.386803,0.922163,0.093474,1.161409,0.022369,0.100000,0.065256,0.000000,1.000000,0.000000,0.000000,1.000000,0.000000,0.000000,0.000000,0.036680,0.197706,0.000972,0.000000,0.024094,0.411472
7,4,1,0.80498,0.16016,0.05521,0,0,0.053848,0.050595,0.038000,0.050000,0.340000,0.170000,0.298893,0.954287,0.000000,-0.005518,-0.004121,0.934580,0.355753,0.115961,0.942907,-0.039979,0.100000,0.159608,0.000000,1.000000,0.000000,0.000000,1.000000,0.000000,0.000000,0.000000,0.251316,0.709907,0.049930,0.000000,0.012397,1.009472
7,5,0,-0.88000,0.00979,0.13461,0,0,0.053848,0.050595,0.038000,0.050000,0.340000,0.170000,0.298893,0.954287,0.000000,0.022325,-0.020348,0.997183,-0.075007,0.098260,1.112411,-0.079984,0.100000,0.017397,0.000000,1.000000,0.000000,0.000000,1.000000,0.000000,0.000000,0.000000,0.113954,0.312107,0.044077,0.000000,0.054372,0.598207
7,6,1,0.77425,0.14585,0.06996,0,0,0.053848,0.050595,0.038000,0.050000,0.340000,0.170000,0.298893,0.954287,0.000000,0.000637,0.009991,-0.985799,-0.167927,0.110059,0.981813,-0.052932,0.100000,0.100589,0.000000,1.000000,0.000000,0.000000,1.000000,0.000000,0.000000,0.000000,0.197609,0.577230,0.048472,0.000000,0.018021,0.838037
7,7,0,-0.82199,0.01509,0.09216,0,0,0.053848,0.050595,0.038000,0.050000,0.340000,0.170000,0.298893,0.954287,0.000000,0.009199,0.000856,0.171630,-0.985162,0.096253,1.219472,0.050188,0.100000,0.037466,0.000000,1.000000,0.000000,0.000000,1.000000,0.000000,0.000000,0.000000,0.058240,0.263571,0.012085,0.000000,0.053265,0.500120
7,8,1,0.84232,0.15064,0.03729,0,0,0.053848,0.050595,0.038000,0.050000,0.340000,0.170000,0.298893,0.954287,0.000000,0.002409,0.004421,0.139795,0.990180,0.107980,0.829991,0.001404,0.100000,0.079796,0.000000,1.000000,0.000000,0.000000,1.000000,0.000000,0.000000,0.000000,0.168355,0.524878,0.026426,0.000000,0.009062,0.773545
7,9,1,0.84242,0.16753,0.03724,0,0,0.053848,0.050595,0.038000,0.050000,0.340000,0.170000,0.298893,0.954287,0.000000,-0.002982,-0.004435,0.914379,0.404860,0.114081,0.875494,-0.035659,0.100000,0.140813,0.000000,1.000000,0.000000,0.000000,1.000000,0.000000,0.000000,0.000000,0.229898,0.666811,0.050000,0.000000,0.009620,0.960947
7,10,0,-0.88000,0.00912,0.16651,0,0,0.053848,0.050595,0.038000,0.050000,0.340000,0.170000,0.298893,0.954287,0.000000,0.015634,0.032065,0.855874,0.517184,0.100617,1.208272,-0.103208,0.100000,0.006171,0.000000,1.000000,0.000000,0.000000,1.000000,0.000000,0.000000,0.000000,0.146816,0.367929,0.049598,0.000000,0.093948,0.659407
7,11,1,0.83176,0.15868,0.04236,0,0,0.053848,0.050595,0.038000,0.050000,0.340000,0.170000,0.298893,0.954287,0.000000,-0.004672,-0.003743,-0.263643,-0.964620,0.105901,1.079364,-0.070757,0.100000,0.059012,0.000000,1.000000,0.000000,0.000000,1.000000,0.000000,0.000000,0.000000,0.149189,0.484634,0.031572,0.000000,0.010775,0.743384
8,0,0,-0.22802,0.16183,0.07105,0,0,0.111488,0.024923,0.032000,0.045000,0.720000,0.160000,-0.065507,0.997852,0.000000,-0.023344,0.015683,-0.102709,0.994711,0.180000,1.209490,0.086113,0.224681,0.198863,0.000000,0.000000,1.000000,0.000000,0.000000,0.000000,1.000000,0.000000,0.172272,0.008611,0.366438,0.000000,0.167841,0.411492
8,1,1,0.71770,0.15867,0.09710,0,0,0.111488,0.024923,0.032000,0.045000,0.720000,0.160000,-0.065507,0.997852,0.000000,0.005856,-0.001999,0.998852,-0.047895,0.082990,0.851581,-0.096785,0.074772,0.109910,0.000000,0.000000,1.000000,0.000000,0.000000,0.000000,1.000000,0.000000,0.349465,0.389498,0.000000,0.000000,0.011138,1.188559
8,2,1,0.70343,0.15972,0.10396,0,0,0.111488,0.024923,0.032000,0.045000,0.720000,0.160000,-0.065507,0.997852,0.000000,-0.001371,-0.003091,-0.997687,0.067982,0.077433,0.920971,-0.104034,0.079100,0.021077,0.000000,0.000000,1.000000,0.000000,0.000000,0.000000,1.000000,0.000000,0.213335,0.128250,0.000000,0.000000,0.006086,0.803787
8,3,0,-0.21893,0.16293,0.06669,0,0,0.111488,0.024923,0.032000,0.045000,0.720000,0.160000,-0.065507,0.997852,0.000000,-0.000592,-0.006480,-0.181411,0.983407,0.180000,1.175693,-0.072895,0.227267,0.207979,0.000000,0.000000,1.000000,0.000000,0.000000,0.000000,1.000000,0.000000,0.156531,0.007290,0.350281,0.000000,0.110344,0.364333
8,4,1,0.77751,0.16287,0.06840,0,0,0.111488,0.024923,0.032000,0.045000,0.720000,0.160000,-0.065507,0.997852,0.000000,0.000743,-0.003366,0.982964,0.183796,0.064980,0.970211,-0.068598,0.076028,0.145314,0.000000,0.000000,1.000000,0.000000,0.000000,0.000000,1.000000,0.000000,0.220109,0.006860,0.000000,0.000000,0.006205,0.479156
8,5,0,-0.83104,-0.00211,0.11167,0,0,0.111488,0.024923,0.032000,0.045000,0.720000,0.160000,-0.065507,0.997852,0.000000,-0.033155,0.010087,0.986049,-0.166456,0.103175,0.852360,0.106860,0.099940,0.032366,0.000000,0.000000,1.000000,0.000000,0.000000,0.000000,1.000000,0.000000,0.317235,0.235418,0.000000,0.000000,0.062380,0.853673
8,6,1,0.83155,0.16163,0.04245,0,0,0.111488,0.024923,0.032000,0.045000,0.720000,0.160000,-0.065507,0.997852,0.000000,-0.003532,0.005798,-0.998329,0.057779,0.071160,1.032563,-0.042495,0.076905,0.074702,0.000000,0.000000,1.000000,0.000000,0.000000,0.000000,1.000000,0.000000,0.165700,0.014845,0.000000,0.000000,0.012221,0.661174
8,7,0,-0.78390,-0.00211,0.07820,0,0,0.111488,0.024923,0.032000,0.045000,0.720000,0.160000,-0.065507,0.997852,0.000000,-0.002164,-0.002055,0.480004,-0.877266,0.180000,0.968803,-0.030121,0.223210,0.193586,0.000000,0.000000,1.000000,0.000000,0.000000,0.000000,1.000000,0.000000,0.181885,0.003012,0.225846,0.000000,0.095372,0.308106
8,8,0,-0.86480,-0.00211,0.11682,0,0,0.111488,0.024923,0.032000,0.045000,0.720000,0.160000,-0.065507,0.997852,0.000000,0.001459,0.000978,0.366197,0.930537,0.180000,0.929980,0.082359,0.222945,0.192627,0.000000,0.000000,1.000000,0.000000,0.000000,0.000000,1.000000,0.000000,0.179567,0.008236,0.331435,0.000000,0.093161,0.369835
8,9,0,-0.88000,0.00801,0.12659,0,0,0.111488,0.024923,0.032000,0.045000,0.720000,0.160000,-0.065507,0.997852,0.000000,-0.002575,-0.005036,0.169021,0.985612,0.180000,1.047140,-0.071976,0.228452,0.212088,0.000000,0.000000,1.000000,0.000000,0.000000,0.000000,1.000000,0.000000,0.176686,0.007198,0.374190,0.000000,0.100180,0.387448
8,10,0,-0.88000,-0.00211,0.12188,0,0,0.111488,0.024923,0.032000,0.045000,0.720000,0.160000,-0.065507,0.997852,0.000000,0.005663,0.004069,-0.448663,0.893701,0.180000,1.210845,0.081779,0.224797,0.199276,0.000000,0.000000,1.000000,0.000000,0.000000,0.000000,1.000000,0.000000,0.189505,0.008178,0.244191,0.000000,0.130517,0.347104
8,11,1,0.79850,0.15400,0.06974,0,0,0.111488,0.024923,0.032000,0.045000,0.720000,0.160000,-0.065507,0.997852,0.000000,-0.003440,0.003744,-0.970206,-0.242283,0.095433,1.010538,-0.069122,0.088784,0.074891,0.000000,0.000000,1.000000,0.000000,0.000000,0.000000,1.000000,0.000000,0.311133,0.316694,0.000000,0.000000,0.009151,0.928066
9,0,0,-1.19476,-0.00211,0.11839,1,0,0.054355,0.040564,0.035000,0.045000,0.760000,0.160000,0.570812,0.821081,2.000000,-0.004368,0.024970,0.397019,0.917810,0.102572,0.908588,0.092603,0.122616,0.163468,1.000000,0.000000,0.000000,0.000000,0.000000,1.000000,0.000000,0.000000,0.126562,0.009260,0.600000,1.000000,0.045629,1.609817
9,1,0,-0.47165,0.16518,0.01999,1,0,0.054355,0.040564,0.035000,0.045000,0.760000,0.160000,0.570812,0.821081,2.000000,0.000269,-0.022688,0.778359,-0.627820,0.083895,1.171657,0.018809,0.088662,0.053766,1.000000,0.000000,0.000000,0.000000,0.000000,1.000000,0.000000,0.000000,0.064806,0.054348,0.423790,0.706317,0.047253,1.329909
9,2,0,-0.66174,0.15987,0.11123,1,0,0.054355,0.040564,0.035000,0.045000,0.760000,0.160000,0.570812,0.821081,2.000000,0.003615,0.010919,-0.733484,0.679707,0.082817,0.954081,-0.099787,0.095492,0.132734,1.000000,0.000000,0.000000,0.000000,0.000000,1.000000,0.000000,0.000000,0.072287,0.009979,0.499311,0.832184,0.020703,1.561837
9,3,0,-0.65623,0.16461,0.10859,1,0,0.054355,0.040564,0.035000,0.045000,0.760000,0.160000,0.570812,0.821081,2.000000,0.004437,-0.005327,-0.342521,0.939510,0.122705,1.195522,-0.094803,0.128930,0.048284,1.000000,0.000000,0.000000,0.000000,0.000000,1.000000,0.000000,0.000000,0.043502,0.072912,0.138368,0.230613,0.032017,1.085183
9,4,0,-1.16304,-0.00211,0.08786,1,0,0.054355,0.040564,0.035000,0.045000,0.760000,0.160000,0.570812,0.821081,2.000000,0.013794,-0.005130,0.888620,0.458643,0.121970,1.154881,-0.038438,0.134034,0.090006,1.000000,0.000000,0.000000,0.000000,0.000000,1.000000,0.000000,0.000000,0.035024,0.003844,0.600000,1.000000,0.026490,1.676715
9,5,0,-1.08954,-0.00211,0.07060,1,0,0.054355,0.040564,0.035000,0.045000,0.760000,0.160000,0.570812,0.821081,2.000000,0.009259,-0.023555,0.996032,0.088999,0.111077,0.915605,-0.041942,0.131978,0.158364,1.000000,0.000000,0.000000,0.000000,0.000000,1.000000,0.000000,0.000000,0.121391,0.004194,0.600000,1.000000,0.045557,1.579095
9,6,0,-1.17538,-0.00211,0.09378,1,0,0.054355,0.040564,0.035000,0.045000,0.760000,0.160000,0.570812,0.821081,2.000000,-0.006093,0.003597,-0.952059,-0.305913,0.128455,0.827838,-0.018094,0.135637,0.052952,1.000000,0.000000,0.000000,0.000000,0.000000,1.000000,0.000000,0.000000,0.039077,0.055906,0.600000,1.000000,0.012736,1.718490
9,7,0,-0.44902,0.16997,0.00913,1,0,0.054355,0.040564,0.035000,0.045000,0.760000,0.160000,0.570812,0.821081,2.000000,0.000087,-0.015310,0.886366,0.462985,0.111120,1.158201,-0.009321,0.133931,0.170315,1.000000,0.000000,0.000000,0.000000,0.000000,1.000000,0.000000,0.000000,0.116342,0.000932,0.600000,1.000000,0.027559,1.572288
9,8,0,-1.15549,-0.00211,0.09165,1,0,0.054355,0.040564,0.035000,0.045000,0.760000,0.160000,0.570812,0.821081,2.000000,0.007402,0.001250,-0.910903,0.412620,0.085957,1.053791,-0.067825,0.099480,0.135935,1.000000,0.000000,0.000000,0.000000,0.000000,1.000000,0.000000,0.000000,0.068697,0.006783,0.600000,1.000000,0.013513,1.556584
9,9,0,-0.59602,0.13980,0.07969,1,0,0.054355,0.040564,0.035000,0.045000,0.760000,0.160000,0.570812,0.821081,2.000000,-0.004144,-0.020123,0.598234,-0.801321,0.092338,0.862892,0.110876,0.111362,0.170833,1.000000,0.000000,0.000000,0.000000,0.000000,1.000000,0.000000,0.000000,0.125759,0.011088,0.451915,0.753192,0.036981,1.246772
9,10,0,-1.23000,-0.00211,0.13778,1,0,0.054355,0.040564,0.035000,0.045000,0.760000,0.160000,0.570812,0.821081,2.000000,0.002927,0.019734,0.863682,-0.504036,0.089813,0.906949,0.107014,0.089478,0.003748,1.000000,0.000000,0.000000,0.000000,0.000000,1.000000,0.000000,0.000000,0.117662,0.178197,0.600000,1.000000,0.035910,1.916824
9,11,0,-1.18299,-0.00211,0.10228,1,0,0.054355,0.040564,0.035000,0.045000,0.760000,0.160000,0.570812,0.821081,2.000000,-0.002402,-0.000306,0.999984,0.005660,0.141719,0.831194,0.020147,0.128907,0.099390,1.000000,0.000000,0.000000,0.000000,0.000000,1.000000,0.000000,0.000000,0.183505,0.360794,0.593979,0.989964,0.004358,2.013663
10,0,1,0.89951,0.16450,0.00983,0,0,0.057089,0.038842,0.035000,0.045000,0.820000,0.160000,0.169903,0.985461,0.000000,0.029945,0.014307,0.074119,0.997249,0.103514,1.003906,0.024462,0.121134,0.145462,1.000000,0.000000,0.000000,0.000000,1.000000,0.000000,0.000000,0.000000,0.121879,0.002446,0.005340,0.000000,0.059737,0.111760
10,1,0,-0.31770,0.16551,0.11410,0,0,0.057089,0.038842,0.035000,0.045000,0.820000,0.160000,0.169903,0.985461,0.000000,-0.000456,-0.000144,0.958632,-0.284648,0.080727,0.823303,0.113945,0.090575,0.108727,1.000000,0.000000,0.000000,0.000000,1.000000,0.000000,0.000000,0.000000,0.029541,0.011394,0.049712,0.000000,0.000861,0.295235
10,2,1,0.73851,0.16543,0.08712,0,0,0.057089,0.038842,0.035000,0.045000,0.820000,0.160000,0.169903,0.985461,0.000000,0.004035,-0.000878,-0.997361,0.072597,0.090996,0.907528,0.087330,0.088490,0.028321,1.000000,0.000000,0.000000,0.000000,1.000000,0.000000,0.000000,0.000000,0.115341,0.225376,0.049706,0.000000,0.007433,0.515171
10,3,1,0.73859,0.16532,0.08708,0,0,0.057089,0.038842,0.035000,0.045000,0.820000,0.160000,0.169903,0.985461,0.000000,-0.001753,-0.005376,0.247614,0.968859,0.138404,0.878509,-0.091693,0.119985,0.153508,1.000000,0.000000,0.000000,0.000000,1.000000,0.000000,0.000000,0.000000,0.243122,0.476186,0.003448,0.000000,0.010179,0.795159
10,4,0,-0.30518,0.16549,0.10809,0,0,0.057089,0.038842,0.035000,0.045000,0.820000,0.160000,0.169903,0.985461,0.000000,0.002487,-0.001261,0.992004,-0.126210,0.071906,0.861437,0.108335,0.082651,0.129998,1.000000,0.000000,0.000000,0.000000,1.000000,0.000000,0.000000,0.000000,0.054738,0.010834,0.049925,0.000000,0.005019,0.112178
10,5,1,0.78828,0.16221,0.06322,0,0,0.057089,0.038842,0.035000,0.045000,0.820000,0.160000,0.169903,0.985461,0.000000,0.015510,-0.012105,0.999618,0.027630,0.106099,1.133726,0.060458,0.098661,0.075394,1.000000,0.000000,0.000000,0.000000,1.000000,0.000000,0.000000,0.000000,0.188840,0.316834,0.048914,0.000000,0.035414,0.595627
10,6,1,0.91044,0.16434,0.00459,0,0,0.057089,0.038842,0.035000,0.045000,0.820000,0.160000,0.169903,0.985461,0.000000,-0.001855,-0.012321,-0.982306,-0.187282,0.117614,1.096004,0.004186,0.112856,0.042159,1.000000,0.000000,0.000000,0.000000,1.000000,0.000000,0.000000,0.000000,0.143340,0.244736,0.046624,0.000000,0.022427,0.440468
10,7,1,0.85352,0.16530,0.03191,0,0,0.057089,0.038842,0.035000,0.045000,0.820000,0.160000,0.169903,0.985461,0.000000,0.008370,-0.005579,0.147693,0.989033,0.105882,0.874158,0.024993,0.115896,0.086406,1.000000,0.000000,0.000000,0.000000,1.000000,0.000000,0.000000,0.000000,0.023507,0.002499,0.001648,0.000000,0.018107,0.097296
10,8,1,0.72501,0.16437,0.09359,0,0,0.057089,0.038842,0.035000,0.045000,0.820000,0.160000,0.169903,0.985461,0.000000,-0.002189,0.001194,-0.816612,-0.577188,0.146810,0.909970,0.094056,0.135682,0.082019,1.000000,0.000000,0.000000,0.000000,1.000000,0.000000,0.000000,0.000000,0.166257,0.333443,0.034962,0.000000,0.004487,0.529992
10,9,1,0.93390,0.15059,0.00506,0,0,0.057089,0.038842,0.035000,0.045000,0.820000,0.160000,0.169903,0.985461,0.000000,-0.005728,-0.003054,0.844929,0.534879,0.155406,0.867889,-0.001118,0.134197,0.158041,1.000000,0.000000,0.000000,0.000000,1.000000,0.000000,0.000000,0.000000,0.249076,0.476194,0.036735,0.000000,0.011684,0.706515
10,10,1,0.86616,0.16532,0.02585,0,0,0.057089,0.038842,0.035000,0.045000,0.820000,0.160000,0.169903,0.985461,0.000000,-0.006484,0.007590,0.999861,-0.016688,0.086715,1.199200,-0.025111,0.094282,0.080261,1.000000,0.000000,0.000000,0.000000,1.000000,0.000000,0.000000,0.000000,0.017232,0.002511,0.049325,0.000000,0.039529,0.240316
10,11,1,0.83601,0.16526,0.04032,0,0,0.057089,0.038842,0.035000,0.045000,0.820000,0.160000,0.169903,0.985461,0.000000,-0.008837,-0.002902,0.995857,0.090938,0.098757,1.145149,-0.038850,0.104587,0.055746,1.000000,0.000000,0.000000,0.000000,1.000000,0.000000,0.000000,0.000000,0.040066,0.052392,0.048158,0.000000,0.016742,0.240075
11,0,0,-0.33000,0.16251,0.13324,0,0,0.084084,0.030030,0.035000,0.045000,0.780000,0.180000,-0.226060,0.974113,0.000000,-0.000457,0.022411,-0.236180,0.971709,0.180000,0.831931,-0.112252,0.168783,0.066456,1.000000,0.000000,0.000000,0.000000,1.000000,0.000000,0.000000,0.000000,0.186123,0.304138,0.006985,0.000000,0.130348,0.390262
11,1,1,0.82213,0.16345,0.04698,0,0,0.084084,0.030030,0.035000,0.045000,0.780000,0.180000,-0.226060,0.974113,0.000000,0.001445,0.005165,0.945534,0.325522,0.086332,1.046434,-0.046844,0.077118,0.119474,1.000000,0.000000,0.000000,0.000000,1.000000,0.000000,0.000000,0.000000,0.357788,0.403632,0.049945,0.000000,0.009654,1.002540
11,2,1,0.82915,0.16444,0.04361,0,0,0.084084,0.030030,0.035000,0.045000,0.780000,0.180000,-0.226060,0.974113,0.000000,0.010050,0.001516,-0.981794,-0.189950,0.055706,0.922617,-0.044406,0.066227,0.158859,1.000000,0.000000,0.000000,0.000000,1.000000,0.000000,0.000000,0.000000,0.246035,0.004441,0.049124,0.000000,0.018295,0.277663
11,3,1,0.79611,0.16485,0.05947,0,0,0.084084,0.030030,0.035000,0.045000,0.780000,0.180000,-0.226060,0.974113,0.000000,0.004784,0.001544,-0.340875,0.940109,0.163188,1.050532,-0.056315,0.174141,0.062896,1.000000,0.000000,0.000000,0.000000,1.000000,0.000000,0.000000,0.000000,0.043579,0.039840,0.001537,0.000000,0.023395,0.230251
11,4,1,0.71531,0.16495,0.09825,0,0,0.084084,0.030030,0.035000,0.045000,0.780000,0.180000,-0.226060,0.974113,0.000000,0.001941,0.007611,0.935647,0.352936,0.074690,1.128859,0.098540,0.081779,0.086678,1.000000,0.000000,0.000000,0.000000,1.000000,0.000000,0.000000,0.000000,0.168713,0.009854,0.049992,0.000000,0.014138,0.468440
11,5,0,-0.32134,0.16343,0.11584,0,0,0.084084,0.030030,0.035000,0.045000,0.780000,0.180000,-0.226060,0.974113,0.000000,-0.006250,-0.015167,0.997609,0.069111,0.099441,1.102884,-0.115093,0.085908,0.157536,1.000000,0.000000,0.000000,0.000000,1.000000,0.000000,0.000000,0.000000,0.413534,0.486581,0.047625,0.000000,0.029527,1.145717
11,6,1,0.82191,0.16100,0.04916,0,0,0.084084,0.030030,0.035000,0.045000,0.780000,0.180000,-0.226060,0.974113,0.000000,-0.007804,-0.000569,-0.998120,0.061292,0.102853,1.079780,0.048718,0.105548,0.025538,1.000000,0.000000,0.000000,0.000000,1.000000,0.000000,0.000000,0.000000,0.211528,0.113796,0.045239,0.000000,0.014084,0.588860
11,7,0,-0.76582,-0.00211,0.08083,0,0,0.084084,0.030030,0.035000,0.045000,0.780000,0.180000,-0.226060,0.974113,0.000000,-0.006067,0.008490,0.615152,0.788408,0.134549,1.035201,-0.093240,0.152461,0.117486,1.000000,0.000000,0.000000,0.000000,1.000000,0.000000,0.000000,0.000000,0.171844,0.009324,0.043150,0.000000,0.018782,0.156082
11,8,1,0.81320,0.08985,0.05126,0,0,0.084084,0.030030,0.035000,0.045000,0.780000,0.180000,-0.226060,0.974113,0.000000,0.003795,0.008850,0.123892,0.992296,0.171840,0.998647,0.067485,0.178563,0.037653,1.000000,0.000000,0.000000,0.000000,1.000000,0.000000,0.000000,0.000000,0.110468,0.091443,0.024094,0.000000,0.070613,0.268589
11,9,1,0.75299,0.16116,0.08248,0,0,0.084084,0.030030,0.035000,0.045000,0.780000,0.180000,-0.226060,0.974113,0.000000,0.005302,0.004442,0.985279,-0.170953,0.106982,1.159632,-0.081990,0.120784,0.114267,1.000000,0.000000,0.000000,0.000000,1.000000,0.000000,0.000000,0.000000,0.184194,0.008199,0.042616,0.000000,0.012450,0.327019
11,10,0,-0.85265,-0.00211,0.11738,0,0,0.084084,0.030030,0.035000,0.045000,0.780000,0.180000,-0.226060,0.974113,0.000000,0.003193,0.016626,0.374173,0.927359,0.158296,1.017716,-0.104290,0.172172,0.080597,1.000000,0.000000,0.000000,0.000000,1.000000,0.000000,0.000000,0.000000,0.115496,0.010429,0.034522,0.000000,0.030473,0.218548
11,11,0,-0.74267,-0.00211,0.06884,0,0,0.084084,0.030030,0.035000,0.045000,0.780000,0.180000,-0.226060,0.974113,0.000000,-0.002755,0.006112,0.625186,0.780476,0.157248,1.047963,-0.118396,0.151259,0.039594,1.000000,0.000000,0.000000,0.000000,1.000000,0.000000,0.000000,0.000000,0.248806,0.251027,0.043469,0.000000,0.012067,0.475291
12,0,0,-0.76399,0.00979,0.06431,0,0,0.048772,0.050276,0.038000,0.050000,0.340000,0.170000,0.257101,0.966385,0.000000,0.030206,-0.000649,0.188374,0.982097,0.091550,1.136039,-0.058904,0.100000,0.084495,0.000000,1.000000,0.000000,0.000000,1.000000,0.000000,0.000000,0.000000,0.055858,0.167890,0.018896,0.000000,0.054384,0.399139
12,1,1,0.83052,0.14064,0.04295,0,0,0.048772,0.050276,0.038000,0.050000,0.340000,0.170000,0.257101,0.966385,0.000000,0.004536,-0.003508,0.906695,-0.421787,0.094069,0.979382,0.012903,0.100000,0.059307,0.000000,1.000000,0.000000,0.000000,1.000000,0.000000,0.000000,0.000000,0.030441,0.210263,0.040299,0.000000,0.010321,0.447902
12,2,1,0.74479,0.15025,0.08410,0,0,0.048772,0.050276,0.038000,0.050000,0.340000,0.170000,0.257101,0.966385,0.000000,-0.001950,-0.016212,-0.996582,0.082608,0.112344,0.961750,-0.078625,0.100000,0.123437,0.000000,1.000000,0.000000,0.000000,1.000000,0.000000,0.000000,0.000000,0.231195,0.631663,0.048042,0.000000,0.029392,0.937961
12,3,0,-0.81209,0.00951,0.08741,0,0,0.048772,0.050276,0.038000,0.050000,0.340000,0.170000,0.257101,0.966385,0.000000,-0.002361,0.007962,-0.211154,0.977453,0.083042,0.852322,-0.038626,0.100000,0.169580,0.000000,1.000000,0.000000,0.000000,1.000000,0.000000,0.000000,0.000000,0.103698,0.165863,0.000735,0.000000,0.014948,0.276101
12,4,1,0.75964,0.16492,0.07697,0,0,0.048772,0.050276,0.038000,0.050000,0.340000,0.170000,0.257101,0.966385,0.000000,0.001574,-0.000499,0.989005,0.147882,0.096444,0.865073,0.072137,0.100000,0.035562,0.000000,1.000000,0.000000,0.000000,1.000000,0.000000,0.000000,0.000000,0.047246,0.270089,0.049938,0.000000,0.002973,0.512075
12,5,1,0.76528,0.10293,0.07427,0,0,0.048772,0.050276,0.038000,0.050000,0.340000,0.170000,0.257101,0.966385,0.000000,0.007521,-0.012955,0.972106,-0.234542,0.108380,0.970795,0.073701,0.100000,0.083803,0.000000,1.000000,0.000000,0.000000,1.000000,0.000000,0.000000,0.000000,0.189269,0.541204,0.045348,0.000000,0.026964,0.832672
12,6,0,-0.84222,0.01909,0.10187,0,0,0.048772,0.050276,0.038000,0.050000,0.340000,0.170000,0.257101,0.966385,0.000000,0.006907,0.007919,-0.968745,0.248060,0.105325,1.044945,0.078946,0.100000,0.053247,0.000000,1.000000,0.000000,0.000000,1.000000,0.000000,0.000000,0.000000,0.151111,0.472366,0.045050,0.000000,0.018914,0.729084
12,7,1,0.79042,0.15229,0.06220,0,0,0.048772,0.050276,0.038000,0.050000,0.340000,0.170000,0.257101,0.966385,0.000000,0.004117,-0.002687,0.886015,-0.463657,0.103669,0.990381,-0.034876,0.100000,0.036693,0.000000,1.000000,0.000000,0.000000,1.000000,0.000000,0.000000,0.000000,0.125050,0.430381,0.038873,0.000000,0.008848,0.689776
12,8,0,-0.88000,0.00979,0.12517,0,0,0.048772,0.050276,0.038000,0.050000,0.340000,0.170000,0.257101,0.966385,0.000000,0.009054,0.009191,-0.984877,0.173254,0.090592,0.862754,-0.070736,0.100000,0.094079,0.000000,1.000000,0.000000,0.000000,1.000000,0.000000,0.000000,0.000000,0.036012,0.169074,0.046577,0.000000,0.023223,0.360231
12,9,1,0.87532,0.15292,0.02145,0,0,0.048772,0.050276,0.038000,0.050000,0.340000,0.170000,0.257101,0.966385,0.000000,0.001867,-0.002161,0.511433,0.859323,0.106351,1.161171,-0.021770,0.100000,0.063514,0.000000,1.000000,0.000000,0.000000,1.000000,0.000000,0.000000,0.000000,0.148369,0.489955,0.033526,0.000000,0.005862,0.749026
12,10,1,0.80364,0.11766,0.05585,0,0,0.048772,0.050276,0.038000,0.050000,0.340000,0.170000,0.257101,0.966385,0.000000,0.003785,-0.021053,-0.993112,-0.117169,0.108043,1.169819,-0.039292,0.100000,0.080431,0.000000,1.000000,0.000000,0.000000,1.000000,0.000000,0.000000,0.000000,0.196794,0.530108,0.049838,0.000000,0.044551,0.837759
12,11,1,0.79830,0.16071,0.05842,0,0,0.048772,0.050276,0.038000,0.050000,0.340000,0.170000,0.257101,0.966385,0.000000,-0.000485,-0.003167,0.989344,0.145600,0.115142,0.841201,0.058954,0.100000,0.151423,0.000000,1.000000,0.000000,0.000000,1.000000,0.000000,0.000000,0.000000,0.236870,0.693226,0.049933,0.000000,0.005767,0.987197
13,0,0,-0.09612,0.16249,0.00774,0,0,0.123081,0.024597,0.032000,0.045000,0.720000,0.160000,0.428106,0.903729,0.000000,-0.002148,-0.013796,0.488797,0.872398,0.180000,0.971498,-0.003919,0.248946,0.276951,0.000000,0.000000,1.000000,0.000000,0.000000,0.000000,1.000000,0.000000,0.230926,0.000392,0.282904,0.000000,0.115132,0.364074
13,1,1,0.73169,0.16304,0.09039,0,0,0.123081,0.024597,0.032000,0.045000,0.720000,0.160000,0.428106,0.903729,0.000000,0.006220,-0.002474,0.914063,-0.405573,0.053134,1.022137,-0.088404,0.055281,0.038838,0.000000,0.000000,1.000000,0.000000,0.000000,0.000000,1.000000,0.000000,0.202496,0.091164,0.000000,0.000000,0.012050,0.182544
13,2,1,0.82277,0.16120,0.04667,0,0,0.123081,0.024597,0.032000,0.045000,0.720000,0.160000,0.428106,0.903729,0.000000,-0.004025,0.008316,-0.932624,0.360849,0.070096,0.884238,-0.047108,0.067070,0.045112,0.000000,0.000000,1.000000,0.000000,0.000000,0.000000,1.000000,0.000000,0.290416,0.254934,0.000000,0.000000,0.016630,1.026564
13,3,0,-0.31501,0.16314,0.11280,0,0,0.123081,0.024597,0.032000,0.045000,0.720000,0.160000,0.428106,0.903729,0.000000,0.004823,0.002985,0.270392,0.962750,0.180000,1.057173,0.114444,0.250927,0.282659,0.000000,0.000000,1.000000,0.000000,0.000000,0.000000,1.000000,0.000000,0.237470,0.014369,0.358568,0.000000,0.100209,0.440289
13,4,1,0.76382,0.15950,0.07497,0,0,0.123081,0.024597,0.032000,0.045000,0.720000,0.160000,0.428106,0.903729,0.000000,-0.002483,0.001873,0.944433,-0.328705,0.083430,0.977305,-0.076118,0.075313,0.107772,0.000000,0.000000,1.000000,0.000000,0.000000,0.000000,1.000000,0.000000,0.342194,0.383156,0.000000,0.000000,0.005598,1.257415
13,5,0,-0.76438,-0.00211,0.08168,0,0,0.123081,0.024597,0.032000,0.045000,0.720000,0.160000,0.428106,0.903729,0.000000,0.021832,0.019903,0.994314,-0.106492,0.140463,1.170232,-0.064404,0.127542,0.101312,0.000000,0.000000,1.000000,0.000000,0.000000,0.000000,1.000000,0.000000,0.373161,0.369065,0.000000,0.000000,0.058804,0.867296
13,6,0,-0.72202,-0.00211,0.06204,0,0,0.123081,0.024597,0.032000,0.045000,0.720000,0.160000,0.428106,0.903729,0.000000,-0.007246,-0.006677,-0.999402,0.034566,0.119966,0.829244,0.044942,0.142791,0.159844,0.000000,0.000000,1.000000,0.000000,0.000000,0.000000,1.000000,0.000000,0.234292,0.004494,0.000000,0.000000,0.017735,0.166465
13,7,0,-0.70750,-0.00211,0.05483,0,0,0.123081,0.024597,0.032000,0.045000,0.720000,0.160000,0.428106,0.903729,0.000000,-0.001291,0.002403,0.514795,-0.857313,0.151596,0.874979,0.044462,0.177413,0.145519,0.000000,0.000000,1.000000,0.000000,0.000000,0.000000,1.000000,0.000000,0.194995,0.004446,0.201271,0.000000,0.004910,0.319674
13,8,1,0.76240,0.15965,0.07565,0,0,0.123081,0.024597,0.032000,0.045000,0.720000,0.160000,0.428106,0.903729,0.000000,-0.005229,0.001039,0.970981,-0.239159,0.082427,1.156437,0.074501,0.097326,0.153083,0.000000,0.000000,1.000000,0.000000,0.000000,0.000000,1.000000,0.000000,0.229130,0.007450,0.000000,0.000000,0.009596,0.346582
13,9,1,0.93399,0.15481,0.00627,0,0,0.123081,0.024597,0.032000,0.045000,0.720000,0.160000,0.428106,0.903729,0.000000,-0.000790,-0.003666,0.787365,-0.616487,0.096639,1.093937,-0.007286,0.102159,0.054033,0.000000,0.000000,1.000000,0.000000,0.000000,0.000000,1.000000,0.000000,0.178664,0.052662,0.000000,0.000000,0.006749,0.627899
13,10,0,-0.75956,-0.00211,0.07963,0,0,0.123081,0.024597,0.032000,0.045000,0.720000,0.160000,0.428106,0.903729,0.000000,-0.024955,-0.036230,0.989019,0.147790,0.149359,0.900545,-0.004661,0.177962,0.160725,0.000000,0.000000,1.000000,0.000000,0.000000,0.000000,1.000000,0.000000,0.280093,0.000466,0.000000,0.000000,0.079187,0.195643
13,11,0,-0.88000,-0.00211,0.16217,0,0,0.123081,0.024597,0.032000,0.045000,0.720000,0.160000,0.428106,0.903729,0.000000,-0.007127,0.001089,0.690255,0.723566,0.180000,0.821663,0.112562,0.249158,0.277566,0.000000,0.000000,1.000000,0.000000,0.000000,0.000000,1.000000,0.000000,0.256929,0.011256,0.147766,0.000000,0.102978,0.313355
14,0,0,-0.48613,0.15899,0.02694,1,0,0.054442,0.044831,0.035000,0.045000,0.760000,0.160000,-0.541176,0.840909,2.000000,0.007856,0.004706,-0.628012,0.778204,0.098236,1.103676,0.042832,0.117850,0.166428,1.000000,0.000000,0.000000,0.000000,0.000000,1.000000,0.000000,0.000000,0.101996,0.004283,0.367137,0.611895,0.016484,1.190485
14,1,0,-0.55152,0.16566,0.05833,1,0,0.054442,0.044831,0.035000,0.045000,0.760000,0.160000,-0.541176,0.840909,2.000000,-0.005141,-0.024541,0.792857,0.609408,0.086181,1.155810,-0.057764,0.098429,0.124441,1.000000,0.000000,0.000000,0.000000,0.000000,1.000000,0.000000,0.000000,0.087066,0.005776,0.471981,0.786634,0.045133,1.504339
14,2,0,-1.20339,-0.00234,0.10723,1,0,0.054442,0.044831,0.035000,0.045000,0.760000,0.160000,-0.541176,0.840909,2.000000,0.002503,0.003318,-0.820008,-0.572352,0.092764,1.047004,0.090288,0.093686,0.009841,1.000000,0.000000,0.000000,0.000000,0.000000,1.000000,0.000000,0.000000,0.077225,0.149347,0.600000,1.000000,0.007481,1.679545
14,3,0,-1.17017,0.00748,0.09416,1,0,0.054442,0.044831,0.035000,0.045000,0.760000,0.160000,-0.541176,0.840909,2.000000,0.003299,-0.001697,0.216067,0.976379,0.147806,0.945099,0.061451,0.140335,0.053234,1.000000,0.000000,0.000000,0.000000,0.000000,1.000000,0.000000,0.000000,0.139541,0.272614,0.182051,0.303418,0.006678,0.977525
14,4,0,-1.17491,-0.00211,0.09655,1,0,0.054442,0.044831,0.035000,0.045000,0.760000,0.160000,-0.541176,0.840909,2.000000,-0.001894,-0.008701,0.999995,-0.003157,0.130195,1.061503,0.018769,0.134459,0.031712,1.000000,0.000000,0.000000,0.000000,0.000000,1.000000,0.000000,0.000000,0.063425,0.098452,0.600000,1.000000,0.016028,1.824441
14,5,0,-0.53433,0.16754,0.05008,1,0,0.054442,0.044831,0.035000,0.045000,0.760000,0.160000,-0.541176,0.840909,2.000000,0.009197,-0.047813,0.976998,-0.213249,0.152608,0.868807,0.050400,0.140412,0.086858,1.000000,0.000000,0.000000,0.000000,0.000000,1.000000,0.000000,0.000000,0.249630,0.338756,0.600000,1.000000,0.087641,2.134530
14,6,0,-1.14931,-0.00055,0.08127,1,0,0.054442,0.044831,0.035000,0.045000,0.760000,0.160000,-0.541176,0.840909,2.000000,0.000877,-0.002062,-0.966545,0.256498,0.118539,0.836691,0.084256,0.140869,0.158516,1.000000,0.000000,0.000000,0.000000,0.000000,1.000000,0.000000,0.000000,0.082325,0.008426,0.600000,1.000000,0.004033,1.549833
14,7,0,-1.16940,-0.00211,0.09594,1,0,0.054442,0.044831,0.035000,0.045000,0.760000,0.160000,-0.541176,0.840909,2.000000,-0.007273,0.000536,-0.982069,0.188524,0.135506,1.154125,-0.072655,0.140029,0.032299,1.000000,0.000000,0.000000,0.000000,0.000000,1.000000,0.000000,0.000000,0.060099,0.102668,0.600000,1.000000,0.013126,1.790680
14,8,0,-1.16722,-0.00211,0.09415,1,0,0.054442,0.044831,0.035000,0.045000,0.760000,0.160000,-0.541176,0.840909,2.000000,-0.002514,-0.003368,-0.964162,-0.265313,0.098688,1.074984,-0.039777,0.118091,0.164306,1.000000,0.000000,0.000000,0.000000,0.000000,1.000000,0.000000,0.000000,0.091452,0.003978,0.600000,1.000000,0.007566,1.584838
14,9,0,-0.49740,0.14170,0.03235,1,0,0.054442,0.044831,0.035000,0.045000,0.760000,0.160000,-0.541176,0.840909,2.000000,0.008596,-0.026160,0.894919,-0.446228,0.158353,1.098847,0.033267,0.139414,0.135851,1.000000,0.000000,0.000000,0.000000,0.000000,1.000000,0.000000,0.000000,0.262662,0.435029,0.598671,0.997784,0.049564,2.183784
14,10,0,-1.16325,-0.00211,0.09940,1,0,0.054442,0.044831,0.035000,0.045000,0.760000,0.160000,-0.541176,0.840909,2.000000,-0.014369,0.013407,0.647792,0.761817,0.108131,0.950722,0.060473,0.117390,0.078877,1.000000,0.000000,0.000000,0.000000,0.000000,1.000000,0.000000,0.000000,0.034531,0.008293,0.600000,1.000000,0.035373,1.632281
14,11,0,-1.11212,0.01310,0.06342,1,0,0.054442,0.044831,0.035000,0.045000,0.760000,0.160000,-0.541176,0.840909,2.000000,0.002163,-0.000236,-0.987812,-0.155654,0.120916,0.993223,0.111694,0.125987,0.040256,1.000000,0.000000,0.000000,0.000000,0.000000,1.000000,0.000000,0.000000,0.043443,0.090658,0.600000,1.000000,0.003916,1.824498
15,0,0,-0.84865,-0.00211,0.13055,0,0,0.058895,0.042211,0.035000,0.045000,0.820000,0.160000,-0.386458,0.922307,0.000000,-0.012699,0.048767,-0.395842,0.918319,0.131156,0.921543,-0.086256,0.118645,0.105447,1.000000,0.000000,0.000000,0.000000,1.000000,0.000000,0.000000,0.000000,0.271115,0.379519,0.009212,0.000000,0.090708,0.545783
15,1,1,0.90671,0.16551,0.00638,0,0,0.058895,0.042211,0.035000,0.045000,0.820000,0.160000,-0.386458,0.922307,0.000000,-0.006258,-0.008029,0.941948,0.335759,0.098527,1.136773,0.006667,0.090700,0.086295,1.000000,0.000000,0.000000,0.000000,1.000000,0.000000,0.000000,0.000000,0.183601,0.333256,0.049636,0.000000,0.018324,0.740373
15,2,1,0.83866,0.16494,0.03904,0,0,0.058895,0.042211,0.035000,0.045000,0.820000,0.160000,-0.386458,0.922307,0.000000,0.014090,0.007868,-0.939278,-0.343157,0.073780,1.061695,0.033701,0.089808,0.178474,1.000000,0.000000,0.000000,0.000000,1.000000,0.000000,0.000000,0.000000,0.125908,0.003370,0.049587,0.000000,0.029048,0.182724
15,3,0,-0.31016,0.16578,0.11048,0,0,0.058895,0.042211,0.035000,0.045000,0.820000,0.160000,-0.386458,0.922307,0.000000,-0.004458,0.004664,-0.223149,0.974784,0.145098,0.845773,0.114192,0.130486,0.111986,1.000000,0.000000,0.000000,0.000000,1.000000,0.000000,0.000000,0.000000,0.202954,0.395391,0.000168,0.000000,0.011613,0.676250
15,4,1,0.89716,0.16559,0.01096,0,0,0.058895,0.042211,0.035000,0.045000,0.820000,0.160000,-0.386458,0.922307,0.000000,-0.001093,-0.000984,0.999996,0.002888,0.101017,1.061703,0.010938,0.123165,0.179825,1.000000,0.000000,0.000000,0.000000,1.000000,0.000000,0.000000,0.000000,0.102325,0.001094,0.048808,0.000000,0.002647,0.132475
15,5,1,0.77580,0.16357,0.06922,0,0,0.058895,0.042211,0.035000,0.045000,0.820000,0.160000,-0.386458,0.922307,0.000000,0.009756,0.006780,0.998153,-0.060750,0.132856,0.944544,0.066282,0.127775,0.039768,1.000000,0.000000,0.000000,0.000000,1.000000,0.000000,0.000000,0.000000,0.139965,0.246165,0.048018,0.000000,0.021385,0.549980
15,6,1,0.86972,0.16553,0.02413,0,0,0.058895,0.042211,0.035000,0.045000,0.820000,0.160000,-0.386458,0.922307,0.000000,-0.004975,-0.006307,-0.999149,0.041246,0.104981,1.044108,-0.023269,0.126415,0.169556,1.000000,0.000000,0.000000,0.000000,1.000000,0.000000,0.000000,0.000000,0.103212,0.002327,0.048281,0.000000,0.014459,0.123237
15,7,1,0.71056,0.16369,0.10053,0,0,0.058895,0.042211,0.035000,0.045000,0.820000,0.160000,-0.386458,0.922307,0.000000,0.018360,-0.001551,0.968187,-0.250229,0.133011,1.193604,0.099026,0.138480,0.039497,1.000000,0.000000,0.000000,0.000000,1.000000,0.000000,0.000000,0.000000,0.071827,0.090908,0.044474,0.000000,0.051648,0.364763
15,8,1,0.91442,0.16571,0.00268,0,0,0.058895,0.042211,0.035000,0.045000,0.820000,0.160000,-0.386458,0.922307,0.000000,0.010240,0.005653,0.410334,0.911935,0.130190,0.854377,-0.000430,0.142096,0.083787,1.000000,0.000000,0.000000,0.000000,1.000000,0.000000,0.000000,0.000000,0.023671,0.000043,0.030040,0.000000,0.021054,0.157473
15,9,1,0.77145,0.16520,0.07130,0,0,0.058895,0.042211,0.035000,0.045000,0.820000,0.160000,-0.386458,0.922307,0.000000,-0.015735,0.000934,0.548895,-0.835892,0.144495,1.208538,0.063637,0.131264,0.100793,1.000000,0.000000,0.000000,0.000000,1.000000,0.000000,0.000000,0.000000,0.207589,0.367950,0.017583,0.000000,0.055068,0.547744
15,10,1,0.75866,0.16475,0.07744,0,0,0.058895,0.042211,0.035000,0.045000,0.820000,0.160000,-0.386458,0.922307,0.000000,-0.000204,-0.007940,-0.985417,0.170157,0.128918,0.886661,-0.077329,0.134520,0.041640,1.000000,0.000000,0.000000,0.000000,1.000000,0.000000,0.000000,0.000000,0.051862,0.084452,0.046194,0.000000,0.014297,0.357230
15,11,1,0.86808,0.16467,0.02492,0,0,0.058895,0.042211,0.035000,0.045000,0.820000,0.160000,-0.386458,0.922307,0.000000,-0.009510,0.007855,0.453348,0.891334,0.122856,0.907027,0.035327,0.140577,0.126054,1.000000,0.000000,0.000000,0.000000,1.000000,0.000000,0.000000,0.000000,0.067023,0.003533,0.031912,0.000000,0.022203,0.102890
16,0,0,-0.81564,-0.00211,0.10430,0,0,0.088561,0.030325,0.035000,0.045000,0.780000,0.180000,-0.504993,0.863123,0.000000,0.045249,0.014100,-0.585286,0.810827,0.176647,0.868084,0.114897,0.182114,0.030019,1.000000,0.000000,0.000000,0.000000,1.000000,0.000000,0.000000,0.000000,0.144909,0.111452,0.011503,0.000000,0.160222,0.286418
16,1,0,-0.31723,0.16480,0.11387,0,0,0.088561,0.030325,0.035000,0.045000,0.780000,0.180000,-0.504993,0.863123,0.000000,0.005605,0.001891,0.851217,0.524813,0.071971,1.119270,-0.115822,0.064729,0.111883,1.000000,0.000000,0.000000,0.000000,1.000000,0.000000,0.000000,0.000000,0.351898,0.395348,0.049366,0.000000,0.010647,0.511512
16,2,1,0.76134,0.16342,0.07616,0,0,0.088561,0.030325,0.035000,0.045000,0.780000,0.180000,-0.504993,0.863123,0.000000,0.002038,0.002290,-0.797842,-0.602867,0.080165,1.163143,-0.076357,0.081032,0.010706,1.000000,0.000000,0.000000,0.000000,1.000000,0.000000,0.000000,0.000000,0.223468,0.146224,0.048396,0.000000,0.007247,0.682039
16,3,0,-0.31177,0.16476,0.11125,0,0,0.088561,0.030325,0.035000,0.045000,0.780000,0.180000,-0.504993,0.863123,0.000000,0.006329,-0.007748,-0.398465,0.917184,0.180000,1.187964,-0.116041,0.183090,0.016879,1.000000,0.000000,0.000000,0.000000,1.000000,0.000000,0.000000,0.000000,0.098015,0.137845,0.000837,0.000000,0.123388,0.252155
16,4,1,0.80661,0.16268,0.05443,0,0,0.088561,0.030325,0.035000,0.045000,0.780000,0.180000,-0.504993,0.863123,0.000000,0.010913,0.000566,0.955944,0.293549,0.081731,0.820759,-0.056921,0.099660,0.179906,1.000000,0.000000,0.000000,0.000000,1.000000,0.000000,0.000000,0.000000,0.264483,0.005692,0.049774,0.000000,0.019669,0.255226
16,5,1,0.73810,0.15588,0.08956,0,0,0.088561,0.030325,0.035000,0.045000,0.780000,0.180000,-0.504993,0.863123,0.000000,-0.028862,0.016740,0.988177,0.153316,0.108249,1.211501,-0.076394,0.121374,0.108138,1.000000,0.000000,0.000000,0.000000,1.000000,0.000000,0.000000,0.000000,0.224411,0.007639,0.048577,0.000000,0.088384,0.403982
16,6,0,-0.77273,-0.00211,0.08500,0,0,0.088561,0.030325,0.035000,0.045000,0.780000,0.180000,-0.504993,0.863123,0.000000,-0.003678,-0.004621,-0.977474,-0.211058,0.118894,0.836704,0.061869,0.112798,0.054043,1.000000,0.000000,0.000000,0.000000,1.000000,0.000000,0.000000,0.000000,0.286622,0.274273,0.049188,0.000000,0.010631,0.780231
16,7,0,-0.84323,-0.00213,0.10271,0,0,0.088561,0.030325,0.035000,0.045000,0.780000,0.180000,-0.504993,0.863123,0.000000,0.002755,-0.011109,-0.026929,0.999637,0.167436,0.969729,0.052598,0.184438,0.092183,1.000000,0.000000,0.000000,0.000000,1.000000,0.000000,0.000000,0.000000,0.103875,0.005260,0.017902,0.000000,0.054064,0.214442
16,8,0,-0.75056,-0.00211,0.07349,0,0,0.088561,0.030325,0.035000,0.045000,0.780000,0.180000,-0.504993,0.863123,0.000000,0.009514,0.002261,-0.271862,-0.962336,0.154181,1.169870,0.089518,0.166509,0.074036,1.000000,0.000000,0.000000,0.000000,1.000000,0.000000,0.000000,0.000000,0.130681,0.020879,0.030987,0.000000,0.023030,0.215050
16,9,0,-0.73003,-0.00211,0.06324,0,0,0.088561,0.030325,0.035000,0.045000,0.780000,0.180000,-0.504993,0.863123,0.000000,0.005259,0.005380,-0.999982,0.006019,0.154429,0.984366,0.104938,0.142527,0.083508,1.000000,0.000000,0.000000,0.000000,1.000000,0.000000,0.000000,0.000000,0.305308,0.337510,0.046070,0.000000,0.013542,0.770624
16,10,1,0.77116,0.16399,0.07144,0,0,0.088561,0.030325,0.035000,0.045000,0.780000,0.180000,-0.504993,0.863123,0.000000,0.013115,-0.004208,-0.891790,-0.452449,0.066098,1.054047,0.064376,0.071138,0.070845,1.000000,0.000000,0.000000,0.000000,1.000000,0.000000,0.000000,0.000000,0.182302,0.024748,0.049854,0.000000,0.024792,0.661243
16,11,0,-0.72537,-0.00211,0.06298,0,0,0.088561,0.030325,0.035000,0.045000,0.780000,0.180000,-0.504993,0.863123,0.000000,0.000976,-0.009621,0.972903,-0.231215,0.180000,0.827928,-0.030783,0.166218,0.082918,1.000000,0.000000,0.000000,0.000000,1.000000,0.000000,0.000000,0.000000,0.287804,0.328915,0.040507,0.000000,0.107407,0.581539
17,0,1,0.81890,0.16746,0.04853,0,0,0.051990,0.049919,0.038000,0.050000,0.340000,0.170000,-0.185840,0.982580,0.000000,0.005382,-0.001801,-0.181554,0.983381,0.114894,1.032940,0.045408,0.100000,0.148940,0.000000,1.000000,0.000000,0.000000,1.000000,0.000000,0.000000,0.000000,0.238588,0.686235,0.021247,0.000000,0.010216,0.962571
17,1,1,0.70266,0.16702,0.10432,0,0,0.051990,0.049919,0.038000,0.050000,0.340000,0.170000,-0.185840,0.982580,0.000000,0.000708,-0.000281,0.951453,0.307794,0.087885,1.084730,0.102312,0.100000,0.121149,0.000000,1.000000,0.000000,0.000000,1.000000,0.000000,0.000000,0.000000,0.042444,0.172231,0.042116,0.000000,0.001371,0.291666
17,2,1,0.84663,0.08386,0.03522,0,0,0.051990,0.049919,0.038000,0.050000,0.340000,0.170000,-0.185840,0.982580,0.000000,-0.008986,-0.010014,-0.999971,-0.007589,0.107412,0.871410,0.000366,0.100000,0.074122,0.000000,1.000000,0.000000,0.000000,1.000000,0.000000,0.000000,0.000000,0.176995,0.511894,0.048269,0.000000,0.024219,0.799434
17,3,0,-0.85727,0.00485,0.10909,0,0,0.051990,0.049919,0.038000,0.050000,0.340000,0.170000,-0.185840,0.982580,0.000000,0.002663,-0.003522,0.103608,0.994618,0.097750,0.966583,-0.092262,0.100000,0.022500,0.000000,1.000000,0.000000,0.000000,1.000000,0.000000,0.000000,0.000000,0.065006,0.301751,0.007598,0.000000,0.007948,0.526009
17,4,0,-0.81803,0.00979,0.09025,0,0,0.051990,0.049919,0.038000,0.050000,0.340000,0.170000,-0.185840,0.982580,0.000000,0.016490,-0.000615,0.947881,-0.318624,0.087554,0.926084,0.050422,0.100000,0.124459,0.000000,1.000000,0.000000,0.000000,1.000000,0.000000,0.000000,0.000000,0.072512,0.167042,0.049885,0.000000,0.029703,0.300036
17,5,0,-0.81766,0.00548,0.09008,0,0,0.051990,0.049919,0.038000,0.050000,0.340000,0.170000,-0.185840,0.982580,0.000000,-0.006796,0.007564,0.990070,0.140574,0.099258,0.827275,-0.040674,0.100000,0.007422,0.000000,1.000000,0.000000,0.000000,1.000000,0.000000,0.000000,0.000000,0.089864,0.330820,0.046104,0.000000,0.018303,0.571924
17,6,0,-0.88000,0.00979,0.15160,0,0,0.051990,0.049919,0.038000,0.050000,0.340000,0.170000,-0.185840,0.982580,0.000000,0.011935,-0.000228,-0.978347,0.206972,0.094203,1.164726,0.108842,0.100000,0.057973,0.000000,1.000000,0.000000,0.000000,1.000000,0.000000,0.000000,0.000000,0.042321,0.222886,0.049943,0.000000,0.024399,0.467657
17,7,0,-0.86943,0.00724,0.11493,0,0,0.051990,0.049919,0.038000,0.050000,0.340000,0.170000,-0.185840,0.982580,0.000000,0.001163,-0.004909,0.000304,-1.000000,0.090282,1.119611,-0.105217,0.100000,0.097176,0.000000,1.000000,0.000000,0.000000,1.000000,0.000000,0.000000,0.000000,0.025752,0.172522,0.012692,0.000000,0.009081,0.343597
17,8,0,-0.83412,0.00545,0.09798,0,0,0.051990,0.049919,0.038000,0.050000,0.340000,0.170000,-0.185840,0.982580,0.000000,0.003153,0.011230,0.950707,-0.310089,0.102484,1.128329,-0.042395,0.100000,0.024838,0.000000,1.000000,0.000000,0.000000,1.000000,0.000000,0.000000,0.000000,0.124667,0.404221,0.049913,0.000000,0.020996,0.650818
17,9,1,0.86738,0.16757,0.02526,0,0,0.051990,0.049919,0.038000,0.050000,0.340000,0.170000,-0.185840,0.982580,0.000000,-0.009537,-0.001688,0.203000,0.979179,0.115761,0.940537,-0.024198,0.100000,0.157608,0.000000,1.000000,0.000000,0.000000,1.000000,0.000000,0.000000,0.000000,0.254072,0.703789,0.002595,0.000000,0.017433,0.974171
17,10,0,-0.81215,0.00979,0.08743,0,0,0.051990,0.049919,0.038000,0.050000,0.340000,0.170000,-0.185840,0.982580,0.000000,0.020522,-0.002572,-0.953108,0.302631,0.103915,0.928452,-0.030952,0.100000,0.039150,0.000000,1.000000,0.000000,0.000000,1.000000,0.000000,0.000000,0.000000,0.154310,0.435566,0.049935,0.000000,0.037228,0.718615
17,11,1,0.82567,0.13100,0.04528,0,0,0.051990,0.049919,0.038000,0.050000,0.340000,0.170000,-0.185840,0.982580,0.000000,-0.006587,-0.002693,0.523993,0.851723,0.107057,1.206539,-0.001475,0.100000,0.070565,0.000000,1.000000,0.000000,0.000000,1.000000,0.000000,0.000000,0.000000,0.162662,0.503931,0.014546,0.000000,0.041476,0.768928
18,0,0,-0.17738,0.16250,0.04674,0,0,0.113082,0.023403,0.032000,0.045000,0.720000,0.160000,0.541854,0.840473,0.000000,0.016767,0.015685,0.421161,0.906986,0.180000,1.031170,-0.036608,0.230452,0.218927,0.000000,0.000000,1.000000,0.000000,0.000000,0.000000,1.000000,0.000000,0.198581,0.003661,0.270801,0.000000,0.131328,0.345951
18,1,1,0.73199,0.14577,0.10193,0,0,0.113082,0.023403,0.032000,0.045000,0.720000,0.160000,0.541854,0.840473,0.000000,0.003757,-0.006322,0.730836,-0.682553,0.091402,0.940877,-0.104074,0.086242,0.059829,0.000000,0.000000,1.000000,0.000000,0.000000,0.000000,1.000000,0.000000,0.299944,0.290065,0.089098,0.000000,0.013237,1.008370
18,2,1,0.90792,0.16096,0.00580,0,0,0.113082,0.023403,0.032000,0.045000,0.720000,0.160000,0.541854,0.840473,0.000000,-0.003907,0.000156,-0.801655,0.597787,0.065345,0.917118,-0.007016,0.062087,0.052466,0.000000,0.000000,1.000000,0.000000,0.000000,0.000000,1.000000,0.000000,0.288766,0.265634,0.007008,0.000000,0.007039,1.173343
18,3,0,-0.71550,-0.00211,0.05736,0,0,0.113082,0.023403,0.032000,0.045000,0.720000,0.160000,0.541854,0.840473,0.000000,-0.002813,-0.007434,-0.238903,0.971043,0.180000,1.018302,-0.076367,0.189330,0.049280,0.000000,0.000000,1.000000,0.000000,0.000000,0.000000,1.000000,0.000000,0.153275,0.069077,0.359210,0.000000,0.104307,0.528708
18,4,0,-0.80373,-0.00211,0.09650,0,0,0.113082,0.023403,0.032000,0.045000,0.720000,0.160000,0.541854,0.840473,0.000000,-0.007126,0.011261,0.849348,0.527833,0.180000,1.041265,0.102262,0.224445,0.198023,0.000000,0.000000,1.000000,0.000000,0.000000,0.000000,1.000000,0.000000,0.204855,0.010226,0.000000,0.000000,0.113987,0.163787
18,5,0,-0.74903,-0.00211,0.07485,0,0,0.113082,0.023403,0.032000,0.045000,0.720000,0.160000,0.541854,0.840473,0.000000,0.022056,-0.005561,0.999891,0.014737,0.177720,0.981127,0.021918,0.164298,0.081697,0.000000,0.000000,1.000000,0.000000,0.000000,0.000000,1.000000,0.000000,0.325226,0.325587,0.000000,0.000000,0.120686,0.677828
18,6,0,-0.72907,-0.00211,0.06336,0,0,0.113082,0.023403,0.032000,0.045000,0.720000,0.160000,0.541854,0.840473,0.000000,0.003026,0.010933,-0.999970,0.007768,0.167198,0.869806,-0.102589,0.160603,0.041063,0.000000,0.000000,1.000000,0.000000,0.000000,0.000000,1.000000,0.000000,0.267046,0.252384,0.000000,0.000000,0.052811,0.557729
18,7,0,-0.71168,-0.00211,0.05660,0,0,0.113082,0.023403,0.032000,0.045000,0.720000,0.160000,0.541854,0.840473,0.000000,0.000246,0.004443,0.968051,0.250753,0.180000,0.857509,0.041879,0.198021,0.091003,0.000000,0.000000,1.000000,0.000000,0.000000,0.000000,1.000000,0.000000,0.120230,0.004188,0.000000,0.000000,0.098009,0.188943
18,8,0,-0.71142,-0.00211,0.05703,0,0,0.113082,0.023403,0.032000,0.045000,0.720000,0.160000,0.541854,0.840473,0.000000,-0.004762,0.001265,-0.445576,0.895244,0.174547,0.844774,0.001390,0.155802,0.120313,0.000000,0.000000,1.000000,0.000000,0.000000,0.000000,1.000000,0.000000,0.337627,0.400765,0.291101,0.000000,0.074332,0.941946
18,9,0,-0.73127,-0.00211,0.06339,0,0,0.113082,0.023403,0.032000,0.045000,0.720000,0.160000,0.541854,0.840473,0.000000,0.007065,0.000401,0.337633,-0.941278,0.180000,1.186603,-0.116930,0.174702,0.030325,0.000000,0.000000,1.000000,0.000000,0.000000,0.000000,1.000000,0.000000,0.241427,0.232344,0.333114,0.000000,0.117370,0.707397
18,10,0,-0.78173,-0.00211,0.08923,0,0,0.113082,0.023403,0.032000,0.045000,0.720000,0.160000,0.541854,0.840473,0.000000,-0.044534,0.007419,-0.974087,0.226175,0.102510,1.183367,-0.015595,0.120436,0.148845,0.000000,0.000000,1.000000,0.000000,0.000000,0.000000,1.000000,0.000000,0.286783,0.001560,0.000000,0.000000,0.094118,0.256587
18,11,0,-0.71051,-0.00211,0.05561,0,0,0.113082,0.023403,0.032000,0.045000,0.720000,0.160000,0.541854,0.840473,0.000000,0.003393,-0.004669,-0.034616,0.999401,0.180000,0.938976,-0.051093,0.212438,0.152694,0.000000,0.000000,1.000000,0.000000,0.000000,0.000000,1.000000,0.000000,0.168100,0.005109,0.379997,0.000000,0.100389,0.389826
19,0,0,-1.23000,-0.00401,0.12006,1,0,0.059256,0.040141,0.035000,0.045000,0.760000,0.160000,0.565541,0.824720,2.000000,0.022547,0.039980,0.732505,0.680762,0.145531,0.870936,0.098769,0.133223,0.092388,1.000000,0.000000,0.000000,0.000000,0.000000,1.000000,0.000000,0.000000,0.250416,0.354652,0.600000,1.000000,0.082618,2.152480
19,1,0,-0.50749,0.15859,0.03719,1,0,0.059256,0.040141,0.035000,0.045000,0.760000,0.160000,0.565541,0.824720,2.000000,0.011412,0.016782,0.788314,-0.615273,0.090453,0.858790,-0.039692,0.087430,0.034571,1.000000,0.000000,0.000000,0.000000,0.000000,1.000000,0.000000,0.000000,0.149072,0.233112,0.518405,0.864008,0.036530,2.116543
19,2,0,-0.59223,0.15976,0.07787,1,0,0.059256,0.040141,0.035000,0.045000,0.760000,0.160000,0.565541,0.824720,2.000000,-0.005717,0.005866,-0.814032,0.580819,0.093339,1.117851,0.070333,0.082477,0.131690,1.000000,0.000000,0.000000,0.000000,0.000000,1.000000,0.000000,0.000000,0.225614,0.430414,0.600000,1.000000,0.014743,2.048727
19,3,1,0.79881,0.16414,0.05817,0,0,0.059256,0.040141,0.035000,0.045000,0.760000,0.160000,0.565541,0.824720,2.000000,-0.001973,0.000301,0.147052,0.989129,0.126590,0.969578,0.040076,0.141705,0.106667,1.000000,0.000000,0.000000,0.000000,0.000000,1.000000,0.000000,0.000000,0.030059,0.004008,0.000000,0.000000,0.003592,0.220813
19,4,0,-1.18013,-0.00478,0.09606,1,0,0.059256,0.040141,0.035000,0.045000,0.760000,0.160000,0.565541,0.824720,2.000000,0.002551,-0.008904,0.929405,-0.369061,0.112617,1.021974,-0.104387,0.104512,0.077551,1.000000,0.000000,0.000000,0.000000,0.000000,1.000000,0.000000,0.000000,0.173297,0.325540,0.600000,1.000000,0.016673,2.032419
19,5,0,-1.10895,-0.00448,0.06741,1,0,0.059256,0.040141,0.035000,0.045000,0.760000,0.160000,0.565541,0.824720,2.000000,0.017722,0.043858,0.998051,0.062403,0.157109,1.176243,-0.107857,0.136240,0.153180,1.000000,0.000000,0.000000,0.000000,0.000000,1.000000,0.000000,0.000000,0.313596,0.477146,0.600000,1.000000,0.094080,2.205587
19,6,0,-1.14028,-0.00223,0.07694,1,0,0.059256,0.040141,0.035000,0.045000,0.760000,0.160000,0.565541,0.824720,2.000000,0.004534,0.004440,-0.999939,-0.011077,0.112361,1.004937,-0.071220,0.133805,0.160260,1.000000,0.000000,0.000000,0.000000,0.000000,1.000000,0.000000,0.000000,0.091049,0.007122,0.600000,1.000000,0.011423,1.577119
19,7,0,-1.23000,-0.00211,0.19548,1,0,0.059256,0.040141,0.035000,0.045000,0.760000,0.160000,0.565541,0.824720,2.000000,0.006914,-0.000281,-0.924040,-0.382295,0.144179,0.866917,-0.090654,0.143121,0.007393,1.000000,0.000000,0.000000,0.000000,0.000000,1.000000,0.000000,0.000000,0.099157,0.183852,0.600000,1.000000,0.012455,1.706696
19,8,0,-1.11011,-0.00211,0.07895,1,0,0.059256,0.040141,0.035000,0.045000,0.760000,0.160000,0.565541,0.824720,2.000000,-0.003610,-0.008018,-0.086548,0.996248,0.161305,0.946931,-0.083642,0.142534,0.131690,1.000000,0.000000,0.000000,0.000000,0.000000,1.000000,0.000000,0.000000,0.226638,0.431744,0.142448,0.237414,0.021698,1.230746
19,9,0,-0.46979,0.15983,0.01910,1,0,0.059256,0.040141,0.035000,0.045000,0.760000,0.160000,0.565541,0.824720,2.000000,0.007217,0.010320,0.511353,-0.859371,0.123905,0.897396,-0.029491,0.122596,0.010679,1.000000,0.000000,0.000000,0.000000,0.000000,1.000000,0.000000,0.000000,0.112087,0.184307,0.439748,0.732913,0.022667,1.743798
19,10,0,-0.47118,0.16426,0.01977,1,0,0.059256,0.040141,0.035000,0.045000,0.760000,0.160000,0.565541,0.824720,2.000000,-0.007455,0.059103,-0.999976,-0.006964,0.116394,1.171297,0.010337,0.133595,0.128753,1.000000,0.000000,0.000000,0.000000,0.000000,1.000000,0.000000,0.000000,0.150025,0.001034,0.465726,0.776210,0.113443,1.544665
19,11,0,-1.10696,-0.00211,0.06094,1,0,0.059256,0.040141,0.035000,0.045000,0.760000,0.160000,0.565541,0.824720,2.000000,-0.005103,0.005422,0.353488,-0.935439,0.135906,1.153819,-0.115714,0.133613,0.017164,1.000000,0.000000,0.000000,0.000000,0.000000,1.000000,0.000000,0.000000,0.109822,0.205899,0.362221,0.603701,0.013402,1.668907
20,0,0,-0.31895,0.16537,0.11470,0,0,0.054117,0.041637,0.035000,0.045000,0.820000,0.160000,-0.003885,0.999992,0.000000,-0.024896,0.002654,0.085601,0.996329,0.116241,1.214398,-0.108857,0.115250,0.008601,1.000000,0.000000,0.000000,0.000000,1.000000,0.000000,0.000000,0.000000,0.131164,0.188087,0.011043,0.000000,0.074986,0.511998
20,1,1,0.85384,0.16541,0.03176,0,0,0.054117,0.041637,0.035000,0.045000,0.820000,0.160000,-0.003885,0.999992,0.000000,-0.003489,0.013504,0.982024,0.188758,0.085763,1.079934,0.032282,0.101854,0.157978,1.000000,0.000000,0.000000,0.000000,1.000000,0.000000,0.000000,0.000000,0.101688,0.003228,0.043920,0.000000,0.025105,0.119132
20,2,1,0.88966,0.16542,0.01456,0,0,0.054117,0.041637,0.035000,0.045000,0.820000,0.160000,-0.003885,0.999992,0.000000,0.003278,-0.009372,-0.998270,-0.058803,0.074572,1.215384,0.013721,0.089093,0.162984,1.000000,0.000000,0.000000,0.000000,1.000000,0.000000,0.000000,0.000000,0.099863,0.001372,0.046666,0.000000,0.048333,0.130602
20,3,1,0.91455,0.16562,0.00262,0,0,0.054117,0.041637,0.035000,0.045000,0.820000,0.160000,-0.003885,0.999992,0.000000,0.005128,0.002044,0.298075,0.954543,0.126941,0.898504,-0.002450,0.128318,0.010730,1.000000,0.000000,0.000000,0.000000,1.000000,0.000000,0.000000,0.000000,0.078655,0.138785,0.000286,0.000000,0.009937,0.374505
20,4,0,-0.32563,0.16556,0.11790,0,0,0.054117,0.041637,0.035000,0.045000,0.820000,0.160000,-0.003885,0.999992,0.000000,0.002833,-0.002679,0.933205,-0.359344,0.099465,1.121574,0.118375,0.116880,0.148993,1.000000,0.000000,0.000000,0.000000,1.000000,0.000000,0.000000,0.000000,0.075622,0.011838,0.049913,0.000000,0.007018,0.135055
20,5,1,0.79829,0.16423,0.05842,0,0,0.054117,0.041637,0.035000,0.045000,0.820000,0.160000,-0.003885,0.999992,0.000000,-0.016522,-0.002470,0.989540,-0.144256,0.088300,1.107517,-0.058314,0.098385,0.102506,1.000000,0.000000,0.000000,0.000000,1.000000,0.000000,0.000000,0.000000,0.050905,0.005831,0.049332,0.000000,0.030069,0.295767
20,6,1,0.80149,0.16555,0.05688,0,0,0.054117,0.041637,0.035000,0.045000,0.820000,0.160000,-0.003885,0.999992,0.000000,0.000886,-0.013363,-0.990811,0.135253,0.096737,1.094720,-0.057004,0.097519,0.008028,1.000000,0.000000,0.000000,0.000000,1.000000,0.000000,0.000000,0.000000,0.094739,0.149645,0.049256,0.000000,0.024106,0.524866
20,7,1,0.86482,0.16548,0.02648,0,0,0.054117,0.041637,0.035000,0.045000,0.820000,0.160000,-0.003885,0.999992,0.000000,-0.007412,0.003345,-0.707305,0.706908,0.142722,1.161439,0.024664,0.135479,0.053468,1.000000,0.000000,0.000000,0.000000,1.000000,0.000000,0.000000,0.000000,0.147292,0.269402,0.044425,0.000000,0.015429,0.516236
20,8,1,0.70302,0.16509,0.10415,0,0,0.054117,0.041637,0.035000,0.045000,0.820000,0.160000,-0.003885,0.999992,0.000000,0.001026,-0.004106,-0.718973,-0.695038,0.145992,0.949365,0.101764,0.135019,0.081266,1.000000,0.000000,0.000000,0.000000,1.000000,0.000000,0.000000,0.000000,0.168461,0.332708,0.023704,0.000000,0.007619,0.534682
20,9,1,0.78392,0.16475,0.06532,0,0,0.054117,0.041637,0.035000,0.045000,0.820000,0.160000,-0.003885,0.999992,0.000000,0.005943,0.009225,-0.781149,0.624345,0.127298,1.189540,0.071213,0.132750,0.041070,1.000000,0.000000,0.000000,0.000000,1.000000,0.000000,0.000000,0.000000,0.057585,0.084982,0.046690,0.000000,0.035999,0.325628
20,10,1,0.78165,0.16253,0.06641,0,0,0.054117,0.041637,0.035000,0.045000,0.820000,0.160000,-0.003885,0.999992,0.000000,0.024832,0.005730,-0.297243,0.954802,0.146272,1.207265,-0.051216,0.127909,0.143561,1.000000,0.000000,0.000000,0.000000,1.000000,0.000000,0.000000,0.000000,0.266885,0.452244,0.028652,0.000000,0.071868,0.670345
20,11,1,0.76456,0.16432,0.07461,0,0,0.054117,0.041637,0.035000,0.045000,0.820000,0.160000,-0.003885,0.999992,0.000000,0.001594,-0.005574,0.773758,0.633482,0.144272,1.139505,-0.076766,0.132876,0.085763,1.000000,0.000000,0.000000,0.000000,1.000000,0.000000,0.000000,0.000000,0.175620,0.339203,0.027248,0.000000,0.010436,0.535233
21,0,1,0.72083,0.16490,0.09560,0,0,0.085419,0.028374,0.035000,0.045000,0.780000,0.180000,0.156586,0.987664,0.000000,-0.001421,0.000913,0.265657,0.964068,0.179248,1.057547,0.096868,0.176098,0.017889,1.000000,0.000000,0.000000,0.000000,1.000000,0.000000,0.000000,0.000000,0.117473,0.205465,0.026358,0.000000,0.089655,0.325368
21,1,1,0.91021,0.16490,0.00470,0,0,0.085419,0.028374,0.035000,0.045000,0.780000,0.180000,0.156586,0.987664,0.000000,0.000486,-0.000871,0.991182,-0.132510,0.058880,1.051342,0.004732,0.060889,0.032988,1.000000,0.000000,0.000000,0.000000,1.000000,0.000000,0.000000,0.000000,0.198663,0.094497,0.045669,0.000000,0.001795,0.195489
21,2,1,0.82756,0.16437,0.04437,0,0,0.085419,0.028374,0.035000,0.045000,0.780000,0.180000,0.156586,0.987664,0.000000,0.004346,0.013852,-0.976169,0.217011,0.070534,1.077624,-0.042212,0.067145,0.050485,1.000000,0.000000,0.000000,0.000000,1.000000,0.000000,0.000000,0.000000,0.304882,0.265192,0.043756,0.000000,0.026132,0.962668
21,3,0,-0.85611,0.05041,0.10853,0,0,0.085419,0.028374,0.035000,0.045000,0.780000,0.180000,0.156586,0.987664,0.000000,0.003696,0.009031,-0.249430,0.968393,0.177972,1.131745,-0.067407,0.179311,0.007466,1.000000,0.000000,0.000000,0.000000,1.000000,0.000000,0.000000,0.000000,0.148821,0.151808,0.001714,0.000000,0.098439,0.269927
21,4,0,-0.80655,-0.00211,0.09999,0,0,0.085419,0.028374,0.035000,0.045000,0.780000,0.180000,0.156586,0.987664,0.000000,0.006111,-0.000369,0.963450,0.267887,0.117273,0.916350,-0.071731,0.122594,0.043402,1.000000,0.000000,0.000000,0.000000,1.000000,0.000000,0.000000,0.000000,0.183447,0.080368,0.049994,0.000000,0.011019,0.393826
21,5,1,0.76466,0.16246,0.07456,0,0,0.085419,0.028374,0.035000,0.045000,0.780000,0.180000,0.156586,0.987664,0.000000,0.008540,0.005485,0.998914,0.046594,0.088431,1.219981,-0.074337,0.090158,0.019150,1.000000,0.000000,0.000000,0.000000,1.000000,0.000000,0.000000,0.000000,0.224999,0.129135,0.048570,0.000000,0.051259,0.604718
21,6,1,0.74772,0.16480,0.08270,0,0,0.085419,0.028374,0.035000,0.045000,0.780000,0.180000,0.156586,0.987664,0.000000,0.005973,-0.003488,-0.998915,0.046562,0.065545,0.916335,-0.082214,0.075267,0.129164,1.000000,0.000000,0.000000,0.000000,1.000000,0.000000,0.000000,0.000000,0.210005,0.008221,0.047254,0.000000,0.012450,0.412248
21,7,1,0.71530,0.16486,0.09826,0,0,0.085419,0.028374,0.035000,0.045000,0.780000,0.180000,0.156586,0.987664,0.000000,-0.015261,0.003326,0.041368,-0.999144,0.162921,1.201038,0.100504,0.178677,0.088183,1.000000,0.000000,0.000000,0.000000,1.000000,0.000000,0.000000,0.000000,0.064333,0.010050,0.012127,0.000000,0.063829,0.221583
21,8,1,0.91404,0.16216,0.00286,0,0,0.085419,0.028374,0.035000,0.045000,0.780000,0.180000,0.156586,0.987664,0.000000,0.000985,0.003347,-0.991647,-0.128982,0.093450,1.142683,-0.002768,0.102725,0.090289,1.000000,0.000000,0.000000,0.000000,1.000000,0.000000,0.000000,0.000000,0.160102,0.000277,0.049385,0.000000,0.006279,0.344857
21,9,1,0.74129,0.16328,0.08578,0,0,0.085419,0.028374,0.035000,0.045000,0.780000,0.180000,0.156586,0.987664,0.000000,0.003733,-0.012130,0.999994,0.003418,0.079276,1.177075,-0.085665,0.083346,0.048832,1.000000,0.000000,0.000000,0.000000,1.000000,0.000000,0.000000,0.000000,0.200813,0.070903,0.048012,0.000000,0.032236,0.562426
21,10,1,0.80387,0.16315,0.05574,0,0,0.085419,0.028374,0.035000,0.045000,0.780000,0.180000,0.156586,0.987664,0.000000,0.017038,-0.034869,-0.964836,0.262851,0.080791,0.988864,0.057252,0.074954,0.077871,1.000000,0.000000,0.000000,0.000000,1.000000,0.000000,0.000000,0.000000,0.372961,0.321468,0.042565,0.000000,0.069856,1.041885
21,11,0,-0.71466,-0.00211,0.05683,0,0,0.085419,0.028374,0.035000,0.045000,0.780000,0.180000,0.156586,0.987664,0.000000,-0.001376,0.006920,-0.442289,0.896873,0.180000,1.145613,0.040024,0.172258,0.044945,1.000000,0.000000,0.000000,0.000000,1.000000,0.000000,0.000000,0.000000,0.223529,0.253892,0.008547,0.000000,0.102699,0.432621
22,0,1,0.88803,0.12800,0.01534,0,0,0.051938,0.054135,0.038000,0.050000,0.340000,0.170000,-0.049165,0.998791,0.000000,0.016394,0.001975,-0.015020,0.999887,0.114360,1.191258,0.057905,0.100000,0.143605,0.000000,1.000000,0.000000,0.000000,1.000000,0.000000,0.000000,0.000000,0.251676,0.675373,0.010328,0.000000,0.048978,0.960647
22,1,1,0.79997,0.10775,0.05762,0,0,0.051938,0.054135,0.038000,0.050000,0.340000,0.170000,-0.049165,0.998791,0.000000,-0.001040,-0.000856,0.982904,0.184116,0.098204,1.159933,0.048813,0.100000,0.017959,0.000000,1.000000,0.000000,0.000000,1.000000,0.000000,0.000000,0.000000,0.064332,0.307715,0.046466,0.000000,0.002425,0.552045
22,2,1,0.72979,0.10185,0.09130,0,0,0.051938,0.054135,0.038000,0.050000,0.340000,0.170000,-0.049165,0.998791,0.000000,-0.002328,-0.002843,-0.999890,0.014820,0.083542,0.938666,-0.081899,0.100000,0.164582,0.000000,1.000000,0.000000,0.000000,1.000000,0.000000,0.000000,0.000000,0.090829,0.170190,0.049208,0.000000,0.006614,0.291616
22,3,0,-0.88000,0.01488,0.14789,0,0,0.051938,0.054135,0.038000,0.050000,0.340000,0.170000,-0.049165,0.998791,0.000000,-0.006756,0.008130,0.106049,0.994361,0.095781,1.108595,0.114704,0.100000,0.042189,0.000000,1.000000,0.000000,0.000000,1.000000,0.000000,0.000000,0.000000,0.055781,0.259302,0.004334,0.000000,0.019027,0.465322
22,4,1,0.84010,0.11244,0.03835,0,0,0.051938,0.054135,0.038000,0.050000,0.340000,0.170000,-0.049165,0.998791,0.000000,0.002140,0.009044,0.942437,-0.334383,0.107048,0.908016,0.008750,0.100000,0.070479,0.000000,1.000000,0.000000,0.000000,1.000000,0.000000,0.000000,0.000000,0.166278,0.504462,0.049454,0.000000,0.016729,0.761609
22,5,0,-0.88000,0.00979,0.14799,0,0,0.051938,0.054135,0.038000,0.050000,0.340000,0.170000,-0.049165,0.998791,0.000000,-0.009738,0.015241,0.994754,0.102295,0.082560,1.132485,0.101270,0.100000,0.174397,0.000000,1.000000,0.000000,0.000000,1.000000,0.000000,0.000000,0.000000,0.125144,0.172127,0.047833,0.000000,0.032556,0.327316
22,6,1,0.85673,0.16254,0.03037,0,0,0.051938,0.054135,0.038000,0.050000,0.340000,0.170000,-0.049165,0.998791,0.000000,0.000558,-0.004257,-0.958609,-0.284725,0.104429,1.156460,-0.027663,0.100000,0.044289,0.000000,1.000000,0.000000,0.000000,1.000000,0.000000,0.000000,0.000000,0.131587,0.446902,0.044309,0.000000,0.007727,0.711241
22,7,0,-0.82938,0.00979,0.09570,0,0,0.051938,0.054135,0.038000,0.050000,0.340000,0.170000,-0.049165,0.998791,0.000000,-0.009259,0.009718,-0.395318,-0.918544,0.087958,0.993524,0.106383,0.100000,0.120418,0.000000,1.000000,0.000000,0.000000,1.000000,0.000000,0.000000,0.000000,0.063236,0.172638,0.010588,0.000000,0.024160,0.274247
22,8,0,-0.74783,0.01146,0.05656,0,0,0.051938,0.054135,0.038000,0.050000,0.340000,0.170000,-0.049165,0.998791,0.000000,-0.005243,-0.004175,-0.997859,0.065406,0.095609,1.061612,-0.014842,0.100000,0.043909,0.000000,1.000000,0.000000,0.000000,1.000000,0.000000,0.000000,0.000000,0.047485,0.245411,0.049594,0.000000,0.012064,0.492930
22,9,0,-0.88000,0.00979,0.14764,0,0,0.051938,0.054135,0.038000,0.050000,0.340000,0.170000,-0.049165,0.998791,0.000000,0.011542,0.005594,-0.368536,0.929613,0.083663,1.205524,-0.108250,0.100000,0.163371,0.000000,1.000000,0.000000,0.000000,1.000000,0.000000,0.000000,0.000000,0.105175,0.172825,0.027002,0.000000,0.051130,0.308888
22,10,0,-0.87639,0.00979,0.15693,0,0,0.051938,0.054135,0.038000,0.050000,0.340000,0.170000,-0.049165,0.998791,0.000000,0.025255,0.010989,0.994934,0.100528,0.102529,0.854055,-0.117478,0.100000,0.025292,0.000000,1.000000,0.000000,0.000000,1.000000,0.000000,0.000000,0.000000,0.152114,0.412760,0.047858,0.000000,0.049577,0.690436
22,11,0,-0.82627,0.00981,0.09421,0,0,0.051938,0.054135,0.038000,0.050000,0.340000,0.170000,-0.049165,0.998791,0.000000,-0.000479,0.007316,0.240369,-0.970682,0.112901,1.124498,-0.023004,0.100000,0.129011,0.000000,1.000000,0.000000,0.000000,1.000000,0.000000,0.000000,0.000000,0.221474,0.638756,0.021106,0.000000,0.013196,0.894235
23,0,0,-0.14323,0.16250,0.03035,0,0,0.107619,0.024201,0.032000,0.045000,0.720000,0.160000,0.570052,0.821608,0.000000,0.026842,0.006368,0.540039,0.841640,0.180000,1.159120,0.021058,0.216843,0.169908,0.000000,0.000000,1.000000,0.000000,0.000000,0.000000,1.000000,0.000000,0.142218,0.002106,0.176152,0.000000,0.139656,0.272422
23,1,1,0.71931,0.16292,0.09633,0,0,0.107619,0.024201,0.032000,0.045000,0.720000,0.160000,0.570052,0.821608,0.000000,0.006754,0.000998,0.804485,-0.593973,0.045659,0.868477,0.099704,0.054712,0.165462,0.000000,0.000000,1.000000,0.000000,0.000000,0.000000,1.000000,0.000000,0.247003,0.009970,0.035914,0.000000,0.012289,0.366579
23,2,1,0.71197,0.16273,0.09985,0,0,0.107619,0.024201,0.032000,0.045000,0.720000,0.160000,0.570052,0.821608,0.000000,0.002576,-0.000607,-0.776157,0.630540,0.062150,0.836294,-0.098900,0.064537,0.036975,0.000000,0.000000,1.000000,0.000000,0.000000,0.000000,1.000000,0.000000,0.197094,0.095940,0.070119,0.000000,0.004763,0.881068
23,3,0,-0.82284,-0.00211,0.09261,0,0,0.107619,0.024201,0.032000,0.045000,0.720000,0.160000,0.570052,0.821608,0.000000,-0.011463,0.011150,0.424057,0.905635,0.180000,1.069027,0.093956,0.220308,0.182961,0.000000,0.000000,1.000000,0.000000,0.000000,0.000000,1.000000,0.000000,0.155325,0.009396,0.249145,0.000000,0.118785,0.335251
23,4,0,-0.77673,-0.00211,0.08563,0,0,0.107619,0.024201,0.032000,0.045000,0.720000,0.160000,0.570052,0.821608,0.000000,0.003769,0.004944,0.974790,-0.223124,0.117659,1.198174,-0.117017,0.125067,0.059233,0.000000,0.000000,1.000000,0.000000,0.000000,0.000000,1.000000,0.000000,0.170549,0.053235,0.000000,0.000000,0.032187,0.410181
23,5,0,-0.73132,-0.00211,0.06642,0,0,0.107619,0.024201,0.032000,0.045000,0.720000,0.160000,0.570052,0.821608,0.000000,0.006031,0.012993,0.999142,-0.041409,0.161966,1.096289,0.023122,0.156144,0.037287,0.000000,0.000000,1.000000,0.000000,0.000000,0.000000,1.000000,0.000000,0.268315,0.236886,0.000000,0.000000,0.034631,0.530853
23,6,0,-0.72847,-0.00211,0.06470,0,0,0.107619,0.024201,0.032000,0.045000,0.720000,0.160000,0.570052,0.821608,0.000000,-0.003122,0.011912,-0.989518,-0.144413,0.164765,0.921606,-0.050096,0.182314,0.096260,0.000000,0.000000,1.000000,0.000000,0.000000,0.000000,1.000000,0.000000,0.146795,0.005010,0.000000,0.000000,0.043607,0.168173
23,7,0,-0.74217,-0.00211,0.07013,0,0,0.107619,0.024201,0.032000,0.045000,0.720000,0.160000,0.570052,0.821608,0.000000,-0.005240,0.001861,-0.963417,0.268008,0.117686,1.031107,-0.093428,0.116520,0.010001,0.000000,0.000000,1.000000,0.000000,0.000000,0.000000,1.000000,0.000000,0.241104,0.189344,0.000000,0.000000,0.010010,0.579322
23,8,0,-0.30686,0.15879,0.10889,0,0,0.107619,0.024201,0.032000,0.045000,0.720000,0.160000,0.570052,0.821608,0.000000,-0.004119,-0.004787,0.684382,-0.729124,0.082091,0.967696,-0.116049,0.092301,0.110617,0.000000,0.000000,1.000000,0.000000,0.000000,0.000000,1.000000,0.000000,0.188043,0.011605,0.161113,0.000000,0.011368,0.562146
23,9,0,-0.25779,0.16232,0.08534,0,0,0.107619,0.024201,0.032000,0.045000,0.720000,0.160000,0.570052,0.821608,0.000000,-0.000346,0.013684,0.505613,0.862761,0.180000,0.899285,0.095454,0.218306,0.175470,0.000000,0.000000,1.000000,0.000000,0.000000,0.000000,1.000000,0.000000,0.130201,0.009545,0.199936,0.000000,0.114640,0.289734
23,10,0,-0.77141,-0.00211,0.08329,0,0,0.107619,0.024201,0.032000,0.045000,0.720000,0.160000,0.570052,0.821608,0.000000,0.002330,-0.030402,0.925346,0.379123,0.180000,1.114217,0.020503,0.206919,0.130094,0.000000,0.000000,1.000000,0.000000,0.000000,0.000000,1.000000,0.000000,0.183553,0.002050,0.000000,0.000000,0.144884,0.169506
23,11,0,-0.72490,-0.00211,0.06331,0,0,0.107619,0.024201,0.032000,0.045000,0.720000,0.160000,0.570052,0.821608,0.000000,0.001195,0.009740,0.997815,-0.066066,0.144311,1.054552,0.020284,0.152248,0.052138,0.000000,0.000000,1.000000,0.000000,0.000000,0.000000,1.000000,0.000000,0.173166,0.057753,0.000000,0.000000,0.017663,0.327745
24,0,0,-0.61645,0.15894,0.08950,1,0,0.057455,0.044093,0.035000,0.045000,0.760000,0.160000,0.515966,0.856609,2.000000,0.018250,-0.007029,0.333976,0.942581,0.116024,1.120474,0.113780,0.130242,0.109165,1.000000,0.000000,0.000000,0.000000,0.000000,1.000000,0.000000,0.000000,0.062411,0.011378,0.189349,0.315582,0.035201,0.849827
24,1,0,-0.55503,0.15420,0.06001,1,0,0.057455,0.044093,0.035000,0.045000,0.760000,0.160000,0.515966,0.856609,2.000000,0.010589,-0.016854,0.849633,-0.527374,0.102278,0.922380,-0.053270,0.089715,0.140030,1.000000,0.000000,0.000000,0.000000,0.000000,1.000000,0.000000,0.000000,0.253867,0.445387,0.600000,1.000000,0.035828,2.026176
24,2,0,-0.67503,0.15677,0.11761,1,0,0.057455,0.044093,0.035000,0.045000,0.760000,0.160000,0.515966,0.856609,2.000000,0.002552,0.003770,-0.869556,0.493834,0.096499,1.014552,-0.113650,0.091104,0.059219,1.000000,0.000000,0.000000,0.000000,0.000000,1.000000,0.000000,0.000000,0.146958,0.289802,0.600000,1.000000,0.008195,1.810645
24,3,0,-1.23000,0.03195,0.16547,1,0,0.057455,0.044093,0.035000,0.045000,0.760000,0.160000,0.515966,0.856609,2.000000,0.001685,0.006685,-0.400656,0.916228,0.128808,0.884569,-0.083144,0.138388,0.069229,1.000000,0.000000,0.000000,0.000000,0.000000,1.000000,0.000000,0.000000,0.022491,0.029857,0.087905,0.146508,0.012409,0.869381
24,4,0,-1.13736,-0.00211,0.07553,1,0,0.057455,0.044093,0.035000,0.045000,0.760000,0.160000,0.515966,0.856609,2.000000,0.001681,-0.001767,0.938796,0.344472,0.125213,1.035712,0.022078,0.144812,0.135345,1.000000,0.000000,0.000000,0.000000,0.000000,1.000000,0.000000,0.000000,0.059490,0.002208,0.600000,1.000000,0.004390,1.539706
24,5,0,-1.16021,-0.00211,0.09136,1,0,0.057455,0.044093,0.035000,0.045000,0.760000,0.160000,0.515966,0.856609,2.000000,0.016400,-0.004236,0.935494,0.353343,0.121328,1.038390,-0.100886,0.144837,0.162309,1.000000,0.000000,0.000000,0.000000,0.000000,1.000000,0.000000,0.000000,0.111104,0.010089,0.600000,1.000000,0.030489,1.575619
24,6,0,-1.17200,-0.00211,0.10032,1,0,0.057455,0.044093,0.035000,0.045000,0.760000,0.160000,0.515966,0.856609,2.000000,0.010253,-0.001260,-0.988688,-0.149986,0.143446,1.184168,-0.030011,0.141245,0.015583,1.000000,0.000000,0.000000,0.000000,0.000000,1.000000,0.000000,0.000000,0.113144,0.194166,0.600000,1.000000,0.031887,1.858574
24,7,0,-1.10925,-0.00211,0.06204,1,0,0.057455,0.044093,0.035000,0.045000,0.760000,0.160000,0.515966,0.856609,2.000000,-0.005679,-0.007258,0.945582,0.325384,0.150339,1.028113,0.032997,0.144717,0.038850,1.000000,0.000000,0.000000,0.000000,0.000000,1.000000,0.000000,0.000000,0.134516,0.240999,0.600000,1.000000,0.016588,1.938311
24,8,0,-1.17861,-0.00211,0.09573,1,0,0.057455,0.044093,0.035000,0.045000,0.760000,0.160000,0.515966,0.856609,2.000000,-0.003151,0.000385,-0.850247,-0.526384,0.127900,0.856813,-0.111530,0.142502,0.102465,1.000000,0.000000,0.000000,0.000000,0.000000,1.000000,0.000000,0.000000,0.027861,0.011153,0.600000,1.000000,0.005713,1.641616
24,9,0,-1.09315,-0.00211,0.07154,1,0,0.057455,0.044093,0.035000,0.045000,0.760000,0.160000,0.515966,0.856609,2.000000,0.012197,-0.025449,0.992402,0.123035,0.119231,0.835280,-0.077330,0.140319,0.150285,1.000000,0.000000,0.000000,0.000000,0.000000,1.000000,0.000000,0.000000,0.118261,0.007733,0.600000,1.000000,0.050798,1.583265
24,10,0,-1.23000,-0.00211,0.12133,1,0,0.057455,0.044093,0.035000,0.045000,0.760000,0.160000,0.515966,0.856609,2.000000,0.003758,-0.015541,0.455002,-0.890490,0.133050,0.883438,0.090480,0.135567,0.018564,1.000000,0.000000,0.000000,0.000000,0.000000,1.000000,0.000000,0.000000,0.088617,0.131919,0.382176,0.636959,0.028780,1.804203
24,11,0,-1.23000,0.03080,0.20122,1,0,0.057455,0.044093,0.035000,0.045000,0.760000,0.160000,0.515966,0.856609,2.000000,0.005918,-0.014317,0.229014,-0.973423,0.142228,0.982938,-0.114006,0.143831,0.011145,1.000000,0.000000,0.000000,0.000000,0.000000,1.000000,0.000000,0.000000,0.095191,0.149110,0.138076,0.230127,0.027885,1.183443
25,0,0,-0.32969,0.16546,0.11985,0,0,0.051364,0.042307,0.035000,0.045000,0.820000,0.160000,-0.509673,0.860368,0.000000,-0.013194,0.005672,-0.552123,0.833763,0.105010,0.837735,0.117510,0.106836,0.017092,1.000000,0.000000,0.000000,0.000000,1.000000,0.000000,0.000000,0.000000,0.087323,0.137566,0.041017,0.000000,0.025852,0.259951
25,1,1,0.77934,0.16529,0.06752,0,0,0.051364,0.042307,0.035000,0.045000,0.820000,0.160000,-0.509673,0.860368,0.000000,-0.007165,0.003741,0.804179,0.594387,0.101424,1.208898,0.071798,0.094606,0.072067,1.000000,0.000000,0.000000,0.000000,1.000000,0.000000,0.000000,0.000000,0.165808,0.311313,0.026440,0.000000,0.041444,0.553323
25,2,1,0.87900,0.16529,0.01968,0,0,0.051364,0.042307,0.035000,0.045000,0.820000,0.160000,-0.509673,0.860368,0.000000,-0.005856,0.002149,-0.899541,-0.436837,0.086550,1.108291,0.021587,0.092813,0.067474,1.000000,0.000000,0.000000,0.000000,1.000000,0.000000,0.000000,0.000000,0.023131,0.027212,0.033774,0.000000,0.011229,0.356059
25,3,1,0.77712,0.16550,0.06858,0,0,0.051364,0.042307,0.035000,0.045000,0.820000,0.160000,-0.509673,0.860368,0.000000,0.001743,-0.002844,0.401138,0.916017,0.112157,1.100286,-0.072275,0.128664,0.128292,1.000000,0.000000,0.000000,0.000000,1.000000,0.000000,0.000000,0.000000,0.053963,0.007228,0.001782,0.000000,0.006004,0.067112
25,4,1,0.80853,0.16528,0.05351,0,0,0.051364,0.042307,0.035000,0.045000,0.820000,0.160000,-0.509673,0.860368,0.000000,0.000717,0.011622,0.907749,-0.419513,0.126111,0.835782,0.057510,0.132597,0.048914,1.000000,0.000000,0.000000,0.000000,1.000000,0.000000,0.000000,0.000000,0.050882,0.067923,0.049922,0.000000,0.020960,0.252535
25,5,0,-0.30697,0.16479,0.10895,0,0,0.051364,0.042307,0.035000,0.045000,0.820000,0.160000,-0.509673,0.860368,0.000000,-0.009343,-0.018935,0.996610,0.082266,0.116232,0.995222,-0.106783,0.121009,0.039474,1.000000,0.000000,0.000000,0.000000,1.000000,0.000000,0.000000,0.000000,0.076421,0.091730,0.044814,0.000000,0.038007,0.389333
25,6,1,0.91695,0.16562,0.00146,0,0,0.051364,0.042307,0.035000,0.045000,0.820000,0.160000,-0.509673,0.860368,0.000000,0.000302,-0.003775,-0.983505,0.180882,0.137658,1.098309,-0.000918,0.131278,0.048597,1.000000,0.000000,0.000000,0.000000,1.000000,0.000000,0.000000,0.000000,0.135034,0.257286,0.049050,0.000000,0.006816,0.516513
25,7,1,0.75828,0.16377,0.07763,0,0,0.051364,0.042307,0.035000,0.045000,0.820000,0.160000,-0.509673,0.860368,0.000000,0.005220,0.011137,0.559411,0.828891,0.133749,1.102915,-0.071966,0.120441,0.110492,1.000000,0.000000,0.000000,0.000000,1.000000,0.000000,0.000000,0.000000,0.211401,0.388181,0.010744,0.000000,0.022139,0.532223
25,8,1,0.88599,0.16575,0.01633,0,0,0.051364,0.042307,0.035000,0.045000,0.820000,0.160000,-0.509673,0.860368,0.000000,0.001991,0.008463,-0.968068,-0.250689,0.096627,1.179734,-0.016308,0.109814,0.120089,1.000000,0.000000,0.000000,0.000000,1.000000,0.000000,0.000000,0.000000,0.054870,0.001631,0.040387,0.000000,0.026504,0.184554
25,9,1,0.89832,0.16428,0.01040,0,0,0.051364,0.042307,0.035000,0.045000,0.820000,0.160000,-0.509673,0.860368,0.000000,0.001171,0.002468,-0.273232,0.961948,0.135805,0.978540,0.012945,0.120919,0.123107,1.000000,0.000000,0.000000,0.000000,1.000000,0.000000,0.000000,0.000000,0.207752,0.407509,0.030413,0.000000,0.004918,0.710119
25,10,1,0.77542,0.16552,0.06940,0,0,0.051364,0.042307,0.035000,0.045000,0.820000,0.160000,-0.509673,0.860368,0.000000,-0.000926,-0.001486,-0.538809,0.842428,0.101905,1.107759,-0.070834,0.105562,0.034639,1.000000,0.000000,0.000000,0.000000,1.000000,0.000000,0.000000,0.000000,0.048337,0.097805,0.040558,0.000000,0.003151,0.212030
25,11,1,0.76613,0.15663,0.07386,0,0,0.051364,0.042307,0.035000,0.045000,0.820000,0.160000,-0.509673,0.860368,0.000000,0.001471,0.011134,0.000103,1.000000,0.141137,1.076183,-0.036873,0.131511,0.073199,1.000000,0.000000,0.000000,0.000000,1.000000,0.000000,0.000000,0.000000,0.172291,0.310086,0.018407,0.000000,0.020215,0.536397
26,0,1,0.87119,0.16377,0.02343,0,0,0.084922,0.028989,0.035000,0.045000,0.780000,0.180000,-0.230482,0.973077,0.000000,0.013529,-0.018835,-0.279574,0.960124,0.180000,0.957168,-0.037707,0.172568,0.043065,1.000000,0.000000,0.000000,0.000000,1.000000,0.000000,0.000000,0.000000,0.170102,0.249900,0.021434,0.000000,0.131743,0.370528
26,1,0,-0.32069,0.16388,0.11553,0,0,0.084922,0.028989,0.035000,0.045000,0.780000,0.180000,-0.230482,0.973077,0.000000,-0.003433,-0.007017,0.990259,0.139238,0.081433,1.088231,-0.115158,0.073480,0.108232,1.000000,0.000000,0.000000,0.000000,1.000000,0.000000,0.000000,0.000000,0.350866,0.387981,0.047776,0.000000,0.014061,1.086371
26,2,1,0.77202,0.16482,0.07103,0,0,0.084922,0.028989,0.035000,0.045000,0.780000,0.180000,-0.230482,0.973077,0.000000,0.003638,-0.004407,-0.969281,-0.245956,0.064900,1.039702,-0.071999,0.060676,0.069614,1.000000,0.000000,0.000000,0.000000,1.000000,0.000000,0.000000,0.000000,0.309310,0.306428,0.045892,0.000000,0.010286,0.418790
26,3,0,-0.78101,-0.00865,0.07248,0,0,0.084922,0.028989,0.035000,0.045000,0.780000,0.180000,-0.230482,0.973077,0.000000,-0.000202,-0.006176,0.197711,0.980260,0.171820,1.187436,-0.013979,0.178523,0.037547,1.000000,0.000000,0.000000,0.000000,1.000000,0.000000,0.000000,0.000000,0.115706,0.086304,0.001967,0.000000,0.079403,0.271022
26,4,1,0.89494,0.16338,0.01203,0,0,0.084922,0.028989,0.035000,0.045000,0.780000,0.180000,-0.230482,0.973077,0.000000,-0.004715,-0.008513,0.997940,0.064154,0.081032,1.002316,0.011457,0.085620,0.053582,1.000000,0.000000,0.000000,0.000000,1.000000,0.000000,0.000000,0.000000,0.190840,0.053982,0.048752,0.000000,0.017516,0.603658
26,5,1,0.81782,0.15814,0.04905,0,0,0.084922,0.028989,0.035000,0.045000,0.780000,0.180000,-0.230482,0.973077,0.000000,-0.027714,-0.037087,0.999593,-0.028536,0.083174,0.938839,-0.037717,0.099859,0.167080,1.000000,0.000000,0.000000,0.000000,1.000000,0.000000,0.000000,0.000000,0.310702,0.003772,0.049571,0.000000,0.083336,0.330584
26,6,1,0.85193,0.16147,0.03267,0,0,0.084922,0.028989,0.035000,0.045000,0.780000,0.180000,-0.230482,0.973077,0.000000,-0.010787,0.005810,-0.999814,0.019269,0.098318,1.210881,-0.030477,0.098472,0.001563,1.000000,0.000000,0.000000,0.000000,1.000000,0.000000,0.000000,0.000000,0.244534,0.159922,0.049508,0.000000,0.050039,0.683012
26,7,1,0.86629,0.16488,0.02578,0,0,0.084922,0.028989,0.035000,0.045000,0.780000,0.180000,-0.230482,0.973077,0.000000,0.004524,-0.004071,-0.351071,0.936349,0.156644,0.934431,0.023776,0.175789,0.108909,1.000000,0.000000,0.000000,0.000000,1.000000,0.000000,0.000000,0.000000,0.058126,0.002378,0.024774,0.000000,0.010954,0.140336
26,8,1,0.82405,0.14490,0.04605,0,0,0.084922,0.028989,0.035000,0.045000,0.780000,0.180000,-0.230482,0.973077,0.000000,0.001659,0.003807,0.603438,-0.797410,0.147788,0.856017,-0.044452,0.178800,0.173444,1.000000,0.000000,0.000000,0.000000,1.000000,0.000000,0.000000,0.000000,0.161013,0.004445,0.036128,0.000000,0.007474,0.143989
26,9,1,0.80853,0.16488,0.05350,0,0,0.084922,0.028989,0.035000,0.045000,0.780000,0.180000,-0.230482,0.973077,0.000000,0.002286,-0.000122,-0.332335,0.943161,0.162336,0.861654,0.054186,0.175034,0.072542,1.000000,0.000000,0.000000,0.000000,1.000000,0.000000,0.000000,0.000000,0.027250,0.020334,0.023904,0.000000,0.014633,0.223574
26,10,0,-0.88000,-0.00601,0.16559,0,0,0.084922,0.028989,0.035000,0.045000,0.780000,0.180000,-0.230482,0.973077,0.000000,0.005338,-0.019415,0.516198,-0.856469,0.162113,1.070674,0.099423,0.179435,0.096534,1.000000,0.000000,0.000000,0.000000,1.000000,0.000000,0.000000,0.000000,0.096499,0.009942,0.032291,0.000000,0.045754,0.247999
26,11,1,0.73974,0.16462,0.08652,0,0,0.084922,0.028989,0.035000,0.045000,0.780000,0.180000,-0.230482,0.973077,0.000000,0.000116,-0.006820,0.156919,-0.987611,0.143573,0.988512,0.080043,0.173712,0.173499,1.000000,0.000000,0.000000,0.000000,1.000000,0.000000,0.000000,0.000000,0.116334,0.008004,0.015598,0.000000,0.012278,0.105244
27,0,0,-0.85553,0.00736,0.10825,0,0,0.051811,0.049760,0.038000,0.050000,0.340000,0.170000,-0.077846,0.996965,0.000000,-0.003928,-0.001504,-0.034965,0.999389,0.089303,0.889275,0.049536,0.100000,0.106973,0.000000,1.000000,0.000000,0.000000,1.000000,0.000000,0.000000,0.000000,0.034122,0.166954,0.018129,0.000000,0.007570,0.313457
27,1,0,-0.83777,0.00867,0.09973,0,0,0.051811,0.049760,0.038000,0.050000,0.340000,0.170000,-0.077846,0.996965,0.000000,-0.002654,0.003281,0.984531,0.175211,0.090567,0.889186,0.048564,0.100000,0.094333,0.000000,1.000000,0.000000,0.000000,1.000000,0.000000,0.000000,0.000000,0.021506,0.166856,0.043584,0.000000,0.007596,0.351272
27,2,0,-0.72618,0.00886,0.04617,0,0,0.051811,0.049760,0.038000,0.050000,0.340000,0.170000,-0.077846,0.996965,0.000000,-0.000690,0.012427,-0.987924,-0.154942,0.090208,0.891706,0.001968,0.100000,0.097924,0.000000,1.000000,0.000000,0.000000,1.000000,0.000000,0.000000,0.000000,0.039082,0.162197,0.044078,0.000000,0.022403,0.331429
27,3,0,-0.33000,0.14089,0.13165,0,0,0.051811,0.049760,0.038000,0.050000,0.340000,0.170000,-0.077846,0.996965,0.000000,-0.005201,0.006128,0.181058,0.983472,0.115556,0.835794,-0.090585,0.100000,0.155563,0.000000,1.000000,0.000000,0.000000,1.000000,0.000000,0.000000,0.000000,0.249228,0.705787,0.007670,0.000000,0.014468,0.964045
27,4,0,-0.88000,0.01050,0.13847,0,0,0.051811,0.049760,0.038000,0.050000,0.340000,0.170000,-0.077846,0.996965,0.000000,-0.008770,0.002387,0.872040,-0.489435,0.083543,0.998576,0.083891,0.100000,0.164571,0.000000,1.000000,0.000000,0.000000,1.000000,0.000000,0.000000,0.000000,0.100022,0.170389,0.049233,0.000000,0.016361,0.303152
27,5,1,0.76879,0.12660,0.07258,0,0,0.051811,0.049760,0.038000,0.050000,0.340000,0.170000,-0.077846,0.996965,0.000000,-0.001901,0.011458,0.999506,-0.031445,0.108093,0.935885,-0.059674,0.100000,0.080935,0.000000,1.000000,0.000000,0.000000,1.000000,0.000000,0.000000,0.000000,0.180680,0.533289,0.047698,0.000000,0.020907,0.790155
27,6,1,0.77585,0.08866,0.06919,0,0,0.051811,0.049760,0.038000,0.050000,0.340000,0.170000,-0.077846,0.996965,0.000000,0.001213,0.010241,-0.995399,0.095811,0.093916,0.827675,-0.055498,0.100000,0.060836,0.000000,1.000000,0.000000,0.000000,1.000000,0.000000,0.000000,0.000000,0.036695,0.211052,0.048566,0.000000,0.018562,0.430702
27,7,1,0.79560,0.10763,0.05971,0,0,0.051811,0.049760,0.038000,0.050000,0.340000,0.170000,-0.077846,0.996965,0.000000,0.002962,-0.007805,-0.410539,0.911843,0.109457,0.890474,-0.091194,0.100000,0.094566,0.000000,1.000000,0.000000,0.000000,1.000000,0.000000,0.000000,0.000000,0.188758,0.567385,0.034414,0.000000,0.015027,0.845130
27,8,1,0.73429,0.13482,0.08914,0,0,0.051811,0.049760,0.038000,0.050000,0.340000,0.170000,-0.077846,0.996965,0.000000,-0.002344,-0.000099,0.840409,-0.541953,0.105678,1.083426,0.056538,0.100000,0.056779,0.000000,1.000000,0.000000,0.000000,1.000000,0.000000,0.000000,0.000000,0.140766,0.478142,0.048606,0.000000,0.004222,0.743095
27,9,0,-0.76464,0.00975,0.06463,0,0,0.051811,0.049760,0.038000,0.050000,0.340000,0.170000,-0.077846,0.996965,0.000000,0.001055,0.011395,0.832481,-0.554054,0.101061,1.160109,-0.011444,0.100000,0.010613,0.000000,1.000000,0.000000,0.000000,1.000000,0.000000,0.000000,0.000000,0.110067,0.368836,0.048431,0.000000,0.020665,0.609288
27,10,0,-0.74699,0.00974,0.05615,0,0,0.051811,0.049760,0.038000,0.050000,0.340000,0.170000,-0.077846,0.996965,0.000000,-0.000656,0.005697,0.763982,-0.645238,0.084882,0.944513,-0.003867,0.100000,0.151183,0.000000,1.000000,0.000000,0.000000,1.000000,0.000000,0.000000,0.000000,0.080933,0.162387,0.046701,0.000000,0.010323,0.290049
27,11,0,-0.88000,0.01291,0.12969,0,0,0.051811,0.049760,0.038000,0.050000,0.340000,0.170000,-0.077846,0.996965,0.000000,-0.009070,-0.007485,-0.649085,0.760716,0.101832,0.936070,-0.091044,0.100000,0.018316,0.000000,1.000000,0.000000,0.000000,1.000000,0.000000,0.000000,0.000000,0.118308,0.394282,0.043182,0.000000,0.021168,0.660436
28,0,0,-0.24496,0.16289,0.07918,0,0,0.112423,0.023706,0.032000,0.045000,0.720000,0.160000,-0.524679,0.851300,0.000000,-0.008534,-0.001130,-0.567755,0.823198,0.180000,1.004813,0.074325,0.226986,0.206998,0.000000,0.000000,1.000000,0.000000,0.000000,0.000000,1.000000,0.000000,0.149344,0.007432,0.184095,0.000000,0.105495,0.262300
28,1,1,0.88255,0.16281,0.01798,0,0,0.112423,0.023706,0.032000,0.045000,0.720000,0.160000,-0.524679,0.851300,0.000000,0.003800,-0.010659,0.834484,0.551032,0.048662,1.159456,-0.021288,0.054417,0.105752,0.000000,0.000000,1.000000,0.000000,0.000000,0.000000,1.000000,0.000000,0.194916,0.002129,0.000000,0.000000,0.020369,0.251942
28,2,1,0.82921,0.16260,0.04358,0,0,0.112423,0.023706,0.032000,0.045000,0.720000,0.160000,-0.524679,0.851300,0.000000,-0.009879,0.003251,-0.861433,-0.507871,0.044457,0.970020,-0.037685,0.051815,0.142007,0.000000,0.000000,1.000000,0.000000,0.000000,0.000000,1.000000,0.000000,0.229658,0.003768,0.000000,0.000000,0.018720,0.308923
28,3,0,-0.70738,-0.00211,0.05489,0,0,0.112423,0.023706,0.032000,0.045000,0.720000,0.160000,-0.524679,0.851300,0.000000,0.002653,-0.000839,0.189602,0.981861,0.180000,0.847657,-0.027008,0.197648,0.089292,0.000000,0.000000,1.000000,0.000000,0.000000,0.000000,1.000000,0.000000,0.115508,0.002701,0.367562,0.000000,0.095008,0.421254
28,4,0,-0.70637,-0.00211,0.05465,0,0,0.112423,0.023706,0.032000,0.045000,0.720000,0.160000,-0.524679,0.851300,0.000000,0.002498,-0.000447,0.999458,0.032911,0.130104,0.946044,0.032055,0.152767,0.148346,0.000000,0.000000,1.000000,0.000000,0.000000,0.000000,1.000000,0.000000,0.202877,0.003205,0.000000,0.000000,0.004568,0.219677
28,5,0,-0.82410,-0.00211,0.10861,0,0,0.112423,0.023706,0.032000,0.045000,0.720000,0.160000,-0.524679,0.851300,0.000000,0.018856,0.015651,0.995755,-0.092041,0.147167,0.996287,0.100841,0.172989,0.149268,0.000000,0.000000,1.000000,0.000000,0.000000,0.000000,1.000000,0.000000,0.230836,0.010084,0.000000,0.000000,0.044109,0.200885
28,6,0,-0.70783,-0.00211,0.05552,0,0,0.112423,0.023706,0.032000,0.045000,0.720000,0.160000,-0.524679,0.851300,0.000000,0.003355,-0.000596,-0.994187,-0.107665,0.132330,1.132804,-0.012325,0.139483,0.051278,0.000000,0.000000,1.000000,0.000000,0.000000,0.000000,1.000000,0.000000,0.169941,0.058677,0.000000,0.000000,0.006133,0.478944
28,7,0,-0.81025,-0.00211,0.08803,0,0,0.112423,0.023706,0.032000,0.045000,0.720000,0.160000,-0.524679,0.851300,0.000000,-0.001166,-0.000344,0.132773,-0.991146,0.180000,1.202571,-0.038354,0.224676,0.198848,0.000000,0.000000,1.000000,0.000000,0.000000,0.000000,1.000000,0.000000,0.181964,0.003835,0.366248,0.000000,0.115602,0.392120
28,8,0,-0.72681,-0.00211,0.06214,0,0,0.112423,0.023706,0.032000,0.045000,0.720000,0.160000,-0.524679,0.851300,0.000000,0.000928,0.011288,-0.975560,0.219735,0.180000,0.832313,-0.102170,0.191057,0.057873,0.000000,0.000000,1.000000,0.000000,0.000000,0.000000,1.000000,0.000000,0.148662,0.054471,0.000000,0.000000,0.110387,0.284610
28,9,1,0.80066,0.14296,0.07142,0,0,0.112423,0.023706,0.032000,0.045000,0.720000,0.160000,-0.524679,0.851300,0.000000,0.007711,-0.000618,-0.962062,-0.272831,0.101012,1.180134,0.070185,0.106890,0.054998,0.000000,0.000000,1.000000,0.000000,0.000000,0.000000,1.000000,0.000000,0.182476,0.057023,0.000000,0.000000,0.024999,0.577744
28,10,0,-0.77661,-0.00211,0.08708,0,0,0.112423,0.023706,0.032000,0.045000,0.720000,0.160000,-0.524679,0.851300,0.000000,-0.042209,0.000080,-0.622766,-0.782408,0.130308,1.189328,-0.047970,0.120892,0.077894,0.000000,0.000000,1.000000,0.000000,0.000000,0.000000,1.000000,0.000000,0.370751,0.320586,0.182452,0.000000,0.092106,0.873707
28,11,0,-0.72250,-0.00211,0.05963,0,0,0.112423,0.023706,0.032000,0.045000,0.720000,0.160000,-0.524679,0.851300,0.000000,-0.007780,-0.000566,0.201881,0.979410,0.180000,0.959821,0.109770,0.196165,0.082407,0.000000,0.000000,1.000000,0.000000,0.000000,0.000000,1.000000,0.000000,0.118528,0.010977,0.365516,0.000000,0.104040,0.427830
29,0,0,-0.33000,0.16338,0.12413,0,0,0.062429,0.042224,0.035000,0.045000,0.760000,0.160000,0.008506,0.999964,2.000000,0.002632,0.021990,0.008537,0.999964,0.126155,0.971631,-0.102448,0.124861,0.010368,1.000000,0.000000,0.000000,0.000000,0.000000,1.000000,0.000000,0.000000,0.128017,0.190981,0.257207,0.428679,0.039864,0.997990
29,1,0,-1.12103,-0.00215,0.06940,1,0,0.062429,0.042224,0.035000,0.045000,0.760000,0.160000,0.008506,0.999964,2.000000,0.012205,-0.013429,0.993505,0.113791,0.098318,0.821869,0.056361,0.099078,0.007674,1.000000,0.000000,0.000000,0.000000,0.000000,1.000000,0.000000,0.000000,0.103175,0.150288,0.600000,1.000000,0.032663,1.896756
29,2,0,-1.13338,-0.00211,0.07362,1,0,0.062429,0.042224,0.035000,0.045000,0.760000,0.160000,0.008506,0.999964,2.000000,-0.007554,0.000244,-0.997478,0.070976,0.081321,0.954540,0.022283,0.092086,0.116906,1.000000,0.000000,0.000000,0.000000,0.000000,1.000000,0.000000,0.000000,0.049754,0.002228,0.600000,1.000000,0.013604,1.749266
29,3,1,0.79127,0.16550,0.06179,0,0,0.062429,0.042224,0.035000,0.045000,0.760000,0.160000,0.008506,0.999964,2.000000,0.001303,-0.001818,0.234041,0.972227,0.148237,0.890989,-0.063840,0.140700,0.053567,1.000000,0.000000,0.000000,0.000000,0.000000,1.000000,0.000000,0.000000,0.137369,0.273517,0.212600,0.354333,0.004026,0.964351
29,4,0,-1.06191,-0.00211,0.05697,1,0,0.062429,0.042224,0.035000,0.045000,0.760000,0.160000,0.008506,0.999964,2.000000,-0.000168,-0.004477,0.859473,-0.511181,0.156126,1.061889,0.003742,0.135856,0.149202,1.000000,0.000000,0.000000,0.000000,0.000000,1.000000,0.000000,0.000000,0.236818,0.458779,0.431916,0.719859,0.008063,1.927809
29,5,0,-1.10037,-0.00211,0.07608,1,0,0.062429,0.042224,0.035000,0.045000,0.760000,0.160000,0.008506,0.999964,2.000000,0.020510,-0.012533,0.979068,-0.203533,0.118286,1.110705,-0.001433,0.107196,0.103454,1.000000,0.000000,0.000000,0.000000,0.000000,1.000000,0.000000,0.000000,0.224315,0.367051,0.600000,1.000000,0.043265,2.254075
29,6,0,-1.13934,-0.00211,0.07816,1,0,0.062429,0.042224,0.035000,0.045000,0.760000,0.160000,0.008506,0.999964,2.000000,-0.006086,0.007512,-1.000000,-0.000294,0.087779,1.060500,-0.020113,0.085544,0.026119,1.000000,0.000000,0.000000,0.000000,0.000000,1.000000,0.000000,0.000000,0.122555,0.214250,0.600000,1.000000,0.017402,1.724381
29,7,0,-1.20362,0.00509,0.12520,1,0,0.062429,0.042224,0.035000,0.045000,0.760000,0.160000,0.008506,0.999964,2.000000,-0.002455,0.007033,-0.804372,0.594126,0.157787,1.201537,-0.089711,0.141677,0.113711,1.000000,0.000000,0.000000,0.000000,0.000000,1.000000,0.000000,0.000000,0.206375,0.396394,0.460822,0.768036,0.036254,1.775998
29,8,0,-0.30647,0.16498,0.10871,0,0,0.062429,0.042224,0.035000,0.045000,0.760000,0.160000,0.008506,0.999964,2.000000,-0.004959,-0.012357,0.183610,0.982999,0.132775,0.969804,-0.119911,0.137725,0.035941,1.000000,0.000000,0.000000,0.000000,0.000000,1.000000,0.000000,0.000000,0.066693,0.100109,0.099675,0.166124,0.023966,0.700886
29,9,0,-0.53494,0.09045,0.05037,1,0,0.062429,0.042224,0.035000,0.045000,0.760000,0.160000,0.008506,0.999964,2.000000,-0.002284,-0.020844,-0.652463,0.757820,0.130772,0.845179,0.033249,0.149566,0.125654,1.000000,0.000000,0.000000,0.000000,0.000000,1.000000,0.000000,0.000000,0.081302,0.003325,0.600000,1.000000,0.037745,1.550875
29,10,1,0.72963,0.16401,0.09138,0,0,0.062429,0.042224,0.035000,0.045000,0.760000,0.160000,0.008506,0.999964,2.000000,0.012669,0.019562,0.111146,0.993804,0.148519,1.196347,-0.072305,0.132870,0.117774,1.000000,0.000000,0.000000,0.000000,0.000000,1.000000,0.000000,0.000000,0.237395,0.402779,0.153960,0.256600,0.061942,1.016526
29,11,0,-1.17031,0.01097,0.09135,1,0,0.062429,0.042224,0.035000,0.045000,0.760000,0.160000,0.008506,0.999964,2.000000,0.005266,0.004176,0.574836,0.818269,0.157240,0.823981,0.119592,0.150729,0.043200,1.000000,0.000000,0.000000,0.000000,0.000000,1.000000,0.000000,0.000000,0.134626,0.258358,0.445671,0.742784,0.012099,1.527528
30,0,1,0.84263,0.16438,0.03714,0,0,0.051746,0.038845,0.035000,0.045000,0.820000,0.160000,-0.256259,0.966608,0.000000,-0.011726,-0.012960,-0.250777,0.968045,0.110348,0.934325,-0.052361,0.103931,0.061747,1.000000,0.000000,0.000000,0.000000,1.000000,0.000000,0.000000,0.000000,0.171459,0.288730,0.012501,0.000000,0.031459,0.436441
30,1,1,0.73853,0.16440,0.08711,0,0,0.051746,0.038845,0.035000,0.045000,0.820000,0.160000,-0.256259,0.966608,0.000000,0.001711,-0.006165,0.871785,0.489889,0.105153,1.148510,-0.089249,0.101107,0.040010,1.000000,0.000000,0.000000,0.000000,1.000000,0.000000,0.000000,0.000000,0.130887,0.248945,0.049999,0.000000,0.011516,0.459614
30,2,1,0.76153,0.16540,0.07606,0,0,0.051746,0.038845,0.035000,0.045000,0.820000,0.160000,-0.256259,0.966608,0.000000,-0.003690,0.001902,-0.973451,-0.228896,0.086498,0.861904,0.076866,0.080578,0.073469,1.000000,0.000000,0.000000,0.000000,1.000000,0.000000,0.000000,0.000000,0.160527,0.314626,0.048118,0.000000,0.007472,0.531926
30,3,1,0.85593,0.16547,0.03075,0,0,0.051746,0.038845,0.035000,0.045000,0.820000,0.160000,-0.256259,0.966608,0.000000,-0.001662,0.002848,-0.379243,0.925297,0.103800,1.024700,0.032574,0.112679,0.078804,1.000000,0.000000,0.000000,0.000000,1.000000,0.000000,0.000000,0.000000,0.006803,0.005650,0.005847,0.000000,0.005936,0.121211
30,4,1,0.76562,0.16306,0.07410,0,0,0.051746,0.038845,0.035000,0.045000,0.820000,0.160000,-0.256259,0.966608,0.000000,0.002953,0.000344,0.821310,0.570482,0.124002,1.178664,-0.075858,0.108322,0.144749,1.000000,0.000000,0.000000,0.000000,1.000000,0.000000,0.000000,0.000000,0.229802,0.457083,0.049746,0.000000,0.015616,0.662040
30,5,1,0.74362,0.16375,0.08466,0,0,0.051746,0.038845,0.035000,0.045000,0.820000,0.160000,-0.256259,0.966608,0.000000,-0.002060,-0.024252,0.992876,-0.119156,0.114471,0.972024,0.084147,0.110441,0.036494,1.000000,0.000000,0.000000,0.000000,1.000000,0.000000,0.000000,0.000000,0.157872,0.241403,0.040530,0.000000,0.043811,0.588704
30,6,1,0.74993,0.16555,0.08164,0,0,0.051746,0.038845,0.035000,0.045000,0.820000,0.160000,-0.256259,0.966608,0.000000,-0.005389,0.012284,-0.958811,0.284046,0.102988,0.855060,-0.081913,0.120192,0.143137,1.000000,0.000000,0.000000,0.000000,1.000000,0.000000,0.000000,0.000000,0.085942,0.008191,0.035043,0.000000,0.024146,0.130949
30,7,1,0.74458,0.16472,0.08420,0,0,0.051746,0.038845,0.035000,0.045000,0.820000,0.160000,-0.256259,0.966608,0.000000,-0.004975,-0.012582,-0.373220,0.927743,0.121915,1.150064,-0.096605,0.112263,0.085973,1.000000,0.000000,0.000000,0.000000,1.000000,0.000000,0.000000,0.000000,0.188974,0.341606,0.006169,0.000000,0.024354,0.490641
30,8,1,0.75909,0.16553,0.07724,0,0,0.051746,0.038845,0.035000,0.045000,0.820000,0.160000,-0.256259,0.966608,0.000000,0.002831,0.001244,0.435583,0.900149,0.119411,0.952267,-0.077110,0.129127,0.075246,1.000000,0.000000,0.000000,0.000000,1.000000,0.000000,0.000000,0.000000,0.010011,0.017219,0.040869,0.000000,0.005567,0.203054
30,9,0,-0.30991,0.16545,0.11036,0,0,0.051746,0.038845,0.035000,0.045000,0.820000,0.160000,-0.256259,0.966608,0.000000,-0.005586,0.007531,0.148818,0.988865,0.135906,0.907324,0.119841,0.125839,0.080001,1.000000,0.000000,0.000000,0.000000,1.000000,0.000000,0.000000,0.000000,0.175941,0.331986,0.030480,0.000000,0.016877,0.581892
30,10,0,-0.77802,-0.00211,0.08374,0,0,0.051746,0.038845,0.035000,0.045000,0.820000,0.160000,-0.256259,0.966608,0.000000,0.029651,-0.030638,-0.930959,0.365123,0.139295,0.945891,0.040812,0.123858,0.124636,1.000000,0.000000,0.000000,0.000000,1.000000,0.000000,0.000000,0.000000,0.277118,0.413353,0.031860,0.000000,0.076746,0.759302
30,11,0,-0.29949,0.16532,0.10535,0,0,0.051746,0.038845,0.035000,0.045000,0.820000,0.160000,-0.256259,0.966608,0.000000,0.006658,0.000222,0.991960,-0.126551,0.104559,0.883648,0.105516,0.110940,0.057523,1.000000,0.000000,0.000000,0.000000,1.000000,0.000000,0.000000,0.000000,0.033802,0.055506,0.040311,0.000000,0.011991,0.337021
31,0,1,0.77298,0.16253,0.07057,0,0,0.087135,0.029032,0.035000,0.045000,0.780000,0.180000,-0.102519,0.994731,0.000000,0.007811,-0.022087,-0.106102,0.994355,0.144839,1.099248,0.049255,0.174478,0.169871,1.000000,0.000000,0.000000,0.000000,1.000000,0.000000,0.000000,0.000000,0.130237,0.004925,0.008604,0.000000,0.042169,0.109805
31,1,0,-0.32227,0.16491,0.11629,0,0,0.087135,0.029032,0.035000,0.045000,0.780000,0.180000,-0.102519,0.994731,0.000000,-0.002077,-0.005129,0.997430,0.071653,0.063778,0.874933,0.116402,0.063435,0.005406,1.000000,0.000000,0.000000,0.000000,1.000000,0.000000,0.000000,0.000000,0.244742,0.182453,0.049522,0.000000,0.009961,0.484657
31,2,0,-0.31262,0.16346,0.11166,0,0,0.087135,0.029032,0.035000,0.045000,0.780000,0.180000,-0.102519,0.994731,0.000000,-0.007205,-0.013016,-0.959634,-0.281250,0.081665,0.948962,0.112517,0.088711,0.079426,1.000000,0.000000,0.000000,0.000000,1.000000,0.000000,0.000000,0.000000,0.173377,0.012399,0.046939,0.000000,0.026780,0.457668
31,3,1,0.90737,0.16483,0.00606,0,0,0.087135,0.029032,0.035000,0.045000,0.780000,0.180000,-0.102519,0.994731,0.000000,-0.001044,-0.002601,-0.014214,0.999899,0.180000,0.985639,0.003524,0.178719,0.007168,1.000000,0.000000,0.000000,0.000000,1.000000,0.000000,0.000000,0.000000,0.105187,0.174688,0.004038,0.000000,0.095044,0.289944
31,4,1,0.82099,0.16502,0.04752,0,0,0.087135,0.029032,0.035000,0.045000,0.780000,0.180000,-0.102519,0.994731,0.000000,0.002167,-0.007341,0.999376,-0.035331,0.068844,1.152588,0.047542,0.081491,0.155196,1.000000,0.000000,0.000000,0.000000,1.000000,0.000000,0.000000,0.000000,0.236780,0.004754,0.049976,0.000000,0.013776,0.377547
31,5,0,-0.73534,-0.00211,0.06788,0,0,0.087135,0.029032,0.035000,0.045000,0.780000,0.180000,-0.102519,0.994731,0.000000,0.008025,0.009390,0.967890,-0.251373,0.124665,1.182113,0.016961,0.115275,0.081457,1.000000,0.000000,0.000000,0.000000,1.000000,0.000000,0.000000,0.000000,0.323008,0.324611,0.049124,0.000000,0.034395,0.822114
31,6,0,-0.30103,0.16289,0.10609,0,0,0.087135,0.029032,0.035000,0.045000,0.780000,0.180000,-0.102519,0.994731,0.000000,-0.001263,0.002705,-0.991123,0.132949,0.084834,1.106079,-0.106120,0.097208,0.127292,1.000000,0.000000,0.000000,0.000000,1.000000,0.000000,0.000000,0.000000,0.198208,0.010612,0.049889,0.000000,0.005374,0.375070
31,7,0,-0.84401,-0.00211,0.11329,0,0,0.087135,0.029032,0.035000,0.045000,0.780000,0.180000,-0.102519,0.994731,0.000000,-0.002502,-0.011311,0.550588,-0.834777,0.180000,1.011425,-0.097236,0.181378,0.007599,1.000000,0.000000,0.000000,0.000000,1.000000,0.000000,0.000000,0.000000,0.161411,0.154525,0.030248,0.000000,0.110853,0.313861
31,8,1,0.76538,0.16310,0.07422,0,0,0.087135,0.029032,0.035000,0.045000,0.780000,0.180000,-0.102519,0.994731,0.000000,0.004535,-0.004540,-0.963814,-0.266575,0.079668,1.063037,-0.075533,0.086247,0.076275,1.000000,0.000000,0.000000,0.000000,1.000000,0.000000,0.000000,0.000000,0.162544,0.015003,0.047196,0.000000,0.011551,0.479654
31,9,0,-0.81347,-0.00800,0.08806,0,0,0.087135,0.029032,0.035000,0.045000,0.780000,0.180000,-0.102519,0.994731,0.000000,-0.002722,0.001745,-0.474751,0.880120,0.180000,1.034177,0.025432,0.183234,0.017648,1.000000,0.000000,0.000000,0.000000,1.000000,0.000000,0.000000,0.000000,0.125153,0.127248,0.026615,0.000000,0.095820,0.258657
31,10,1,0.87570,0.16256,0.02126,0,0,0.087135,0.029032,0.035000,0.045000,0.780000,0.180000,-0.102519,0.994731,0.000000,-0.012818,0.017435,-0.982269,-0.187475,0.072769,0.876975,-0.010674,0.072800,0.000427,1.000000,0.000000,0.000000,0.000000,1.000000,0.000000,0.000000,0.000000,0.265807,0.160213,0.048380,0.000000,0.038951,0.766739
31,11,1,0.73990,0.16192,0.08645,0,0,0.087135,0.029032,0.035000,0.045000,0.780000,0.180000,-0.102519,0.994731,0.000000,0.000984,-0.003972,0.967230,-0.253902,0.100006,1.188027,0.086398,0.115649,0.135259,1.000000,0.000000,0.000000,0.000000,1.000000,0.000000,0.000000,0.000000,0.202631,0.008640,0.049100,0.000000,0.022780,0.318182
32,0,0,-0.84157,0.00979,0.10155,0,0,0.050231,0.052735,0.038000,0.050000,0.340000,0.170000,-0.543234,0.839581,0.000000,-0.017856,0.030484,-0.459352,0.888254,0.103662,1.126420,0.105554,0.100000,0.036619,0.000000,1.000000,0.000000,0.000000,1.000000,0.000000,0.000000,0.000000,0.176678,0.437280,0.016439,0.000000,0.063592,0.703094
32,1,1,0.85086,0.11172,0.03319,0,0,0.050231,0.052735,0.038000,0.050000,0.340000,0.170000,-0.543234,0.839581,0.000000,-0.005187,0.005181,0.858640,0.512578,0.110631,0.836599,0.015309,0.100000,0.106309,0.000000,1.000000,0.000000,0.000000,1.000000,0.000000,0.000000,0.000000,0.198772,0.586452,0.046132,0.000000,0.013196,0.856870
32,2,0,-0.88000,0.01282,0.14177,0,0,0.050231,0.052735,0.038000,0.050000,0.340000,0.170000,-0.543234,0.839581,0.000000,-0.005728,0.000049,-0.894263,-0.447543,0.097207,1.142804,0.089399,0.100000,0.027929,0.000000,1.000000,0.000000,0.000000,1.000000,0.000000,0.000000,0.000000,0.061809,0.289142,0.047434,0.000000,0.010310,0.531754
32,3,0,-0.74342,0.01831,0.05444,0,0,0.050231,0.052735,0.038000,0.050000,0.340000,0.170000,-0.543234,0.839581,0.000000,0.015852,-0.005393,0.051979,0.998648,0.107360,1.025211,-0.055146,0.100000,0.073597,0.000000,1.000000,0.000000,0.000000,1.000000,0.000000,0.000000,0.000000,0.182063,0.516181,0.009652,0.000000,0.030140,0.776279
32,4,1,0.72136,0.13260,0.09534,0,0,0.050231,0.052735,0.038000,0.050000,0.340000,0.170000,-0.543234,0.839581,0.000000,0.001320,0.007646,0.992392,-0.123122,0.112530,0.881030,-0.080703,0.100000,0.125304,0.000000,1.000000,0.000000,0.000000,1.000000,0.000000,0.000000,0.000000,0.218495,0.636110,0.048246,0.000000,0.013967,0.905799
32,5,0,-0.88000,0.00927,0.13014,0,0,0.050231,0.052735,0.038000,0.050000,0.340000,0.170000,-0.543234,0.839581,0.000000,-0.008155,-0.005563,0.990959,-0.134162,0.104280,0.952048,-0.077774,0.100000,0.042803,0.000000,1.000000,0.000000,0.000000,1.000000,0.000000,0.000000,0.000000,0.139585,0.448540,0.048097,0.000000,0.017769,0.720593
32,6,0,-0.32958,0.16322,0.11980,0,0,0.050231,0.052735,0.038000,0.050000,0.340000,0.170000,-0.543234,0.839581,0.000000,0.002088,-0.014769,-0.998474,0.055226,0.091302,1.191414,-0.116107,0.100000,0.086983,0.000000,1.000000,0.000000,0.000000,1.000000,0.000000,0.000000,0.000000,0.032340,0.173611,0.049028,0.000000,0.046201,0.417095
32,7,0,-0.74058,0.01251,0.05308,0,0,0.050231,0.052735,0.038000,0.050000,0.340000,0.170000,-0.543234,0.839581,0.000000,0.005370,0.001673,0.150311,-0.988639,0.084012,0.943560,0.013421,0.100000,0.159876,0.000000,1.000000,0.000000,0.000000,1.000000,0.000000,0.000000,0.000000,0.089438,0.163342,0.000432,0.000000,0.010125,0.261968
32,8,0,-0.88000,0.00889,0.12753,0,0,0.050231,0.052735,0.038000,0.050000,0.340000,0.170000,-0.543234,0.839581,0.000000,0.000225,0.008654,0.002665,-0.999996,0.089496,1.215696,-0.080812,0.100000,0.105044,0.000000,1.000000,0.000000,0.000000,1.000000,0.000000,0.000000,0.000000,0.039762,0.170081,0.006956,0.000000,0.049892,0.309178
32,9,0,-0.33000,0.13822,0.15172,0,0,0.050231,0.052735,0.038000,0.050000,0.340000,0.170000,-0.543234,0.839581,0.000000,0.000124,0.004522,0.178241,-0.983987,0.113831,0.825237,-0.110645,0.100000,0.138308,0.000000,1.000000,0.000000,0.000000,1.000000,0.000000,0.000000,0.000000,0.225998,0.668623,0.001847,0.000000,0.008143,0.916740
32,10,0,-0.75601,0.00979,0.06049,0,0,0.050231,0.052735,0.038000,0.050000,0.340000,0.170000,-0.543234,0.839581,0.000000,-0.009388,0.009263,0.997975,0.063603,0.089375,1.206784,0.007088,0.100000,0.106249,0.000000,1.000000,0.000000,0.000000,1.000000,0.000000,0.000000,0.000000,0.048670,0.162709,0.049846,0.000000,0.052558,0.340215
32,11,1,0.88486,0.16743,0.01687,0,0,0.050231,0.052735,0.038000,0.050000,0.340000,0.170000,-0.543234,0.839581,0.000000,-0.000152,0.002931,0.890783,-0.454428,0.109020,0.854136,-0.013839,0.100000,0.090204,0.000000,1.000000,0.000000,0.000000,1.000000,0.000000,0.000000,0.000000,0.175194,0.549748,0.040868,0.000000,0.005283,0.814532
33,0,0,-0.24292,0.16255,0.07820,0,0,0.107902,0.022464,0.032000,0.045000,0.720000,0.160000,-0.072523,0.997367,0.000000,-0.008371,0.010262,-0.088275,0.996096,0.180000,0.939965,-0.068495,0.216488,0.168543,0.000000,0.000000,1.000000,0.000000,0.000000,0.000000,1.000000,0.000000,0.113427,0.006850,0.379936,0.000000,0.113838,0.374196
33,1,1,0.77960,0.16317,0.06739,0,0,0.107902,0.022464,0.032000,0.045000,0.720000,0.160000,-0.072523,0.997367,0.000000,0.000992,0.000464,0.998208,0.059840,0.051233,1.106858,0.067319,0.047667,0.074815,0.000000,0.000000,1.000000,0.000000,0.000000,0.000000,1.000000,0.000000,0.306665,0.316362,0.000000,0.000000,0.001972,0.391976
33,2,1,0.79087,0.16140,0.06198,0,0,0.107902,0.022464,0.032000,0.045000,0.720000,0.160000,-0.072523,0.997367,0.000000,0.002294,0.004749,-0.981556,-0.191175,0.068937,1.036271,-0.062179,0.070391,0.020660,0.000000,0.000000,1.000000,0.000000,0.000000,0.000000,1.000000,0.000000,0.217231,0.124898,0.000000,0.000000,0.009493,0.850034
33,3,0,-0.88000,-0.00212,0.15410,0,0,0.107902,0.022464,0.032000,0.045000,0.720000,0.160000,-0.072523,0.997367,0.000000,0.005590,0.001258,0.140907,0.990023,0.180000,1.032729,-0.104496,0.220423,0.183389,0.000000,0.000000,1.000000,0.000000,0.000000,0.000000,1.000000,0.000000,0.144980,0.010450,0.356243,0.000000,0.100313,0.360470
33,4,0,-0.74457,-0.00211,0.07263,0,0,0.107902,0.022464,0.032000,0.045000,0.720000,0.160000,-0.072523,0.997367,0.000000,0.008804,-0.002332,0.968198,-0.250185,0.106713,1.064680,0.051762,0.111571,0.043540,0.000000,0.000000,1.000000,0.000000,0.000000,0.000000,1.000000,0.000000,0.194069,0.078097,0.000000,0.000000,0.016394,0.570472
33,5,1,0.78003,0.16029,0.06719,0,0,0.107902,0.022464,0.032000,0.045000,0.720000,0.160000,-0.072523,0.997367,0.000000,0.019073,0.031109,0.975997,0.217783,0.073988,0.827028,-0.068364,0.076043,0.027025,0.000000,0.000000,1.000000,0.000000,0.000000,0.000000,1.000000,0.000000,0.263392,0.112787,0.000000,0.000000,0.065682,0.813134
33,6,1,0.70914,0.16262,0.10121,0,0,0.107902,0.022464,0.032000,0.045000,0.720000,0.160000,-0.072523,0.997367,0.000000,0.002279,0.002877,-0.989465,-0.144773,0.058555,0.856739,0.100920,0.060483,0.031878,0.000000,0.000000,1.000000,0.000000,0.000000,0.000000,1.000000,0.000000,0.203965,0.106335,0.000000,0.000000,0.006607,0.790784
33,7,0,-0.14690,0.16313,0.03211,0,0,0.107902,0.022464,0.032000,0.045000,0.720000,0.160000,-0.072523,0.997367,0.000000,-0.000784,-0.000188,-0.007551,-0.999972,0.180000,1.127206,-0.032283,0.218708,0.176987,0.000000,0.000000,1.000000,0.000000,0.000000,0.000000,1.000000,0.000000,0.110365,0.003228,0.376425,0.000000,0.091451,0.354289
33,8,0,-0.72310,-0.00211,0.06162,0,0,0.107902,0.022464,0.032000,0.045000,0.720000,0.160000,-0.072523,0.997367,0.000000,0.006137,0.000427,-0.610041,-0.792370,0.162276,0.843489,0.061165,0.190916,0.150014,0.000000,0.000000,1.000000,0.000000,0.000000,0.000000,1.000000,0.000000,0.180358,0.006117,0.123072,0.000000,0.021316,0.216866
33,9,0,-0.29415,0.16304,0.10279,0,0,0.107902,0.022464,0.032000,0.045000,0.720000,0.160000,-0.072523,0.997367,0.000000,-0.004720,0.002754,0.026405,-0.999651,0.180000,1.196825,-0.100138,0.217648,0.172978,0.000000,0.000000,1.000000,0.000000,0.000000,0.000000,1.000000,0.000000,0.109193,0.010014,0.378719,0.000000,0.120090,0.374334
33,10,0,-0.78861,-0.00211,0.09155,0,0,0.107902,0.022464,0.032000,0.045000,0.720000,0.160000,-0.072523,0.997367,0.000000,0.025322,-0.049669,-0.805309,0.592855,0.158755,0.872036,-0.060772,0.174361,0.089504,0.000000,0.000000,1.000000,0.000000,0.000000,0.000000,1.000000,0.000000,0.218311,0.006077,0.033071,0.000000,0.100353,0.415880
33,11,0,-0.85528,-0.00211,0.10814,0,0,0.107902,0.022464,0.032000,0.045000,0.720000,0.160000,-0.072523,0.997367,0.000000,0.004411,0.012843,0.231876,-0.972745,0.180000,0.898472,0.001144,0.220220,0.182635,0.000000,0.000000,1.000000,0.000000,0.000000,0.000000,1.000000,0.000000,0.149828,0.000114,0.367705,0.000000,0.114443,0.372960
34,0,0,-1.15750,-0.00211,0.09167,1,0,0.058112,0.044115,0.035000,0.045000,0.760000,0.160000,0.225686,0.974200,2.000000,0.010779,0.031865,0.356391,0.934337,0.109344,0.865509,0.079300,0.127167,0.140158,1.000000,0.000000,0.000000,0.000000,0.000000,1.000000,0.000000,0.000000,0.117343,0.007930,0.401258,0.668763,0.060549,1.346412
34,1,0,-1.10689,-0.00211,0.07346,1,0,0.058112,0.044115,0.035000,0.045000,0.760000,0.160000,0.225686,0.974200,2.000000,-0.003780,-0.002641,0.986782,-0.162055,0.095289,1.090287,-0.092001,0.095580,0.003043,1.000000,0.000000,0.000000,0.000000,0.000000,1.000000,0.000000,0.000000,0.084796,0.163115,0.600000,1.000000,0.008300,1.792993
34,2,0,-1.17261,-0.00326,0.09245,1,0,0.058112,0.044115,0.035000,0.045000,0.760000,0.160000,0.225686,0.974200,2.000000,-0.008668,0.008441,-0.987713,0.156279,0.106983,0.839488,0.059480,0.096223,0.111820,1.000000,0.000000,0.000000,0.000000,0.000000,1.000000,0.000000,0.000000,0.212389,0.389587,0.600000,1.000000,0.021779,2.078014
34,3,0,-0.31751,0.16529,0.11400,0,0,0.058112,0.044115,0.035000,0.045000,0.760000,0.160000,0.225686,0.974200,2.000000,0.001570,0.003861,0.161205,0.986921,0.128373,0.867005,-0.106199,0.121769,0.054242,1.000000,0.000000,0.000000,0.000000,0.000000,1.000000,0.000000,0.000000,0.141327,0.279103,0.226971,0.378286,0.007502,1.205608
34,4,0,-1.12842,-0.00211,0.07713,1,0,0.058112,0.044115,0.035000,0.045000,0.760000,0.160000,0.225686,0.974200,2.000000,-0.003676,0.002663,0.944036,-0.329843,0.115163,0.841773,-0.006328,0.100296,0.148223,1.000000,0.000000,0.000000,0.000000,0.000000,1.000000,0.000000,0.000000,0.235940,0.457079,0.600000,1.000000,0.008171,2.336807
34,5,0,-1.14953,-0.00211,0.09622,1,0,0.058112,0.044115,0.035000,0.045000,0.760000,0.160000,0.225686,0.974200,2.000000,0.035315,-0.002165,0.995833,0.091197,0.114875,0.867921,-0.037242,0.120227,0.044511,1.000000,0.000000,0.000000,0.000000,0.000000,1.000000,0.000000,0.000000,0.095637,0.074701,0.600000,1.000000,0.063687,1.758150
34,6,0,-1.09957,-0.00211,0.06514,1,0,0.058112,0.044115,0.035000,0.045000,0.760000,0.160000,0.225686,0.974200,2.000000,-0.000825,-0.000191,-0.978863,-0.204518,0.120998,1.019151,0.005207,0.128897,0.061284,1.000000,0.000000,0.000000,0.000000,0.000000,1.000000,0.000000,0.000000,0.020156,0.037953,0.600000,1.000000,0.001524,1.638268
34,7,0,-0.61258,0.16395,0.08764,1,0,0.058112,0.044115,0.035000,0.045000,0.760000,0.160000,0.225686,0.974200,2.000000,0.004574,0.013883,0.339427,0.940633,0.129829,1.084386,-0.072194,0.125852,0.031602,1.000000,0.000000,0.000000,0.000000,0.000000,1.000000,0.000000,0.000000,0.136452,0.230423,0.442992,0.738320,0.026312,1.514972
34,8,0,-1.10018,-0.00211,0.07242,1,0,0.058112,0.044115,0.035000,0.045000,0.760000,0.160000,0.225686,0.974200,2.000000,-0.003441,0.003499,-0.955335,-0.295525,0.141212,0.978743,-0.072709,0.134750,0.047954,1.000000,0.000000,0.000000,0.000000,0.000000,1.000000,0.000000,0.000000,0.136296,0.263178,0.600000,1.000000,0.008833,1.889148
34,9,0,-0.53795,0.15543,0.05182,1,0,0.058112,0.044115,0.035000,0.045000,0.760000,0.160000,0.225686,0.974200,2.000000,-0.001597,-0.020799,0.501122,0.865377,0.114922,0.826045,0.053256,0.136969,0.160960,1.000000,0.000000,0.000000,0.000000,0.000000,1.000000,0.000000,0.000000,0.116422,0.005326,0.362716,0.604527,0.037548,1.425109
34,10,0,-0.61252,0.07685,0.08761,1,0,0.058112,0.044115,0.035000,0.045000,0.760000,0.160000,0.225686,0.974200,2.000000,-0.010315,-0.013288,-0.916854,0.399223,0.116065,1.171041,0.114033,0.107910,0.075573,1.000000,0.000000,0.000000,0.000000,0.000000,1.000000,0.000000,0.000000,0.184169,0.322548,0.540444,0.900741,0.036351,2.121299
34,11,0,-1.23000,0.00962,0.16077,1,0,0.058112,0.044115,0.035000,0.045000,0.760000,0.160000,0.225686,0.974200,2.000000,0.012742,0.002158,0.522981,-0.852344,0.121603,0.934018,0.092218,0.144714,0.159700,1.000000,0.000000,0.000000,0.000000,0.000000,1.000000,0.000000,0.000000,0.101669,0.009222,0.287702,0.479503,0.023262,1.146361
35,0,1,0.84535,0.16550,0.03583,0,0,0.052981,0.040925,0.035000,0.045000,0.820000,0.160000,0.023580,0.999722,0.000000,0.037851,-0.003589,-0.052402,0.998626,0.097741,1.054775,-0.038021,0.111870,0.126300,1.000000,0.000000,0.000000,0.000000,1.000000,0.000000,0.000000,0.000000,0.110936,0.003802,0.007246,0.000000,0.068438,0.106869
35,1,1,0.79588,0.16525,0.05958,0,0,0.052981,0.040925,0.035000,0.045000,0.820000,0.160000,0.023580,0.999722,0.000000,0.006067,0.006525,0.994919,-0.100678,0.091474,1.059709,0.059837,0.089785,0.018809,1.000000,0.000000,0.000000,0.000000,1.000000,0.000000,0.000000,0.000000,0.113955,0.203601,0.047786,0.000000,0.016038,0.581949
35,2,1,0.82432,0.16530,0.04593,0,0,0.052981,0.040925,0.035000,0.045000,0.820000,0.160000,0.023580,0.999722,0.000000,0.007533,0.006045,-0.999995,-0.003058,0.080748,1.134277,-0.045279,0.084644,0.046018,1.000000,0.000000,0.000000,0.000000,1.000000,0.000000,0.000000,0.000000,0.050401,0.072492,0.049054,0.000000,0.017385,0.134046
35,3,1,0.82755,0.16559,0.04438,0,0,0.052981,0.040925,0.035000,0.045000,0.820000,0.160000,0.023580,0.999722,0.000000,-0.002938,0.000805,-0.120493,0.992714,0.103960,1.140447,-0.044037,0.116634,0.108669,1.000000,0.000000,0.000000,0.000000,1.000000,0.000000,0.000000,0.000000,0.033847,0.004404,0.003850,0.000000,0.005483,0.056965
35,4,1,0.81210,0.16533,0.05179,0,0,0.052981,0.040925,0.035000,0.045000,0.820000,0.160000,0.023580,0.999722,0.000000,-0.002727,0.004801,0.978814,0.204754,0.095596,0.874982,-0.050911,0.103834,0.079340,1.000000,0.000000,0.000000,0.000000,1.000000,0.000000,0.000000,0.000000,0.010047,0.006412,0.049998,0.000000,0.009938,0.189832
35,5,0,-0.81009,-0.00211,0.09902,0,0,0.052981,0.040925,0.035000,0.045000,0.820000,0.160000,0.023580,0.999722,0.000000,0.049158,0.023123,0.988828,0.149061,0.081835,1.132263,-0.091208,0.098886,0.172439,1.000000,0.000000,0.000000,0.000000,1.000000,0.000000,0.000000,0.000000,0.184792,0.009121,0.049942,0.000000,0.097786,0.183825
35,6,1,0.71876,0.16536,0.09660,0,0,0.052981,0.040925,0.035000,0.045000,0.820000,0.160000,0.023580,0.999722,0.000000,0.007439,0.003368,-0.982699,-0.185209,0.084192,1.021788,0.095153,0.102129,0.175628,1.000000,0.000000,0.000000,0.000000,1.000000,0.000000,0.000000,0.000000,0.109510,0.009515,0.049997,0.000000,0.014698,0.117871
35,7,1,0.90827,0.16528,0.00563,0,0,0.052981,0.040925,0.035000,0.045000,0.820000,0.160000,0.023580,0.999722,0.000000,-0.012320,0.000339,-0.473208,0.880951,0.117509,0.926346,-0.011788,0.132560,0.113536,1.000000,0.000000,0.000000,0.000000,1.000000,0.000000,0.000000,0.000000,0.054488,0.001179,0.014540,0.000000,0.022184,0.100421
35,8,1,0.91421,0.16520,0.00278,0,0,0.052981,0.040925,0.035000,0.045000,0.820000,0.160000,0.023580,0.999722,0.000000,-0.002732,0.001700,-0.966124,0.258080,0.106991,1.114914,0.001328,0.104478,0.024052,1.000000,0.000000,0.000000,0.000000,1.000000,0.000000,0.000000,0.000000,0.109523,0.208238,0.044827,0.000000,0.005792,0.544041
35,9,1,0.80444,0.16529,0.05547,0,0,0.052981,0.040925,0.035000,0.045000,0.820000,0.160000,0.023580,0.999722,0.000000,-0.007590,0.002378,0.869486,-0.493957,0.115293,0.964105,0.052877,0.122254,0.056938,1.000000,0.000000,0.000000,0.000000,1.000000,0.000000,0.000000,0.000000,0.036583,0.051411,0.037771,0.000000,0.014316,0.310321
35,10,0,-0.88000,-0.00211,0.13178,0,0,0.052981,0.040925,0.035000,0.045000,0.820000,0.160000,0.023580,0.999722,0.000000,-0.012033,-0.034157,-0.091444,0.995810,0.106197,0.986777,-0.084616,0.114664,0.073837,1.000000,0.000000,0.000000,0.000000,1.000000,0.000000,0.000000,0.000000,0.067727,0.020787,0.005304,0.000000,0.065186,0.182150
35,11,1,0.85490,0.16041,0.03125,0,0,0.052981,0.040925,0.035000,0.045000,0.820000,0.160000,0.023580,0.999722,0.000000,-0.003132,0.008947,0.614896,-0.788608,0.127782,1.146288,0.012351,0.133840,0.045257,1.000000,0.000000,0.000000,0.000000,1.000000,0.000000,0.000000,0.000000,0.050858,0.070722,0.022394,0.000000,0.017062,0.257661
36,0,0,-0.80749,-0.00211,0.10171,0,0,0.083748,0.031085,0.035000,0.045000,0.780000,0.180000,0.466310,0.884622,0.000000,-0.012350,0.048036,0.503249,0.864141,0.177418,1.028943,0.079261,0.169971,0.043812,1.000000,0.000000,0.000000,0.000000,1.000000,0.000000,0.000000,0.000000,0.214463,0.255550,0.021884,0.000000,0.167656,0.426439
36,1,1,0.75167,0.16459,0.08080,0,0,0.083748,0.031085,0.035000,0.045000,0.780000,0.180000,0.466310,0.884622,0.000000,-0.005923,-0.001828,0.853067,-0.521801,0.076895,1.049415,0.077602,0.072729,0.057281,1.000000,0.000000,0.000000,0.000000,1.000000,0.000000,0.000000,0.000000,0.297514,0.282323,0.044473,0.000000,0.011158,0.948653
36,2,0,-0.33000,0.16405,0.12237,0,0,0.083748,0.031085,0.035000,0.045000,0.780000,0.180000,0.466310,0.884622,0.000000,0.006602,0.000511,-0.910901,0.412624,0.078855,1.061300,-0.119703,0.072065,0.094215,1.000000,0.000000,0.000000,0.000000,1.000000,0.000000,0.000000,0.000000,0.335204,0.360400,0.046951,0.000000,0.011919,0.713114
36,3,1,0.73810,0.16491,0.08731,0,0,0.083748,0.031085,0.035000,0.045000,0.780000,0.180000,0.466310,0.884622,0.000000,0.005973,0.000649,0.164164,0.986433,0.179454,0.912915,-0.087100,0.178550,0.005066,1.000000,0.000000,0.000000,0.000000,1.000000,0.000000,0.000000,0.000000,0.142493,0.178841,0.004523,0.000000,0.098359,0.279964
36,4,0,-0.74204,-0.00211,0.07066,0,0,0.083748,0.031085,0.035000,0.045000,0.780000,0.180000,0.466310,0.884622,0.000000,0.005543,-0.002294,0.999219,-0.039520,0.135075,0.926192,0.070945,0.128287,0.052915,1.000000,0.000000,0.000000,0.000000,1.000000,0.000000,0.000000,0.000000,0.278466,0.272924,0.049970,0.000000,0.010797,0.587776
36,5,0,-0.73113,-0.00211,0.06622,0,0,0.083748,0.031085,0.035000,0.045000,0.780000,0.180000,0.466310,0.884622,0.000000,-0.015491,-0.002111,0.994799,0.101859,0.157733,1.183556,-0.025350,0.144548,0.091214,1.000000,0.000000,0.000000,0.000000,1.000000,0.000000,0.000000,0.000000,0.322670,0.344963,0.049224,0.000000,0.041096,0.605420
36,6,0,-0.71954,-0.00211,0.05918,0,0,0.083748,0.031085,0.035000,0.045000,0.780000,0.180000,0.466310,0.884622,0.000000,-0.003384,-0.004299,-0.980243,0.197796,0.120865,1.036457,-0.003481,0.106898,0.130655,1.000000,0.000000,0.000000,0.000000,1.000000,0.000000,0.000000,0.000000,0.363862,0.421658,0.049611,0.000000,0.009848,0.829549
36,7,0,-0.75692,0.05948,0.06092,0,0,0.083748,0.031085,0.035000,0.045000,0.780000,0.180000,0.466310,0.884622,0.000000,-0.006709,0.002213,-0.087765,-0.996141,0.180000,1.194911,-0.054321,0.178504,0.008379,1.000000,0.000000,0.000000,0.000000,1.000000,0.000000,0.000000,0.000000,0.158421,0.182191,0.000677,0.000000,0.121918,0.307988
36,8,1,0.81137,0.16280,0.05214,0,0,0.083748,0.031085,0.035000,0.045000,0.780000,0.180000,0.466310,0.884622,0.000000,0.007300,0.008749,-0.982613,0.185665,0.093477,1.077353,0.053499,0.108659,0.139719,1.000000,0.000000,0.000000,0.000000,1.000000,0.000000,0.000000,0.000000,0.222462,0.005350,0.049684,0.000000,0.020509,0.222608
36,9,1,0.73101,0.16462,0.09071,0,0,0.083748,0.031085,0.035000,0.045000,0.780000,0.180000,0.466310,0.884622,0.000000,0.016028,-0.002060,0.217626,0.976032,0.180000,0.987090,0.085384,0.177943,0.011562,1.000000,0.000000,0.000000,0.000000,1.000000,0.000000,0.000000,0.000000,0.158425,0.191662,0.007227,0.000000,0.119087,0.317631
36,10,0,-0.30783,0.16342,0.10936,0,0,0.083748,0.031085,0.035000,0.045000,0.780000,0.180000,0.466310,0.884622,0.000000,0.004844,-0.012256,-0.952478,0.304609,0.100353,1.200603,0.110247,0.090472,0.109212,1.000000,0.000000,0.000000,0.000000,1.000000,0.000000,0.000000,0.000000,0.359308,0.389448,0.048623,0.000000,0.046052,0.903117
36,11,0,-0.81195,-0.00211,0.09766,0,0,0.083748,0.031085,0.035000,0.045000,0.780000,0.180000,0.466310,0.884622,0.000000,-0.005316,-0.005961,0.876624,0.481175,0.173131,0.982252,-0.051978,0.174026,0.005138,1.000000,0.000000,0.000000,0.000000,1.000000,0.000000,0.000000,0.000000,0.171105,0.154921,0.041923,0.000000,0.073468,0.340010
37,0,0,-0.85622,0.00979,0.10858,0,0,0.049385,0.054501,0.038000,0.050000,0.340000,0.170000,0.566494,0.824066,0.000000,-0.016772,-0.020426,0.467035,0.884239,0.094861,0.919222,0.057144,0.100000,0.051388,0.000000,1.000000,0.000000,0.000000,1.000000,0.000000,0.000000,0.000000,0.073543,0.232663,0.031664,0.000000,0.047574,0.495451
37,1,0,-0.85003,0.01372,0.10561,0,0,0.049385,0.054501,0.038000,0.050000,0.340000,0.170000,0.566494,0.824066,0.000000,0.000983,0.012490,0.601559,-0.798828,0.101976,1.026397,-0.060356,0.100000,0.019763,0.000000,1.000000,0.000000,0.000000,1.000000,0.000000,0.000000,0.000000,0.121061,0.394499,0.021550,0.000000,0.022551,0.621568
37,2,1,0.71786,0.08900,0.09703,0,0,0.049385,0.054501,0.038000,0.050000,0.340000,0.170000,0.566494,0.824066,0.000000,0.003841,0.004462,-0.805649,0.592393,0.111436,1.149945,0.111345,0.100000,0.114357,0.000000,1.000000,0.000000,0.000000,1.000000,0.000000,0.000000,0.000000,0.204365,0.614324,0.033600,0.000000,0.010597,0.878402
37,3,1,0.70693,0.12099,0.10228,0,0,0.049385,0.054501,0.038000,0.050000,0.340000,0.170000,0.566494,0.824066,0.000000,0.002505,0.001410,-0.255394,0.966837,0.100374,0.829725,-0.059221,0.100000,0.003741,0.000000,1.000000,0.000000,0.000000,1.000000,0.000000,0.000000,0.000000,0.088627,0.358014,0.002918,0.000000,0.005174,0.578996
37,4,0,-0.87262,0.01253,0.11646,0,0,0.049385,0.054501,0.038000,0.050000,0.340000,0.170000,0.566494,0.824066,0.000000,0.001574,-0.013098,0.962675,0.270660,0.087087,0.876073,0.066320,0.100000,0.129131,0.000000,1.000000,0.000000,0.000000,1.000000,0.000000,0.000000,0.000000,0.071558,0.168632,0.049862,0.000000,0.023746,0.294796
37,5,1,0.73365,0.14560,0.08945,0,0,0.049385,0.054501,0.038000,0.050000,0.340000,0.170000,0.566494,0.824066,0.000000,-0.003817,-0.011308,0.996114,-0.088075,0.110851,1.020939,0.075387,0.100000,0.108506,0.000000,1.000000,0.000000,0.000000,1.000000,0.000000,0.000000,0.000000,0.208796,0.597448,0.047940,0.000000,0.021483,0.892647
37,6,0,-0.85939,0.01009,0.11011,0,0,0.049385,0.054501,0.038000,0.050000,0.340000,0.170000,0.566494,0.824066,0.000000,0.002702,-0.002604,-0.990556,0.137109,0.084433,0.900029,0.062252,0.100000,0.155674,0.000000,1.000000,0.000000,0.000000,1.000000,0.000000,0.000000,0.000000,0.082053,0.168225,0.047181,0.000000,0.006755,0.284598
37,7,1,0.79017,0.12609,0.06232,0,0,0.049385,0.054501,0.038000,0.050000,0.340000,0.170000,0.566494,0.824066,0.000000,-0.004195,-0.003794,0.997059,-0.076633,0.115435,0.866874,-0.050047,0.100000,0.154351,0.000000,1.000000,0.000000,0.000000,1.000000,0.000000,0.000000,0.000000,0.243966,0.698982,0.048100,0.000000,0.010181,0.995075
37,8,0,-0.71885,0.01318,0.04265,0,0,0.049385,0.054501,0.038000,0.050000,0.340000,0.170000,0.566494,0.824066,0.000000,0.003952,0.005661,0.748408,-0.663239,0.096421,1.187833,-0.005382,0.100000,0.035787,0.000000,1.000000,0.000000,0.000000,1.000000,0.000000,0.000000,0.000000,0.055950,0.262902,0.030092,0.000000,0.029572,0.495438
37,9,1,0.84830,0.16715,0.03441,0,0,0.049385,0.054501,0.038000,0.050000,0.340000,0.170000,0.566494,0.824066,0.000000,0.001035,0.000156,0.583412,-0.812177,0.086020,0.992683,-0.028660,0.100000,0.139800,0.000000,1.000000,0.000000,0.000000,1.000000,0.000000,0.000000,0.000000,0.061579,0.164866,0.020528,0.000000,0.001884,0.260590
37,10,0,-0.88000,0.00761,0.13385,0,0,0.049385,0.054501,0.038000,0.050000,0.340000,0.170000,0.566494,0.824066,0.000000,0.010691,-0.018751,-0.999757,-0.022025,0.113494,0.887664,-0.078029,0.100000,0.134941,0.000000,1.000000,0.000000,0.000000,1.000000,0.000000,0.000000,0.000000,0.251635,0.657718,0.049211,0.000000,0.038853,0.974440
37,11,1,0.86623,0.13000,0.02581,0,0,0.049385,0.054501,0.038000,0.050000,0.340000,0.170000,0.566494,0.824066,0.000000,0.002791,-0.004664,0.600361,-0.799729,0.107822,0.947778,-0.034798,0.100000,0.078218,0.000000,1.000000,0.000000,0.000000,1.000000,0.000000,0.000000,0.000000,0.167458,0.524636,0.021482,0.000000,0.009783,0.786376
38,0,0,-0.12780,0.16251,0.02295,0,0,0.106951,0.024806,0.032000,0.045000,0.720000,0.160000,-0.031686,0.999498,0.000000,-0.011016,0.011589,-0.104306,0.994545,0.180000,0.877365,-0.012435,0.216944,0.170294,0.000000,0.000000,1.000000,0.000000,0.000000,0.000000,1.000000,0.000000,0.128387,0.001243,0.326833,0.000000,0.118781,0.341866
38,1,1,0.90544,0.15582,0.01358,0,0,0.106951,0.024806,0.032000,0.045000,0.720000,0.160000,-0.031686,0.999498,0.000000,0.006625,-0.007222,0.995465,-0.095128,0.087137,0.877505,0.012774,0.076298,0.142066,0.000000,0.000000,1.000000,0.000000,0.000000,0.000000,1.000000,0.000000,0.387520,0.445410,0.000000,0.000000,0.017641,1.234618
38,2,1,0.81040,0.16112,0.05261,0,0,0.106951,0.024806,0.032000,0.045000,0.720000,0.160000,-0.031686,0.999498,0.000000,-0.001524,0.004557,-0.998613,0.052642,0.077574,1.164310,0.052545,0.067459,0.149949,0.000000,0.000000,1.000000,0.000000,0.000000,0.000000,1.000000,0.000000,0.387583,0.465152,0.000000,0.000000,0.011019,1.352597
38,3,0,-0.87379,-0.00237,0.11702,0,0,0.106951,0.024806,0.032000,0.045000,0.720000,0.160000,-0.031686,0.999498,0.000000,0.003304,0.001809,0.217640,0.976029,0.180000,1.044438,-0.061416,0.219521,0.180034,0.000000,0.000000,1.000000,0.000000,0.000000,0.000000,1.000000,0.000000,0.143707,0.006142,0.379993,0.000000,0.096781,0.376752
38,4,0,-0.72310,-0.00211,0.06229,0,0,0.106951,0.024806,0.032000,0.045000,0.720000,0.160000,-0.031686,0.999498,0.000000,-0.009722,0.003019,0.888864,-0.458170,0.166930,1.132215,-0.032717,0.147335,0.132993,0.000000,0.000000,1.000000,0.000000,0.000000,0.000000,1.000000,0.000000,0.361384,0.429258,0.000000,0.000000,0.049508,0.924224
38,5,1,0.85745,0.16145,0.03002,0,0,0.106951,0.024806,0.032000,0.045000,0.720000,0.160000,-0.031686,0.999498,0.000000,0.003767,0.017972,0.998904,-0.046815,0.065643,0.841182,0.029882,0.066239,0.008996,0.000000,0.000000,1.000000,0.000000,0.000000,0.000000,1.000000,0.000000,0.251758,0.144997,0.000000,0.000000,0.033053,0.910931
38,6,0,-0.70999,-0.00211,0.05675,0,0,0.106951,0.024806,0.032000,0.045000,0.720000,0.160000,-0.031686,0.999498,0.000000,0.004641,0.000077,-0.969447,0.245299,0.121831,0.986822,0.009071,0.106701,0.141795,0.000000,0.000000,1.000000,0.000000,0.000000,0.000000,1.000000,0.000000,0.373865,0.444498,0.000000,0.000000,0.008356,1.037121
38,7,0,-0.70420,-0.00211,0.05404,0,0,0.106951,0.024806,0.032000,0.045000,0.720000,0.160000,-0.031686,0.999498,0.000000,0.001739,-0.000744,-0.980286,0.197583,0.109096,1.050559,0.003363,0.097186,0.122557,0.000000,0.000000,1.000000,0.000000,0.000000,0.000000,1.000000,0.000000,0.351803,0.405450,0.000000,0.000000,0.003405,1.032778
38,8,1,0.84551,0.16009,0.03576,0,0,0.106951,0.024806,0.032000,0.045000,0.720000,0.160000,-0.031686,0.999498,0.000000,-0.011894,-0.005671,0.985726,-0.168356,0.076968,1.153939,0.031411,0.091290,0.156876,0.000000,0.000000,1.000000,0.000000,0.000000,0.000000,1.000000,0.000000,0.246262,0.003141,0.000000,0.000000,0.023719,0.367300
38,9,0,-0.84778,-0.00951,0.12263,0,0,0.106951,0.024806,0.032000,0.045000,0.720000,0.160000,-0.031686,0.999498,0.000000,0.004675,0.002713,-0.809301,0.587394,0.149104,0.847663,-0.113453,0.170275,0.124335,0.000000,0.000000,1.000000,0.000000,0.000000,0.000000,1.000000,0.000000,0.172066,0.011345,0.000000,0.000000,0.009729,0.236631
38,10,0,-0.83945,-0.00212,0.10054,0,0,0.106951,0.024806,0.032000,0.045000,0.720000,0.160000,-0.031686,0.999498,0.000000,-0.009897,-0.006696,0.293536,0.955948,0.180000,1.097347,-0.054443,0.218446,0.175996,0.000000,0.000000,1.000000,0.000000,0.000000,0.000000,1.000000,0.000000,0.164862,0.005444,0.377199,0.000000,0.111509,0.386614
38,11,0,-0.31750,0.15917,0.11400,0,0,0.106951,0.024806,0.032000,0.045000,0.720000,0.160000,-0.031686,0.999498,0.000000,-0.010013,-0.001581,0.977313,0.211802,0.077294,0.941899,-0.111981,0.087454,0.116175,0.000000,0.000000,1.000000,0.000000,0.000000,0.000000,1.000000,0.000000,0.200937,0.011198,0.000000,0.000000,0.018246,0.421868
39,0,0,-0.58338,0.16524,0.07362,1,0,0.060026,0.041099,0.035000,0.045000,0.760000,0.160000,-0.471864,0.881672,2.000000,0.003622,-0.005278,-0.552111,0.833771,0.106279,1.214203,-0.068107,0.127200,0.164475,1.000000,0.000000,0.000000,0.000000,0.000000,1.000000,0.000000,0.000000,0.095357,0.006811,0.348606,0.581009,0.041333,1.357419
39,1,0,-0.59743,0.16538,0.08037,1,0,0.060026,0.041099,0.035000,0.045000,0.760000,0.160000,-0.471864,0.881672,2.000000,0.011433,-0.011750,0.902031,0.431670,0.084156,0.860667,-0.083034,0.087522,0.038451,1.000000,0.000000,0.000000,0.000000,0.000000,1.000000,0.000000,0.000000,0.069419,0.091401,0.600000,1.000000,0.029509,1.711585
39,2,0,-1.16338,-0.00319,0.08802,1,0,0.060026,0.041099,0.035000,0.045000,0.760000,0.160000,-0.471864,0.881672,2.000000,0.000928,0.005940,-0.911869,-0.410481,0.101605,0.972773,0.073609,0.090213,0.126283,1.000000,0.000000,0.000000,0.000000,0.000000,1.000000,0.000000,0.000000,0.216502,0.419926,0.600000,1.000000,0.010821,2.320039
39,3,0,-1.07478,0.02636,0.04550,1,0,0.060026,0.041099,0.035000,0.045000,0.760000,0.160000,-0.471864,0.881672,2.000000,-0.003397,-0.000042,0.047791,0.998857,0.136475,1.075545,0.099212,0.145223,0.060233,1.000000,0.000000,0.000000,0.000000,0.000000,1.000000,0.000000,0.000000,0.025543,0.049456,0.065324,0.108874,0.006115,0.604878
39,4,0,-1.09405,-0.00211,0.05958,1,0,0.060026,0.041099,0.035000,0.045000,0.760000,0.160000,-0.471864,0.881672,2.000000,0.008757,0.005132,0.999598,0.028339,0.109003,1.190031,-0.016481,0.127167,0.142830,1.000000,0.000000,0.000000,0.000000,0.000000,1.000000,0.000000,0.000000,0.080085,0.001648,0.600000,1.000000,0.034787,1.595409
39,5,0,-1.13298,-0.00273,0.07343,1,0,0.060026,0.041099,0.035000,0.045000,0.760000,0.160000,-0.471864,0.881672,2.000000,0.001385,-0.005755,0.994707,-0.102753,0.150372,1.145335,0.101191,0.135326,0.111185,1.000000,0.000000,0.000000,0.000000,0.000000,1.000000,0.000000,0.000000,0.201248,0.392490,0.600000,1.000000,0.010654,2.166351
39,6,0,-1.16312,-0.00211,0.09781,1,0,0.060026,0.041099,0.035000,0.045000,0.760000,0.160000,-0.471864,0.881672,2.000000,-0.001496,0.001228,-0.987220,0.159361,0.155392,1.137361,-0.000655,0.138155,0.124765,1.000000,0.000000,0.000000,0.000000,0.000000,1.000000,0.000000,0.000000,0.208056,0.409595,0.517654,0.862757,0.003484,2.055296
39,7,0,-0.33000,0.16446,0.13089,0,0,0.060026,0.041099,0.035000,0.045000,0.760000,0.160000,-0.471864,0.881672,2.000000,-0.004349,0.006426,-0.391301,0.920263,0.126521,1.090341,-0.116500,0.126907,0.003040,1.000000,0.000000,0.000000,0.000000,0.000000,1.000000,0.000000,0.000000,0.090150,0.165569,0.056102,0.093503,0.013967,1.027452
39,8,0,-0.59543,0.16807,0.07941,1,0,0.060026,0.041099,0.035000,0.045000,0.760000,0.160000,-0.471864,0.881672,2.000000,-0.006402,-0.003131,0.899061,0.437823,0.082638,0.841281,-0.072370,0.086725,0.047134,1.000000,0.000000,0.000000,0.000000,0.000000,1.000000,0.000000,0.000000,0.044981,0.072969,0.600000,1.000000,0.012827,1.790560
39,9,0,-1.14153,-0.00382,0.07753,1,0,0.060026,0.041099,0.035000,0.045000,0.760000,0.160000,-0.471864,0.881672,2.000000,-0.012739,-0.020842,0.964129,-0.265434,0.146473,1.209261,0.095868,0.142287,0.029416,1.000000,0.000000,0.000000,0.000000,0.000000,1.000000,0.000000,0.000000,0.150941,0.228419,0.598460,0.997434,0.071061,1.989321
39,10,0,-0.83185,-0.00211,0.10916,0,0,0.060026,0.041099,0.035000,0.045000,0.760000,0.160000,-0.471864,0.881672,2.000000,-0.006077,0.022564,0.190404,-0.981706,0.154694,0.955176,0.010819,0.138973,0.113121,1.000000,0.000000,0.000000,0.000000,0.000000,1.000000,0.000000,0.000000,0.232847,0.387324,0.036858,0.061430,0.042062,0.805108
39,11,0,-1.15126,-0.00211,0.09056,1,0,0.060026,0.041099,0.035000,0.045000,0.760000,0.160000,-0.471864,0.881672,2.000000,-0.004740,0.002390,-0.989256,-0.146192,0.097215,0.828607,-0.059540,0.117928,0.175645,1.000000,0.000000,0.000000,0.000000,0.000000,1.000000,0.000000,0.000000,0.104670,0.005954,0.600000,1.000000,0.009555,1.566091
40,0,0,-0.30718,0.16479,0.10905,0,0,0.054624,0.039668,0.035000,0.045000,0.820000,0.160000,0.052521,0.998620,0.000000,0.005588,0.013134,0.119669,0.992814,0.120116,1.014841,-0.096457,0.114345,0.050471,1.000000,0.000000,0.000000,0.000000,1.000000,0.000000,0.000000,0.000000,0.154736,0.270588,0.009668,0.000000,0.025692,0.557432
40,1,1,0.74455,0.16550,0.08422,0,0,0.054624,0.039668,0.035000,0.045000,0.820000,0.160000,0.052521,0.998620,0.000000,-0.003420,-0.000005,0.993507,-0.113774,0.082069,1.185878,0.083770,0.085898,0.044574,1.000000,0.000000,0.000000,0.000000,1.000000,0.000000,0.000000,0.000000,0.041239,0.079230,0.049113,0.000000,0.020388,0.461624
40,2,1,0.80422,0.16541,0.05558,0,0,0.054624,0.039668,0.035000,0.045000,0.820000,0.160000,0.052521,0.998620,0.000000,-0.005352,-0.007564,-0.991404,0.130837,0.083494,0.850054,-0.056025,0.087676,0.047707,1.000000,0.000000,0.000000,0.000000,1.000000,0.000000,0.000000,0.000000,0.048044,0.070188,0.048944,0.000000,0.016678,0.451566
40,3,1,0.90033,0.16560,0.00944,0,0,0.054624,0.039668,0.035000,0.045000,0.820000,0.160000,0.052521,0.998620,0.000000,-0.001207,-0.001633,-0.043212,0.999066,0.122707,1.164853,-0.011127,0.116334,0.054779,1.000000,0.000000,0.000000,0.000000,1.000000,0.000000,0.000000,0.000000,0.138232,0.270670,0.001570,0.000000,0.006325,0.410542
40,4,1,0.74054,0.16556,0.08614,0,0,0.054624,0.039668,0.035000,0.045000,0.820000,0.160000,0.052521,0.998620,0.000000,0.002048,-0.003755,0.997038,0.076914,0.077871,1.207238,0.085911,0.092783,0.160723,1.000000,0.000000,0.000000,0.000000,1.000000,0.000000,0.000000,0.000000,0.087994,0.008591,0.050000,0.000000,0.033679,0.129521
40,5,0,-0.32525,0.16507,0.11772,0,0,0.054624,0.039668,0.035000,0.045000,0.820000,0.160000,0.052521,0.998620,0.000000,0.012699,-0.015378,0.987832,-0.155522,0.076054,0.973410,-0.115455,0.090210,0.156917,1.000000,0.000000,0.000000,0.000000,1.000000,0.000000,0.000000,0.000000,0.110821,0.011546,0.048674,0.000000,0.035898,0.203971
40,6,1,0.74403,0.16532,0.08446,0,0,0.054624,0.039668,0.035000,0.045000,0.820000,0.160000,0.052521,0.998620,0.000000,0.006326,0.001978,-0.993760,0.111537,0.076959,1.129278,0.084915,0.085663,0.101609,1.000000,0.000000,0.000000,0.000000,1.000000,0.000000,0.000000,0.000000,0.032878,0.008491,0.049134,0.000000,0.011931,0.314505
40,7,1,0.76324,0.16562,0.07524,0,0,0.054624,0.039668,0.035000,0.045000,0.820000,0.160000,0.052521,0.998620,0.000000,-0.004428,-0.003549,-0.787456,-0.616371,0.108922,1.111986,-0.074524,0.131582,0.172212,1.000000,0.000000,0.000000,0.000000,1.000000,0.000000,0.000000,0.000000,0.101859,0.007452,0.041561,0.000000,0.010214,0.112203
40,8,1,0.85965,0.16558,0.02897,0,0,0.054624,0.039668,0.035000,0.045000,0.820000,0.160000,0.052521,0.998620,0.000000,-0.007311,0.000908,-0.313744,0.949508,0.119538,0.938420,0.027285,0.130602,0.084716,1.000000,0.000000,0.000000,0.000000,1.000000,0.000000,0.000000,0.000000,0.017241,0.002729,0.012104,0.000000,0.013262,0.142916
40,9,1,0.87319,0.16350,0.02247,0,0,0.054624,0.039668,0.035000,0.045000,0.820000,0.160000,0.052521,0.998620,0.000000,-0.003915,0.000736,-0.997690,-0.067935,0.105973,1.070370,-0.021724,0.091897,0.153182,1.000000,0.000000,0.000000,0.000000,1.000000,0.000000,0.000000,0.000000,0.239954,0.468536,0.049999,0.000000,0.007170,0.753365
40,10,1,0.87503,0.16377,0.02159,0,0,0.054624,0.039668,0.035000,0.045000,0.820000,0.160000,0.052521,0.998620,0.000000,0.013991,0.034655,-0.998857,0.047805,0.088658,0.937758,0.009840,0.079851,0.110295,1.000000,0.000000,0.000000,0.000000,1.000000,0.000000,0.000000,0.000000,0.253827,0.381573,0.049626,0.000000,0.067270,0.482009
40,11,0,-0.83448,0.02314,0.09815,0,0,0.054624,0.039668,0.035000,0.045000,0.820000,0.160000,0.052521,0.998620,0.000000,0.013493,-0.012147,0.537243,0.843427,0.120244,0.909765,-0.096023,0.134148,0.103651,1.000000,0.000000,0.000000,0.000000,1.000000,0.000000,0.000000,0.000000,0.054515,0.009602,0.029932,0.000000,0.032679,0.182184
41,0,1,0.81134,0.16348,0.05216,0,0,0.095660,0.029364,0.035000,0.045000,0.780000,0.180000,0.425454,0.904980,0.000000,-0.010912,0.012613,0.498737,0.866754,0.177326,1.022590,0.065689,0.195517,0.093038,1.000000,0.000000,0.000000,0.000000,1.000000,0.000000,0.000000,0.000000,0.053778,0.006569,0.033865,0.000000,0.107989,0.126879
41,1,1,0.78516,0.16460,0.06472,0,0,0.095660,0.029364,0.035000,0.045000,0.780000,0.180000,0.425454,0.904980,0.000000,-0.009145,0.002148,0.913347,-0.407182,0.061132,0.895661,0.061290,0.062560,0.022827,1.000000,0.000000,0.000000,0.000000,1.000000,0.000000,0.000000,0.000000,0.223112,0.120475,0.040066,0.000000,0.016909,0.230432
41,2,0,-0.31093,0.16439,0.11085,0,0,0.095660,0.029364,0.035000,0.045000,0.780000,0.180000,0.425454,0.904980,0.000000,-0.008393,-0.006872,-0.921045,0.389456,0.055511,1.151744,0.106474,0.066222,0.161749,1.000000,0.000000,0.000000,0.000000,1.000000,0.000000,0.000000,0.000000,0.250073,0.010647,0.040636,0.000000,0.019526,0.271587
41,3,0,-0.75282,-0.00211,0.07389,0,0,0.095660,0.029364,0.035000,0.045000,0.780000,0.180000,0.425454,0.904980,0.000000,0.011595,0.004786,-0.333917,0.942602,0.180000,1.148480,-0.109921,0.177321,0.015106,1.000000,0.000000,0.000000,0.000000,1.000000,0.000000,0.000000,0.000000,0.221915,0.201204,0.005912,0.000000,0.112580,0.407859
41,4,0,-0.72622,-0.00211,0.06374,0,0,0.095660,0.029364,0.035000,0.045000,0.780000,0.180000,0.425454,0.904980,0.000000,-0.000319,-0.009134,0.986580,0.163281,0.152600,1.036672,-0.002062,0.156930,0.027593,1.000000,0.000000,0.000000,0.000000,1.000000,0.000000,0.000000,0.000000,0.191448,0.105019,0.049916,0.000000,0.016450,0.361093
41,5,0,-0.73949,-0.00211,0.06898,0,0,0.095660,0.029364,0.035000,0.045000,0.780000,0.180000,0.425454,0.904980,0.000000,0.005576,0.015419,0.999359,-0.035803,0.114631,0.917502,0.039845,0.129154,0.112447,1.000000,0.000000,0.000000,0.000000,1.000000,0.000000,0.000000,0.000000,0.198265,0.003984,0.048348,0.000000,0.029513,0.263067
41,6,1,0.75492,0.14398,0.09133,0,0,0.095660,0.029364,0.035000,0.045000,0.780000,0.180000,0.425454,0.904980,0.000000,0.001512,0.002652,-0.989128,0.147059,0.114314,1.112775,-0.091671,0.111295,0.027128,1.000000,0.000000,0.000000,0.000000,1.000000,0.000000,0.000000,0.000000,0.255974,0.223423,0.046625,0.000000,0.005495,0.635120
41,7,0,-0.74890,-0.00211,0.07349,0,0,0.095660,0.029364,0.035000,0.045000,0.780000,0.180000,0.425454,0.904980,0.000000,0.001785,0.007385,-0.174617,0.984636,0.170651,1.017168,0.000070,0.190150,0.102546,1.000000,0.000000,0.000000,0.000000,1.000000,0.000000,0.000000,0.000000,0.122003,0.000007,0.002320,0.000000,0.061605,0.185289
41,8,0,-0.74115,-0.00211,0.06808,0,0,0.095660,0.029364,0.035000,0.045000,0.780000,0.180000,0.425454,0.904980,0.000000,-0.005492,-0.004158,-0.329353,0.944207,0.180000,1.188406,0.113170,0.177768,0.012555,1.000000,0.000000,0.000000,0.000000,1.000000,0.000000,0.000000,0.000000,0.209231,0.196426,0.005672,0.000000,0.118023,0.425505
41,9,0,-0.77645,0.05163,0.07030,0,0,0.095660,0.029364,0.035000,0.045000,0.780000,0.180000,0.425454,0.904980,0.000000,-0.005733,0.000708,-0.656108,-0.754667,0.180000,1.087232,-0.020009,0.200084,0.100379,1.000000,0.000000,0.000000,0.000000,1.000000,0.000000,0.000000,0.000000,0.071102,0.002001,0.040307,0.000000,0.100397,0.123013
41,10,1,0.84603,0.14309,0.04519,0,0,0.095660,0.029364,0.035000,0.045000,0.780000,0.180000,0.425454,0.904980,0.000000,0.009448,0.029599,0.730454,-0.682962,0.109676,1.130327,0.056757,0.114677,0.043607,1.000000,0.000000,0.000000,0.000000,1.000000,0.000000,0.000000,0.000000,0.231954,0.078461,0.028110,0.000000,0.055926,0.558678
41,11,1,0.87717,0.16484,0.02056,0,0,0.095660,0.029364,0.035000,0.045000,0.780000,0.180000,0.425454,0.904980,0.000000,-0.000059,-0.003243,0.522352,0.852730,0.180000,1.164392,-0.022821,0.196616,0.084512,1.000000,0.000000,0.000000,0.000000,1.000000,0.000000,0.000000,0.000000,0.026515,0.002282,0.034862,0.000000,0.098255,0.108702
42,0,0,-0.88000,0.00979,0.15027,0,0,0.055057,0.054620,0.038000,0.050000,0.340000,0.170000,-0.135793,0.990737,0.000000,-0.011371,-0.024715,-0.164365,0.986400,0.097990,1.192799,0.104326,0.100000,0.020095,0.000000,1.000000,0.000000,0.000000,1.000000,0.000000,0.000000,0.000000,0.106154,0.308416,0.007998,0.000000,0.069174,0.578756
42,1,1,0.81872,0.14677,0.04861,0,0,0.055057,0.054620,0.038000,0.050000,0.340000,0.170000,-0.135793,0.990737,0.000000,0.000796,0.001995,0.993162,0.116745,0.113414,1.194489,0.027988,0.100000,0.134143,0.000000,1.000000,0.000000,0.000000,1.000000,0.000000,0.000000,0.000000,0.217795,0.650903,0.049684,0.000000,0.025112,0.942641
42,2,0,-0.88000,0.00998,0.13609,0,0,0.055057,0.054620,0.038000,0.050000,0.340000,0.170000,-0.135793,0.990737,0.000000,-0.008087,-0.000195,-0.992676,-0.120807,0.100960,1.211704,0.082821,0.100000,0.009599,0.000000,1.000000,0.000000,0.000000,1.000000,0.000000,0.000000,0.000000,0.103352,0.373673,0.049660,0.000000,0.046411,0.645404
42,3,1,0.79520,0.12034,0.05990,0,0,0.055057,0.054620,0.038000,0.050000,0.340000,0.170000,-0.135793,0.990737,0.000000,-0.003862,0.005308,0.005509,0.999985,0.094680,0.870196,-0.012578,0.100000,0.053202,0.000000,1.000000,0.000000,0.000000,1.000000,0.000000,0.000000,0.000000,0.037957,0.224090,0.000499,0.000000,0.011816,0.424745
42,4,0,-0.30163,0.07901,0.10638,0,0,0.055057,0.054620,0.038000,0.050000,0.340000,0.170000,-0.135793,0.990737,0.000000,-0.007335,0.001463,0.984471,-0.175548,0.103078,1.119840,0.092112,0.100000,0.030779,0.000000,1.000000,0.000000,0.000000,1.000000,0.000000,0.000000,0.000000,0.123494,0.422680,0.049184,0.000000,0.013463,0.681957
42,5,0,-0.79149,0.00979,0.07752,0,0,0.055057,0.054620,0.038000,0.050000,0.340000,0.170000,-0.135793,0.990737,0.000000,-0.017904,-0.027967,0.999155,0.041093,0.101074,1.098264,0.006795,0.100000,0.010745,0.000000,1.000000,0.000000,0.000000,1.000000,0.000000,0.000000,0.000000,0.147197,0.368670,0.049966,0.000000,0.059773,0.673016
42,6,0,-0.71241,0.01386,0.03956,0,0,0.055057,0.054620,0.038000,0.050000,0.340000,0.170000,-0.135793,0.990737,0.000000,-0.009892,-0.004084,-0.998423,0.056132,0.105260,1.169599,-0.002781,0.100000,0.052601,0.000000,1.000000,0.000000,0.000000,1.000000,0.000000,0.000000,0.000000,0.150794,0.463282,0.049908,0.000000,0.025177,0.742345
42,7,1,0.70599,0.16108,0.10272,0,0,0.055057,0.054620,0.038000,0.050000,0.340000,0.170000,-0.135793,0.990737,0.000000,-0.001183,0.003340,-0.958762,-0.284211,0.112153,0.931947,0.106932,0.100000,0.121532,0.000000,1.000000,0.000000,0.000000,1.000000,0.000000,0.000000,0.000000,0.207555,0.630170,0.048001,0.000000,0.006378,0.903560
42,8,1,0.76009,0.16634,0.07676,0,0,0.055057,0.054620,0.038000,0.050000,0.340000,0.170000,-0.135793,0.990737,0.000000,-0.002483,-0.000452,-0.281599,0.959532,0.109364,1.186276,-0.085849,0.100000,0.093636,0.000000,1.000000,0.000000,0.000000,1.000000,0.000000,0.000000,0.000000,0.177927,0.564739,0.013866,0.000000,0.020729,0.825681
42,9,0,-0.78178,0.00979,0.07286,0,0,0.055057,0.054620,0.038000,0.050000,0.340000,0.170000,-0.135793,0.990737,0.000000,0.004517,-0.004514,0.999703,0.024353,0.093589,1.192695,-0.026703,0.100000,0.064108,0.000000,1.000000,0.000000,0.000000,1.000000,0.000000,0.000000,0.000000,0.026749,0.200746,0.049990,0.000000,0.031635,0.453072
42,10,0,-0.78851,0.00979,0.07753,0,0,0.055057,0.054620,0.038000,0.050000,0.340000,0.170000,-0.135793,0.990737,0.000000,0.032057,-0.002796,-0.757182,0.653204,0.100630,0.884059,0.038990,0.100000,0.006297,0.000000,1.000000,0.000000,0.000000,1.000000,0.000000,0.000000,0.000000,0.141000,0.361793,0.037713,0.000000,0.057921,0.646011
42,11,0,-0.82989,0.00856,0.09595,0,0,0.055057,0.054620,0.038000,0.050000,0.340000,0.170000,-0.135793,0.990737,0.000000,0.001269,-0.005169,0.978351,0.206954,0.096531,0.955460,-0.057345,0.100000,0.034690,0.000000,1.000000,0.000000,0.000000,1.000000,0.000000,0.000000,0.000000,0.054359,0.270589,0.048963,0.000000,0.009581,0.519224
43,0,0,-0.88000,-0.00211,0.12093,0,0,0.123341,0.023078,0.032000,0.045000,0.720000,0.160000,-0.379325,0.925263,0.000000,0.025288,0.010020,-0.204578,0.978850,0.180000,1.219998,0.109110,0.250962,0.282759,0.000000,0.000000,1.000000,0.000000,0.000000,0.000000,1.000000,0.000000,0.276303,0.013946,0.371904,0.000000,0.171961,0.515993
43,1,1,0.72500,0.16100,0.09360,0,0,0.123341,0.023078,0.032000,0.045000,0.720000,0.160000,-0.379325,0.925263,0.000000,0.003386,0.004985,0.957168,0.289534,0.078484,1.111426,0.093238,0.069426,0.130460,0.000000,0.000000,1.000000,0.000000,0.000000,0.000000,1.000000,0.000000,0.370024,0.430245,0.000000,0.000000,0.010847,1.424245
43,2,1,0.88923,0.16291,0.01477,0,0,0.123341,0.023078,0.032000,0.045000,0.720000,0.160000,-0.379325,0.925263,0.000000,-0.004641,0.003794,-0.925619,-0.378456,0.041980,0.902989,0.015949,0.046388,0.095033,0.000000,0.000000,1.000000,0.000000,0.000000,0.000000,1.000000,0.000000,0.175225,0.001595,0.000000,0.000000,0.010791,0.298399
43,3,0,-0.83679,-0.00212,0.09926,0,0,0.123341,0.023078,0.032000,0.045000,0.720000,0.160000,-0.379325,0.925263,0.000000,-0.003664,-0.004131,-0.105356,0.994435,0.180000,1.109550,-0.055214,0.249745,0.279264,0.000000,0.000000,1.000000,0.000000,0.000000,0.000000,1.000000,0.000000,0.250611,0.005521,0.379640,0.000000,0.099940,0.454869
43,4,0,-0.30124,0.15949,0.10619,0,0,0.123341,0.023078,0.032000,0.045000,0.720000,0.160000,-0.379325,0.925263,0.000000,-0.006328,0.001993,0.974359,0.225000,0.074188,1.123050,-0.104882,0.085369,0.130971,0.000000,0.000000,1.000000,0.000000,0.000000,0.000000,1.000000,0.000000,0.210282,0.010488,0.000000,0.000000,0.011942,0.516943
43,5,0,-0.81736,-0.00211,0.10772,0,0,0.123341,0.023078,0.032000,0.045000,0.720000,0.160000,-0.379325,0.925263,0.000000,-0.048967,0.026357,0.995694,-0.092696,0.166026,1.173171,-0.009965,0.155227,0.069568,0.000000,0.000000,1.000000,0.000000,0.000000,0.000000,1.000000,0.000000,0.377023,0.300133,0.000000,0.000000,0.134458,0.868339
43,6,0,-0.71084,-0.00211,0.05643,0,0,0.123341,0.023078,0.032000,0.045000,0.720000,0.160000,-0.379325,0.925263,0.000000,-0.002141,0.003741,-0.996980,-0.077658,0.136805,1.096927,-0.049047,0.119502,0.144795,0.000000,0.000000,1.000000,0.000000,0.000000,0.000000,1.000000,0.000000,0.374911,0.454495,0.000000,0.000000,0.007758,1.049694
43,7,0,-0.71007,-0.00211,0.05621,0,0,0.123341,0.023078,0.032000,0.045000,0.720000,0.160000,-0.379325,0.925263,0.000000,0.004097,0.000202,-0.938162,0.346198,0.167858,0.923740,-0.018336,0.200808,0.164091,0.000000,0.000000,1.000000,0.000000,0.000000,0.000000,1.000000,0.000000,0.201573,0.001834,0.000000,0.000000,0.042742,0.152759
43,8,0,-0.72247,-0.00211,0.05996,0,0,0.123341,0.023078,0.032000,0.045000,0.720000,0.160000,-0.379325,0.925263,0.000000,-0.003200,0.002072,0.243551,0.969888,0.180000,1.034087,0.079433,0.225965,0.203416,0.000000,0.000000,1.000000,0.000000,0.000000,0.000000,1.000000,0.000000,0.218885,0.007943,0.327738,0.000000,0.096863,0.398905
43,9,0,-0.12359,0.16311,0.02092,0,0,0.123341,0.023078,0.032000,0.045000,0.720000,0.160000,-0.379325,0.925263,0.000000,-0.004714,0.002013,0.431085,-0.902311,0.180000,1.116005,-0.021207,0.248898,0.276812,0.000000,0.000000,1.000000,0.000000,0.000000,0.000000,1.000000,0.000000,0.214016,0.002121,0.313410,0.000000,0.099226,0.405513
43,10,0,-0.74300,-0.00211,0.07200,0,0,0.123341,0.023078,0.032000,0.045000,0.720000,0.160000,-0.379325,0.925263,0.000000,0.017896,-0.008693,0.996556,-0.082926,0.159758,1.094114,-0.027798,0.153285,0.042226,0.000000,0.000000,1.000000,0.000000,0.000000,0.000000,1.000000,0.000000,0.289641,0.247232,0.000000,0.000000,0.035812,0.751090
43,11,0,-0.33000,0.16175,0.12125,0,0,0.123341,0.023078,0.032000,0.045000,0.720000,0.160000,-0.379325,0.925263,0.000000,-0.008479,-0.001024,-0.904302,-0.426893,0.062525,0.854902,-0.118078,0.058912,0.061320,0.000000,0.000000,1.000000,0.000000,0.000000,0.000000,1.000000,0.000000,0.305636,0.294448,0.000000,0.000000,0.015372,0.660386
44,0,0,-0.31749,0.16204,0.11400,0,0,0.058380,0.043113,0.035000,0.045000,0.760000,0.160000,0.484227,0.874942,2.000000,-0.000171,-0.015483,0.432737,0.901520,0.116187,0.969262,0.088494,0.121557,0.044184,1.000000,0.000000,0.000000,0.000000,0.000000,1.000000,0.000000,0.000000,0.062138,0.080482,0.141711,0.236186,0.027870,0.906919
44,1,0,-0.53927,0.16037,0.05245,1,0,0.058380,0.043113,0.035000,0.045000,0.760000,0.160000,0.484227,0.874942,2.000000,-0.003884,0.014846,0.909011,-0.416771,0.089374,1.108889,-0.056611,0.094797,0.057203,1.000000,0.000000,0.000000,0.000000,0.000000,1.000000,0.000000,0.000000,0.048884,0.051254,0.600000,1.000000,0.027622,1.746077
44,2,0,-1.16597,-0.00273,0.08927,1,0,0.058380,0.043113,0.035000,0.045000,0.760000,0.160000,0.484227,0.874942,2.000000,0.005879,-0.003834,-0.883701,0.468051,0.095026,1.176837,-0.069356,0.088359,0.075464,1.000000,0.000000,0.000000,0.000000,0.000000,1.000000,0.000000,0.000000,0.167396,0.317864,0.600000,1.000000,0.021894,1.849570
44,3,0,-0.52234,0.16446,0.04432,1,0,0.058380,0.043113,0.035000,0.045000,0.760000,0.160000,0.484227,0.874942,2.000000,0.003321,0.003376,-0.392586,0.919715,0.126924,0.892432,0.030126,0.139778,0.091961,1.000000,0.000000,0.000000,0.000000,0.000000,1.000000,0.000000,0.000000,0.020011,0.003013,0.373452,0.622420,0.008523,1.354664
44,4,0,-1.13593,-0.00211,0.07485,1,0,0.058380,0.043113,0.035000,0.045000,0.760000,0.160000,0.484227,0.874942,2.000000,-0.005003,0.000884,0.959323,0.282312,0.122905,1.208251,-0.038170,0.143665,0.144501,1.000000,0.000000,0.000000,0.000000,0.000000,1.000000,0.000000,0.000000,0.073137,0.003817,0.600000,1.000000,0.035682,1.579951
44,5,0,-1.15123,-0.00211,0.09273,1,0,0.058380,0.043113,0.035000,0.045000,0.760000,0.160000,0.484227,0.874942,2.000000,-0.002949,0.007448,0.972590,0.232527,0.140753,0.941254,0.021208,0.142408,0.011625,1.000000,0.000000,0.000000,0.000000,0.000000,1.000000,0.000000,0.000000,0.081993,0.138870,0.600000,1.000000,0.014419,1.687145
44,6,0,-1.13095,-0.00211,0.08387,1,0,0.058380,0.043113,0.035000,0.045000,0.760000,0.160000,0.484227,0.874942,2.000000,0.001810,0.004203,-0.988026,-0.154288,0.132841,0.920465,0.115189,0.139720,0.049231,1.000000,0.000000,0.000000,0.000000,0.000000,1.000000,0.000000,0.000000,0.038549,0.073057,0.600000,1.000000,0.008237,1.633422
44,7,1,0.73234,0.16492,0.09008,0,0,0.058380,0.043113,0.035000,0.045000,0.760000,0.160000,0.484227,0.874942,2.000000,-0.001179,0.004387,0.002224,-0.999997,0.129360,0.929311,0.077686,0.143952,0.101366,1.000000,0.000000,0.000000,0.000000,0.000000,1.000000,0.000000,0.000000,0.029089,0.007769,0.000000,0.000000,0.008177,0.420076
44,8,0,-1.11562,-0.00211,0.06998,1,0,0.058380,0.043113,0.035000,0.045000,0.760000,0.160000,0.484227,0.874942,2.000000,0.011283,-0.002910,0.993375,0.114922,0.129729,1.166969,0.019987,0.138048,0.060256,1.000000,0.000000,0.000000,0.000000,0.000000,1.000000,0.000000,0.000000,0.039553,0.041487,0.586062,0.976771,0.024807,1.625483
44,9,0,-0.31126,0.16548,0.11101,0,0,0.058380,0.043113,0.035000,0.045000,0.760000,0.160000,0.484227,0.874942,2.000000,0.002280,0.019660,0.074444,-0.997225,0.138336,1.080592,0.115918,0.144918,0.045418,1.000000,0.000000,0.000000,0.000000,0.000000,1.000000,0.000000,0.000000,0.068228,0.080755,0.000000,0.000000,0.035625,0.316079
44,10,0,-1.14825,-0.00211,0.09022,1,0,0.058380,0.043113,0.035000,0.045000,0.760000,0.160000,0.484227,0.874942,2.000000,-0.009306,-0.002643,0.251074,-0.967968,0.148617,0.992400,-0.113698,0.144047,0.031725,1.000000,0.000000,0.000000,0.000000,0.000000,1.000000,0.000000,0.000000,0.128171,0.234820,0.336353,0.560588,0.017413,1.513197
44,11,0,-0.68000,0.16360,0.12611,1,0,0.058380,0.043113,0.035000,0.045000,0.760000,0.160000,0.484227,0.874942,2.000000,-0.001387,0.001605,0.515823,-0.856695,0.127005,1.022989,0.111748,0.133038,0.045350,1.000000,0.000000,0.000000,0.000000,0.000000,1.000000,0.000000,0.000000,0.038257,0.080475,0.575617,0.959361,0.003818,1.800730
45,0,1,0.74142,0.16567,0.08572,0,0,0.052617,0.039482,0.035000,0.045000,0.820000,0.160000,-0.465349,0.885127,0.000000,-0.013530,0.016233,-0.576065,0.817404,0.127408,1.123357,-0.080591,0.114574,0.112015,1.000000,0.000000,0.000000,0.000000,1.000000,0.000000,0.000000,0.000000,0.227940,0.392089,0.041400,0.000000,0.038038,0.567317
45,1,1,0.83970,0.16440,0.03854,0,0,0.052617,0.039482,0.035000,0.045000,0.820000,0.160000,-0.465349,0.885127,0.000000,-0.001108,-0.001788,0.933995,0.357285,0.101684,0.996758,0.038713,0.090867,0.119043,1.000000,0.000000,0.000000,0.000000,1.000000,0.000000,0.000000,0.000000,0.202619,0.401958,0.037359,0.000000,0.003786,0.807316
45,2,1,0.70492,0.16558,0.10324,0,0,0.052617,0.039482,0.035000,0.045000,0.820000,0.160000,-0.465349,0.885127,0.000000,0.005852,0.008296,-0.907356,-0.420363,0.087927,0.896727,-0.104052,0.084143,0.044971,1.000000,0.000000,0.000000,0.000000,1.000000,0.000000,0.000000,0.000000,0.142230,0.260348,0.034997,0.000000,0.018273,0.586836
45,3,1,0.90504,0.16082,0.01352,0,0,0.052617,0.039482,0.035000,0.045000,0.820000,0.160000,-0.465349,0.885127,0.000000,-0.008011,0.003251,0.425430,0.904991,0.142012,0.866396,-0.006552,0.126451,0.123058,1.000000,0.000000,0.000000,0.000000,1.000000,0.000000,0.000000,0.000000,0.217755,0.406770,0.003886,0.000000,0.015562,0.580278
45,4,1,0.83965,0.16335,0.03857,0,0,0.052617,0.039482,0.035000,0.045000,0.820000,0.160000,-0.465349,0.885127,0.000000,0.004601,0.001044,0.924140,-0.382054,0.130250,1.127483,-0.014041,0.131394,0.008707,1.000000,0.000000,0.000000,0.000000,1.000000,0.000000,0.000000,0.000000,0.079313,0.143991,0.049977,0.000000,0.008492,0.368911
45,5,1,0.79260,0.16035,0.06587,0,0,0.052617,0.039482,0.035000,0.045000,0.820000,0.160000,-0.465349,0.885127,0.000000,0.006443,0.016937,0.997387,0.072238,0.130855,0.857731,0.062926,0.114479,0.143051,1.000000,0.000000,0.000000,0.000000,1.000000,0.000000,0.000000,0.000000,0.253857,0.452395,0.045366,0.000000,0.032618,0.787137
45,6,0,-0.32180,0.16553,0.11606,0,0,0.052617,0.039482,0.035000,0.045000,0.820000,0.160000,-0.465349,0.885127,0.000000,0.003148,0.005067,-0.967585,-0.252547,0.087898,1.189061,-0.116528,0.100767,0.127711,1.000000,0.000000,0.000000,0.000000,1.000000,0.000000,0.000000,0.000000,0.057852,0.011653,0.040783,0.000000,0.026721,0.202539
45,7,1,0.91136,0.16493,0.00415,0,0,0.052617,0.039482,0.035000,0.045000,0.820000,0.160000,-0.465349,0.885127,0.000000,0.015522,0.007918,-0.200367,0.979721,0.107475,1.036838,0.014746,0.123065,0.126676,1.000000,0.000000,0.000000,0.000000,1.000000,0.000000,0.000000,0.000000,0.076298,0.001475,0.026702,0.000000,0.031364,0.140855
45,8,0,-0.33000,0.16530,0.12242,0,0,0.052617,0.039482,0.035000,0.045000,0.820000,0.160000,-0.465349,0.885127,0.000000,-0.009232,0.001200,0.189092,0.981959,0.109015,1.126389,-0.114517,0.131504,0.171013,1.000000,0.000000,0.000000,0.000000,1.000000,0.000000,0.000000,0.000000,0.106839,0.011452,0.008528,0.000000,0.016758,0.105183
45,9,1,0.80983,0.16489,0.05288,0,0,0.052617,0.039482,0.035000,0.045000,0.820000,0.160000,-0.465349,0.885127,0.000000,0.008705,0.008588,-0.990194,0.139696,0.118155,1.185602,0.051190,0.125577,0.059103,1.000000,0.000000,0.000000,0.000000,1.000000,0.000000,0.000000,0.000000,0.041685,0.046914,0.048779,0.000000,0.036092,0.296369
45,10,1,0.79549,0.16457,0.05976,0,0,0.052617,0.039482,0.035000,0.045000,0.820000,0.160000,-0.465349,0.885127,0.000000,0.026784,-0.010212,0.642925,-0.765929,0.134577,1.187913,-0.050190,0.119618,0.125057,1.000000,0.000000,0.000000,0.000000,1.000000,0.000000,0.000000,0.000000,0.253786,0.415132,0.043616,0.000000,0.066948,0.635579
45,11,1,0.75099,0.16554,0.08112,0,0,0.052617,0.039482,0.035000,0.045000,0.820000,0.160000,-0.465349,0.885127,0.000000,0.001184,-0.004477,0.351107,0.936335,0.128856,1.005485,0.075693,0.128968,0.000863,1.000000,0.000000,0.000000,0.000000,1.000000,0.000000,0.000000,0.000000,0.087010,0.165844,0.000144,0.000000,0.008336,0.334521
46,0,1,0.73498,0.16289,0.08881,0,0,0.083488,0.032344,0.035000,0.045000,0.780000,0.180000,-0.156720,0.987643,0.000000,0.002317,-0.020294,-0.101548,0.994831,0.175673,0.902539,-0.108619,0.170315,0.031460,1.000000,0.000000,0.000000,0.000000,1.000000,0.000000,0.000000,0.000000,0.154527,0.233781,0.023558,0.000000,0.107296,0.434542
46,1,0,-0.30822,0.16475,0.10955,0,0,0.083488,0.032344,0.035000,0.045000,0.780000,0.180000,-0.156720,0.987643,0.000000,0.005897,0.005715,0.988194,0.153209,0.059089,0.936684,-0.110189,0.065281,0.094860,1.000000,0.000000,0.000000,0.000000,1.000000,0.000000,0.000000,0.000000,0.178820,0.011019,0.042816,0.000000,0.014781,0.219937
46,2,1,0.74268,0.16474,0.08511,0,0,0.083488,0.032344,0.035000,0.045000,0.780000,0.180000,-0.156720,0.987643,0.000000,-0.005404,-0.000757,-0.991684,-0.128697,0.079141,1.165124,0.085625,0.069390,0.140536,1.000000,0.000000,0.000000,0.000000,1.000000,0.000000,0.000000,0.000000,0.379752,0.449635,0.043442,0.000000,0.012640,0.740826
46,3,1,0.89584,0.10548,0.01159,0,0,0.083488,0.032344,0.035000,0.045000,0.780000,0.180000,-0.156720,0.987643,0.000000,0.005634,0.001895,0.271194,0.962525,0.180000,1.153163,0.011914,0.178720,0.007163,1.000000,0.000000,0.000000,0.000000,1.000000,0.000000,0.000000,0.000000,0.160071,0.175517,0.005700,0.000000,0.100700,0.296174
46,4,1,0.86547,0.16162,0.02774,0,0,0.083488,0.032344,0.035000,0.045000,0.780000,0.180000,-0.156720,0.987643,0.000000,0.003641,-0.003088,0.968808,-0.247811,0.112238,1.198307,-0.027157,0.125603,0.106405,1.000000,0.000000,0.000000,0.000000,1.000000,0.000000,0.000000,0.000000,0.172221,0.002716,0.049522,0.000000,0.029662,0.353204
46,5,1,0.70213,0.16440,0.10458,0,0,0.083488,0.032344,0.035000,0.045000,0.780000,0.180000,-0.156720,0.987643,0.000000,0.009789,0.001349,0.999130,-0.041696,0.081243,0.998358,0.104350,0.096433,0.157519,1.000000,0.000000,0.000000,0.000000,1.000000,0.000000,0.000000,0.000000,0.241355,0.010435,0.047017,0.000000,0.017786,0.302086
46,6,0,-0.31285,0.16495,0.11177,0,0,0.083488,0.032344,0.035000,0.045000,0.780000,0.180000,-0.156720,0.987643,0.000000,-0.001081,0.003930,-0.999902,-0.013969,0.075623,0.928174,-0.111739,0.087887,0.139541,1.000000,0.000000,0.000000,0.000000,1.000000,0.000000,0.000000,0.000000,0.214930,0.011174,0.045997,0.000000,0.007336,0.365303
46,7,1,0.77179,0.16016,0.07619,0,0,0.083488,0.032344,0.035000,0.045000,0.780000,0.180000,-0.156720,0.987643,0.000000,0.001616,0.002723,-0.961505,0.274787,0.112454,0.962914,0.076424,0.129121,0.129077,1.000000,0.000000,0.000000,0.000000,1.000000,0.000000,0.000000,0.000000,0.190444,0.007642,0.049695,0.000000,0.005699,0.276706
46,8,1,0.78305,0.14441,0.07821,0,0,0.083488,0.032344,0.035000,0.045000,0.780000,0.180000,-0.156720,0.987643,0.000000,-0.003656,0.003812,-0.743263,-0.668999,0.125656,1.103733,0.081172,0.145145,0.134270,1.000000,0.000000,0.000000,0.000000,1.000000,0.000000,0.000000,0.000000,0.189088,0.008117,0.021706,0.000000,0.009507,0.142214
46,9,1,0.75287,0.16480,0.08022,0,0,0.083488,0.032344,0.035000,0.045000,0.780000,0.180000,-0.156720,0.987643,0.000000,0.000138,0.003609,-0.073323,0.997308,0.140904,0.955353,-0.076728,0.171813,0.179903,1.000000,0.000000,0.000000,0.000000,1.000000,0.000000,0.000000,0.000000,0.118626,0.007673,0.022299,0.000000,0.006501,0.129747
46,10,1,0.73191,0.16238,0.09028,0,0,0.083488,0.032344,0.035000,0.045000,0.780000,0.180000,-0.156720,0.987643,0.000000,0.015179,0.001084,0.996921,0.078406,0.084300,1.120520,-0.090268,0.077645,0.085708,1.000000,0.000000,0.000000,0.000000,1.000000,0.000000,0.000000,0.000000,0.341111,0.340443,0.044638,0.000000,0.027391,0.996118
46,11,0,-0.87638,-0.00463,0.11826,0,0,0.083488,0.032344,0.035000,0.045000,0.780000,0.180000,-0.156720,0.987643,0.000000,0.003670,-0.003850,-0.627766,0.778403,0.180000,1.073970,-0.057874,0.177012,0.016882,1.000000,0.000000,0.000000,0.000000,1.000000,0.000000,0.000000,0.000000,0.180627,0.199551,0.043801,0.000000,0.099574,0.355863
47,0,0,-0.76882,0.00979,0.06664,0,0,0.051347,0.052556,0.038000,0.050000,0.340000,0.170000,-0.331933,0.943303,0.000000,-0.003270,-0.018965,-0.180477,0.983579,0.088408,0.986391,-0.088525,0.100000,0.115916,0.000000,1.000000,0.000000,0.000000,1.000000,0.000000,0.000000,0.000000,0.068633,0.170853,0.032013,0.000000,0.034641,0.329449
47,1,0,-0.79693,0.00927,0.08013,0,0,0.051347,0.052556,0.038000,0.050000,0.340000,0.170000,-0.331933,0.943303,0.000000,-0.012205,-0.003915,0.931852,0.362839,0.103458,1.034404,0.033347,0.100000,0.034578,0.000000,1.000000,0.000000,0.000000,1.000000,0.000000,0.000000,0.000000,0.136368,0.425427,0.031677,0.000000,0.023071,0.685056
47,2,0,-0.84657,0.00979,0.10396,0,0,0.051347,0.052556,0.038000,0.050000,0.340000,0.170000,-0.331933,0.943303,0.000000,-0.003921,-0.002051,-0.954326,-0.298768,0.084408,1.115401,0.065130,0.100000,0.155915,0.000000,1.000000,0.000000,0.000000,1.000000,0.000000,0.000000,0.000000,0.083437,0.168513,0.034229,0.000000,0.007964,0.280149
47,3,0,-0.88000,0.01347,0.17182,0,0,0.051347,0.052556,0.038000,0.050000,0.340000,0.170000,-0.331933,0.943303,0.000000,0.006966,0.004115,0.614904,0.788602,0.086074,1.075512,-0.115017,0.100000,0.139262,0.000000,1.000000,0.000000,0.000000,1.000000,0.000000,0.000000,0.000000,0.073016,0.173502,0.007417,0.000000,0.014563,0.271187
47,4,1,0.72846,0.15155,0.09194,0,0,0.051347,0.052556,0.038000,0.050000,0.340000,0.170000,-0.331933,0.943303,0.000000,0.002070,0.003073,0.767083,-0.641547,0.107003,1.073432,-0.061886,0.100000,0.070034,0.000000,1.000000,0.000000,0.000000,1.000000,0.000000,0.000000,0.000000,0.156333,0.508767,0.049164,0.000000,0.006669,0.772312
47,5,0,-0.88000,0.00979,0.14584,0,0,0.051347,0.052556,0.038000,0.050000,0.340000,0.170000,-0.331933,0.943303,0.000000,0.017678,-0.019027,0.948191,-0.317701,0.086441,1.215629,-0.092159,0.100000,0.135592,0.000000,1.000000,0.000000,0.000000,1.000000,0.000000,0.000000,0.000000,0.099743,0.171216,0.049100,0.000000,0.081016,0.316117
47,6,1,0.83838,0.13649,0.03918,0,0,0.051347,0.052556,0.038000,0.050000,0.340000,0.170000,-0.331933,0.943303,0.000000,-0.000439,0.004277,-0.894579,0.446909,0.107378,0.864678,0.009377,0.100000,0.073783,0.000000,1.000000,0.000000,0.000000,1.000000,0.000000,0.000000,0.000000,0.161092,0.512025,0.049937,0.000000,0.007739,0.775278
47,7,1,0.82440,0.16744,0.04589,0,0,0.051347,0.052556,0.038000,0.050000,0.340000,0.170000,-0.331933,0.943303,0.000000,0.002849,-0.002146,-0.668691,0.743541,0.087602,0.856094,-0.044015,0.100000,0.123980,0.000000,1.000000,0.000000,0.000000,1.000000,0.000000,0.000000,0.000000,0.050045,0.166402,0.047383,0.000000,0.006421,0.288361
47,8,0,-0.85684,0.00404,0.10889,0,0,0.051347,0.052556,0.038000,0.050000,0.340000,0.170000,-0.331933,0.943303,0.000000,-0.004367,0.005062,-0.331579,0.943427,0.097328,1.060474,0.086510,0.100000,0.026724,0.000000,1.000000,0.000000,0.000000,1.000000,0.000000,0.000000,0.000000,0.064642,0.291587,0.037608,0.000000,0.012034,0.522389
47,9,0,-0.88000,0.00923,0.15849,0,0,0.051347,0.052556,0.038000,0.050000,0.340000,0.170000,-0.331933,0.943303,0.000000,0.006441,0.005754,0.970308,0.241874,0.090460,0.820426,0.104779,0.100000,0.095403,0.000000,1.000000,0.000000,0.000000,1.000000,0.000000,0.000000,0.000000,0.030085,0.172478,0.036322,0.000000,0.015546,0.348745
47,10,1,0.76541,0.16756,0.07420,0,0,0.051347,0.052556,0.038000,0.050000,0.340000,0.170000,-0.331933,0.943303,0.000000,0.006235,0.006184,-0.715303,-0.698814,0.096261,1.086183,0.073588,0.100000,0.037393,0.000000,1.000000,0.000000,0.000000,1.000000,0.000000,0.000000,0.000000,0.057536,0.266077,0.013995,0.000000,0.015807,0.477071
47,11,1,0.77128,0.15626,0.07138,0,0,0.051347,0.052556,0.038000,0.050000,0.340000,0.170000,-0.331933,0.943303,0.000000,0.003225,-0.010926,-0.965728,0.259556,0.115357,1.019273,-0.061062,0.100000,0.153569,0.000000,1.000000,0.000000,0.000000,1.000000,0.000000,0.000000,0.000000,0.252936,0.698308,0.048436,0.000000,0.020506,1.003823
48,0,0,-0.25212,0.16267,0.08262,0,0,0.122667,0.023288,0.032000,0.045000,0.720000,0.160000,0.496013,0.868315,0.000000,0.000662,-0.009576,0.481640,0.876369,0.180000,1.164071,0.074990,0.246068,0.268496,0.000000,0.000000,1.000000,0.000000,0.000000,0.000000,1.000000,0.000000,0.207285,0.007499,0.351709,0.000000,0.109518,0.407812
48,1,1,0.72583,0.16257,0.09320,0,0,0.122667,0.023288,0.032000,0.045000,0.720000,0.160000,0.496013,0.868315,0.000000,-0.001824,0.011672,0.827229,-0.561865,0.061802,1.068399,0.095870,0.065464,0.055941,0.000000,0.000000,1.000000,0.000000,0.000000,0.000000,1.000000,0.000000,0.193691,0.057706,0.000000,0.000000,0.021265,0.902044
48,2,1,0.85367,0.16318,0.03184,0,0,0.122667,0.023288,0.032000,0.045000,0.720000,0.160000,0.496013,0.868315,0.000000,-0.001023,-0.001575,-0.854507,0.519441,0.050637,0.932042,-0.032663,0.053230,0.048724,0.000000,0.000000,1.000000,0.000000,0.000000,0.000000,1.000000,0.000000,0.184414,0.065819,0.000000,0.000000,0.003381,0.255744
48,3,0,-0.72600,-0.00211,0.06323,0,0,0.122667,0.023288,0.032000,0.045000,0.720000,0.160000,0.496013,0.868315,0.000000,-0.000377,-0.014647,-0.268489,0.963283,0.169738,1.075660,-0.021095,0.205646,0.174612,0.000000,0.000000,1.000000,0.000000,0.000000,0.000000,1.000000,0.000000,0.226160,0.002109,0.239802,0.000000,0.070194,0.334544
48,4,0,-0.84925,-0.01101,0.12132,0,0,0.122667,0.023288,0.032000,0.045000,0.720000,0.160000,0.496013,0.868315,0.000000,-0.000011,0.004575,0.959696,0.281042,0.173442,0.933801,-0.119692,0.208974,0.170029,0.000000,0.000000,1.000000,0.000000,0.000000,0.000000,1.000000,0.000000,0.201894,0.011969,0.000000,0.000000,0.068725,0.154923
48,5,0,-0.29186,0.15341,0.10896,0,0,0.122667,0.023288,0.032000,0.045000,0.720000,0.160000,0.496013,0.868315,0.000000,-0.006514,-0.039545,0.963731,-0.266875,0.090689,1.082194,0.102191,0.105566,0.140926,0.000000,0.000000,1.000000,0.000000,0.000000,0.000000,1.000000,0.000000,0.274438,0.010219,0.000000,0.000000,0.072140,0.384654
48,6,0,-0.75810,-0.00211,0.07840,0,0,0.122667,0.023288,0.032000,0.045000,0.720000,0.160000,0.496013,0.868315,0.000000,-0.006747,0.001860,-0.981891,0.189445,0.110095,0.974639,0.069915,0.123216,0.106489,0.000000,0.000000,1.000000,0.000000,0.000000,0.000000,1.000000,0.000000,0.180370,0.006991,0.000000,0.000000,0.012597,0.330930
48,7,0,-0.79804,-0.00526,0.08066,0,0,0.122667,0.023288,0.032000,0.045000,0.720000,0.160000,0.496013,0.868315,0.000000,-0.000436,0.001986,0.290056,0.957010,0.180000,1.095954,0.023261,0.249544,0.278686,0.000000,0.000000,1.000000,0.000000,0.000000,0.000000,1.000000,0.000000,0.235567,0.002326,0.379544,0.000000,0.093660,0.452893
48,8,0,-0.71403,-0.00211,0.05679,0,0,0.122667,0.023288,0.032000,0.045000,0.720000,0.160000,0.496013,0.868315,0.000000,-0.000313,0.004547,0.198685,-0.980063,0.180000,1.092367,-0.066704,0.215280,0.163880,0.000000,0.000000,1.000000,0.000000,0.000000,0.000000,1.000000,0.000000,0.190424,0.006670,0.274222,0.000000,0.098203,0.356110
48,9,0,-0.88000,-0.00211,0.12642,0,0,0.122667,0.023288,0.032000,0.045000,0.720000,0.160000,0.496013,0.868315,0.000000,0.001949,0.010187,-0.230854,-0.972988,0.180000,1.144445,0.089135,0.248508,0.275676,0.000000,0.000000,1.000000,0.000000,0.000000,0.000000,1.000000,0.000000,0.255632,0.008913,0.379515,0.000000,0.108669,0.477226
48,10,0,-0.80421,-0.00211,0.09954,0,0,0.122667,0.023288,0.032000,0.045000,0.720000,0.160000,0.496013,0.868315,0.000000,0.039594,-0.000162,0.927067,0.374895,0.180000,0.887303,0.074640,0.221509,0.187393,0.000000,0.000000,1.000000,0.000000,0.000000,0.000000,1.000000,0.000000,0.267559,0.007464,0.000000,0.000000,0.161270,0.228048
48,11,0,-0.11182,0.16271,0.01527,0,0,0.122667,0.023288,0.032000,0.045000,0.720000,0.160000,0.496013,0.868315,0.000000,-0.005067,-0.014129,-0.564102,-0.825705,0.180000,1.076379,-0.021822,0.248281,0.275015,0.000000,0.000000,1.000000,0.000000,0.000000,0.000000,1.000000,0.000000,0.232571,0.002182,0.324327,0.000000,0.117019,0.394328
49,0,1,0.80064,0.16383,0.05729,0,0,0.058358,0.043064,0.035000,0.045000,0.760000,0.160000,-0.413673,0.910426,2.000000,-0.016821,0.015237,-0.413015,0.910724,0.116501,1.122298,-0.038879,0.116778,0.002377,1.000000,0.000000,0.000000,0.000000,0.000000,1.000000,0.000000,0.000000,0.116206,0.159134,0.000000,0.000000,0.040853,0.591984
49,1,0,-0.62746,0.16621,0.09478,1,0,0.058358,0.043064,0.035000,0.045000,0.760000,0.160000,-0.413673,0.910426,2.000000,-0.011342,-0.027002,0.887575,0.460663,0.095980,0.887093,-0.092395,0.092107,0.042049,1.000000,0.000000,0.000000,0.000000,0.000000,1.000000,0.000000,0.000000,0.171838,0.253338,0.515128,0.858547,0.052717,1.723558
49,2,0,-1.12540,-0.00211,0.07931,1,0,0.058358,0.043064,0.035000,0.045000,0.760000,0.160000,-0.413673,0.910426,2.000000,-0.007005,-0.002459,-0.895657,-0.444745,0.087938,1.200347,-0.103065,0.090092,0.023908,1.000000,0.000000,0.000000,0.000000,0.000000,1.000000,0.000000,0.000000,0.068713,0.122491,0.600000,1.000000,0.035554,1.657159
49,3,0,-0.57528,0.16325,0.06974,1,0,0.058358,0.043064,0.035000,0.045000,0.760000,0.160000,-0.413673,0.910426,2.000000,0.017190,-0.001236,0.002819,0.999996,0.118292,0.879994,0.092378,0.141974,0.166810,1.000000,0.000000,0.000000,0.000000,0.000000,1.000000,0.000000,0.000000,0.116108,0.009238,0.000000,0.000000,0.031022,0.188862
49,4,0,-1.15824,-0.00536,0.08556,1,0,0.058358,0.043064,0.035000,0.045000,0.760000,0.160000,-0.413673,0.910426,2.000000,0.009380,0.004123,0.989306,0.145853,0.121269,1.128332,0.089718,0.115039,0.054160,1.000000,0.000000,0.000000,0.000000,0.000000,1.000000,0.000000,0.000000,0.151579,0.277292,0.600000,1.000000,0.018444,2.079825
49,5,0,-1.12226,-0.00214,0.06828,1,0,0.058358,0.043064,0.035000,0.045000,0.760000,0.160000,-0.413673,0.910426,2.000000,0.018711,-0.012708,0.992606,0.121379,0.099237,1.021774,0.051885,0.117185,0.153161,1.000000,0.000000,0.000000,0.000000,0.000000,1.000000,0.000000,0.000000,0.111613,0.005188,0.600000,1.000000,0.040713,1.618859
49,6,0,-1.15325,-0.00625,0.08316,1,0,0.058358,0.043064,0.035000,0.045000,0.760000,0.160000,-0.413673,0.910426,2.000000,0.000523,-0.007384,-0.987533,-0.157411,0.103395,1.196161,0.113388,0.113998,0.093007,1.000000,0.000000,0.000000,0.000000,0.000000,1.000000,0.000000,0.000000,0.025592,0.011339,0.600000,1.000000,0.033214,1.760917
49,7,0,-1.16874,-0.00626,0.09060,1,0,0.058358,0.043064,0.035000,0.045000,0.760000,0.160000,-0.413673,0.910426,2.000000,0.003870,-0.000624,-0.841986,-0.539499,0.097748,0.987329,0.101499,0.101919,0.040924,1.000000,0.000000,0.000000,0.000000,0.000000,1.000000,0.000000,0.000000,0.045740,0.088301,0.600000,1.000000,0.007057,1.780691
49,8,0,-1.18769,-0.00106,0.09969,1,0,0.058358,0.043064,0.035000,0.045000,0.760000,0.160000,-0.413673,0.910426,2.000000,0.007468,0.005591,-0.913397,0.407070,0.149652,1.024280,0.083438,0.144476,0.035827,1.000000,0.000000,0.000000,0.000000,0.000000,1.000000,0.000000,0.000000,0.131686,0.239998,0.585401,0.975669,0.016792,1.937508
49,9,0,-0.60552,0.16530,0.08425,1,0,0.058358,0.043064,0.035000,0.045000,0.760000,0.160000,-0.413673,0.910426,2.000000,-0.007517,-0.014327,0.471281,-0.881983,0.141347,0.937640,-0.089943,0.122006,0.158525,1.000000,0.000000,0.000000,0.000000,0.000000,1.000000,0.000000,0.000000,0.266030,0.486043,0.401158,0.668597,0.029123,2.124529
49,10,1,0.90537,0.16280,0.00702,0,0,0.058358,0.043064,0.035000,0.045000,0.760000,0.160000,-0.413673,0.910426,2.000000,0.000476,0.005910,-0.126059,0.992023,0.150000,0.885254,0.011993,0.136960,0.095209,1.000000,0.000000,0.000000,0.000000,0.000000,1.000000,0.000000,0.000000,0.185289,0.351617,0.000000,0.000000,0.010673,0.606651
49,11,0,-0.49984,0.15764,0.03352,1,0,0.058358,0.043064,0.035000,0.045000,0.760000,0.160000,-0.413673,0.910426,2.000000,0.005973,-0.011529,-0.854236,-0.519885,0.085907,0.929416,0.036488,0.099505,0.136663,1.000000,0.000000,0.000000,0.000000,0.000000,1.000000,0.000000,0.000000,0.078737,0.003649,0.600000,1.000000,0.023373,1.578479
50,0,1,0.82200,0.16546,0.04704,0,0,0.056415,0.037935,0.035000,0.045000,0.820000,0.160000,0.582814,0.812606,0.000000,0.001404,0.001168,0.566516,0.824051,0.110407,0.937887,0.047169,0.114319,0.034224,1.000000,0.000000,0.000000,0.000000,1.000000,0.000000,0.000000,0.000000,0.048880,0.096268,0.004938,0.000000,0.003287,0.195437
50,1,1,0.83380,0.16552,0.04138,0,0,0.056415,0.037935,0.035000,0.045000,0.820000,0.160000,0.582814,0.812606,0.000000,0.010285,-0.010443,0.844180,-0.536059,0.082959,1.017541,-0.039409,0.082112,0.010322,1.000000,0.000000,0.000000,0.000000,1.000000,0.000000,0.000000,0.000000,0.115239,0.184584,0.049903,0.000000,0.026383,0.351488
50,2,1,0.83931,0.16562,0.03873,0,0,0.056415,0.037935,0.035000,0.045000,0.820000,0.160000,0.582814,0.812606,0.000000,0.010564,-0.004536,-0.751483,0.659753,0.091819,1.078688,-0.035130,0.086577,0.060549,1.000000,0.000000,0.000000,0.000000,1.000000,0.000000,0.000000,0.000000,0.160094,0.284612,0.048826,0.000000,0.020695,0.714041
50,3,1,0.82002,0.16518,0.04799,0,0,0.056415,0.037935,0.035000,0.045000,0.820000,0.160000,0.582814,0.812606,0.000000,0.013199,-0.003995,0.404995,0.914319,0.110573,0.939692,-0.056396,0.125924,0.121905,1.000000,0.000000,0.000000,0.000000,1.000000,0.000000,0.000000,0.000000,0.065348,0.005640,0.004314,0.000000,0.024822,0.068888
50,4,0,-0.31665,0.16555,0.11359,0,0,0.056415,0.037935,0.035000,0.045000,0.820000,0.160000,0.582814,0.812606,0.000000,0.003756,0.001765,0.874943,-0.484225,0.092208,0.950687,-0.111501,0.088492,0.041992,1.000000,0.000000,0.000000,0.000000,1.000000,0.000000,0.000000,0.000000,0.129047,0.255135,0.050000,0.000000,0.007470,0.541181
50,5,1,0.89036,0.16378,0.01423,0,0,0.056415,0.037935,0.035000,0.045000,0.820000,0.160000,0.582814,0.812606,0.000000,-0.010359,-0.012473,0.956235,-0.292600,0.105105,0.846033,-0.012086,0.107946,0.026311,1.000000,0.000000,0.000000,0.000000,1.000000,0.000000,0.000000,0.000000,0.081253,0.108587,0.048939,0.000000,0.029185,0.300325
50,6,1,0.71704,0.16420,0.09742,0,0,0.056415,0.037935,0.035000,0.045000,0.820000,0.160000,0.582814,0.812606,0.000000,-0.000774,-0.004853,-0.956726,0.290990,0.105488,1.201222,0.096701,0.108085,0.024020,1.000000,0.000000,0.000000,0.000000,1.000000,0.000000,0.000000,0.000000,0.064334,0.121630,0.048921,0.000000,0.031518,0.318587
50,7,1,0.88297,0.16515,0.01778,0,0,0.056415,0.037935,0.035000,0.045000,0.820000,0.160000,0.582814,0.812606,0.000000,-0.008604,-0.000729,-0.877296,0.479949,0.093146,0.923779,-0.020277,0.088995,0.046650,1.000000,0.000000,0.000000,0.000000,1.000000,0.000000,0.000000,0.000000,0.141329,0.255327,0.050000,0.000000,0.015543,0.522696
50,8,1,0.74775,0.16360,0.08268,0,0,0.056415,0.037935,0.035000,0.045000,0.820000,0.160000,0.582814,0.812606,0.000000,0.006490,-0.007115,-0.588703,0.808349,0.107639,1.144835,0.080856,0.107440,0.001852,1.000000,0.000000,0.000000,0.000000,1.000000,0.000000,0.000000,0.000000,0.098223,0.171789,0.045280,0.000000,0.017334,0.510189
50,9,1,0.77440,0.16547,0.06989,0,0,0.056415,0.037935,0.035000,0.045000,0.820000,0.160000,0.582814,0.812606,0.000000,0.000924,0.000643,0.688097,0.725619,0.125617,1.135774,-0.070038,0.122116,0.028674,1.000000,0.000000,0.000000,0.000000,1.000000,0.000000,0.000000,0.000000,0.110587,0.224352,0.012637,0.000000,0.002025,0.491455
50,10,0,-0.33000,0.16053,0.12193,0,0,0.056415,0.037935,0.035000,0.045000,0.820000,0.160000,0.582814,0.812606,0.000000,0.023507,-0.003372,0.996440,-0.084302,0.128173,1.058244,-0.109839,0.122956,0.042434,1.000000,0.000000,0.000000,0.000000,1.000000,0.000000,0.000000,0.000000,0.162805,0.255851,0.045676,0.000000,0.042746,0.442577
50,11,1,0.77451,0.16257,0.06983,0,0,0.056415,0.037935,0.035000,0.045000,0.820000,0.160000,0.582814,0.812606,0.000000,-0.001671,-0.003001,0.978199,-0.207669,0.123432,0.982728,-0.070891,0.114776,0.075423,1.000000,0.000000,0.000000,0.000000,1.000000,0.000000,0.000000,0.000000,0.161263,0.317935,0.047852,0.000000,0.006183,0.495717
51,0,1,0.88655,0.16394,0.01606,0,0,0.085641,0.027771,0.035000,0.045000,0.780000,0.180000,0.371292,0.928516,0.000000,0.008528,-0.011755,0.291349,0.956617,0.161912,0.946097,0.002617,0.175370,0.076741,1.000000,0.000000,0.000000,0.000000,1.000000,0.000000,0.000000,0.000000,0.040647,0.006781,0.019248,0.000000,0.034744,0.221068
51,1,1,0.82925,0.16320,0.04356,0,0,0.085641,0.027771,0.035000,0.045000,0.780000,0.180000,0.371292,0.928516,0.000000,-0.010474,0.002185,0.969666,-0.244433,0.070506,0.948504,-0.044960,0.077841,0.094230,1.000000,0.000000,0.000000,0.000000,1.000000,0.000000,0.000000,0.000000,0.181086,0.004496,0.047029,0.000000,0.019259,0.454962
51,2,1,0.76324,0.16317,0.07524,0,0,0.085641,0.027771,0.035000,0.045000,0.780000,0.180000,0.371292,0.928516,0.000000,-0.007961,-0.000022,-0.886838,0.462081,0.077158,1.101837,-0.078209,0.072355,0.066385,1.000000,0.000000,0.000000,0.000000,1.000000,0.000000,0.000000,0.000000,0.309170,0.300591,0.041827,0.000000,0.014330,0.976446
51,3,0,-0.72605,-0.00211,0.06249,0,0,0.085641,0.027771,0.035000,0.045000,0.780000,0.180000,0.371292,0.928516,0.000000,0.005537,-0.004186,-0.155806,0.987788,0.180000,0.874461,0.004065,0.175594,0.025095,1.000000,0.000000,0.000000,0.000000,1.000000,0.000000,0.000000,0.000000,0.193608,0.210596,0.002844,0.000000,0.102493,0.355219
51,4,0,-0.74629,-0.00211,0.07307,0,0,0.085641,0.027771,0.035000,0.045000,0.780000,0.180000,0.371292,0.928516,0.000000,-0.009474,-0.003079,0.960156,0.279466,0.133201,0.892465,0.050761,0.149262,0.107604,1.000000,0.000000,0.000000,0.000000,1.000000,0.000000,0.000000,0.000000,0.162703,0.005076,0.049159,0.000000,0.017932,0.151874
51,5,1,0.83402,0.15565,0.04127,0,0,0.085641,0.027771,0.035000,0.045000,0.780000,0.180000,0.371292,0.928516,0.000000,-0.043041,-0.010151,0.958161,-0.286230,0.066556,0.832312,-0.018118,0.070731,0.059020,1.000000,0.000000,0.000000,0.000000,1.000000,0.000000,0.000000,0.000000,0.245549,0.043772,0.046249,0.000000,0.079600,0.648706
51,6,1,0.70867,0.16318,0.10144,0,0,0.085641,0.027771,0.035000,0.045000,0.780000,0.180000,0.371292,0.928516,0.000000,0.001567,-0.006067,-0.973783,0.227478,0.073034,0.986740,0.101464,0.080662,0.094568,1.000000,0.000000,0.000000,0.000000,1.000000,0.000000,0.000000,0.000000,0.173516,0.010146,0.047318,0.000000,0.011279,0.456628
51,7,0,-0.73547,-0.00211,0.06790,0,0,0.085641,0.027771,0.035000,0.045000,0.780000,0.180000,0.371292,0.928516,0.000000,0.000205,-0.001457,-0.672788,0.739835,0.118618,1.018614,0.052043,0.124830,0.049764,1.000000,0.000000,0.000000,0.000000,1.000000,0.000000,0.000000,0.000000,0.167646,0.065677,0.029797,0.000000,0.002648,0.467480
51,8,0,-0.72988,-0.00211,0.06482,0,0,0.085641,0.027771,0.035000,0.045000,0.780000,0.180000,0.371292,0.928516,0.000000,-0.005540,-0.009087,0.884532,0.466480,0.178637,1.040161,0.052357,0.166438,0.073293,1.000000,0.000000,0.000000,0.000000,1.000000,0.000000,0.000000,0.000000,0.268601,0.311821,0.046325,0.000000,0.103022,0.533442
51,9,0,-0.74396,-0.00211,0.07057,0,0,0.085641,0.027771,0.035000,0.045000,0.780000,0.180000,0.371292,0.928516,0.000000,0.004476,-0.009163,0.878638,0.477489,0.149215,1.198446,-0.052806,0.167283,0.108009,1.000000,0.000000,0.000000,0.000000,1.000000,0.000000,0.000000,0.000000,0.141126,0.005281,0.046087,0.000000,0.039501,0.162321
51,10,1,0.73752,0.15785,0.09184,0,0,0.085641,0.027771,0.035000,0.045000,0.780000,0.180000,0.371292,0.928516,0.000000,0.013684,-0.005538,-0.817137,0.576444,0.096639,0.834343,0.095641,0.093739,0.030928,1.000000,0.000000,0.000000,0.000000,1.000000,0.000000,0.000000,0.000000,0.281937,0.231419,0.037791,0.000000,0.026572,0.783027
51,11,1,0.88457,0.16419,0.01700,0,0,0.085641,0.027771,0.035000,0.045000,0.780000,0.180000,0.371292,0.928516,0.000000,0.003857,0.013186,0.301769,0.953381,0.167323,0.997382,-0.005448,0.174914,0.043395,1.000000,0.000000,0.000000,0.000000,1.000000,0.000000,0.000000,0.000000,0.071030,0.073755,0.019750,0.000000,0.057685,0.265681
52,0,0,-0.74692,0.00979,0.05612,0,0,0.055439,0.050854,0.038000,0.050000,0.340000,0.170000,-0.416885,0.908959,0.000000,0.008458,-0.022029,-0.468641,0.883389,0.091142,1.210841,-0.032946,0.100000,0.088577,0.000000,1.000000,0.000000,0.000000,1.000000,0.000000,0.000000,0.000000,0.048692,0.165295,0.009910,0.000000,0.073792,0.401286
52,1,0,-0.88000,-0.00023,0.15905,0,0,0.055439,0.050854,0.038000,0.050000,0.340000,0.170000,-0.416885,0.908959,0.000000,-0.007401,0.006894,0.963123,0.269060,0.111238,1.093711,-0.101202,0.100000,0.112377,0.000000,1.000000,0.000000,0.000000,1.000000,0.000000,0.000000,0.000000,0.209571,0.608815,0.049994,0.000000,0.018206,0.883841
52,2,1,0.75595,0.13557,0.07874,0,0,0.055439,0.050854,0.038000,0.050000,0.340000,0.170000,-0.416885,0.908959,0.000000,-0.005440,-0.005050,-0.928726,-0.370767,0.113098,0.832694,-0.053402,0.100000,0.130981,0.000000,1.000000,0.000000,0.000000,1.000000,0.000000,0.000000,0.000000,0.223599,0.646267,0.049790,0.000000,0.013360,0.939216
52,3,1,0.80031,0.16693,0.05745,0,0,0.055439,0.050854,0.038000,0.050000,0.340000,0.170000,-0.416885,0.908959,0.000000,0.002729,-0.002787,-0.443950,0.896051,0.111190,1.005466,0.051754,0.100000,0.111900,0.000000,1.000000,0.000000,0.000000,1.000000,0.000000,0.000000,0.000000,0.198531,0.602788,0.008547,0.000000,0.007021,0.861630
52,4,1,0.79401,0.11258,0.06047,0,0,0.055439,0.050854,0.038000,0.050000,0.340000,0.170000,-0.416885,0.908959,0.000000,0.000127,0.006338,0.966930,0.255042,0.103485,1.168243,-0.034093,0.100000,0.034853,0.000000,1.000000,0.000000,0.000000,1.000000,0.000000,0.000000,0.000000,0.125631,0.426127,0.049977,0.000000,0.016489,0.678288
52,5,0,-0.31542,0.10495,0.11300,0,0,0.055439,0.050854,0.038000,0.050000,0.340000,0.170000,-0.416885,0.908959,0.000000,-0.001197,-0.003428,0.995305,-0.096793,0.095354,1.069026,0.101719,0.100000,0.046463,0.000000,1.000000,0.000000,0.000000,1.000000,0.000000,0.000000,0.000000,0.039710,0.248301,0.046337,0.000000,0.006536,0.489727
52,6,1,0.84710,0.16280,0.03499,0,0,0.055439,0.050854,0.038000,0.050000,0.340000,0.170000,-0.416885,0.908959,0.000000,-0.001149,0.002259,-0.999855,0.017014,0.086241,0.956102,-0.024600,0.100000,0.137587,0.000000,1.000000,0.000000,0.000000,1.000000,0.000000,0.000000,0.000000,0.061896,0.164460,0.047689,0.000000,0.004562,0.281478
52,7,0,-0.87429,0.01464,0.11726,0,0,0.055439,0.050854,0.038000,0.050000,0.340000,0.170000,-0.416885,0.908959,0.000000,0.006153,-0.000196,0.457837,-0.889036,0.083030,0.853668,0.070056,0.100000,0.169705,0.000000,1.000000,0.000000,0.000000,1.000000,0.000000,0.000000,0.000000,0.100170,0.169006,0.009312,0.000000,0.011081,0.271020
52,8,1,0.86006,0.08335,0.02877,0,0,0.055439,0.050854,0.038000,0.050000,0.340000,0.170000,-0.416885,0.908959,0.000000,-0.004227,0.007071,0.801608,0.597850,0.111350,0.878915,0.028563,0.100000,0.113496,0.000000,1.000000,0.000000,0.000000,1.000000,0.000000,0.000000,0.000000,0.207502,0.604092,0.046924,0.000000,0.014830,0.873619
52,9,0,-0.86336,0.00979,0.11201,0,0,0.055439,0.050854,0.038000,0.050000,0.340000,0.170000,-0.416885,0.908959,0.000000,-0.000913,0.012647,-0.295827,0.955241,0.091186,1.183061,0.104968,0.100000,0.088138,0.000000,1.000000,0.000000,0.000000,1.000000,0.000000,0.000000,0.000000,0.029694,0.172497,0.000605,0.000000,0.037030,0.346244
52,10,0,-0.82259,0.00046,0.10595,0,0,0.055439,0.050854,0.038000,0.050000,0.340000,0.170000,-0.416885,0.908959,0.000000,0.032316,0.019822,-0.832379,0.554207,0.111700,1.083877,-0.106563,0.100000,0.116996,0.000000,1.000000,0.000000,0.000000,1.000000,0.000000,0.000000,0.000000,0.261444,0.619838,0.032025,0.000000,0.068239,0.926297
52,11,0,-0.79508,0.01453,0.07924,0,0,0.055439,0.050854,0.038000,0.050000,0.340000,0.170000,-0.416885,0.908959,0.000000,-0.004272,0.001686,-0.124912,-0.992168,0.088740,0.987478,0.035553,0.100000,0.112604,0.000000,1.000000,0.000000,0.000000,1.000000,0.000000,0.000000,0.000000,0.040411,0.165555,0.020089,0.000000,0.008267,0.291368
53,0,0,-0.85329,-0.00211,0.11201,0,0,0.108674,0.024995,0.032000,0.045000,0.720000,0.160000,0.095694,0.995411,0.000000,0.021070,-0.012244,0.246734,0.969083,0.180000,1.145963,-0.046242,0.222434,0.190773,0.000000,0.000000,1.000000,0.000000,0.000000,0.000000,1.000000,0.000000,0.175130,0.004624,0.304092,0.000000,0.133865,0.357821
53,1,1,0.88791,0.16320,0.01540,0,0,0.108674,0.024995,0.032000,0.045000,0.720000,0.160000,0.095694,0.995411,0.000000,-0.004866,0.014790,0.995288,-0.096967,0.053196,0.853999,-0.015338,0.050268,0.058252,0.000000,0.000000,1.000000,0.000000,0.000000,0.000000,1.000000,0.000000,0.314720,0.278037,0.000000,0.000000,0.028025,0.376665
53,2,1,0.72780,0.16274,0.09226,0,0,0.108674,0.024995,0.032000,0.045000,0.720000,0.160000,0.095694,0.995411,0.000000,-0.007287,-0.006311,-0.989087,0.147332,0.060254,0.880776,0.090736,0.061226,0.015872,0.000000,0.000000,1.000000,0.000000,0.000000,0.000000,1.000000,0.000000,0.230313,0.137329,0.000000,0.000000,0.017352,0.796179
53,3,0,-0.70894,-0.00211,0.05506,0,0,0.108674,0.024995,0.032000,0.045000,0.720000,0.160000,0.095694,0.995411,0.000000,0.002045,0.002756,-0.528559,0.848896,0.180000,1.124992,0.026277,0.203027,0.113420,0.000000,0.000000,1.000000,0.000000,0.000000,0.000000,1.000000,0.000000,0.130360,0.002628,0.295492,0.000000,0.096178,0.337544
53,4,0,-0.70988,-0.00211,0.05401,0,0,0.108674,0.024995,0.032000,0.045000,0.720000,0.160000,0.095694,0.995411,0.000000,0.001145,-0.000580,0.911137,0.412103,0.173204,0.970983,-0.101139,0.151476,0.143442,0.000000,0.000000,1.000000,0.000000,0.000000,0.000000,1.000000,0.000000,0.355753,0.456999,0.000000,0.000000,0.061730,0.802090
53,5,1,0.86082,0.16004,0.02841,0,0,0.108674,0.024995,0.032000,0.045000,0.720000,0.160000,0.095694,0.995411,0.000000,-0.024451,0.019912,0.999351,-0.036011,0.054062,1.011585,-0.015637,0.062895,0.140438,0.000000,0.000000,1.000000,0.000000,0.000000,0.000000,1.000000,0.000000,0.263777,0.001564,0.000000,0.000000,0.056761,0.281651
53,6,1,0.80111,0.15740,0.06468,0,0,0.108674,0.024995,0.032000,0.045000,0.720000,0.160000,0.095694,0.995411,0.000000,0.005491,-0.001053,-0.996312,-0.085798,0.093598,1.136272,0.064286,0.088451,0.058185,0.000000,0.000000,1.000000,0.000000,0.000000,0.000000,1.000000,0.000000,0.295219,0.282798,0.000000,0.000000,0.010064,0.882839
53,7,0,-0.72832,-0.00211,0.06386,0,0,0.108674,0.024995,0.032000,0.045000,0.720000,0.160000,0.095694,0.995411,0.000000,0.005836,0.000706,0.474434,-0.880291,0.180000,0.973514,0.061640,0.208402,0.136286,0.000000,0.000000,1.000000,0.000000,0.000000,0.000000,1.000000,0.000000,0.149753,0.006164,0.318862,0.000000,0.100581,0.362192
53,8,0,-0.87363,-0.00211,0.14062,0,0,0.108674,0.024995,0.032000,0.045000,0.720000,0.160000,0.095694,0.995411,0.000000,0.002954,0.001680,0.525158,0.851005,0.180000,1.125941,-0.113184,0.217098,0.170883,0.000000,0.000000,1.000000,0.000000,0.000000,0.000000,1.000000,0.000000,0.162856,0.011318,0.147583,0.000000,0.096116,0.260070
53,9,0,-0.32170,0.16310,0.11602,0,0,0.108674,0.024995,0.032000,0.045000,0.720000,0.160000,0.095694,0.995411,0.000000,-0.001449,-0.003080,0.194656,0.980872,0.180000,0.859833,-0.118557,0.221254,0.186455,0.000000,0.000000,1.000000,0.000000,0.000000,0.000000,1.000000,0.000000,0.127226,0.011856,0.323174,0.000000,0.096126,0.339759
53,10,0,-0.75505,-0.00211,0.07610,0,0,0.108674,0.024995,0.032000,0.045000,0.720000,0.160000,0.095694,0.995411,0.000000,-0.002463,-0.011463,-0.655828,-0.754910,0.180000,1.195344,0.058250,0.205988,0.126163,0.000000,0.000000,1.000000,0.000000,0.000000,0.000000,1.000000,0.000000,0.153181,0.005825,0.033866,0.000000,0.130543,0.207418
53,11,0,-0.29424,0.16309,0.10283,0,0,0.108674,0.024995,0.032000,0.045000,0.720000,0.160000,0.095694,0.995411,0.000000,0.000513,-0.003210,-0.046239,0.998930,0.180000,0.869827,-0.105957,0.222236,0.190051,0.000000,0.000000,1.000000,0.000000,0.000000,0.000000,1.000000,0.000000,0.136819,0.010596,0.375340,0.000000,0.095851,0.380614
54,0,0,-0.63821,0.16543,0.09994,1,0,0.059481,0.042808,0.035000,0.045000,0.760000,0.160000,-0.547635,0.836717,2.000000,0.006834,-0.014140,-0.541682,0.840583,0.098126,1.218130,-0.096382,0.119567,0.179324,1.000000,0.000000,0.000000,0.000000,0.000000,1.000000,0.000000,0.000000,0.126023,0.009638,0.412085,0.686808,0.060241,1.533468
54,1,0,-0.54542,0.14996,0.05540,1,0,0.059481,0.042808,0.035000,0.045000,0.760000,0.160000,-0.547635,0.836717,2.000000,0.003016,-0.015607,0.768537,0.639806,0.108350,1.021600,-0.052538,0.098670,0.098101,1.000000,0.000000,0.000000,0.000000,0.000000,1.000000,0.000000,0.000000,0.205123,0.361455,0.590017,0.983362,0.028612,2.116614
54,2,0,-1.18532,-0.00211,0.09855,1,0,0.059481,0.042808,0.035000,0.045000,0.760000,0.160000,-0.547635,0.836717,2.000000,-0.003909,0.006736,-0.932510,-0.361144,0.119187,1.115905,0.016420,0.108538,0.098112,1.000000,0.000000,0.000000,0.000000,0.000000,1.000000,0.000000,0.000000,0.191350,0.357865,0.600000,1.000000,0.014018,2.189366
54,3,0,-1.16421,-0.00212,0.09877,1,0,0.059481,0.042808,0.035000,0.045000,0.760000,0.160000,-0.547635,0.836717,2.000000,-0.011229,-0.004741,0.308738,0.951147,0.161261,0.884626,-0.043758,0.141274,0.141471,1.000000,0.000000,0.000000,0.000000,0.000000,1.000000,0.000000,0.000000,0.242192,0.447317,0.328439,0.547398,0.027612,1.581005
54,4,0,-1.17499,-0.00211,0.09856,1,0,0.059481,0.042808,0.035000,0.045000,0.760000,0.160000,-0.547635,0.836717,2.000000,-0.000128,0.004959,0.986296,-0.164988,0.137331,0.975239,-0.078891,0.143597,0.043636,1.000000,0.000000,0.000000,0.000000,0.000000,1.000000,0.000000,0.000000,0.044797,0.080617,0.541500,0.902499,0.008930,1.765839
54,5,0,-0.46080,0.15545,0.01478,1,0,0.059481,0.042808,0.035000,0.045000,0.760000,0.160000,-0.547635,0.836717,2.000000,0.018537,-0.005416,0.864392,0.502819,0.099800,1.029009,-0.009943,0.091762,0.087599,1.000000,0.000000,0.000000,0.000000,0.000000,1.000000,0.000000,0.000000,0.200430,0.336193,0.600000,1.000000,0.034762,2.197617
54,6,0,-1.14778,-0.00211,0.09054,1,0,0.059481,0.042808,0.035000,0.045000,0.760000,0.160000,-0.547635,0.836717,2.000000,-0.001434,0.003285,-0.941114,-0.338091,0.117714,1.041283,-0.098301,0.110929,0.061166,1.000000,0.000000,0.000000,0.000000,0.000000,1.000000,0.000000,0.000000,0.147261,0.292163,0.600000,1.000000,0.006453,2.105117
54,7,0,-1.19044,-0.00650,0.10101,1,0,0.059481,0.042808,0.035000,0.045000,0.760000,0.160000,-0.547635,0.836717,2.000000,-0.005172,0.002236,-0.986806,0.161905,0.136890,0.921250,0.087155,0.143504,0.046094,1.000000,0.000000,0.000000,0.000000,0.000000,1.000000,0.000000,0.000000,0.043485,0.076528,0.571139,0.951899,0.010142,1.768157
54,8,0,-1.13335,-0.00212,0.07361,1,0,0.059481,0.042808,0.035000,0.045000,0.760000,0.160000,-0.547635,0.836717,2.000000,-0.003617,0.007624,-0.920765,0.390119,0.153736,1.180527,0.042426,0.146487,0.049488,1.000000,0.000000,0.000000,0.000000,0.000000,1.000000,0.000000,0.000000,0.143833,0.263218,0.512410,0.854017,0.026479,1.836253
54,9,0,-0.58380,0.16541,0.07383,1,0,0.059481,0.042808,0.035000,0.045000,0.760000,0.160000,-0.547635,0.836717,2.000000,-0.001313,-0.022621,-0.568528,0.822664,0.100470,1.042075,-0.078558,0.121080,0.170217,1.000000,0.000000,0.000000,0.000000,0.000000,1.000000,0.000000,0.000000,0.128737,0.007856,0.532565,0.887609,0.040786,1.487286
54,10,0,-1.06924,-0.00211,0.05941,1,0,0.059481,0.042808,0.035000,0.045000,0.760000,0.160000,-0.547635,0.836717,2.000000,0.006754,-0.025816,0.974535,-0.224237,0.163164,1.111738,-0.079256,0.145108,0.124433,1.000000,0.000000,0.000000,0.000000,0.000000,1.000000,0.000000,0.000000,0.249798,0.416792,0.600000,1.000000,0.062271,2.216060
54,11,0,-1.14107,-0.00211,0.08571,1,0,0.059481,0.042808,0.035000,0.045000,0.760000,0.160000,-0.547635,0.836717,2.000000,-0.001658,-0.004858,-0.993980,0.109566,0.116637,0.950333,-0.111999,0.141730,0.177047,1.000000,0.000000,0.000000,0.000000,0.000000,1.000000,0.000000,0.000000,0.105775,0.011200,0.600000,1.000000,0.009241,1.564333
55,0,1,0.73312,0.16321,0.08970,0,0,0.055565,0.037203,0.035000,0.045000,0.820000,0.160000,-0.017705,0.999843,0.000000,-0.006762,-0.021641,-0.021521,0.999768,0.116891,0.896459,-0.111811,0.111414,0.049166,1.000000,0.000000,0.000000,0.000000,1.000000,0.000000,0.000000,0.000000,0.167709,0.269513,0.009630,0.000000,0.040810,0.419843
55,1,1,0.89118,0.16541,0.01383,0,0,0.055565,0.037203,0.035000,0.045000,0.820000,0.160000,-0.017705,0.999843,0.000000,0.004617,-0.001736,0.997351,-0.072738,0.092706,1.219209,-0.012829,0.084145,0.101739,1.000000,0.000000,0.000000,0.000000,1.000000,0.000000,0.000000,0.000000,0.190124,0.364761,0.049753,0.000000,0.041443,0.821162
55,2,1,0.90640,0.16521,0.00653,0,0,0.055565,0.037203,0.035000,0.045000,0.820000,0.160000,-0.017705,0.999843,0.000000,-0.002242,-0.002563,-0.985039,-0.172330,0.095569,1.061830,0.006565,0.090718,0.053479,1.000000,0.000000,0.000000,0.000000,1.000000,0.000000,0.000000,0.000000,0.139268,0.267614,0.047046,0.000000,0.006129,0.531359
55,3,1,0.89759,0.16501,0.01075,0,0,0.055565,0.037203,0.035000,0.045000,0.820000,0.160000,-0.017705,0.999843,0.000000,-0.004425,0.010961,-0.035279,0.999377,0.125937,1.159846,0.021618,0.112421,0.120224,1.000000,0.000000,0.000000,0.000000,1.000000,0.000000,0.000000,0.000000,0.220319,0.402610,0.010305,0.000000,0.021277,0.523509
55,4,1,0.88884,0.16107,0.01918,0,0,0.055565,0.037203,0.035000,0.045000,0.820000,0.160000,-0.017705,0.999843,0.000000,0.003703,0.015727,0.943120,-0.332452,0.125253,1.013924,-0.012708,0.108520,0.154201,1.000000,0.000000,0.000000,0.000000,1.000000,0.000000,0.000000,0.000000,0.261668,0.469673,0.049308,0.000000,0.029082,0.833858
55,5,1,0.82210,0.15717,0.04699,0,0,0.055565,0.037203,0.035000,0.045000,0.820000,0.160000,-0.017705,0.999843,0.000000,-0.034936,0.019819,0.991953,0.126603,0.095224,1.111636,-0.021736,0.086077,0.106264,1.000000,0.000000,0.000000,0.000000,1.000000,0.000000,0.000000,0.000000,0.254547,0.374702,0.047778,0.000000,0.072300,0.712497
55,6,1,0.87075,0.16531,0.02364,0,0,0.055565,0.037203,0.035000,0.045000,0.820000,0.160000,-0.017705,0.999843,0.000000,0.006457,0.002408,-0.999839,-0.017944,0.075401,1.201048,0.022648,0.074432,0.013017,1.000000,0.000000,0.000000,0.000000,1.000000,0.000000,0.000000,0.000000,0.104732,0.188299,0.049098,0.000000,0.034980,0.245424
55,7,1,0.90371,0.16244,0.00782,0,0,0.055565,0.037203,0.035000,0.045000,0.820000,0.160000,-0.017705,0.999843,0.000000,-0.006296,-0.001328,0.906465,-0.422282,0.120877,0.945310,0.002897,0.115583,0.045803,1.000000,0.000000,0.000000,0.000000,1.000000,0.000000,0.000000,0.000000,0.136742,0.251895,0.048272,0.000000,0.011583,0.570102
55,8,1,0.91003,0.16498,0.00479,0,0,0.055565,0.037203,0.035000,0.045000,0.820000,0.160000,-0.017705,0.999843,0.000000,-0.003080,-0.004096,0.949308,-0.314348,0.100643,1.070259,0.000443,0.107004,0.059454,1.000000,0.000000,0.000000,0.000000,1.000000,0.000000,0.000000,0.000000,0.029258,0.041137,0.049457,0.000000,0.009224,0.353647
55,9,1,0.82650,0.14468,0.04488,0,0,0.055565,0.037203,0.035000,0.045000,0.820000,0.160000,-0.017705,0.999843,0.000000,-0.006630,-0.011290,-0.700438,0.713713,0.117981,1.032992,-0.040057,0.131849,0.105184,1.000000,0.000000,0.000000,0.000000,1.000000,0.000000,0.000000,0.000000,0.047441,0.004006,0.040621,0.000000,0.023567,0.184981
55,10,1,0.80562,0.15843,0.05490,0,0,0.055565,0.037203,0.035000,0.045000,0.820000,0.160000,-0.017705,0.999843,0.000000,-0.000287,-0.033286,-0.774337,-0.632773,0.110588,0.862292,0.025927,0.127225,0.130771,1.000000,0.000000,0.000000,0.000000,1.000000,0.000000,0.000000,0.000000,0.107359,0.002593,0.032719,0.000000,0.059916,0.107788
55,11,1,0.80923,0.16538,0.05317,0,0,0.055565,0.037203,0.035000,0.045000,0.820000,0.160000,-0.017705,0.999843,0.000000,0.000460,-0.008143,0.254861,0.966978,0.145266,1.216857,0.045195,0.127176,0.142243,1.000000,0.000000,0.000000,0.000000,1.000000,0.000000,0.000000,0.000000,0.236108,0.449005,0.004265,0.000000,0.045953,0.745089
56,0,1,0.89650,0.16479,0.01128,0,0,0.086584,0.027641,0.035000,0.045000,0.780000,0.180000,-0.590372,0.807131,0.000000,-0.018536,0.011646,-0.557438,0.830218,0.180000,1.056016,0.010887,0.175252,0.027093,1.000000,0.000000,0.000000,0.000000,1.000000,0.000000,0.000000,0.000000,0.150339,0.215274,0.000137,0.000000,0.129403,0.315082
56,1,1,0.77862,0.16486,0.06786,0,0,0.086584,0.027641,0.035000,0.045000,0.780000,0.180000,-0.590372,0.807131,0.000000,-0.005934,-0.002065,0.809461,0.587174,0.059790,1.071265,0.069884,0.055967,0.068305,1.000000,0.000000,0.000000,0.000000,1.000000,0.000000,0.000000,0.000000,0.308985,0.303598,0.049962,0.000000,0.011310,0.419487
56,2,0,-0.31639,0.16479,0.11347,0,0,0.086584,0.027641,0.035000,0.045000,0.780000,0.180000,-0.590372,0.807131,0.000000,-0.002291,0.001692,-0.773247,-0.634106,0.055250,0.983062,0.115203,0.064774,0.147045,1.000000,0.000000,0.000000,0.000000,1.000000,0.000000,0.000000,0.000000,0.221657,0.011520,0.049759,0.000000,0.005127,0.234841
56,3,1,0.87903,0.16493,0.01967,0,0,0.086584,0.027641,0.035000,0.045000,0.780000,0.180000,-0.590372,0.807131,0.000000,-0.002828,0.003037,-0.465794,0.884893,0.180000,0.939412,0.021049,0.179398,0.003354,1.000000,0.000000,0.000000,0.000000,1.000000,0.000000,0.000000,0.000000,0.112378,0.168813,0.005192,0.000000,0.097470,0.273121
56,4,0,-0.30994,0.16486,0.11037,0,0,0.086584,0.027641,0.035000,0.045000,0.780000,0.180000,-0.590372,0.807131,0.000000,0.005034,0.002747,0.820651,0.571430,0.056719,1.152364,0.108902,0.059297,0.043475,1.000000,0.000000,0.000000,0.000000,1.000000,0.000000,0.000000,0.000000,0.196234,0.083940,0.049990,0.000000,0.010323,0.274916
56,5,0,-0.77475,-0.00211,0.08590,0,0,0.086584,0.027641,0.035000,0.045000,0.780000,0.180000,-0.590372,0.807131,0.000000,0.026781,0.003974,0.998273,-0.058744,0.139094,1.218254,-0.043802,0.152894,0.090258,1.000000,0.000000,0.000000,0.000000,1.000000,0.000000,0.000000,0.000000,0.171944,0.004380,0.039885,0.000000,0.080774,0.355621
56,6,0,-0.73526,-0.00211,0.06722,0,0,0.086584,0.027641,0.035000,0.045000,0.780000,0.180000,-0.590372,0.807131,0.000000,0.012412,0.001568,-0.998603,0.052841,0.138473,1.109831,-0.060457,0.152310,0.090850,1.000000,0.000000,0.000000,0.000000,1.000000,0.000000,0.000000,0.000000,0.148339,0.006046,0.040062,0.000000,0.022519,0.323008
56,7,1,0.88355,0.16080,0.02395,0,0,0.086584,0.027641,0.035000,0.045000,0.780000,0.180000,-0.590372,0.807131,0.000000,0.001607,-0.004404,0.544343,0.838863,0.100624,1.094604,0.020790,0.113264,0.111598,1.000000,0.000000,0.000000,0.000000,1.000000,0.000000,0.000000,0.000000,0.179757,0.002079,0.045923,0.000000,0.008438,0.262316
56,8,1,0.73767,0.16483,0.08752,0,0,0.086584,0.027641,0.035000,0.045000,0.780000,0.180000,-0.590372,0.807131,0.000000,-0.000901,-0.002837,-0.574679,0.818379,0.175472,0.979600,0.085240,0.174204,0.007278,1.000000,0.000000,0.000000,0.000000,1.000000,0.000000,0.000000,0.000000,0.095234,0.183081,0.001182,0.000000,0.074981,0.292316
56,9,0,-0.88000,-0.00213,0.13518,0,0,0.086584,0.027641,0.035000,0.045000,0.780000,0.180000,-0.590372,0.807131,0.000000,-0.007263,0.001606,-0.243198,0.969977,0.180000,0.858850,-0.082554,0.181243,0.006856,1.000000,0.000000,0.000000,0.000000,1.000000,0.000000,0.000000,0.000000,0.142243,0.154544,0.016811,0.000000,0.103389,0.264925
56,10,0,-0.73423,-0.00211,0.06783,0,0,0.086584,0.027641,0.035000,0.045000,0.780000,0.180000,-0.590372,0.807131,0.000000,0.004314,-0.012776,0.952344,0.305026,0.119330,0.884199,-0.007650,0.107177,0.113384,1.000000,0.000000,0.000000,0.000000,1.000000,0.000000,0.000000,0.000000,0.358621,0.387534,0.048072,0.000000,0.024273,0.938973
56,11,1,0.80190,0.16070,0.06057,0,0,0.086584,0.027641,0.035000,0.045000,0.780000,0.180000,-0.590372,0.807131,0.000000,-0.000070,-0.007171,0.901679,0.432405,0.095980,1.022007,0.059893,0.086091,0.114875,1.000000,0.000000,0.000000,0.000000,1.000000,0.000000,0.000000,0.000000,0.354525,0.395739,0.049501,0.000000,0.012909,1.028977
57,0,0,-0.72402,0.00979,0.04513,0,0,0.054473,0.049827,0.038000,0.050000,0.340000,0.170000,0.138580,0.990351,0.000000,-0.024111,0.009753,0.173322,0.984865,0.099544,1.175113,0.020021,0.100000,0.004558,0.000000,1.000000,0.000000,0.000000,1.000000,0.000000,0.000000,0.000000,0.119657,0.335256,0.016045,0.000000,0.056125,0.587949
57,1,0,-0.33000,0.15137,0.12297,0,0,0.054473,0.049827,0.038000,0.050000,0.340000,0.170000,0.138580,0.990351,0.000000,-0.003038,0.011473,0.990566,-0.137039,0.090476,0.991904,0.109913,0.100000,0.095238,0.000000,1.000000,0.000000,0.000000,1.000000,0.000000,0.000000,0.000000,0.035415,0.172991,0.047913,0.000000,0.021364,0.352154
57,2,0,-0.77423,0.00979,0.06923,0,0,0.054473,0.049827,0.038000,0.050000,0.340000,0.170000,0.138580,0.990351,0.000000,0.017773,0.000594,-0.991062,0.133400,0.104217,1.152365,-0.011772,0.100000,0.042166,0.000000,1.000000,0.000000,0.000000,1.000000,0.000000,0.000000,0.000000,0.152397,0.440494,0.047965,0.000000,0.032010,0.717635
57,3,0,-0.88000,0.00236,0.14698,0,0,0.054473,0.049827,0.038000,0.050000,0.340000,0.170000,0.138580,0.990351,0.000000,-0.007463,0.008709,-0.114588,0.993413,0.099883,1.046593,-0.079194,0.100000,0.001167,0.000000,1.000000,0.000000,0.000000,1.000000,0.000000,0.000000,0.000000,0.098331,0.348871,0.001881,0.000000,0.020644,0.562926
57,4,0,-0.33000,0.12385,0.13380,0,0,0.054473,0.049827,0.038000,0.050000,0.340000,0.170000,0.138580,0.990351,0.000000,-0.002804,0.009826,0.930940,0.365173,0.114161,1.045138,-0.112041,0.100000,0.141614,0.000000,1.000000,0.000000,0.000000,1.000000,0.000000,0.000000,0.000000,0.238986,0.676268,0.048780,0.000000,0.018394,0.949071
57,5,0,-0.79685,0.00720,0.09053,0,0,0.054473,0.049827,0.038000,0.050000,0.340000,0.170000,0.138580,0.990351,0.000000,0.029621,0.023788,0.989166,-0.146801,0.098128,1.141671,0.076434,0.100000,0.018715,0.000000,1.000000,0.000000,0.000000,1.000000,0.000000,0.000000,0.000000,0.125868,0.308759,0.047770,0.000000,0.068383,0.588767
57,6,0,-0.88000,0.00935,0.15770,0,0,0.054473,0.049827,0.038000,0.050000,0.340000,0.170000,0.138580,0.990351,0.000000,-0.004902,-0.010638,-0.970982,0.239154,0.086907,1.159466,0.102462,0.100000,0.130933,0.000000,1.000000,0.000000,0.000000,1.000000,0.000000,0.000000,0.000000,0.070845,0.172246,0.046170,0.000000,0.021083,0.288579
57,7,0,-0.80798,0.03850,0.08543,0,0,0.054473,0.049827,0.038000,0.050000,0.340000,0.170000,0.138580,0.990351,0.000000,0.011137,-0.004226,0.852363,-0.522950,0.108024,0.928909,0.089372,0.100000,0.080243,0.000000,1.000000,0.000000,0.000000,1.000000,0.000000,0.000000,0.000000,0.180494,0.534690,0.038152,0.000000,0.021441,0.811117
57,8,0,-0.33000,0.12651,0.12332,0,0,0.054473,0.049827,0.038000,0.050000,0.340000,0.170000,0.138580,0.990351,0.000000,-0.004970,-0.004854,-0.637177,0.770717,0.112178,1.017917,0.086109,0.100000,0.121778,0.000000,1.000000,0.000000,0.000000,1.000000,0.000000,0.000000,0.000000,0.213587,0.628647,0.025636,0.000000,0.012504,0.904239
57,9,0,-0.88000,0.00975,0.13981,0,0,0.054473,0.049827,0.038000,0.050000,0.340000,0.170000,0.138580,0.990351,0.000000,-0.002610,0.000834,0.803249,-0.595644,0.088225,1.155355,-0.102810,0.100000,0.117746,0.000000,1.000000,0.000000,0.000000,1.000000,0.000000,0.000000,0.000000,0.042405,0.172281,0.035173,0.000000,0.004933,0.297008
57,10,0,-0.88000,0.02038,0.12196,0,0,0.054473,0.049827,0.038000,0.050000,0.340000,0.170000,0.138580,0.990351,0.000000,0.011064,0.024762,-0.810649,-0.585533,0.110805,1.112147,-0.071378,0.100000,0.108055,0.000000,1.000000,0.000000,0.000000,1.000000,0.000000,0.000000,0.000000,0.234162,0.596023,0.044509,0.000000,0.048819,0.882480
57,11,0,-0.80655,0.00739,0.08475,0,0,0.054473,0.049827,0.038000,0.050000,0.340000,0.170000,0.138580,0.990351,0.000000,-0.009372,0.001734,0.334747,0.942308,0.101259,1.180015,0.070889,0.100000,0.012595,0.000000,1.000000,0.000000,0.000000,1.000000,0.000000,0.000000,0.000000,0.108797,0.379280,0.023699,0.000000,0.029485,0.623569
58,0,0,-0.15568,0.16287,0.03632,0,0,0.117391,0.024384,0.032000,0.045000,0.720000,0.160000,-0.326729,0.945118,0.000000,0.023584,-0.011899,-0.269841,0.962905,0.180000,1.041044,0.030569,0.237271,0.241374,0.000000,0.000000,1.000000,0.000000,0.000000,0.000000,1.000000,0.000000,0.215218,0.003057,0.274121,0.000000,0.137549,0.383529
58,1,1,0.84249,0.16315,0.03721,0,0,0.117391,0.024384,0.032000,0.045000,0.720000,0.160000,-0.326729,0.945118,0.000000,0.000910,0.009007,0.949075,0.315051,0.047278,1.031522,0.037774,0.051658,0.084794,0.000000,0.000000,1.000000,0.000000,0.000000,0.000000,1.000000,0.000000,0.170173,0.003777,0.000000,0.000000,0.016296,0.266156
58,2,1,0.88591,0.16251,0.01636,0,0,0.117391,0.024384,0.032000,0.045000,0.720000,0.160000,-0.326729,0.945118,0.000000,0.012839,0.000143,-0.953250,-0.302181,0.053923,0.886372,0.008079,0.054822,0.016400,0.000000,0.000000,1.000000,0.000000,0.000000,0.000000,1.000000,0.000000,0.235377,0.128008,0.000000,0.000000,0.023111,0.311206
58,3,0,-0.12417,0.16302,0.02120,0,0,0.117391,0.024384,0.032000,0.045000,0.720000,0.160000,-0.326729,0.945118,0.000000,-0.004636,-0.003083,-0.395759,0.918354,0.180000,1.072702,-0.025381,0.237747,0.242894,0.000000,0.000000,1.000000,0.000000,0.000000,0.000000,1.000000,0.000000,0.183456,0.002538,0.206464,0.000000,0.100021,0.294758
58,4,1,0.80759,0.16024,0.05396,0,0,0.117391,0.024384,0.032000,0.045000,0.720000,0.160000,-0.326729,0.945118,0.000000,-0.003227,-0.001281,0.885554,0.464537,0.074297,1.042628,-0.053480,0.083366,0.108783,0.000000,0.000000,1.000000,0.000000,0.000000,0.000000,1.000000,0.000000,0.182996,0.005348,0.004284,0.000000,0.006250,0.534951
58,5,0,-0.79519,-0.00211,0.09344,0,0,0.117391,0.024384,0.032000,0.045000,0.720000,0.160000,-0.326729,0.945118,0.000000,0.002149,-0.042867,0.990270,-0.139158,0.135557,0.883059,-0.117572,0.150268,0.097897,0.000000,0.000000,1.000000,0.000000,0.000000,0.000000,1.000000,0.000000,0.224431,0.011757,0.000000,0.000000,0.077257,0.430977
58,6,0,-0.72135,-0.00211,0.06164,0,0,0.117391,0.024384,0.032000,0.045000,0.720000,0.160000,-0.326729,0.945118,0.000000,0.005762,0.007524,-0.970127,0.242597,0.146732,0.944825,0.016798,0.169099,0.132273,0.000000,0.000000,1.000000,0.000000,0.000000,0.000000,1.000000,0.000000,0.194027,0.001680,0.000000,0.000000,0.017058,0.232197
58,7,0,-0.73094,-0.00211,0.06596,0,0,0.117391,0.024384,0.032000,0.045000,0.720000,0.160000,-0.326729,0.945118,0.000000,0.011460,-0.007783,-0.607315,-0.794461,0.180000,0.946299,0.038976,0.170352,0.056637,0.000000,0.000000,1.000000,0.000000,0.000000,0.000000,1.000000,0.000000,0.285221,0.277172,0.275353,0.000000,0.114936,0.767162
58,8,0,-0.70468,-0.00211,0.05372,0,0,0.117391,0.024384,0.032000,0.045000,0.720000,0.160000,-0.326729,0.945118,0.000000,0.000939,-0.001284,0.966355,-0.257213,0.141702,1.003181,0.030652,0.171646,0.174450,0.000000,0.000000,1.000000,0.000000,0.000000,0.000000,1.000000,0.000000,0.221547,0.003065,0.000000,0.000000,0.002863,0.161530
58,9,0,-0.26256,0.16295,0.08763,0,0,0.117391,0.024384,0.032000,0.045000,0.720000,0.160000,-0.326729,0.945118,0.000000,-0.005093,-0.003850,-0.394216,0.919018,0.180000,1.056341,0.082579,0.237694,0.242725,0.000000,0.000000,1.000000,0.000000,0.000000,0.000000,1.000000,0.000000,0.184425,0.008258,0.207409,0.000000,0.101491,0.298935
58,10,0,-0.77439,-0.00211,0.08521,0,0,0.117391,0.024384,0.032000,0.045000,0.720000,0.160000,-0.326729,0.945118,0.000000,0.015993,-0.008609,0.864596,0.502468,0.106838,1.168348,0.099710,0.093029,0.148440,0.000000,0.000000,1.000000,0.000000,0.000000,0.000000,1.000000,0.000000,0.406514,0.466852,0.037545,0.000000,0.037284,1.151784
58,11,0,-0.88000,-0.00235,0.14417,0,0,0.117391,0.024384,0.032000,0.045000,0.720000,0.160000,-0.326729,0.945118,0.000000,-0.000356,-0.002599,0.089404,-0.995995,0.180000,0.898569,0.083400,0.239616,0.248798,0.000000,0.000000,1.000000,0.000000,0.000000,0.000000,1.000000,0.000000,0.209397,0.008340,0.340882,0.000000,0.094722,0.405724
59,0,0,-0.50853,0.16324,0.03769,1,0,0.058591,0.042870,0.035000,0.045000,0.760000,0.160000,-0.466009,0.884780,2.000000,-0.024651,-0.001629,-0.352217,0.935919,0.113666,1.054675,0.016098,0.126945,0.104604,1.000000,0.000000,0.000000,0.000000,0.000000,1.000000,0.000000,0.000000,0.066603,0.001610,0.431477,0.719128,0.044470,1.672525
59,1,0,-0.52634,0.12859,0.04624,1,0,0.058591,0.042870,0.035000,0.045000,0.760000,0.160000,-0.466009,0.884780,2.000000,-0.005095,0.007587,0.901666,0.432432,0.096864,0.947132,-0.050494,0.090082,0.075284,1.000000,0.000000,0.000000,0.000000,0.000000,1.000000,0.000000,0.000000,0.170819,0.315618,0.600000,1.000000,0.016449,1.907012
59,2,0,-1.23000,0.03685,0.14053,1,0,0.058591,0.042870,0.035000,0.045000,0.760000,0.160000,-0.466009,0.884780,2.000000,-0.004877,0.001092,-0.834918,-0.550375,0.100825,0.984809,-0.062278,0.096797,0.041609,1.000000,0.000000,0.000000,0.000000,0.000000,1.000000,0.000000,0.000000,0.130105,0.249447,0.500356,0.833927,0.008996,1.970306
59,3,0,-1.14169,-0.00211,0.07761,1,0,0.058591,0.042870,0.035000,0.045000,0.760000,0.160000,-0.466009,0.884780,2.000000,0.000575,0.001147,0.380138,0.924930,0.131324,1.121545,-0.116221,0.140932,0.068171,1.000000,0.000000,0.000000,0.000000,0.000000,1.000000,0.000000,0.000000,0.014010,0.035281,0.156411,0.260684,0.002309,0.843142
59,4,0,-1.12766,-0.00211,0.08209,1,0,0.058591,0.042870,0.035000,0.045000,0.760000,0.160000,-0.466009,0.884780,2.000000,-0.003779,0.007716,0.972409,-0.233283,0.129384,1.071990,0.090704,0.141734,0.087134,1.000000,0.000000,0.000000,0.000000,0.000000,1.000000,0.000000,0.000000,0.021740,0.009070,0.600000,1.000000,0.015465,1.653607
59,5,0,-1.11395,-0.00211,0.07808,1,0,0.058591,0.042870,0.035000,0.045000,0.760000,0.160000,-0.466009,0.884780,2.000000,0.011269,0.008535,0.963738,-0.266849,0.130991,0.889075,0.113910,0.142742,0.082323,1.000000,0.000000,0.000000,0.000000,0.000000,1.000000,0.000000,0.000000,0.026355,0.011391,0.600000,1.000000,0.025446,1.689452
59,6,0,-1.14937,-0.00211,0.09331,1,0,0.058591,0.042870,0.035000,0.045000,0.760000,0.160000,-0.466009,0.884780,2.000000,-0.004774,-0.005682,-0.992644,0.121066,0.155105,0.832564,0.111503,0.137223,0.130313,1.000000,0.000000,0.000000,0.000000,0.000000,1.000000,0.000000,0.000000,0.222929,0.431776,0.464251,0.773752,0.013358,1.715203
59,7,0,-0.55079,0.16270,0.05798,1,0,0.058591,0.042870,0.035000,0.045000,0.760000,0.160000,-0.466009,0.884780,2.000000,-0.003327,0.000934,0.061406,-0.998113,0.127996,1.106468,-0.079401,0.142059,0.098992,1.000000,0.000000,0.000000,0.000000,0.000000,1.000000,0.000000,0.000000,0.024867,0.007940,0.075973,0.126621,0.006221,0.757525
59,8,0,-0.49578,0.16494,0.03157,1,0,0.058591,0.042870,0.035000,0.045000,0.760000,0.160000,-0.466009,0.884780,2.000000,-0.012173,0.002017,-0.469214,0.883085,0.112572,1.207355,0.020264,0.117492,0.041870,1.000000,0.000000,0.000000,0.000000,0.000000,1.000000,0.000000,0.000000,0.059105,0.078286,0.486810,0.811350,0.048255,1.676569
59,9,0,-0.59211,0.15274,0.07781,1,0,0.058591,0.042870,0.035000,0.045000,0.760000,0.160000,-0.466009,0.884780,2.000000,0.002557,0.019068,-0.663263,0.748387,0.129072,1.196330,-0.089738,0.134225,0.038394,1.000000,0.000000,0.000000,0.000000,0.000000,1.000000,0.000000,0.000000,0.074311,0.092185,0.549205,0.915341,0.054610,1.716263
59,10,0,-0.66176,0.16261,0.11124,1,0,0.058591,0.042870,0.035000,0.045000,0.760000,0.160000,-0.466009,0.884780,2.000000,0.034464,0.025524,-0.945479,-0.325683,0.086130,0.847673,0.093955,0.102601,0.160534,1.000000,0.000000,0.000000,0.000000,0.000000,1.000000,0.000000,0.000000,0.153441,0.009396,0.600000,1.000000,0.077195,1.652150
59,11,0,-0.63592,0.16405,0.09884,1,0,0.058591,0.042870,0.035000,0.045000,0.760000,0.160000,-0.466009,0.884780,2.000000,-0.000490,0.010036,0.804641,0.593761,0.115707,1.015685,0.098708,0.102386,0.130109,1.000000,0.000000,0.000000,0.000000,0.000000,1.000000,0.000000,0.000000,0.227191,0.430089,0.461956,0.769926,0.018087,2.161627
60,0,1,0.81150,0.16551,0.05208,0,0,0.056077,0.037797,0.035000,0.045000,0.820000,0.160000,-0.146266,0.989245,0.000000,0.000843,-0.003000,-0.257016,0.966407,0.133107,1.153502,-0.054640,0.119971,0.109493,1.000000,0.000000,0.000000,0.000000,1.000000,0.000000,0.000000,0.000000,0.194790,0.384449,0.036144,0.000000,0.005609,0.549914
60,1,1,0.77358,0.16554,0.07028,0,0,0.056077,0.037797,0.035000,0.045000,0.820000,0.160000,-0.146266,0.989245,0.000000,0.000206,-0.001344,0.980991,0.194055,0.082552,1.015118,-0.070359,0.080943,0.019871,1.000000,0.000000,0.000000,0.000000,1.000000,0.000000,0.000000,0.000000,0.102182,0.206778,0.036812,0.000000,0.002447,0.301194
60,2,1,0.79556,0.16513,0.05973,0,0,0.056077,0.037797,0.035000,0.045000,0.820000,0.160000,-0.146266,0.989245,0.000000,-0.009975,-0.002829,-0.990554,-0.137121,0.070121,1.193914,-0.057659,0.076628,0.084915,1.000000,0.000000,0.000000,0.000000,1.000000,0.000000,0.000000,0.000000,0.022542,0.005766,0.038703,0.000000,0.037316,0.123668
60,3,1,0.78362,0.16497,0.06546,0,0,0.056077,0.037797,0.035000,0.045000,0.820000,0.160000,-0.146266,0.989245,0.000000,-0.000667,0.011228,0.644555,0.764558,0.121048,1.138262,0.072963,0.130907,0.075308,1.000000,0.000000,0.000000,0.000000,1.000000,0.000000,0.000000,0.000000,0.023813,0.016680,0.007592,0.000000,0.020246,0.144482
60,4,1,0.87332,0.16194,0.02646,0,0,0.056077,0.037797,0.035000,0.045000,0.820000,0.160000,-0.146266,0.989245,0.000000,-0.000305,-0.008393,0.829350,-0.558730,0.146443,1.023655,0.023390,0.131437,0.114171,1.000000,0.000000,0.000000,0.000000,1.000000,0.000000,0.000000,0.000000,0.208448,0.390680,0.049950,0.000000,0.015118,0.685118
60,5,1,0.79987,0.15640,0.05766,0,0,0.056077,0.037797,0.035000,0.045000,0.820000,0.160000,-0.146266,0.989245,0.000000,0.031272,0.021817,0.972072,-0.234683,0.114036,0.845897,0.046305,0.112082,0.017439,1.000000,0.000000,0.000000,0.000000,1.000000,0.000000,0.000000,0.000000,0.162261,0.199507,0.047599,0.000000,0.068635,0.552746
60,6,1,0.83750,0.15982,0.04894,0,0,0.056077,0.037797,0.035000,0.045000,0.820000,0.160000,-0.146266,0.989245,0.000000,0.002936,0.005394,-0.954067,0.299594,0.133505,1.006276,-0.048517,0.116924,0.141811,1.000000,0.000000,0.000000,0.000000,1.000000,0.000000,0.000000,0.000000,0.232250,0.448474,0.048522,0.000000,0.011053,0.781680
60,7,1,0.83884,0.16246,0.03896,0,0,0.056077,0.037797,0.035000,0.045000,0.820000,0.160000,-0.146266,0.989245,0.000000,-0.010109,-0.002204,-0.909547,-0.415602,0.114874,0.920770,-0.035680,0.103802,0.106664,1.000000,0.000000,0.000000,0.000000,1.000000,0.000000,0.000000,0.000000,0.204254,0.376897,0.027991,0.000000,0.018624,0.579912
60,8,1,0.85733,0.16555,0.03008,0,0,0.056077,0.037797,0.035000,0.045000,0.820000,0.160000,-0.146266,0.989245,0.000000,0.001287,-0.003474,0.223196,0.974774,0.134329,0.861216,0.026039,0.131956,0.017986,1.000000,0.000000,0.000000,0.000000,1.000000,0.000000,0.000000,0.000000,0.104284,0.198576,0.015867,0.000000,0.006668,0.438348
60,9,1,0.72443,0.16340,0.09387,0,0,0.056077,0.037797,0.035000,0.045000,0.820000,0.160000,-0.146266,0.989245,0.000000,-0.001043,0.006360,-0.696261,-0.717789,0.134937,1.034323,0.098073,0.128219,0.052393,1.000000,0.000000,0.000000,0.000000,1.000000,0.000000,0.000000,0.000000,0.143349,0.274593,0.011017,0.000000,0.011600,0.421113
60,10,1,0.79122,0.16541,0.06182,0,0,0.056077,0.037797,0.035000,0.045000,0.820000,0.160000,-0.146266,0.989245,0.000000,0.001400,0.005242,0.161699,-0.986840,0.105538,0.832913,-0.056622,0.113320,0.068674,1.000000,0.000000,0.000000,0.000000,1.000000,0.000000,0.000000,0.000000,0.020550,0.028314,0.032608,0.000000,0.009767,0.136842
60,11,1,0.88809,0.16351,0.01532,0,0,0.056077,0.037797,0.035000,0.045000,0.820000,0.160000,-0.146266,0.989245,0.000000,-0.013413,-0.005548,-0.999633,0.027088,0.108771,1.092470,0.005396,0.093858,0.158889,1.000000,0.000000,0.000000,0.000000,1.000000,0.000000,0.000000,0.000000,0.263565,0.478318,0.043368,0.000000,0.026127,0.915206
61,0,0,-0.85304,-0.00211,0.12779,0,0,0.096666,0.031289,0.035000,0.045000,0.780000,0.180000,-0.019230,0.999815,0.000000,-0.016393,-0.031906,0.121758,0.992560,0.175285,1.200914,-0.109883,0.200218,0.124527,1.000000,0.000000,0.000000,0.000000,1.000000,0.000000,0.000000,0.000000,0.126631,0.010988,0.010471,0.000000,0.155852,0.148913
61,1,1,0.80612,0.16464,0.05466,0,0,0.096666,0.031289,0.035000,0.045000,0.780000,0.180000,-0.019230,0.999815,0.000000,-0.007220,-0.000137,0.994611,0.103679,0.065150,0.939269,0.054928,0.078697,0.172142,1.000000,0.000000,0.000000,0.000000,1.000000,0.000000,0.000000,0.000000,0.253881,0.005493,0.045303,0.000000,0.012998,0.324882
61,2,1,0.83359,0.16492,0.04148,0,0,0.096666,0.031289,0.035000,0.045000,0.780000,0.180000,-0.019230,0.999815,0.000000,-0.001602,0.004732,-0.999739,-0.022835,0.066623,1.170111,-0.041399,0.063274,0.052929,1.000000,0.000000,0.000000,0.000000,1.000000,0.000000,0.000000,0.000000,0.291420,0.269998,0.046867,0.000000,0.014553,0.384150
61,3,1,0.76685,0.10030,0.07351,0,0,0.096666,0.031289,0.035000,0.045000,0.780000,0.180000,-0.019230,0.999815,0.000000,-0.006509,0.003206,0.298308,0.954470,0.180000,1.121943,0.073816,0.203199,0.114167,1.000000,0.000000,0.000000,0.000000,1.000000,0.000000,0.000000,0.000000,0.093993,0.007382,0.001506,0.000000,0.103060,0.112979
61,4,0,-0.76278,-0.00211,0.07942,0,0,0.096666,0.031289,0.035000,0.045000,0.780000,0.180000,-0.019230,0.999815,0.000000,0.000972,-0.008449,0.894874,-0.446318,0.139600,0.881223,-0.097890,0.145050,0.037575,1.000000,0.000000,0.000000,0.000000,1.000000,0.000000,0.000000,0.000000,0.189803,0.094640,0.049581,0.000000,0.015309,0.513278
61,5,1,0.86578,0.16312,0.02602,0,0,0.096666,0.031289,0.035000,0.045000,0.780000,0.180000,-0.019230,0.999815,0.000000,-0.018262,-0.007897,0.981073,0.193640,0.081993,1.122188,0.022884,0.095397,0.140505,1.000000,0.000000,0.000000,0.000000,1.000000,0.000000,0.000000,0.000000,0.242020,0.002288,0.043193,0.000000,0.035813,0.311792
61,6,0,-0.74527,-0.00211,0.07126,0,0,0.096666,0.031289,0.035000,0.045000,0.780000,0.180000,-0.019230,0.999815,0.000000,-0.010692,0.004504,-0.910836,-0.412768,0.143646,1.149519,-0.088788,0.133884,0.072913,1.000000,0.000000,0.000000,0.000000,1.000000,0.000000,0.000000,0.000000,0.310428,0.314705,0.036292,0.000000,0.020884,0.646382
61,7,1,0.92467,0.15841,0.00740,0,0,0.096666,0.031289,0.035000,0.045000,0.780000,0.180000,-0.019230,0.999815,0.000000,0.007443,0.000689,-0.986285,0.165048,0.111937,1.090282,0.002610,0.097079,0.153043,1.000000,0.000000,0.000000,0.000000,1.000000,0.000000,0.000000,0.000000,0.393189,0.466346,0.049302,0.000000,0.013454,1.106652
61,8,0,-0.79498,0.00616,0.07919,0,0,0.096666,0.031289,0.035000,0.045000,0.780000,0.180000,-0.019230,0.999815,0.000000,0.002874,-0.007651,-0.232438,-0.972611,0.180000,0.973160,-0.005046,0.202851,0.112648,1.000000,0.000000,0.000000,0.000000,1.000000,0.000000,0.000000,0.000000,0.084207,0.000505,0.004915,0.000000,0.104711,0.102513
61,9,0,-0.71857,-0.00211,0.05925,0,0,0.096666,0.031289,0.035000,0.045000,0.780000,0.180000,-0.019230,0.999815,0.000000,0.004094,0.005552,-0.769581,-0.638550,0.166406,0.978814,0.057723,0.169486,0.018174,1.000000,0.000000,0.000000,0.000000,1.000000,0.000000,0.000000,0.000000,0.190811,0.129425,0.025927,0.000000,0.041242,0.362702
61,10,0,-0.87241,-0.00213,0.15122,0,0,0.096666,0.031289,0.035000,0.045000,0.780000,0.180000,-0.019230,0.999815,0.000000,-0.025170,-0.009936,-0.525832,-0.850589,0.166887,0.830218,-0.099764,0.196383,0.150196,1.000000,0.000000,0.000000,0.000000,1.000000,0.000000,0.000000,0.000000,0.197512,0.009976,0.010943,0.000000,0.079701,0.154354
61,11,0,-0.88000,-0.00419,0.16574,0,0,0.096666,0.031289,0.035000,0.045000,0.780000,0.180000,-0.019230,0.999815,0.000000,0.012293,0.007410,0.436928,-0.899496,0.180000,1.088113,-0.111506,0.201748,0.107797,1.000000,0.000000,0.000000,0.000000,1.000000,0.000000,0.000000,0.000000,0.115131,0.011151,0.035349,0.000000,0.115837,0.146602
62,0,0,-0.88000,0.00916,0.12541,0,0,0.054983,0.052475,0.038000,0.050000,0.340000,0.170000,-0.026770,0.999642,0.000000,0.027237,0.008297,-0.067511,0.997719,0.091229,1.024285,-0.075498,0.100000,0.087714,0.000000,1.000000,0.000000,0.000000,1.000000,0.000000,0.000000,0.000000,0.056118,0.169550,0.002217,0.000000,0.051251,0.374929
62,1,0,-0.88000,0.00942,0.16606,0,0,0.054983,0.052475,0.038000,0.050000,0.340000,0.170000,-0.026770,0.999642,0.000000,0.011525,-0.002874,0.999947,-0.010328,0.098051,0.987268,-0.108800,0.100000,0.019490,0.000000,1.000000,0.000000,0.000000,1.000000,0.000000,0.000000,0.000000,0.080703,0.310238,0.049627,0.000000,0.021380,0.566023
62,2,1,0.80538,0.10404,0.05502,0,0,0.054983,0.052475,0.038000,0.050000,0.340000,0.170000,-0.026770,0.999642,0.000000,0.001011,0.016344,-0.998566,-0.053542,0.089937,1.037560,0.035482,0.100000,0.100634,0.000000,1.000000,0.000000,0.000000,1.000000,0.000000,0.000000,0.000000,0.048472,0.165548,0.049915,0.000000,0.029476,0.338233
62,3,0,-0.87913,0.01522,0.11958,0,0,0.054983,0.052475,0.038000,0.050000,0.340000,0.170000,-0.026770,0.999642,0.000000,0.001707,0.003274,-0.196975,0.980409,0.095162,1.119210,0.071924,0.100000,0.048379,0.000000,1.000000,0.000000,0.000000,1.000000,0.000000,0.000000,0.000000,0.037898,0.240973,0.004313,0.000000,0.006646,0.446145
62,4,0,-0.33000,0.13669,0.12237,0,0,0.054983,0.052475,0.038000,0.050000,0.340000,0.170000,-0.026770,0.999642,0.000000,0.004710,0.003956,0.998847,0.048012,0.114294,1.007353,0.112617,0.100000,0.142938,0.000000,1.000000,0.000000,0.000000,1.000000,0.000000,0.000000,0.000000,0.233394,0.679332,0.049898,0.000000,0.011071,0.961383
62,5,0,-0.79751,-0.00214,0.09758,0,0,0.054983,0.052475,0.038000,0.050000,0.340000,0.170000,-0.026770,0.999642,0.000000,0.042463,0.013037,0.964876,0.262704,0.113803,0.885070,-0.014368,0.100000,0.138027,0.000000,1.000000,0.000000,0.000000,1.000000,0.000000,0.000000,0.000000,0.293539,0.658357,0.049409,0.000000,0.079954,0.995361
62,6,1,0.83356,0.10879,0.04149,0,0,0.054983,0.052475,0.038000,0.050000,0.340000,0.170000,-0.026770,0.999642,0.000000,-0.002185,-0.001327,-0.993330,-0.115309,0.098478,0.949654,-0.000574,0.100000,0.015222,0.000000,1.000000,0.000000,0.000000,1.000000,0.000000,0.000000,0.000000,0.069124,0.309103,0.050000,0.000000,0.004602,0.559092
62,7,1,0.78631,0.16245,0.06417,0,0,0.054983,0.052475,0.038000,0.050000,0.340000,0.170000,-0.026770,0.999642,0.000000,-0.000099,-0.006286,0.969974,0.243210,0.110739,1.203194,0.055785,0.100000,0.107394,0.000000,1.000000,0.000000,0.000000,1.000000,0.000000,0.000000,0.000000,0.198082,0.592964,0.049553,0.000000,0.037923,0.892734
62,8,0,-0.88000,0.00720,0.14233,0,0,0.054983,0.052475,0.038000,0.050000,0.340000,0.170000,-0.026770,0.999642,0.000000,0.010514,0.000208,0.815647,-0.578549,0.107121,1.047060,0.089779,0.100000,0.071208,0.000000,1.000000,0.000000,0.000000,1.000000,0.000000,0.000000,0.000000,0.169086,0.514221,0.037297,0.000000,0.018929,0.781993
62,9,1,0.74569,0.11806,0.08367,0,0,0.054983,0.052475,0.038000,0.050000,0.340000,0.170000,-0.026770,0.999642,0.000000,0.000568,-0.009760,-0.866758,0.498728,0.113906,1.147438,0.054908,0.100000,0.139058,0.000000,1.000000,0.000000,0.000000,1.000000,0.000000,0.000000,0.000000,0.235677,0.664753,0.040282,0.000000,0.017597,0.960825
62,10,0,-0.80723,0.03891,0.08507,0,0,0.054983,0.052475,0.038000,0.050000,0.340000,0.170000,-0.026770,0.999642,0.000000,-0.026818,-0.006730,-0.117883,-0.993028,0.110218,1.172440,0.040852,0.100000,0.102182,0.000000,1.000000,0.000000,0.000000,1.000000,0.000000,0.000000,0.000000,0.229186,0.579638,0.011402,0.000000,0.057433,0.867096
62,11,0,-0.88000,0.03003,0.12302,0,0,0.054983,0.052475,0.038000,0.050000,0.340000,0.170000,-0.026770,0.999642,0.000000,-0.003894,-0.004612,0.994664,-0.103164,0.098339,1.202845,-0.110283,0.100000,0.016608,0.000000,1.000000,0.000000,0.000000,1.000000,0.000000,0.000000,0.000000,0.073654,0.316929,0.048846,0.000000,0.037257,0.582264
63,0,0,-0.17254,0.16210,0.04442,0,0,0.122148,0.025385,0.032000,0.045000,0.720000,0.160000,-0.366232,0.930524,0.000000,0.002767,0.013535,-0.353027,0.935613,0.180000,1.110041,-0.031717,0.244990,0.265276,0.000000,0.000000,1.000000,0.000000,0.000000,0.000000,1.000000,0.000000,0.210884,0.003172,0.197565,0.000000,0.114867,0.363404
63,1,0,-0.32942,0.16252,0.11972,0,0,0.122148,0.025385,0.032000,0.045000,0.720000,0.160000,-0.366232,0.930524,0.000000,0.009455,-0.005912,0.935451,0.353456,0.056369,0.924143,0.115554,0.054111,0.041738,0.000000,0.000000,1.000000,0.000000,0.000000,0.000000,1.000000,0.000000,0.290682,0.255032,0.000000,0.000000,0.020073,0.343865
63,2,1,0.88814,0.16227,0.01529,0,0,0.122148,0.025385,0.032000,0.045000,0.720000,0.160000,-0.366232,0.930524,0.000000,-0.005766,-0.001714,-0.958339,-0.285633,0.068672,1.051094,-0.013135,0.071396,0.038157,0.000000,0.000000,1.000000,0.000000,0.000000,0.000000,1.000000,0.000000,0.201524,0.085000,0.000000,0.000000,0.010828,0.911581
63,3,0,-0.33000,0.16298,0.12023,0,0,0.122148,0.025385,0.032000,0.045000,0.720000,0.160000,-0.366232,0.930524,0.000000,0.002156,0.005353,-0.495369,0.868683,0.180000,1.203941,-0.115303,0.249042,0.277231,0.000000,0.000000,1.000000,0.000000,0.000000,0.000000,1.000000,0.000000,0.228464,0.011530,0.097158,0.000000,0.124556,0.309283
63,4,1,0.90371,0.16310,0.00782,0,0,0.122148,0.025385,0.032000,0.045000,0.720000,0.160000,-0.366232,0.930524,0.000000,0.000331,0.006138,0.916096,0.400958,0.051849,1.203974,0.008431,0.059919,0.134686,0.000000,0.000000,1.000000,0.000000,0.000000,0.000000,1.000000,0.000000,0.215029,0.000843,0.000000,0.000000,0.035249,0.310122
63,5,0,-0.74799,-0.00211,0.07393,0,0,0.122148,0.025385,0.032000,0.045000,0.720000,0.160000,-0.366232,0.930524,0.000000,0.010356,0.016224,0.977945,-0.208862,0.176036,1.120378,0.001608,0.177292,0.007086,0.000000,0.000000,1.000000,0.000000,0.000000,0.000000,1.000000,0.000000,0.230662,0.145990,0.000000,0.000000,0.106808,0.449331
63,6,0,-0.71987,-0.00211,0.05947,0,0,0.122148,0.025385,0.032000,0.045000,0.720000,0.160000,-0.366232,0.930524,0.000000,-0.001993,0.004681,-0.932996,0.359886,0.179033,1.195143,0.068649,0.202670,0.116629,0.000000,0.000000,1.000000,0.000000,0.000000,0.000000,1.000000,0.000000,0.155735,0.006865,0.000000,0.000000,0.114136,0.167909
63,7,0,-0.70929,-0.00211,0.05390,0,0,0.122148,0.025385,0.032000,0.045000,0.720000,0.160000,-0.366232,0.930524,0.000000,-0.000731,0.000795,-0.946477,0.322770,0.180000,1.127158,0.088664,0.196766,0.085209,0.000000,0.000000,1.000000,0.000000,0.000000,0.000000,1.000000,0.000000,0.121422,0.008866,0.000000,0.000000,0.091945,0.240129
63,8,0,-0.71005,-0.00211,0.05561,0,0,0.122148,0.025385,0.032000,0.045000,0.720000,0.160000,-0.366232,0.930524,0.000000,0.001774,0.001255,0.289594,0.957150,0.180000,1.080806,0.000179,0.223151,0.193370,0.000000,0.000000,1.000000,0.000000,0.000000,0.000000,1.000000,0.000000,0.210067,0.000018,0.379160,0.000000,0.093912,0.401503
63,9,0,-0.71745,-0.00211,0.05902,0,0,0.122148,0.025385,0.032000,0.045000,0.720000,0.160000,-0.366232,0.930524,0.000000,0.005045,0.004861,-0.894907,0.446252,0.180000,1.173919,-0.041721,0.215490,0.164695,0.000000,0.000000,1.000000,0.000000,0.000000,0.000000,1.000000,0.000000,0.197000,0.004172,0.000000,0.000000,0.110265,0.166974
63,10,0,-0.76264,-0.00211,0.08002,0,0,0.122148,0.025385,0.032000,0.045000,0.720000,0.160000,-0.366232,0.930524,0.000000,-0.022085,0.019744,-0.334729,-0.942314,0.180000,1.087557,-0.065444,0.217597,0.172781,0.000000,0.000000,1.000000,0.000000,0.000000,0.000000,1.000000,0.000000,0.241628,0.006544,0.376087,0.000000,0.143323,0.448791
63,11,0,-0.88000,-0.00212,0.13400,0,0,0.122148,0.025385,0.032000,0.045000,0.720000,0.160000,-0.366232,0.930524,0.000000,-0.014315,0.003693,0.685881,-0.727714,0.180000,1.163371,0.087293,0.245663,0.267290,0.000000,0.000000,1.000000,0.000000,0.000000,0.000000,1.000000,0.000000,0.268179,0.008729,0.000000,0.000000,0.118464,0.230576
64,0,1,0.75102,0.16554,0.08111,0,0,0.054892,0.039994,0.035000,0.045000,0.760000,0.160000,-0.004691,0.999989,2.000000,0.004292,0.000073,0.289763,0.957098,0.122579,0.934480,0.079685,0.128460,0.045785,1.000000,0.000000,0.000000,0.000000,0.000000,1.000000,0.000000,0.000000,0.041512,0.076399,0.041094,0.068491,0.007726,0.541699
64,1,0,-0.63155,0.14419,0.09675,1,0,0.054892,0.039994,0.035000,0.045000,0.760000,0.160000,-0.004691,0.999989,2.000000,0.008766,0.015726,0.997414,-0.071877,0.081082,0.820512,-0.096021,0.088158,0.080268,1.000000,0.000000,0.000000,0.000000,0.000000,1.000000,0.000000,0.000000,0.030875,0.009602,0.600000,1.000000,0.032407,1.822658
64,2,0,-1.10900,-0.00211,0.06820,1,0,0.054892,0.039994,0.035000,0.045000,0.760000,0.160000,-0.004691,0.999989,2.000000,-0.004622,0.000959,-0.999593,-0.028522,0.083720,1.085805,-0.004321,0.082582,0.013783,1.000000,0.000000,0.000000,0.000000,0.000000,1.000000,0.000000,0.000000,0.101807,0.187997,0.600000,1.000000,0.008496,1.705330
64,3,1,0.84342,0.16560,0.03676,0,0,0.054892,0.039994,0.035000,0.045000,0.760000,0.160000,-0.004691,0.999989,2.000000,0.004150,-0.001764,-0.124003,0.992282,0.130191,0.842068,0.035555,0.118546,0.098232,1.000000,0.000000,0.000000,0.000000,0.000000,1.000000,0.000000,0.000000,0.185899,0.360019,0.154085,0.256809,0.008118,1.165104
64,4,0,-1.12742,-0.00211,0.07764,1,0,0.054892,0.039994,0.035000,0.045000,0.760000,0.160000,-0.004691,0.999989,2.000000,0.005750,-0.007285,0.996085,0.088401,0.101803,1.206932,0.010200,0.088899,0.145142,1.000000,0.000000,0.000000,0.000000,0.000000,1.000000,0.000000,0.000000,0.240920,0.451304,0.600000,1.000000,0.042519,2.239223
64,5,0,-1.11926,-0.00211,0.08347,1,0,0.054892,0.039994,0.035000,0.045000,0.760000,0.160000,-0.004691,0.999989,2.000000,0.031035,0.003200,0.929765,-0.368154,0.131836,1.075072,0.088249,0.115127,0.145133,1.000000,0.000000,0.000000,0.000000,0.000000,1.000000,0.000000,0.000000,0.278173,0.459090,0.600000,1.000000,0.056160,2.220382
64,6,0,-1.10989,-0.00211,0.07521,1,0,0.054892,0.039994,0.035000,0.045000,0.760000,0.160000,-0.004691,0.999989,2.000000,0.004037,-0.002124,-0.934814,0.355138,0.125285,1.057433,0.006633,0.114110,0.097937,1.000000,0.000000,0.000000,0.000000,0.000000,1.000000,0.000000,0.000000,0.185692,0.356538,0.600000,1.000000,0.008210,2.013816
64,7,1,0.88992,0.16486,0.01444,0,0,0.054892,0.039994,0.035000,0.045000,0.760000,0.160000,-0.004691,0.999989,2.000000,0.004438,-0.009177,0.427171,0.904171,0.151003,1.174379,0.002484,0.133550,0.130687,1.000000,0.000000,0.000000,0.000000,0.000000,1.000000,0.000000,0.000000,0.228016,0.421622,0.118807,0.198012,0.026257,0.933589
64,8,1,0.90235,0.16555,0.00847,0,0,0.054892,0.039994,0.035000,0.045000,0.760000,0.160000,-0.004691,0.999989,2.000000,-0.004292,0.004841,0.219354,-0.975645,0.125804,0.832013,-0.004737,0.124402,0.011276,1.000000,0.000000,0.000000,0.000000,0.000000,1.000000,0.000000,0.000000,0.102274,0.183026,0.217727,0.362878,0.011645,1.253105
64,9,0,-1.08463,-0.00211,0.06193,1,0,0.054892,0.039994,0.035000,0.045000,0.760000,0.160000,-0.004691,0.999989,2.000000,-0.001687,0.024019,-0.479519,0.877531,0.149046,0.959913,-0.000508,0.134611,0.107237,1.000000,0.000000,0.000000,0.000000,0.000000,1.000000,0.000000,0.000000,0.228170,0.374524,0.317236,0.528726,0.043341,1.710780
64,10,0,-0.65330,0.07289,0.10718,1,0,0.054892,0.039994,0.035000,0.045000,0.760000,0.160000,-0.004691,0.999989,2.000000,0.023196,0.036717,-0.469953,-0.882691,0.127125,1.193541,-0.086629,0.134584,0.055425,1.000000,0.000000,0.000000,0.000000,0.000000,1.000000,0.000000,0.000000,0.098407,0.057814,0.600000,1.000000,0.096622,1.624014
64,11,0,-1.08881,-0.00211,0.06736,1,0,0.054892,0.039994,0.035000,0.045000,0.760000,0.160000,-0.004691,0.999989,2.000000,0.005213,-0.001229,0.844350,-0.535792,0.108732,0.959203,0.105393,0.126592,0.141085,1.000000,0.000000,0.000000,0.000000,0.000000,1.000000,0.000000,0.000000,0.070189,0.010539,0.600000,1.000000,0.009640,1.582580
65,0,1,0.72928,0.16523,0.09155,0,0,0.056418,0.039947,0.035000,0.045000,0.820000,0.160000,0.097743,0.995212,0.000000,0.006008,-0.006777,0.091246,0.995828,0.113797,1.171601,0.084208,0.113355,0.003901,1.000000,0.000000,0.000000,0.000000,1.000000,0.000000,0.000000,0.000000,0.099298,0.176223,0.004320,0.000000,0.022683,0.293420
65,1,1,0.73445,0.16509,0.08906,0,0,0.056418,0.039947,0.035000,0.045000,0.820000,0.160000,0.097743,0.995212,0.000000,0.009578,0.002286,0.971254,-0.238045,0.089855,0.948825,0.090784,0.095103,0.055184,1.000000,0.000000,0.000000,0.000000,1.000000,0.000000,0.000000,0.000000,0.041556,0.058710,0.049902,0.000000,0.017725,0.410547
65,2,1,0.79386,0.16440,0.06055,0,0,0.056418,0.039947,0.035000,0.045000,0.820000,0.160000,0.097743,0.995212,0.000000,0.015922,0.001802,-0.999474,0.032436,0.083618,1.083516,0.059060,0.087103,0.040002,1.000000,0.000000,0.000000,0.000000,1.000000,0.000000,0.000000,0.000000,0.067238,0.085901,0.049472,0.000000,0.028843,0.294711
65,3,1,0.75984,0.16523,0.07688,0,0,0.056418,0.039947,0.035000,0.045000,0.820000,0.160000,0.097743,0.995212,0.000000,-0.006836,-0.007644,0.056722,0.998390,0.095388,1.196325,-0.084402,0.116027,0.177881,1.000000,0.000000,0.000000,0.000000,1.000000,0.000000,0.000000,0.000000,0.115314,0.008440,0.006041,0.000000,0.038437,0.112545
65,4,1,0.80793,0.16415,0.05379,0,0,0.056418,0.039947,0.035000,0.045000,0.820000,0.160000,0.097743,0.995212,0.000000,0.000386,-0.011527,0.972437,-0.233166,0.105320,1.166662,-0.054294,0.094598,0.113336,1.000000,0.000000,0.000000,0.000000,1.000000,0.000000,0.000000,0.000000,0.212942,0.392101,0.049917,0.000000,0.024424,0.824693
65,5,1,0.81156,0.16324,0.05205,0,0,0.056418,0.039947,0.035000,0.045000,0.820000,0.160000,0.097743,0.995212,0.000000,-0.016507,-0.013269,0.996160,0.087550,0.106915,0.837913,0.050462,0.099340,0.076260,1.000000,0.000000,0.000000,0.000000,1.000000,0.000000,0.000000,0.000000,0.192264,0.317566,0.048248,0.000000,0.038122,0.572888
65,6,0,-0.31446,0.16402,0.11254,0,0,0.056418,0.039947,0.035000,0.045000,0.820000,0.160000,0.097743,0.995212,0.000000,-0.002034,-0.003905,-0.981425,-0.191848,0.113994,0.854463,0.112552,0.108903,0.046748,1.000000,0.000000,0.000000,0.000000,1.000000,0.000000,0.000000,0.000000,0.134234,0.264752,0.046600,0.000000,0.007926,0.464844
65,7,1,0.81439,0.16535,0.05069,0,0,0.056418,0.039947,0.035000,0.045000,0.820000,0.160000,0.097743,0.995212,0.000000,0.005260,-0.008773,0.316033,-0.948748,0.156117,1.161243,0.043709,0.135591,0.151382,1.000000,0.000000,0.000000,0.000000,1.000000,0.000000,0.000000,0.000000,0.248772,0.467135,0.023946,0.000000,0.019097,0.706739
65,8,1,0.87862,0.16556,0.01986,0,0,0.056418,0.039947,0.035000,0.045000,0.820000,0.160000,0.097743,0.995212,0.000000,0.001508,0.002639,-0.307997,0.951387,0.111956,1.171528,-0.016474,0.135358,0.172889,1.000000,0.000000,0.000000,0.000000,1.000000,0.000000,0.000000,0.000000,0.098056,0.001647,0.023574,0.000000,0.011811,0.104412
65,9,1,0.82640,0.16560,0.04493,0,0,0.056418,0.039947,0.035000,0.045000,0.820000,0.160000,0.097743,0.995212,0.000000,-0.007525,-0.000662,-0.183064,-0.983101,0.128610,1.025508,-0.044107,0.119295,0.078084,1.000000,0.000000,0.000000,0.000000,1.000000,0.000000,0.000000,0.000000,0.170927,0.320579,0.000311,0.000000,0.013598,0.618225
65,10,1,0.83919,0.16484,0.03879,0,0,0.056418,0.039947,0.035000,0.045000,0.820000,0.160000,0.097743,0.995212,0.000000,-0.012380,-0.002614,0.956615,-0.291356,0.083154,0.927818,0.033260,0.100504,0.172632,1.000000,0.000000,0.000000,0.000000,1.000000,0.000000,0.000000,0.000000,0.114141,0.003326,0.049654,0.000000,0.022775,0.146633
65,11,1,0.91177,0.16547,0.00395,0,0,0.056418,0.039947,0.035000,0.045000,0.820000,0.160000,0.097743,0.995212,0.000000,-0.003719,-0.006456,-0.943892,-0.330254,0.103067,0.982343,0.004101,0.119967,0.140869,1.000000,0.000000,0.000000,0.000000,1.000000,0.000000,0.000000,0.000000,0.073535,0.000410,0.043528,0.000000,0.013410,0.094314
66,0,1,0.74825,0.16347,0.08244,0,0,0.092832,0.030529,0.035000,0.045000,0.780000,0.180000,-0.089372,0.995998,0.000000,0.003563,0.016476,-0.138775,0.990324,0.180000,1.169581,-0.066144,0.188470,0.044940,1.000000,0.000000,0.000000,0.000000,1.000000,0.000000,0.000000,0.000000,0.071174,0.076735,0.011725,0.000000,0.125612,0.176707
66,1,1,0.87169,0.16329,0.02319,0,0,0.092832,0.030529,0.035000,0.045000,0.780000,0.180000,-0.089372,0.995998,0.000000,0.008350,0.003744,0.955277,0.295711,0.082971,1.055785,-0.024116,0.098539,0.157989,1.000000,0.000000,0.000000,0.000000,1.000000,0.000000,0.000000,0.000000,0.240227,0.002412,0.049857,0.000000,0.016471,0.251772
66,2,1,0.78632,0.16479,0.06417,0,0,0.092832,0.030529,0.035000,0.045000,0.780000,0.180000,-0.089372,0.995998,0.000000,0.000382,0.010401,-0.989398,-0.145231,0.073555,1.054470,-0.064016,0.071400,0.030188,1.000000,0.000000,0.000000,0.000000,1.000000,0.000000,0.000000,0.000000,0.277644,0.226778,0.048681,0.000000,0.018734,0.544631
66,3,1,0.83648,0.16456,0.04009,0,0,0.092832,0.030529,0.035000,0.045000,0.780000,0.180000,-0.089372,0.995998,0.000000,-0.008900,-0.005161,-0.310941,0.950429,0.180000,1.151145,0.032044,0.194637,0.075201,1.000000,0.000000,0.000000,0.000000,1.000000,0.000000,0.000000,0.000000,0.056003,0.012803,0.002985,0.000000,0.108520,0.097063
66,4,0,-0.76909,-0.00211,0.08207,0,0,0.092832,0.030529,0.035000,0.045000,0.780000,0.180000,-0.089372,0.995998,0.000000,-0.001446,0.009803,0.912818,0.408367,0.132128,0.973285,0.112302,0.118109,0.118698,1.000000,0.000000,0.000000,0.000000,1.000000,0.000000,0.000000,0.000000,0.357392,0.408626,0.049950,0.000000,0.017836,0.813960
66,5,1,0.71578,0.16489,0.09803,0,0,0.092832,0.030529,0.035000,0.045000,0.780000,0.180000,-0.089372,0.995998,0.000000,-0.005562,-0.029725,0.990066,0.140603,0.072078,0.995488,0.098265,0.070548,0.021675,1.000000,0.000000,0.000000,0.000000,1.000000,0.000000,0.000000,0.000000,0.302886,0.213177,0.048627,0.000000,0.054434,0.495925
66,6,1,0.83915,0.16231,0.03881,0,0,0.092832,0.030529,0.035000,0.045000,0.780000,0.180000,-0.089372,0.995998,0.000000,0.004556,-0.005615,-0.999824,0.018747,0.090978,0.837263,-0.038616,0.080757,0.126569,1.000000,0.000000,0.000000,0.000000,1.000000,0.000000,0.000000,0.000000,0.367984,0.417000,0.046156,0.000000,0.013016,1.120844
66,7,0,-0.72150,-0.00211,0.06114,0,0,0.092832,0.030529,0.035000,0.045000,0.780000,0.180000,-0.089372,0.995998,0.000000,0.009640,0.003601,-0.716426,0.697663,0.180000,1.127139,0.031147,0.180661,0.003661,1.000000,0.000000,0.000000,0.000000,1.000000,0.000000,0.000000,0.000000,0.191514,0.155793,0.020513,0.000000,0.108523,0.345436
66,8,0,-0.71459,-0.00211,0.05764,0,0,0.092832,0.030529,0.035000,0.045000,0.780000,0.180000,-0.089372,0.995998,0.000000,-0.000590,-0.005638,-0.659768,-0.751470,0.151608,1.077223,0.028129,0.172238,0.119776,1.000000,0.000000,0.000000,0.000000,1.000000,0.000000,0.000000,0.000000,0.158057,0.002813,0.044479,0.000000,0.010205,0.127301
66,9,0,-0.73909,-0.00211,0.06826,0,0,0.092832,0.030529,0.035000,0.045000,0.780000,0.180000,-0.089372,0.995998,0.000000,0.000937,-0.004908,0.665832,-0.746101,0.180000,1.119125,-0.075513,0.185438,0.029326,1.000000,0.000000,0.000000,0.000000,1.000000,0.000000,0.000000,0.000000,0.148642,0.108900,0.017271,0.000000,0.098994,0.285879
66,10,1,0.84148,0.16478,0.03769,0,0,0.092832,0.030529,0.035000,0.045000,0.780000,0.180000,-0.089372,0.995998,0.000000,-0.023093,-0.007171,-0.074327,-0.997234,0.158583,0.828220,0.032643,0.193138,0.178913,1.000000,0.000000,0.000000,0.000000,1.000000,0.000000,0.000000,0.000000,0.164493,0.003264,0.021762,0.000000,0.043525,0.146715
66,11,0,-0.71443,-0.00211,0.05850,0,0,0.092832,0.030529,0.035000,0.045000,0.780000,0.180000,-0.089372,0.995998,0.000000,0.006224,0.001451,0.870091,-0.492891,0.164569,0.945469,-0.006620,0.155807,0.056235,1.000000,0.000000,0.000000,0.000000,1.000000,0.000000,0.000000,0.000000,0.270483,0.273133,0.031419,0.000000,0.032061,0.701104
67,0,0,-0.70727,0.01419,0.03709,0,0,0.053954,0.056155,0.038000,0.050000,0.340000,0.170000,0.452951,0.891536,0.000000,-0.008041,-0.011148,0.363056,0.931767,0.094858,0.842513,0.003021,0.100000,0.051423,0.000000,1.000000,0.000000,0.000000,1.000000,0.000000,0.000000,0.000000,0.051944,0.227172,0.040699,0.000000,0.024742,0.478186
67,1,0,-0.88000,0.00975,0.15070,0,0,0.053954,0.056155,0.038000,0.050000,0.340000,0.170000,0.452951,0.891536,0.000000,0.009264,0.012760,0.897535,-0.440943,0.112496,1.006512,0.106498,0.100000,0.124961,0.000000,1.000000,0.000000,0.000000,1.000000,0.000000,0.000000,0.000000,0.231768,0.637912,0.025481,0.000000,0.028383,0.904366
67,2,1,0.74531,0.11855,0.08385,0,0,0.053954,0.056155,0.038000,0.050000,0.340000,0.170000,0.452951,0.891536,0.000000,0.003718,-0.009138,-0.877571,0.479447,0.100209,1.020748,-0.095345,0.100000,0.002095,0.000000,1.000000,0.000000,0.000000,1.000000,0.000000,0.000000,0.000000,0.098866,0.357889,0.023591,0.000000,0.017758,0.607528
67,3,0,-0.76528,0.01266,0.06493,0,0,0.053954,0.056155,0.038000,0.050000,0.340000,0.170000,0.452951,0.891536,0.000000,0.005170,-0.006493,-0.447415,0.894326,0.093695,1.084922,0.027853,0.100000,0.063047,0.000000,1.000000,0.000000,0.000000,1.000000,0.000000,0.000000,0.000000,0.031064,0.203270,0.005764,0.000000,0.014941,0.418941
67,4,0,-0.84050,0.05098,0.10104,0,0,0.053954,0.056155,0.038000,0.050000,0.340000,0.170000,0.452951,0.891536,0.000000,-0.003155,0.006280,0.922482,0.386039,0.095606,1.029064,-0.085172,0.100000,0.043944,0.000000,1.000000,0.000000,0.000000,1.000000,0.000000,0.000000,0.000000,0.048004,0.252365,0.049164,0.000000,0.012651,0.482670
67,5,0,-0.88000,0.00979,0.17572,0,0,0.053954,0.056155,0.038000,0.050000,0.340000,0.170000,0.452951,0.891536,0.000000,0.009620,-0.022752,0.989924,0.141601,0.101705,1.009501,0.119292,0.100000,0.017050,0.000000,1.000000,0.000000,0.000000,1.000000,0.000000,0.000000,0.000000,0.139044,0.394233,0.045294,0.000000,0.044464,0.683453
67,6,0,-0.88000,0.00979,0.16289,0,0,0.053954,0.056155,0.038000,0.050000,0.340000,0.170000,0.452951,0.891536,0.000000,0.013011,0.007681,-0.985709,-0.168460,0.107320,0.946325,0.103513,0.100000,0.073195,0.000000,1.000000,0.000000,0.000000,1.000000,0.000000,0.000000,0.000000,0.178880,0.520104,0.045853,0.000000,0.027195,0.791324
67,7,0,-0.82646,0.00795,0.09430,0,0,0.053954,0.056155,0.038000,0.050000,0.340000,0.170000,0.452951,0.891536,0.000000,0.006920,0.013712,-0.223000,-0.974818,0.112711,0.849842,0.054878,0.100000,0.127109,0.000000,1.000000,0.000000,0.000000,1.000000,0.000000,0.000000,0.000000,0.233221,0.637626,0.036017,0.000000,0.027647,0.906613
67,8,1,0.89814,0.13205,0.01049,0,0,0.053954,0.056155,0.038000,0.050000,0.340000,0.170000,0.452951,0.891536,0.000000,-0.003205,-0.003871,0.215493,0.976505,0.109147,0.882661,-0.036229,0.100000,0.091465,0.000000,1.000000,0.000000,0.000000,1.000000,0.000000,0.000000,0.000000,0.180008,0.554849,0.035749,0.000000,0.009045,0.824986
67,9,1,0.74696,0.16754,0.08306,0,0,0.053954,0.056155,0.038000,0.050000,0.340000,0.170000,0.452951,0.891536,0.000000,-0.003726,-0.003218,0.661913,0.749581,0.089023,0.822498,0.083636,0.100000,0.109769,0.000000,1.000000,0.000000,0.000000,1.000000,0.000000,0.000000,0.000000,0.038138,0.170364,0.048215,0.000000,0.008862,0.328797
67,10,0,-0.75229,0.00979,0.06265,0,0,0.053954,0.056155,0.038000,0.050000,0.340000,0.170000,0.452951,0.891536,0.000000,-0.000144,0.032519,0.225586,0.974223,0.098040,1.208918,0.116486,0.100000,0.019604,0.000000,1.000000,0.000000,0.000000,1.000000,0.000000,0.000000,0.000000,0.115679,0.310748,0.036109,0.000000,0.088668,0.578600
67,11,1,0.84251,0.11973,0.03719,0,0,0.053954,0.056155,0.038000,0.050000,0.340000,0.170000,0.452951,0.891536,0.000000,0.001689,-0.000036,0.614953,-0.788564,0.104011,1.170994,0.060044,0.100000,0.040107,0.000000,1.000000,0.000000,0.000000,1.000000,0.000000,0.000000,0.000000,0.122978,0.440647,0.004141,0.000000,0.009813,0.676838
68,0,0,-0.30201,0.16306,0.10657,0,0,0.118697,0.024813,0.032000,0.045000,0.720000,0.160000,-0.513228,0.858252,0.000000,-0.007977,0.006297,-0.467523,0.883981,0.180000,1.177484,-0.104856,0.239669,0.248964,0.000000,0.000000,1.000000,0.000000,0.000000,0.000000,1.000000,0.000000,0.194106,0.010486,0.286153,0.000000,0.117909,0.397093
68,1,1,0.76399,0.16251,0.07488,0,0,0.118697,0.024813,0.032000,0.045000,0.720000,0.160000,-0.513228,0.858252,0.000000,0.008233,-0.006672,0.847324,0.531077,0.049928,0.915056,-0.079818,0.054583,0.085291,0.000000,0.000000,1.000000,0.000000,0.000000,0.000000,1.000000,0.000000,0.173273,0.007982,0.000000,0.000000,0.019075,0.226002
68,2,1,0.78892,0.15995,0.06292,0,0,0.118697,0.024813,0.032000,0.045000,0.720000,0.160000,-0.513228,0.858252,0.000000,-0.000044,0.002215,-0.937795,-0.347188,0.080936,1.036034,0.063697,0.092306,0.123180,0.000000,0.000000,1.000000,0.000000,0.000000,0.000000,1.000000,0.000000,0.194403,0.006370,0.000000,0.000000,0.003987,0.475474
68,3,0,-0.08962,0.16282,0.00462,0,0,0.118697,0.024813,0.032000,0.045000,0.720000,0.160000,-0.513228,0.858252,0.000000,-0.000976,-0.007102,-0.488395,0.872622,0.180000,1.184472,-0.002379,0.238720,0.245977,0.000000,0.000000,1.000000,0.000000,0.000000,0.000000,1.000000,0.000000,0.182467,0.000238,0.275847,0.000000,0.116363,0.357117
68,4,1,0.87202,0.16270,0.02303,0,0,0.118697,0.024813,0.032000,0.045000,0.720000,0.160000,-0.513228,0.858252,0.000000,-0.002190,0.002855,0.846861,0.531815,0.063262,0.974215,0.024606,0.054789,0.154644,0.000000,0.000000,1.000000,0.000000,0.000000,0.000000,1.000000,0.000000,0.390725,0.471748,0.000000,0.000000,0.006477,0.556140
68,5,0,-0.71858,-0.00211,0.05839,0,0,0.118697,0.024813,0.032000,0.045000,0.720000,0.160000,-0.513228,0.858252,0.000000,-0.002899,0.019156,0.980109,0.198462,0.113050,0.936704,0.079726,0.125778,0.101189,0.000000,0.000000,1.000000,0.000000,0.000000,0.000000,1.000000,0.000000,0.195580,0.007973,0.000000,0.000000,0.034873,0.413083
68,6,0,-0.76518,-0.00211,0.08168,0,0,0.118697,0.024813,0.032000,0.045000,0.720000,0.160000,-0.513228,0.858252,0.000000,-0.006971,0.009091,-0.978394,-0.206748,0.113762,0.908070,-0.084084,0.124019,0.082704,0.000000,0.000000,1.000000,0.000000,0.000000,0.000000,1.000000,0.000000,0.164052,0.008408,0.000000,0.000000,0.020621,0.459855
68,7,0,-0.71044,-0.00211,0.05590,0,0,0.118697,0.024813,0.032000,0.045000,0.720000,0.160000,-0.513228,0.858252,0.000000,0.000295,-0.003867,0.952249,-0.305321,0.180000,0.931967,0.045900,0.211008,0.146953,0.000000,0.000000,1.000000,0.000000,0.000000,0.000000,1.000000,0.000000,0.172631,0.004590,0.000000,0.000000,0.096981,0.147519
68,8,0,-0.72758,-0.00211,0.06312,0,0,0.118697,0.024813,0.032000,0.045000,0.720000,0.160000,-0.513228,0.858252,0.000000,-0.003560,0.002991,-0.015215,-0.999884,0.180000,1.163965,0.049296,0.227981,0.210460,0.000000,0.000000,1.000000,0.000000,0.000000,0.000000,1.000000,0.000000,0.217299,0.004930,0.377888,0.000000,0.100550,0.412684
68,9,0,-0.71791,-0.00211,0.05995,0,0,0.118697,0.024813,0.032000,0.045000,0.720000,0.160000,-0.513228,0.858252,0.000000,-0.006069,0.005092,-0.998631,-0.052316,0.138274,0.844044,0.042593,0.154877,0.107199,0.000000,0.000000,1.000000,0.000000,0.000000,0.000000,1.000000,0.000000,0.173257,0.004259,0.000000,0.000000,0.014261,0.325907
68,10,0,-0.77937,-0.00211,0.08522,0,0,0.118697,0.024813,0.032000,0.045000,0.720000,0.160000,-0.513228,0.858252,0.000000,0.022074,-0.006621,0.066594,-0.997780,0.180000,1.009856,0.062235,0.233982,0.230709,0.000000,0.000000,1.000000,0.000000,0.000000,0.000000,1.000000,0.000000,0.258126,0.006224,0.379858,0.000000,0.131482,0.437125
68,11,0,-0.79520,-0.00211,0.09082,0,0,0.118697,0.024813,0.032000,0.045000,0.720000,0.160000,-0.513228,0.858252,0.000000,-0.001848,-0.003053,0.852606,-0.522555,0.180000,1.077292,-0.049669,0.233351,0.228630,0.000000,0.000000,1.000000,0.000000,0.000000,0.000000,1.000000,0.000000,0.224230,0.004967,0.000000,0.000000,0.096423,0.172148
69,0,0,-0.45768,0.16520,0.01329,1,0,0.057438,0.045208,0.035000,0.045000,0.760000,0.160000,0.518039,0.855357,2.000000,0.006606,-0.014330,0.474064,0.880491,0.130572,0.908101,-0.013158,0.119306,0.094428,1.000000,0.000000,0.000000,0.000000,0.000000,1.000000,0.000000,0.000000,0.201253,0.350171,0.361641,0.602735,0.028404,1.538169
69,1,0,-0.58876,0.13011,0.07620,1,0,0.057438,0.045208,0.035000,0.045000,0.760000,0.160000,0.518039,0.855357,2.000000,0.006526,-0.018804,0.831789,-0.555092,0.092065,1.188542,0.088389,0.095373,0.034677,1.000000,0.000000,0.000000,0.000000,0.000000,1.000000,0.000000,0.000000,0.079160,0.099485,0.554343,0.923906,0.051525,1.604249
69,2,0,-0.51119,0.15117,0.03897,1,0,0.057438,0.045208,0.035000,0.045000,0.760000,0.160000,0.518039,0.855357,2.000000,-0.002449,-0.009967,-0.836395,0.548127,0.094703,0.886360,0.044538,0.094444,0.002742,1.000000,0.000000,0.000000,0.000000,0.000000,1.000000,0.000000,0.000000,0.100189,0.169937,0.547122,0.911870,0.018474,1.813900
69,3,0,-0.52187,0.16249,0.04410,1,0,0.057438,0.045208,0.035000,0.045000,0.760000,0.160000,0.518039,0.855357,2.000000,0.000155,0.005981,0.496150,0.868237,0.131417,1.195547,-0.020615,0.117135,0.121935,1.000000,0.000000,0.000000,0.000000,0.000000,1.000000,0.000000,0.000000,0.212106,0.405931,0.564511,0.940852,0.030321,1.835707
69,4,0,-0.58064,0.15534,0.07231,1,0,0.057438,0.045208,0.035000,0.045000,0.760000,0.160000,0.518039,0.855357,2.000000,-0.001565,-0.000530,0.874363,-0.485272,0.107367,1.062789,-0.069599,0.094702,0.133729,1.000000,0.000000,0.000000,0.000000,0.000000,1.000000,0.000000,0.000000,0.216538,0.434418,0.576280,0.960466,0.002974,1.975015
69,5,0,-0.47520,0.16739,0.02170,1,0,0.057438,0.045208,0.035000,0.045000,0.760000,0.160000,0.518039,0.855357,2.000000,0.004586,-0.032551,0.969519,-0.245015,0.104948,0.967786,0.022473,0.120078,0.126003,1.000000,0.000000,0.000000,0.000000,0.000000,1.000000,0.000000,0.000000,0.101886,0.002247,0.600000,1.000000,0.059170,1.584016
69,6,0,-1.15946,-0.00211,0.09371,1,0,0.057438,0.045208,0.035000,0.045000,0.760000,0.160000,0.518039,0.855357,2.000000,0.008872,0.003564,-0.905585,0.424165,0.108618,1.151730,-0.109165,0.102117,0.063666,1.000000,0.000000,0.000000,0.000000,0.000000,1.000000,0.000000,0.000000,0.159919,0.298248,0.600000,1.000000,0.017209,2.026228
69,7,0,-1.15846,-0.00211,0.09450,1,0,0.057438,0.045208,0.035000,0.045000,0.760000,0.160000,0.518039,0.855357,2.000000,-0.004571,-0.009595,0.996811,-0.079802,0.138669,1.149416,-0.004288,0.132308,0.048072,1.000000,0.000000,0.000000,0.000000,0.000000,1.000000,0.000000,0.000000,0.146140,0.256573,0.600000,1.000000,0.019131,1.896825
69,8,0,-0.59999,0.16124,0.08159,1,0,0.057438,0.045208,0.035000,0.045000,0.760000,0.160000,0.518039,0.855357,2.000000,-0.004148,0.002620,-0.861896,0.507085,0.084573,1.006353,-0.077416,0.091874,0.079468,1.000000,0.000000,0.000000,0.000000,0.000000,1.000000,0.000000,0.000000,0.008872,0.008805,0.571038,0.951730,0.008831,1.531670
69,9,0,-1.14385,-0.00330,0.07865,1,0,0.057438,0.045208,0.035000,0.045000,0.760000,0.160000,0.518039,0.855357,2.000000,0.004412,-0.018479,-0.993750,0.111628,0.136879,1.185344,0.116570,0.130253,0.050867,1.000000,0.000000,0.000000,0.000000,0.000000,1.000000,0.000000,0.000000,0.163164,0.273391,0.600000,1.000000,0.048137,1.926570
69,10,0,-0.88000,0.02704,0.12943,0,0,0.057438,0.045208,0.035000,0.045000,0.760000,0.160000,0.518039,0.855357,2.000000,0.003642,0.006734,-0.238612,0.971115,0.130207,1.176534,-0.036589,0.145162,0.103019,1.000000,0.000000,0.000000,0.000000,0.000000,1.000000,0.000000,0.000000,0.036033,0.003659,0.000000,0.000000,0.022874,0.362309
69,11,0,-1.22998,0.02079,0.15303,1,0,0.057438,0.045208,0.035000,0.045000,0.760000,0.160000,0.518039,0.855357,2.000000,-0.007218,-0.002034,-0.349880,0.936795,0.163589,0.937927,-0.077995,0.142165,0.150694,1.000000,0.000000,0.000000,0.000000,0.000000,1.000000,0.000000,0.000000,0.243441,0.469187,0.176167,0.293612,0.029648,1.714096
70,0,1,0.82617,0.16525,0.04504,0,0,0.052221,0.037049,0.035000,0.045000,0.820000,0.160000,0.274023,0.961723,0.000000,-0.009336,-0.010286,0.317896,0.948126,0.114560,0.829087,-0.051878,0.107734,0.063353,1.000000,0.000000,0.000000,0.000000,1.000000,0.000000,0.000000,0.000000,0.166967,0.291894,0.011192,0.000000,0.025003,0.563406
70,1,1,0.84338,0.16553,0.03678,0,0,0.052221,0.037049,0.035000,0.045000,0.820000,0.160000,0.274023,0.961723,0.000000,0.001314,-0.003049,0.947868,-0.318665,0.076166,1.092961,-0.036683,0.078898,0.034632,1.000000,0.000000,0.000000,0.000000,1.000000,0.000000,0.000000,0.000000,0.051012,0.094405,0.048722,0.000000,0.005976,0.403868
70,2,1,0.83894,0.16501,0.03891,0,0,0.052221,0.037049,0.035000,0.045000,0.820000,0.160000,0.274023,0.961723,0.000000,-0.011531,-0.000487,-0.917514,0.397702,0.080577,1.106974,-0.041856,0.087148,0.075401,1.000000,0.000000,0.000000,0.000000,1.000000,0.000000,0.000000,0.000000,0.024220,0.013384,0.047598,0.000000,0.020775,0.365941
70,3,1,0.84862,0.16513,0.03426,0,0,0.052221,0.037049,0.035000,0.045000,0.820000,0.160000,0.274023,0.961723,0.000000,-0.009671,-0.004875,0.140892,0.990025,0.129937,0.876443,-0.038057,0.113537,0.144449,1.000000,0.000000,0.000000,0.000000,1.000000,0.000000,0.000000,0.000000,0.242860,0.452704,0.002179,0.000000,0.019494,0.606767
70,4,1,0.89127,0.16536,0.01379,0,0,0.052221,0.037049,0.035000,0.045000,0.820000,0.160000,0.274023,0.961723,0.000000,0.006460,0.005143,0.994317,-0.106461,0.079464,0.949084,0.012691,0.090783,0.124684,1.000000,0.000000,0.000000,0.000000,1.000000,0.000000,0.000000,0.000000,0.058720,0.001269,0.049998,0.000000,0.014862,0.130729
70,5,1,0.85356,0.16070,0.03189,0,0,0.052221,0.037049,0.035000,0.045000,0.820000,0.160000,0.274023,0.961723,0.000000,0.032614,0.003106,0.972746,-0.231875,0.067974,0.909812,0.012772,0.078577,0.134938,1.000000,0.000000,0.000000,0.000000,1.000000,0.000000,0.000000,0.000000,0.110633,0.001277,0.049537,0.000000,0.058971,0.131023
70,6,1,0.70875,0.16336,0.10140,0,0,0.052221,0.037049,0.035000,0.045000,0.820000,0.160000,0.274023,0.961723,0.000000,-0.004055,-0.002467,-0.998050,0.062422,0.107257,1.143799,0.100995,0.094685,0.132777,1.000000,0.000000,0.000000,0.000000,1.000000,0.000000,0.000000,0.000000,0.220846,0.435654,0.049969,0.000000,0.008543,0.677791
70,7,0,-0.33000,0.16535,0.12003,0,0,0.052221,0.037049,0.035000,0.045000,0.820000,0.160000,0.274023,0.961723,0.000000,-0.000832,0.007868,-0.835703,-0.549181,0.118613,1.067548,-0.116408,0.127483,0.069579,1.000000,0.000000,0.000000,0.000000,1.000000,0.000000,0.000000,0.000000,0.023872,0.032483,0.038905,0.000000,0.014242,0.202882
70,8,1,0.91494,0.16524,0.00243,0,0,0.052221,0.037049,0.035000,0.045000,0.820000,0.160000,0.274023,0.961723,0.000000,-0.008888,0.001435,0.394020,-0.919102,0.133430,0.941906,0.000935,0.127783,0.044192,1.000000,0.000000,0.000000,0.000000,1.000000,0.000000,0.000000,0.000000,0.139497,0.248477,0.024093,0.000000,0.016206,0.476028
70,9,1,0.76553,0.16305,0.07415,0,0,0.052221,0.037049,0.035000,0.045000,0.820000,0.160000,0.274023,0.961723,0.000000,0.004626,-0.001003,-0.701369,0.712798,0.124710,1.180646,0.075336,0.115978,0.075290,1.000000,0.000000,0.000000,0.000000,1.000000,0.000000,0.000000,0.000000,0.163336,0.318113,0.038380,0.000000,0.019875,0.624080
70,10,1,0.84334,0.16563,0.03680,0,0,0.052221,0.037049,0.035000,0.045000,0.820000,0.160000,0.274023,0.961723,0.000000,-0.006405,0.004777,0.143608,-0.989635,0.143685,1.122371,-0.032821,0.125621,0.143797,1.000000,0.000000,0.000000,0.000000,1.000000,0.000000,0.000000,0.000000,0.237381,0.450876,0.011976,0.000000,0.014383,0.646431
70,11,1,0.87999,0.16546,0.01920,0,0,0.052221,0.037049,0.035000,0.045000,0.820000,0.160000,0.274023,0.961723,0.000000,0.008992,0.003815,-0.057909,-0.998322,0.115575,0.970929,-0.015557,0.118077,0.021194,1.000000,0.000000,0.000000,0.000000,1.000000,0.000000,0.000000,0.000000,0.075411,0.119168,0.001991,0.000000,0.017582,0.253260
71,0,1,0.85567,0.16479,0.03088,0,0,0.092536,0.028252,0.035000,0.045000,0.780000,0.180000,-0.554765,0.832007,0.000000,0.004893,-0.011994,-0.699754,0.714384,0.180000,1.092797,-0.034470,0.192350,0.064205,1.000000,0.000000,0.000000,0.000000,1.000000,0.000000,0.000000,0.000000,0.065698,0.035036,0.028514,0.000000,0.113316,0.152546
71,1,0,-0.30014,0.16434,0.10567,0,0,0.092536,0.028252,0.035000,0.045000,0.780000,0.180000,-0.554765,0.832007,0.000000,-0.006359,0.007532,0.835004,0.550243,0.064387,1.134122,0.110493,0.057506,0.119647,1.000000,0.000000,0.000000,0.000000,1.000000,0.000000,0.000000,0.000000,0.366401,0.410342,0.045767,0.000000,0.017743,0.530887
71,2,1,0.76305,0.16087,0.07717,0,0,0.092536,0.028252,0.035000,0.045000,0.780000,0.180000,-0.554765,0.832007,0.000000,0.002733,0.000954,-0.906386,-0.422450,0.095937,0.974941,0.077146,0.083863,0.143976,1.000000,0.000000,0.000000,0.000000,1.000000,0.000000,0.000000,0.000000,0.377169,0.455667,0.048216,0.000000,0.005211,1.132566
71,3,0,-0.81592,-0.00211,0.09944,0,0,0.092536,0.028252,0.035000,0.045000,0.780000,0.180000,-0.554765,0.832007,0.000000,0.009988,0.006628,-0.121129,0.992637,0.180000,0.845913,0.089696,0.190705,0.056134,1.000000,0.000000,0.000000,0.000000,1.000000,0.000000,0.000000,0.000000,0.111729,0.056702,0.002338,0.000000,0.111576,0.202317
71,4,0,-0.75846,-0.00211,0.07706,0,0,0.092536,0.028252,0.035000,0.045000,0.780000,0.180000,-0.554765,0.832007,0.000000,0.004732,-0.011312,0.975813,0.218609,0.131956,0.836164,-0.112267,0.119253,0.106523,1.000000,0.000000,0.000000,0.000000,1.000000,0.000000,0.000000,0.000000,0.347343,0.384273,0.049932,0.000000,0.022072,0.912317
71,5,0,-0.74933,-0.00211,0.07398,0,0,0.092536,0.028252,0.035000,0.045000,0.780000,0.180000,-0.554765,0.832007,0.000000,-0.013691,0.029751,0.983881,0.178825,0.125500,1.119030,0.033419,0.125340,0.001278,1.000000,0.000000,0.000000,0.000000,1.000000,0.000000,0.000000,0.000000,0.274623,0.165897,0.049997,0.000000,0.058950,0.640061
71,6,0,-0.71152,-0.00211,0.05692,0,0,0.092536,0.028252,0.035000,0.045000,0.780000,0.180000,-0.554765,0.832007,0.000000,0.005084,0.001239,-0.971865,-0.235539,0.122036,1.133967,-0.035341,0.116586,0.046746,1.000000,0.000000,0.000000,0.000000,1.000000,0.000000,0.000000,0.000000,0.276532,0.257026,0.049879,0.000000,0.009419,0.752083
71,7,1,0.81929,0.16488,0.04834,0,0,0.092536,0.028252,0.035000,0.045000,0.780000,0.180000,-0.554765,0.832007,0.000000,0.003500,0.000429,-0.644861,0.764300,0.168190,1.142217,-0.046205,0.190255,0.115976,1.000000,0.000000,0.000000,0.000000,1.000000,0.000000,0.000000,0.000000,0.058849,0.004620,0.025390,0.000000,0.043201,0.125574
71,8,0,-0.71696,-0.00211,0.05963,0,0,0.092536,0.028252,0.035000,0.045000,0.780000,0.180000,-0.554765,0.832007,0.000000,-0.007961,0.002118,0.980440,-0.196816,0.170648,0.903533,-0.005328,0.170892,0.001426,1.000000,0.000000,0.000000,0.000000,1.000000,0.000000,0.000000,0.000000,0.198560,0.157680,0.046683,0.000000,0.062744,0.488484
71,9,0,-0.31548,0.16454,0.11303,0,0,0.092536,0.028252,0.035000,0.045000,0.780000,0.180000,-0.554765,0.832007,0.000000,0.000023,0.010163,-0.606283,0.795249,0.156843,0.861243,-0.106511,0.188276,0.166948,1.000000,0.000000,0.000000,0.000000,1.000000,0.000000,0.000000,0.000000,0.113714,0.010651,0.023229,0.000000,0.018294,0.117345
71,10,0,-0.88000,-0.00881,0.16944,0,0,0.092536,0.028252,0.035000,0.045000,0.780000,0.180000,-0.554765,0.832007,0.000000,-0.010791,-0.006182,0.708079,-0.706134,0.180000,1.185160,0.084493,0.192584,0.065344,1.000000,0.000000,0.000000,0.000000,1.000000,0.000000,0.000000,0.000000,0.065407,0.037762,0.028993,0.000000,0.126224,0.148339
71,11,1,0.89491,0.15975,0.02035,0,0,0.092536,0.028252,0.035000,0.045000,0.780000,0.180000,-0.554765,0.832007,0.000000,0.003117,0.001803,0.932185,0.361982,0.098584,0.822515,0.019694,0.095140,0.036191,1.000000,0.000000,0.000000,0.000000,1.000000,0.000000,0.000000,0.000000,0.268773,0.234352,0.048982,0.000000,0.006482,0.799333
72,0,0,-0.88000,0.00959,0.16427,0,0,0.051551,0.054050,0.038000,0.050000,0.340000,0.170000,-0.263338,0.964704,0.000000,-0.028820,0.004679,-0.527051,0.849833,0.108888,1.179551,0.106903,0.100000,0.088877,0.000000,1.000000,0.000000,0.000000,1.000000,0.000000,0.000000,0.000000,0.218513,0.556042,0.038145,0.000000,0.064598,0.857756
72,1,0,-0.88000,0.00931,0.12785,0,0,0.051551,0.054050,0.038000,0.050000,0.340000,0.170000,-0.263338,0.964704,0.000000,0.010327,-0.001237,0.966177,0.257882,0.098061,1.058905,-0.080591,0.100000,0.019394,0.000000,1.000000,0.000000,0.000000,1.000000,0.000000,0.000000,0.000000,0.078288,0.307634,0.042001,0.000000,0.018722,0.554587
72,2,1,0.74548,0.09914,0.08377,0,0,0.051551,0.054050,0.038000,0.050000,0.340000,0.170000,-0.263338,0.964704,0.000000,0.001963,0.011043,-0.974728,-0.223394,0.093102,1.006123,0.083457,0.100000,0.068979,0.000000,1.000000,0.000000,0.000000,1.000000,0.000000,0.000000,0.000000,0.030087,0.195362,0.042938,0.000000,0.020188,0.409742
72,3,1,0.83060,0.13269,0.04291,0,0,0.051551,0.054050,0.038000,0.050000,0.340000,0.170000,-0.263338,0.964704,0.000000,-0.005750,-0.004879,0.176157,0.984362,0.115879,0.823853,0.002398,0.100000,0.158789,0.000000,1.000000,0.000000,0.000000,1.000000,0.000000,0.000000,0.000000,0.251609,0.704290,0.006758,0.000000,0.013574,0.979459
72,4,0,-0.87473,0.02356,0.11747,0,0,0.051551,0.054050,0.038000,0.050000,0.340000,0.170000,-0.263338,0.964704,0.000000,0.007684,0.003375,0.930256,-0.366910,0.107522,1.132799,-0.077067,0.100000,0.075217,0.000000,1.000000,0.000000,0.000000,1.000000,0.000000,0.000000,0.000000,0.169485,0.522049,0.049901,0.000000,0.015107,0.791450
72,5,1,0.81922,0.13097,0.04837,0,0,0.051551,0.054050,0.038000,0.050000,0.340000,0.170000,-0.263338,0.964704,0.000000,0.003524,-0.000296,0.930637,0.365945,0.094321,0.846148,0.001450,0.100000,0.056791,0.000000,1.000000,0.000000,0.000000,1.000000,0.000000,0.000000,0.000000,0.029221,0.214829,0.038648,0.000000,0.006366,0.444575
72,6,0,-0.82777,0.01411,0.09493,0,0,0.051551,0.054050,0.038000,0.050000,0.340000,0.170000,-0.263338,0.964704,0.000000,-0.004136,0.003492,-0.980064,-0.198683,0.098105,1.202774,0.048358,0.100000,0.018951,0.000000,1.000000,0.000000,0.000000,1.000000,0.000000,0.000000,0.000000,0.070251,0.305416,0.043572,0.000000,0.036092,0.554906
72,7,1,0.80660,0.10808,0.05443,0,0,0.051551,0.054050,0.038000,0.050000,0.340000,0.170000,-0.263338,0.964704,0.000000,0.001871,0.008583,-0.568695,0.822549,0.112833,1.042320,-0.018242,0.100000,0.128326,0.000000,1.000000,0.000000,0.000000,1.000000,0.000000,0.000000,0.000000,0.223259,0.636725,0.039707,0.000000,0.015811,0.903012
72,8,0,-0.88000,0.00313,0.17914,0,0,0.051551,0.054050,0.038000,0.050000,0.340000,0.170000,-0.263338,0.964704,0.000000,0.009152,0.005599,-0.513203,0.858267,0.109257,1.099727,-0.104452,0.100000,0.092569,0.000000,1.000000,0.000000,0.000000,1.000000,0.000000,0.000000,0.000000,0.190809,0.564177,0.037616,0.000000,0.019313,0.830662
72,9,1,0.79022,0.13801,0.06229,0,0,0.051551,0.054050,0.038000,0.050000,0.340000,0.170000,-0.263338,0.964704,0.000000,0.002737,-0.003387,0.989907,-0.141719,0.108441,1.129998,-0.038167,0.100000,0.084406,0.000000,1.000000,0.000000,0.000000,1.000000,0.000000,0.000000,0.000000,0.171808,0.539018,0.049275,0.000000,0.007838,0.816222
72,10,0,-0.78999,-0.00214,0.09204,0,0,0.051551,0.054050,0.038000,0.050000,0.340000,0.170000,-0.263338,0.964704,0.000000,-0.016010,0.049223,-0.520452,0.853891,0.092571,1.183036,0.059415,0.100000,0.074286,0.000000,1.000000,0.000000,0.000000,1.000000,0.000000,0.000000,0.000000,0.093708,0.180913,0.037894,0.000000,0.107360,0.463399
72,11,1,0.83634,0.15023,0.04016,0,0,0.051551,0.054050,0.038000,0.050000,0.340000,0.170000,-0.263338,0.964704,0.000000,0.003563,-0.006685,0.991059,-0.133423,0.103900,1.201593,0.011163,0.100000,0.038997,0.000000,1.000000,0.000000,0.000000,1.000000,0.000000,0.000000,0.000000,0.131875,0.433239,0.049203,0.000000,0.039257,0.716894
73,0,0,-0.22495,0.16254,0.06958,0,0,0.123352,0.024277,0.032000,0.045000,0.720000,0.160000,0.030321,0.999540,0.000000,0.014012,0.008995,-0.020479,0.999790,0.180000,0.863795,0.079448,0.248851,0.276677,0.000000,0.000000,1.000000,0.000000,0.000000,0.000000,1.000000,0.000000,0.232601,0.007945,0.358325,0.000000,0.119972,0.451743
73,1,1,0.90067,0.16291,0.00928,0,0,0.123352,0.024277,0.032000,0.045000,0.720000,0.160000,0.030321,0.999540,0.000000,0.005796,-0.000610,0.999955,0.009494,0.061425,1.182722,0.007306,0.058337,0.052944,0.000000,0.000000,1.000000,0.000000,0.000000,0.000000,1.000000,0.000000,0.292732,0.266618,0.000000,0.000000,0.022987,0.369552
73,2,1,0.78793,0.16315,0.06339,0,0,0.123352,0.024277,0.032000,0.045000,0.720000,0.160000,0.030321,0.999540,0.000000,0.000485,-0.001248,-0.999989,-0.004592,0.053314,1.103134,-0.063382,0.057137,0.066904,0.000000,0.000000,1.000000,0.000000,0.000000,0.000000,1.000000,0.000000,0.165281,0.032530,0.000000,0.000000,0.002410,0.208205
73,3,0,-0.16269,0.16303,0.03969,0,0,0.123352,0.024277,0.032000,0.045000,0.720000,0.160000,0.030321,0.999540,0.000000,-0.002142,-0.003162,-0.023292,0.999729,0.180000,1.071646,0.036485,0.248952,0.276968,0.000000,0.000000,1.000000,0.000000,0.000000,0.000000,1.000000,0.000000,0.211500,0.003649,0.357738,0.000000,0.096875,0.421478
73,4,1,0.70685,0.16289,0.10231,0,0,0.123352,0.024277,0.032000,0.045000,0.720000,0.160000,0.030321,0.999540,0.000000,-0.006755,-0.006113,0.997352,-0.072721,0.049319,1.059811,0.101550,0.058982,0.163838,0.000000,0.000000,1.000000,0.000000,0.000000,0.000000,1.000000,0.000000,0.249190,0.010155,0.000000,0.000000,0.016398,0.314469
73,5,1,0.75556,0.16173,0.07893,0,0,0.123352,0.024277,0.032000,0.045000,0.720000,0.160000,0.030321,0.999540,0.000000,-0.001863,-0.009738,0.989461,-0.144799,0.065594,0.917845,0.078434,0.076538,0.142991,0.000000,0.000000,1.000000,0.000000,0.000000,0.000000,1.000000,0.000000,0.228855,0.007843,0.000000,0.000000,0.017846,0.564652
73,6,0,-0.71833,-0.00211,0.05852,0,0,0.123352,0.024277,0.032000,0.045000,0.720000,0.160000,0.030321,0.999540,0.000000,-0.005911,0.000666,-0.953548,0.301241,0.129928,1.154633,0.092846,0.113871,0.141008,0.000000,0.000000,1.000000,0.000000,0.000000,0.000000,1.000000,0.000000,0.375457,0.451301,0.000000,0.000000,0.010707,1.074942
73,7,0,-0.73009,-0.00211,0.06411,0,0,0.123352,0.024277,0.032000,0.045000,0.720000,0.160000,0.030321,0.999540,0.000000,-0.000895,0.011650,0.898446,0.439084,0.180000,1.109902,0.083633,0.157951,0.139592,0.000000,0.000000,1.000000,0.000000,0.000000,0.000000,1.000000,0.000000,0.372164,0.447547,0.000000,0.000000,0.111032,0.848552
73,8,0,-0.88000,-0.00211,0.16189,0,0,0.123352,0.024277,0.032000,0.045000,0.720000,0.160000,0.030321,0.999540,0.000000,-0.003013,0.004038,-0.310158,0.950685,0.180000,1.018971,-0.114801,0.248562,0.275834,0.000000,0.000000,1.000000,0.000000,0.000000,0.000000,1.000000,0.000000,0.255225,0.011480,0.255916,0.000000,0.099069,0.414258
73,9,1,0.86682,0.16256,0.02553,0,0,0.123352,0.024277,0.032000,0.045000,0.720000,0.160000,0.030321,0.999540,0.000000,-0.008289,-0.000187,0.997343,-0.072851,0.058716,0.824601,-0.024819,0.059014,0.005056,0.000000,0.000000,1.000000,0.000000,0.000000,0.000000,1.000000,0.000000,0.238903,0.152370,0.000000,0.000000,0.014924,0.664283
73,10,0,-0.85254,-0.00211,0.13265,0,0,0.123352,0.024277,0.032000,0.045000,0.720000,0.160000,0.030321,0.999540,0.000000,0.036072,-0.014333,-0.479257,-0.877675,0.180000,1.216244,0.062011,0.241978,0.256131,0.000000,0.000000,1.000000,0.000000,0.000000,0.000000,1.000000,0.000000,0.309981,0.006201,0.331813,0.000000,0.190802,0.465553
73,11,0,-0.73409,-0.00211,0.06445,0,0,0.123352,0.024277,0.032000,0.045000,0.720000,0.160000,0.030321,0.999540,0.000000,-0.003372,-0.008069,-0.425400,0.905006,0.180000,0.822865,-0.060625,0.241961,0.256079,0.000000,0.000000,1.000000,0.000000,0.000000,0.000000,1.000000,0.000000,0.258842,0.006063,0.189492,0.000000,0.105740,0.345226
74,0,0,-1.22739,-0.00211,0.18530,1,0,0.060465,0.043796,0.035000,0.045000,0.760000,0.160000,0.161554,0.986864,2.000000,-0.034956,0.029005,0.169389,0.985549,0.114695,0.828189,-0.097818,0.121622,0.056957,1.000000,0.000000,0.000000,0.000000,0.000000,1.000000,0.000000,0.000000,0.100261,0.055867,0.538767,0.897945,0.081760,1.619243
74,1,0,-0.61089,0.15329,0.08683,1,0,0.060465,0.043796,0.035000,0.045000,0.760000,0.160000,0.161554,0.986864,2.000000,0.003096,-0.024868,0.987497,-0.157640,0.089321,1.062674,0.086969,0.088071,0.014186,1.000000,0.000000,0.000000,0.000000,0.000000,1.000000,0.000000,0.000000,0.136788,0.197070,0.587553,0.979255,0.045108,1.698600
74,2,0,-0.65288,0.15405,0.10698,1,0,0.060465,0.043796,0.035000,0.045000,0.760000,0.160000,0.161554,0.986864,2.000000,-0.007718,0.004098,-0.945909,0.324433,0.108639,1.134280,-0.109661,0.106596,0.019169,1.000000,0.000000,0.000000,0.000000,0.000000,1.000000,0.000000,0.000000,0.114024,0.209305,0.600000,1.000000,0.015729,2.030133
74,3,0,-0.47144,0.16388,0.01989,1,0,0.060465,0.043796,0.035000,0.045000,0.760000,0.160000,0.161554,0.986864,2.000000,-0.001781,-0.002540,-0.375687,0.926746,0.129322,1.012457,0.021849,0.148849,0.131190,1.000000,0.000000,0.000000,0.000000,0.000000,1.000000,0.000000,0.000000,0.056463,0.002185,0.182958,0.304930,0.005584,0.936671
74,4,0,-1.15017,-0.00426,0.08168,1,0,0.060465,0.043796,0.035000,0.045000,0.760000,0.160000,0.161554,0.986864,2.000000,-0.000171,-0.005351,0.816048,0.577984,0.137002,0.941827,0.093399,0.147282,0.069801,1.000000,0.000000,0.000000,0.000000,0.000000,1.000000,0.000000,0.000000,0.019300,0.029737,0.600000,1.000000,0.009637,1.678339
74,5,0,-0.57318,0.16806,0.06873,1,0,0.060465,0.043796,0.035000,0.045000,0.760000,0.160000,0.161554,0.986864,2.000000,-0.005323,-0.029585,0.986095,-0.166185,0.075573,0.888821,-0.069676,0.088159,0.142767,1.000000,0.000000,0.000000,0.000000,0.000000,1.000000,0.000000,0.000000,0.113869,0.006968,0.528708,0.881180,0.054108,1.612986
74,6,0,-0.50313,0.16857,0.03510,1,0,0.060465,0.043796,0.035000,0.045000,0.760000,0.160000,0.161554,0.986864,2.000000,0.016373,-0.014970,-0.985927,0.167179,0.075737,1.198788,-0.028995,0.088281,0.142085,1.000000,0.000000,0.000000,0.000000,0.000000,1.000000,0.000000,0.000000,0.099799,0.002899,0.600000,1.000000,0.061266,1.614563
74,7,0,-1.07021,-0.00211,0.05970,1,0,0.060465,0.043796,0.035000,0.045000,0.760000,0.160000,0.161554,0.986864,2.000000,-0.002723,-0.006636,-0.901610,-0.432550,0.133208,1.126231,-0.087476,0.141052,0.055607,1.000000,0.000000,0.000000,0.000000,0.000000,1.000000,0.000000,0.000000,0.036586,0.057533,0.600000,1.000000,0.012911,1.689384
74,8,0,-1.10326,-0.00211,0.07387,1,0,0.060465,0.043796,0.035000,0.045000,0.760000,0.160000,0.161554,0.986864,2.000000,-0.001753,-0.005810,0.946294,0.323308,0.127092,1.063132,-0.017190,0.134296,0.053645,1.000000,0.000000,0.000000,0.000000,0.000000,1.000000,0.000000,0.000000,0.036672,0.054430,0.600000,1.000000,0.010923,1.669885
74,9,0,-0.65817,0.16965,0.10952,1,0,0.060465,0.043796,0.035000,0.045000,0.760000,0.160000,0.161554,0.986864,2.000000,0.005505,-0.016507,1.000000,-0.000758,0.091504,0.851897,-0.109268,0.105899,0.135927,1.000000,0.000000,0.000000,0.000000,0.000000,1.000000,0.000000,0.000000,0.085509,0.010927,0.600000,1.000000,0.031322,1.579330
74,10,0,-1.11706,-0.00211,0.08135,1,0,0.060465,0.043796,0.035000,0.045000,0.760000,0.160000,0.161554,0.986864,2.000000,-0.014730,0.024527,0.480555,0.876965,0.151025,0.874689,0.102427,0.143177,0.054809,1.000000,0.000000,0.000000,0.000000,0.000000,1.000000,0.000000,0.000000,0.183446,0.279860,0.600000,1.000000,0.051498,1.889089
74,11,0,-1.08407,-0.00211,0.06295,1,0,0.060465,0.043796,0.035000,0.045000,0.760000,0.160000,0.161554,0.986864,2.000000,0.002965,-0.000191,-0.941267,-0.337664,0.111862,1.095078,-0.101890,0.135273,0.173069,1.000000,0.000000,0.000000,0.000000,0.000000,1.000000,0.000000,0.000000,0.098120,0.010189,0.600000,1.000000,0.005349,1.563406
75,0,1,0.82178,0.16561,0.04714,0,0,0.056393,0.039103,0.035000,0.045000,0.820000,0.160000,0.147218,0.989104,0.000000,0.004825,0.005689,0.389175,0.921164,0.114362,1.170349,0.050232,0.128722,0.111561,1.000000,0.000000,0.000000,0.000000,1.000000,0.000000,0.000000,0.000000,0.044242,0.005023,0.014283,0.000000,0.019119,0.153504
75,1,1,0.75183,0.16565,0.08072,0,0,0.056393,0.039103,0.035000,0.045000,0.820000,0.160000,0.147218,0.989104,0.000000,0.000165,0.007456,0.982617,-0.185646,0.091900,1.103802,-0.080379,0.082542,0.113383,1.000000,0.000000,0.000000,0.000000,1.000000,0.000000,0.000000,0.000000,0.206062,0.394805,0.049853,0.000000,0.013424,0.682599
75,2,1,0.88609,0.16542,0.01628,0,0,0.056393,0.039103,0.035000,0.045000,0.820000,0.160000,0.147218,0.989104,0.000000,0.005014,0.000844,-0.981857,0.189623,0.086116,1.102803,-0.014602,0.082985,0.037733,1.000000,0.000000,0.000000,0.000000,1.000000,0.000000,0.000000,0.000000,0.126377,0.236927,0.049837,0.000000,0.009152,0.544105
75,3,0,-0.31742,0.16465,0.11396,0,0,0.056393,0.039103,0.035000,0.045000,0.820000,0.160000,0.147218,0.989104,0.000000,0.004618,-0.013006,0.213746,0.976889,0.113230,0.925718,0.100596,0.117814,0.038909,1.000000,0.000000,0.000000,0.000000,1.000000,0.000000,0.000000,0.000000,0.064554,0.092241,0.005259,0.000000,0.024843,0.371542
75,4,0,-0.32834,0.16558,0.11920,0,0,0.056393,0.039103,0.035000,0.045000,0.820000,0.160000,0.147218,0.989104,0.000000,-0.002509,-0.009275,0.998275,-0.058711,0.090797,1.160972,0.118941,0.087923,0.032698,1.000000,0.000000,0.000000,0.000000,1.000000,0.000000,0.000000,0.000000,0.129032,0.237291,0.049934,0.000000,0.017829,0.524631
75,5,1,0.74967,0.16550,0.08176,0,0,0.056393,0.039103,0.035000,0.045000,0.820000,0.160000,0.147218,0.989104,0.000000,0.001986,-0.003705,0.999030,0.044044,0.090199,1.136526,0.081638,0.098273,0.082161,1.000000,0.000000,0.000000,0.000000,1.000000,0.000000,0.000000,0.000000,0.009306,0.008164,0.049408,0.000000,0.007566,0.220351
75,6,1,0.91431,0.16554,0.00273,0,0,0.056393,0.039103,0.035000,0.045000,0.820000,0.160000,0.147218,0.989104,0.000000,0.000984,-0.006956,-0.989514,-0.144435,0.088187,1.022028,0.001236,0.107423,0.179068,1.000000,0.000000,0.000000,0.000000,1.000000,0.000000,0.000000,0.000000,0.111011,0.000124,0.048383,0.000000,0.012646,0.114335
75,7,0,-0.30896,0.16542,0.10990,0,0,0.056393,0.039103,0.035000,0.045000,0.820000,0.160000,0.147218,0.989104,0.000000,0.000630,-0.004305,-0.210170,-0.977665,0.115616,0.894890,-0.114034,0.117556,0.016500,1.000000,0.000000,0.000000,0.000000,1.000000,0.000000,0.000000,0.000000,0.070896,0.138403,0.005077,0.000000,0.007831,0.410348
75,8,1,0.78359,0.16066,0.07314,0,0,0.056393,0.039103,0.035000,0.045000,0.820000,0.160000,0.147218,0.989104,0.000000,-0.007171,0.002417,-0.905104,-0.425190,0.140156,0.911697,-0.071765,0.127579,0.098583,1.000000,0.000000,0.000000,0.000000,1.000000,0.000000,0.000000,0.000000,0.191449,0.364343,0.042647,0.000000,0.013622,0.542777
75,9,1,0.85678,0.16447,0.03035,0,0,0.056393,0.039103,0.035000,0.045000,0.820000,0.160000,0.147218,0.989104,0.000000,-0.002156,0.000685,-0.730573,-0.682834,0.158547,1.170573,-0.029407,0.136956,0.157652,1.000000,0.000000,0.000000,0.000000,1.000000,0.000000,0.000000,0.000000,0.241498,0.478245,0.032558,0.000000,0.009887,0.734061
75,10,0,-0.84372,-0.00211,0.10807,0,0,0.056393,0.039103,0.035000,0.045000,0.820000,0.160000,0.147218,0.989104,0.000000,0.026951,0.017932,-0.382047,0.924143,0.118187,1.055701,-0.081338,0.136943,0.136963,1.000000,0.000000,0.000000,0.000000,1.000000,0.000000,0.000000,0.000000,0.111994,0.008134,0.024061,0.000000,0.058268,0.136163
75,11,1,0.76591,0.16542,0.07396,0,0,0.056393,0.039103,0.035000,0.045000,0.820000,0.160000,0.147218,0.989104,0.000000,-0.006456,-0.000753,0.646988,-0.762500,0.114348,0.831301,0.069866,0.133145,0.141180,1.000000,0.000000,0.000000,0.000000,1.000000,0.000000,0.000000,0.000000,0.072229,0.006987,0.036341,0.000000,0.011699,0.108672
76,0,0,-0.86939,-0.00211,0.18537,0,0,0.095574,0.032269,0.035000,0.045000,0.780000,0.180000,0.133879,0.990998,0.000000,-0.003340,0.029745,0.193575,0.981086,0.180000,0.873610,0.053323,0.194701,0.075506,1.000000,0.000000,0.000000,0.000000,1.000000,0.000000,0.000000,0.000000,0.064451,0.014321,0.021756,0.000000,0.143878,0.141379
76,1,1,0.88872,0.16316,0.01502,0,0,0.095574,0.032269,0.035000,0.045000,0.780000,0.180000,0.133879,0.990998,0.000000,-0.005510,-0.004480,0.967847,-0.251541,0.093486,1.207793,-0.015094,0.086955,0.075107,1.000000,0.000000,0.000000,0.000000,1.000000,0.000000,0.000000,0.000000,0.316101,0.311724,0.043646,0.000000,0.039068,0.975708
76,2,1,0.86789,0.16493,0.02501,0,0,0.095574,0.032269,0.035000,0.045000,0.780000,0.180000,0.133879,0.990998,0.000000,0.002936,-0.004027,-0.986364,0.164577,0.075527,0.894698,0.025280,0.070440,0.072208,1.000000,0.000000,0.000000,0.000000,1.000000,0.000000,0.000000,0.000000,0.310608,0.306945,0.045640,0.000000,0.008970,0.623763
76,3,0,-0.87207,-0.00220,0.11619,0,0,0.095574,0.032269,0.035000,0.045000,0.780000,0.180000,0.133879,0.990998,0.000000,0.011872,0.017120,-0.161190,0.986923,0.180000,1.175373,0.068920,0.201661,0.107414,1.000000,0.000000,0.000000,0.000000,1.000000,0.000000,0.000000,0.000000,0.106611,0.006892,0.004667,0.000000,0.135956,0.131196
76,4,1,0.70474,0.16208,0.10332,0,0,0.095574,0.032269,0.035000,0.045000,0.780000,0.180000,0.133879,0.990998,0.000000,0.002700,-0.000738,0.976546,0.215310,0.108401,1.219197,-0.103640,0.126372,0.142206,1.000000,0.000000,0.000000,0.000000,1.000000,0.000000,0.000000,0.000000,0.207805,0.010364,0.049963,0.000000,0.037597,0.213915
76,5,1,0.86727,0.16482,0.02531,0,0,0.095574,0.032269,0.035000,0.045000,0.780000,0.180000,0.133879,0.990998,0.000000,0.004126,-0.017923,0.969637,-0.244547,0.077243,1.120909,-0.025381,0.085638,0.098033,1.000000,0.000000,0.000000,0.000000,1.000000,0.000000,0.000000,0.000000,0.198347,0.002538,0.043821,0.000000,0.033106,0.551839
76,6,1,0.79933,0.16459,0.05792,0,0,0.095574,0.032269,0.035000,0.045000,0.780000,0.180000,0.133879,0.990998,0.000000,0.004510,0.001953,-0.994850,0.101360,0.078473,0.940293,-0.057269,0.070762,0.108970,1.000000,0.000000,0.000000,0.000000,1.000000,0.000000,0.000000,0.000000,0.347244,0.383667,0.046849,0.000000,0.008846,0.497626
76,7,0,-0.31276,0.16438,0.11172,0,0,0.095574,0.032269,0.035000,0.045000,0.780000,0.180000,0.133879,0.990998,0.000000,-0.010051,0.008078,0.956302,-0.292380,0.094996,0.868196,0.109873,0.094601,0.004177,1.000000,0.000000,0.000000,0.000000,1.000000,0.000000,0.000000,0.000000,0.254123,0.179341,0.042572,0.000000,0.023210,0.746134
76,8,0,-0.73512,-0.00211,0.06701,0,0,0.095574,0.032269,0.035000,0.045000,0.780000,0.180000,0.133879,0.990998,0.000000,0.014074,-0.000501,-0.769306,-0.638881,0.164625,0.827702,0.064275,0.184390,0.107195,1.000000,0.000000,0.000000,0.000000,1.000000,0.000000,0.000000,0.000000,0.152664,0.006428,0.045287,0.000000,0.046160,0.182804
76,9,0,-0.30457,0.16487,0.10779,0,0,0.095574,0.032269,0.035000,0.045000,0.780000,0.180000,0.133879,0.990998,0.000000,-0.006608,-0.001364,-0.156150,0.987733,0.171899,0.916015,-0.111148,0.201628,0.147444,1.000000,0.000000,0.000000,0.000000,1.000000,0.000000,0.000000,0.000000,0.121961,0.011115,0.004921,0.000000,0.065692,0.114496
76,10,1,0.85114,0.16480,0.03305,0,0,0.095574,0.032269,0.035000,0.045000,0.780000,0.180000,0.133879,0.990998,0.000000,0.010762,-0.000258,0.155012,0.987913,0.165480,1.009982,0.030959,0.192482,0.140282,1.000000,0.000000,0.000000,0.000000,1.000000,0.000000,0.000000,0.000000,0.081786,0.003096,0.019976,0.000000,0.044038,0.109610
76,11,1,0.82719,0.07388,0.04455,0,0,0.095574,0.032269,0.035000,0.045000,0.780000,0.180000,0.133879,0.990998,0.000000,-0.001075,0.001312,0.476503,0.879173,0.180000,0.914581,0.046134,0.201612,0.107197,1.000000,0.000000,0.000000,0.000000,1.000000,0.000000,0.000000,0.000000,0.083256,0.004613,0.034156,0.000000,0.093053,0.127076
77,0,0,-0.73843,0.00979,0.05205,0,0,0.049793,0.051031,0.038000,0.050000,0.340000,0.170000,-0.254390,0.967102,0.000000,0.022589,-0.025346,-0.119238,0.992866,0.090548,1.056474,-0.062930,0.100000,0.094523,0.000000,1.000000,0.000000,0.000000,1.000000,0.000000,0.000000,0.000000,0.072240,0.168293,0.000415,0.000000,0.061112,0.380988
77,1,1,0.83069,0.12770,0.04287,0,0,0.049793,0.051031,0.038000,0.050000,0.340000,0.170000,-0.254390,0.967102,0.000000,0.000565,0.005548,0.958950,0.283574,0.103275,1.018480,0.016792,0.100000,0.032752,0.000000,1.000000,0.000000,0.000000,1.000000,0.000000,0.000000,0.000000,0.122233,0.419626,0.049364,0.000000,0.010038,0.669710
77,2,1,0.70801,0.16747,0.10176,0,0,0.049793,0.051031,0.038000,0.050000,0.340000,0.170000,-0.254390,0.967102,0.000000,0.000601,0.007345,-0.987549,-0.157310,0.101623,0.966408,0.102230,0.100000,0.016228,0.000000,1.000000,0.000000,0.000000,1.000000,0.000000,0.000000,0.000000,0.108757,0.390661,0.049977,0.000000,0.013266,0.632690
77,3,1,0.76857,0.15516,0.07269,0,0,0.049793,0.051031,0.038000,0.050000,0.340000,0.170000,-0.254390,0.967102,0.000000,-0.003901,-0.003367,-0.144828,0.989457,0.110406,1.167366,-0.107408,0.100000,0.104058,0.000000,1.000000,0.000000,0.000000,1.000000,0.000000,0.000000,0.000000,0.192817,0.590552,0.000876,0.000000,0.013812,0.844831
77,4,0,-0.86109,0.01926,0.11092,0,0,0.049793,0.051031,0.038000,0.050000,0.340000,0.170000,-0.254390,0.967102,0.000000,-0.009270,-0.003524,0.999887,0.015006,0.111133,1.165315,-0.077247,0.100000,0.111328,0.000000,1.000000,0.000000,0.000000,1.000000,0.000000,0.000000,0.000000,0.208188,0.604040,0.049682,0.000000,0.021126,0.894007
77,5,0,-0.88000,0.00979,0.14671,0,0,0.049793,0.051031,0.038000,0.050000,0.340000,0.170000,-0.254390,0.967102,0.000000,0.014491,0.004139,0.993565,-0.113262,0.102134,1.095810,-0.089346,0.100000,0.021342,0.000000,1.000000,0.000000,0.000000,1.000000,0.000000,0.000000,0.000000,0.126962,0.400981,0.048551,0.000000,0.027127,0.664504
77,6,1,0.76352,0.07395,0.07511,0,0,0.049793,0.051031,0.038000,0.050000,0.340000,0.170000,-0.254390,0.967102,0.000000,0.009027,-0.001492,-0.966931,0.255038,0.113080,0.909036,0.074081,0.100000,0.130798,0.000000,1.000000,0.000000,0.000000,1.000000,0.000000,0.000000,0.000000,0.226352,0.647920,0.046327,0.000000,0.016468,0.936885
77,7,0,-0.88000,0.00925,0.12313,0,0,0.049793,0.051031,0.038000,0.050000,0.340000,0.170000,-0.254390,0.967102,0.000000,-0.010417,-0.000849,0.655642,-0.755072,0.091506,1.158539,-0.090700,0.100000,0.084940,0.000000,1.000000,0.000000,0.000000,1.000000,0.000000,0.000000,0.000000,0.022707,0.171070,0.027702,0.000000,0.018813,0.382946
77,8,1,0.80556,0.12338,0.05493,0,0,0.049793,0.051031,0.038000,0.050000,0.340000,0.170000,-0.254390,0.967102,0.000000,-0.000833,-0.008827,-0.700338,0.713812,0.106621,1.012132,-0.077120,0.100000,0.066215,0.000000,1.000000,0.000000,0.000000,1.000000,0.000000,0.000000,0.000000,0.161287,0.501619,0.030182,0.000000,0.015959,0.771062
77,9,1,0.77510,0.15752,0.06955,0,0,0.049793,0.051031,0.038000,0.050000,0.340000,0.170000,-0.254390,0.967102,0.000000,0.001637,0.003287,-0.653708,0.756747,0.114817,0.993321,0.089284,0.100000,0.148170,0.000000,1.000000,0.000000,0.000000,1.000000,0.000000,0.000000,0.000000,0.234412,0.688874,0.027596,0.000000,0.006609,0.958572
77,10,0,-0.78627,0.00972,0.07501,0,0,0.049793,0.051031,0.038000,0.050000,0.340000,0.170000,-0.254390,0.967102,0.000000,0.002631,-0.019533,-0.786847,-0.617148,0.107136,0.854914,-0.039011,0.100000,0.071356,0.000000,1.000000,0.000000,0.000000,1.000000,0.000000,0.000000,0.000000,0.184862,0.509479,0.042955,0.000000,0.035477,0.803749
77,11,0,-0.88000,0.00973,0.16242,0,0,0.049793,0.051031,0.038000,0.050000,0.340000,0.170000,-0.254390,0.967102,0.000000,-0.010313,-0.004246,0.901740,-0.432278,0.096124,0.966317,0.103535,0.100000,0.038759,0.000000,1.000000,0.000000,0.000000,1.000000,0.000000,0.000000,0.000000,0.060202,0.265972,0.041964,0.000000,0.020076,0.513284
78,0,0,-0.85121,-0.00211,0.15153,0,0,0.116781,0.022188,0.032000,0.045000,0.720000,0.160000,-0.153523,0.988145,0.000000,0.032465,-0.038677,-0.274751,0.961515,0.180000,0.967189,-0.008187,0.237259,0.241337,0.000000,0.000000,1.000000,0.000000,0.000000,0.000000,1.000000,0.000000,0.265763,0.000819,0.251717,0.000000,0.180894,0.391610
78,1,1,0.87850,0.15894,0.01992,0,0,0.116781,0.022188,0.032000,0.045000,0.720000,0.160000,-0.153523,0.988145,0.000000,0.003611,0.001007,0.999991,0.004164,0.073796,0.861064,0.019562,0.078774,0.063196,0.000000,0.000000,1.000000,0.000000,0.000000,0.000000,1.000000,0.000000,0.171493,0.035564,0.000000,0.000000,0.006748,0.704646
78,2,1,0.91079,0.16316,0.00442,0,0,0.116781,0.022188,0.032000,0.045000,0.720000,0.160000,-0.153523,0.988145,0.000000,0.001448,0.001365,-0.982744,-0.184970,0.051443,0.927276,0.004066,0.051805,0.006980,0.000000,0.000000,1.000000,0.000000,0.000000,0.000000,1.000000,0.000000,0.226326,0.146448,0.000000,0.000000,0.003581,0.220616
78,3,0,-0.79723,-0.00211,0.08213,0,0,0.116781,0.022188,0.032000,0.045000,0.720000,0.160000,-0.153523,0.988145,0.000000,0.005404,0.005067,0.224901,0.974382,0.180000,0.931458,-0.031962,0.233316,0.228513,0.000000,0.000000,1.000000,0.000000,0.000000,0.000000,1.000000,0.000000,0.216880,0.003196,0.379976,0.000000,0.103334,0.404662
78,4,0,-0.72597,-0.00211,0.06426,0,0,0.116781,0.022188,0.032000,0.045000,0.720000,0.160000,-0.153523,0.988145,0.000000,-0.011685,0.003335,0.962185,-0.272395,0.136755,1.046061,-0.000480,0.137704,0.006894,0.000000,0.000000,1.000000,0.000000,0.000000,0.000000,1.000000,0.000000,0.230107,0.146260,0.000000,0.000000,0.021873,0.604277
78,5,1,0.87158,0.15885,0.02324,0,0,0.116781,0.022188,0.032000,0.045000,0.720000,0.160000,-0.153523,0.988145,0.000000,-0.019723,0.024216,0.999542,0.030247,0.072901,0.862789,0.011297,0.072896,0.000065,0.000000,0.000000,1.000000,0.000000,0.000000,0.000000,1.000000,0.000000,0.282008,0.161259,0.000000,0.000000,0.056216,0.980885
78,6,0,-0.70836,-0.00211,0.05583,0,0,0.116781,0.022188,0.032000,0.045000,0.720000,0.160000,-0.153523,0.988145,0.000000,0.002029,0.003122,-0.984375,0.176087,0.130170,0.919272,-0.022584,0.117902,0.104058,0.000000,0.000000,1.000000,0.000000,0.000000,0.000000,1.000000,0.000000,0.332239,0.370374,0.000000,0.000000,0.006703,0.928780
78,7,0,-0.18284,0.16219,0.04936,0,0,0.116781,0.022188,0.032000,0.045000,0.720000,0.160000,-0.153523,0.988145,0.000000,0.003150,0.012781,0.145807,-0.989313,0.180000,0.956184,0.061893,0.233900,0.230442,0.000000,0.000000,1.000000,0.000000,0.000000,0.000000,1.000000,0.000000,0.173991,0.006189,0.308628,0.000000,0.113695,0.385538
78,8,0,-0.71895,-0.00211,0.06042,0,0,0.116781,0.022188,0.032000,0.045000,0.720000,0.160000,-0.153523,0.988145,0.000000,-0.008313,0.000110,0.722633,0.691232,0.177616,0.865280,-0.029536,0.170016,0.044698,0.000000,0.000000,1.000000,0.000000,0.000000,0.000000,1.000000,0.000000,0.261859,0.252350,0.219826,0.000000,0.094234,0.657086
78,9,0,-0.83881,-0.01191,0.11598,0,0,0.116781,0.022188,0.032000,0.045000,0.720000,0.160000,-0.153523,0.988145,0.000000,0.012056,-0.004056,-0.836092,0.548589,0.180000,1.214257,-0.093012,0.189515,0.050208,0.000000,0.000000,1.000000,0.000000,0.000000,0.000000,1.000000,0.000000,0.162710,0.068885,0.000000,0.000000,0.142737,0.315670
78,10,1,0.86938,0.16305,0.02430,0,0,0.116781,0.022188,0.032000,0.045000,0.720000,0.160000,-0.153523,0.988145,0.000000,0.005833,0.011957,-0.991871,-0.127251,0.050758,1.010547,-0.024463,0.050558,0.003966,0.000000,0.000000,1.000000,0.000000,0.000000,0.000000,1.000000,0.000000,0.256530,0.170378,0.000000,0.000000,0.023947,0.347377
78,11,0,-0.84957,-0.01191,0.12680,0,0,0.116781,0.022188,0.032000,0.045000,0.720000,0.160000,-0.153523,0.988145,0.000000,-0.001771,0.007508,-0.701119,0.713045,0.178955,0.851746,0.115905,0.215592,0.169935,0.000000,0.000000,1.000000,0.000000,0.000000,0.000000,1.000000,0.000000,0.190549,0.011590,0.000000,0.000000,0.099183,0.161482
79,0,0,-1.19198,-0.00211,0.12202,1,0,0.060886,0.039915,0.035000,0.045000,0.760000,0.160000,-0.292808,0.956171,2.000000,0.051506,0.044117,-0.443647,0.896202,0.129807,1.012217,-0.011912,0.133083,0.024615,1.000000,0.000000,0.000000,0.000000,0.000000,1.000000,0.000000,0.000000,0.170673,0.111962,0.600000,1.000000,0.122070,1.809460
79,1,0,-0.53865,0.14222,0.05215,1,0,0.060886,0.039915,0.035000,0.045000,0.760000,0.160000,-0.292808,0.956171,2.000000,0.006426,-0.006305,0.962472,0.271381,0.069765,1.018275,0.050960,0.082530,0.154668,1.000000,0.000000,0.000000,0.000000,0.000000,1.000000,0.000000,0.000000,0.089972,0.005096,0.600000,1.000000,0.016204,1.600350
79,2,0,-1.08591,-0.00211,0.05938,1,0,0.060886,0.039915,0.035000,0.045000,0.760000,0.160000,-0.292808,0.956171,2.000000,0.002034,-0.004266,-0.991179,-0.132531,0.082676,0.997912,-0.002282,0.098666,0.162063,1.000000,0.000000,0.000000,0.000000,0.000000,1.000000,0.000000,0.000000,0.090098,0.000228,0.600000,1.000000,0.008507,1.615033
79,3,1,0.72358,0.10075,0.09428,0,0,0.060886,0.039915,0.035000,0.045000,0.760000,0.160000,-0.292808,0.956171,2.000000,-0.000167,0.010561,0.176663,0.984271,0.128407,1.070842,-0.043506,0.144797,0.113191,1.000000,0.000000,0.000000,0.000000,0.000000,1.000000,0.000000,0.000000,0.051148,0.004351,0.276204,0.460339,0.019013,1.022660
79,4,0,-1.12261,-0.00212,0.07339,1,0,0.060886,0.039915,0.035000,0.045000,0.760000,0.160000,-0.292808,0.956171,2.000000,-0.001394,0.000246,0.954786,-0.297295,0.143527,1.028597,0.052905,0.134590,0.066403,1.000000,0.000000,0.000000,0.000000,0.000000,1.000000,0.000000,0.000000,0.148808,0.298096,0.600000,1.000000,0.002547,2.049169
79,5,0,-1.12985,-0.00211,0.08169,1,0,0.060886,0.039915,0.035000,0.045000,0.760000,0.160000,-0.292808,0.956171,2.000000,-0.000885,-0.041876,0.955690,-0.294376,0.150483,1.139687,0.070767,0.134420,0.119504,1.000000,0.000000,0.000000,0.000000,0.000000,1.000000,0.000000,0.000000,0.270709,0.406085,0.600000,1.000000,0.075394,2.243237
79,6,0,-1.05871,-0.00211,0.05366,1,0,0.060886,0.039915,0.035000,0.045000,0.760000,0.160000,-0.292808,0.956171,2.000000,-0.000277,-0.000970,-0.985281,0.170941,0.146120,1.107234,-0.104177,0.126247,0.157418,1.000000,0.000000,0.000000,0.000000,0.000000,1.000000,0.000000,0.000000,0.239133,0.485253,0.593747,0.989578,0.001816,2.288546
79,7,0,-0.48235,0.16208,0.02513,1,0,0.060886,0.039915,0.035000,0.045000,0.760000,0.160000,-0.292808,0.956171,2.000000,0.002673,-0.002665,-0.633512,0.773733,0.162939,1.003873,0.033682,0.142949,0.139843,1.000000,0.000000,0.000000,0.000000,0.000000,1.000000,0.000000,0.000000,0.226259,0.443055,0.526714,0.877857,0.020020,2.158507
79,8,0,-1.08243,-0.00211,0.06583,1,0,0.060886,0.039915,0.035000,0.045000,0.760000,0.160000,-0.292808,0.956171,2.000000,0.002758,-0.001459,0.990131,-0.140146,0.122212,1.121557,-0.065683,0.123924,0.013811,1.000000,0.000000,0.000000,0.000000,0.000000,1.000000,0.000000,0.000000,0.071492,0.138946,0.600000,1.000000,0.005615,1.899353
79,9,0,-1.08611,-0.00211,0.06875,1,0,0.060886,0.039915,0.035000,0.045000,0.760000,0.160000,-0.292808,0.956171,2.000000,0.011699,-0.013760,-0.997432,-0.071614,0.118886,0.863063,-0.055935,0.105035,0.131872,1.000000,0.000000,0.000000,0.000000,0.000000,1.000000,0.000000,0.000000,0.242576,0.429337,0.600000,1.000000,0.032511,2.314318
79,10,0,-1.23000,-0.00358,0.12736,1,0,0.060886,0.039915,0.035000,0.045000,0.760000,0.160000,-0.292808,0.956171,2.000000,0.021511,0.006226,-0.573188,0.819424,0.130520,1.201867,-0.095958,0.140445,0.070668,1.000000,0.000000,0.000000,0.000000,0.000000,1.000000,0.000000,0.000000,0.047402,0.028259,0.375127,0.625212,0.063337,1.323476
79,11,0,-0.56708,0.16547,0.06580,1,0,0.060886,0.039915,0.035000,0.045000,0.760000,0.160000,-0.292808,0.956171,2.000000,0.006495,0.000294,0.624055,-0.781381,0.141563,1.130807,-0.058857,0.142601,0.007281,1.000000,0.000000,0.000000,0.000000,0.000000,1.000000,0.000000,0.000000,0.083773,0.151325,0.413705,0.689508,0.011703,1.801982
80,0,1,0.70128,0.16461,0.10498,0,0,0.050601,0.037271,0.035000,0.045000,0.820000,0.160000,-0.046843,0.998902,0.000000,-0.011823,0.014201,-0.081081,0.996708,0.119427,0.891172,-0.090894,0.103700,0.151661,1.000000,0.000000,0.000000,0.000000,1.000000,0.000000,0.000000,0.000000,0.263075,0.472411,0.004663,0.000000,0.033262,0.599428
80,1,1,0.86070,0.16554,0.02847,0,0,0.050601,0.037271,0.035000,0.045000,0.820000,0.160000,-0.046843,0.998902,0.000000,0.000738,-0.004641,0.999658,0.026148,0.063436,1.025256,0.028425,0.076621,0.172087,1.000000,0.000000,0.000000,0.000000,1.000000,0.000000,0.000000,0.000000,0.100077,0.002842,0.049963,0.000000,0.008460,0.149559
80,2,1,0.79384,0.16550,0.06056,0,0,0.050601,0.037271,0.035000,0.045000,0.820000,0.160000,-0.046843,0.998902,0.000000,0.001842,0.001692,-0.999914,0.013115,0.080854,1.173056,0.060538,0.080474,0.004725,1.000000,0.000000,0.000000,0.000000,1.000000,0.000000,0.000000,0.000000,0.088977,0.175503,0.050000,0.000000,0.011683,0.569327
80,3,1,0.78257,0.16552,0.06597,0,0,0.050601,0.037271,0.035000,0.045000,0.820000,0.160000,-0.046843,0.998902,0.000000,-0.005078,-0.001935,0.074590,0.997214,0.095536,1.006640,-0.067498,0.109492,0.127468,1.000000,0.000000,0.000000,0.000000,1.000000,0.000000,0.000000,0.000000,0.056706,0.006750,0.003120,0.000000,0.009781,0.143008
80,4,1,0.88923,0.16378,0.01477,0,0,0.050601,0.037271,0.035000,0.045000,0.820000,0.160000,-0.046843,0.998902,0.000000,0.008043,0.006617,0.983432,-0.181277,0.106195,0.914045,0.012154,0.095581,0.111051,1.000000,0.000000,0.000000,0.000000,1.000000,0.000000,0.000000,0.000000,0.208756,0.383317,0.049279,0.000000,0.018747,0.758577
80,5,1,0.79696,0.16235,0.05906,0,0,0.050601,0.037271,0.035000,0.045000,0.820000,0.160000,-0.046843,0.998902,0.000000,0.023572,0.014233,0.988305,-0.152492,0.080074,0.929992,-0.048448,0.093157,0.140447,1.000000,0.000000,0.000000,0.000000,1.000000,0.000000,0.000000,0.000000,0.107258,0.004845,0.049505,0.000000,0.049565,0.204177
80,6,1,0.78230,0.16548,0.06610,0,0,0.050601,0.037271,0.035000,0.045000,0.820000,0.160000,-0.046843,0.998902,0.000000,-0.002723,0.007700,-0.999972,0.007484,0.076613,0.894718,0.066013,0.079929,0.041487,1.000000,0.000000,0.000000,0.000000,1.000000,0.000000,0.000000,0.000000,0.052397,0.083627,0.049999,0.000000,0.014701,0.415536
80,7,1,0.87185,0.16329,0.02311,0,0,0.050601,0.037271,0.035000,0.045000,0.820000,0.160000,-0.046843,0.998902,0.000000,-0.021091,0.014114,0.999747,0.022496,0.085032,0.824539,-0.002162,0.076985,0.104530,1.000000,0.000000,0.000000,0.000000,1.000000,0.000000,0.000000,0.000000,0.227672,0.369276,0.049970,0.000000,0.045680,0.590881
80,8,1,0.75736,0.16554,0.07807,0,0,0.050601,0.037271,0.035000,0.045000,0.820000,0.160000,-0.046843,0.998902,0.000000,0.006849,0.003161,0.805643,0.592402,0.099062,0.981638,-0.080130,0.118124,0.161375,1.000000,0.000000,0.000000,0.000000,1.000000,0.000000,0.000000,0.000000,0.094198,0.008013,0.039917,0.000000,0.013578,0.115266
80,9,1,0.79978,0.15420,0.05770,0,0,0.050601,0.037271,0.035000,0.045000,0.820000,0.160000,-0.046843,0.998902,0.000000,0.001870,0.011169,-0.624840,0.780753,0.135814,0.987880,-0.030245,0.125689,0.080558,1.000000,0.000000,0.000000,0.000000,1.000000,0.000000,0.000000,0.000000,0.179809,0.324141,0.031717,0.000000,0.020383,0.537671
80,10,1,0.76718,0.16496,0.07335,0,0,0.050601,0.037271,0.035000,0.045000,0.820000,0.160000,-0.046843,0.998902,0.000000,-0.003980,-0.011348,0.185292,-0.982684,0.093453,1.219269,0.061439,0.110585,0.154926,1.000000,0.000000,0.000000,0.000000,1.000000,0.000000,0.000000,0.000000,0.095370,0.006144,0.009864,0.000000,0.054245,0.105216
80,11,1,0.87575,0.16552,0.02124,0,0,0.050601,0.037271,0.035000,0.045000,0.820000,0.160000,-0.046843,0.998902,0.000000,-0.004195,-0.002441,0.359208,-0.933258,0.117142,0.976916,0.017223,0.119535,0.020024,1.000000,0.000000,0.000000,0.000000,1.000000,0.000000,0.000000,0.000000,0.068228,0.121674,0.018529,0.000000,0.008737,0.281837
81,0,1,0.82819,0.16312,0.04407,0,0,0.089484,0.028397,0.035000,0.045000,0.780000,0.180000,-0.191931,0.981408,0.000000,0.002862,-0.018291,-0.083630,0.996497,0.164156,1.102484,-0.062810,0.184098,0.108326,1.000000,0.000000,0.000000,0.000000,1.000000,0.000000,0.000000,0.000000,0.076177,0.006281,0.007862,0.000000,0.052024,0.211015
81,1,1,0.72448,0.16205,0.09385,0,0,0.089484,0.028397,0.035000,0.045000,0.780000,0.180000,-0.191931,0.981408,0.000000,-0.002217,0.002393,0.958545,0.284942,0.084196,0.880963,0.094764,0.073656,0.143109,1.000000,0.000000,0.000000,0.000000,1.000000,0.000000,0.000000,0.000000,0.377966,0.455694,0.046740,0.000000,0.005872,1.128257
81,2,1,0.75082,0.16239,0.08121,0,0,0.089484,0.028397,0.035000,0.045000,0.780000,0.180000,-0.191931,0.981408,0.000000,0.012339,-0.009305,-0.966461,-0.256812,0.078745,1.120764,-0.083696,0.068578,0.148264,1.000000,0.000000,0.000000,0.000000,1.000000,0.000000,0.000000,0.000000,0.404205,0.464898,0.047239,0.000000,0.027818,0.985115
81,3,0,-0.31653,0.16489,0.11353,0,0,0.089484,0.028397,0.035000,0.045000,0.780000,0.180000,-0.191931,0.981408,0.000000,-0.014273,-0.003644,0.036717,0.999326,0.180000,1.198957,-0.116328,0.187200,0.038461,1.000000,0.000000,0.000000,0.000000,1.000000,0.000000,0.000000,0.000000,0.100757,0.094710,0.001871,0.000000,0.137942,0.215849
81,4,1,0.85944,0.15241,0.03917,0,0,0.089484,0.028397,0.035000,0.045000,0.780000,0.180000,-0.191931,0.981408,0.000000,-0.003703,0.011092,0.996448,-0.084214,0.106058,1.156982,0.039043,0.103641,0.023316,1.000000,0.000000,0.000000,0.000000,1.000000,0.000000,0.000000,0.000000,0.267458,0.210535,0.049997,0.000000,0.021048,0.717809
81,5,1,0.72219,0.16205,0.09495,0,0,0.089484,0.028397,0.035000,0.045000,0.780000,0.180000,-0.191931,0.981408,0.000000,0.005015,-0.035594,0.965770,0.259399,0.078403,0.853765,-0.097983,0.069045,0.135529,1.000000,0.000000,0.000000,0.000000,1.000000,0.000000,0.000000,0.000000,0.426277,0.440856,0.047195,0.000000,0.064703,1.019183
81,6,1,0.81914,0.16347,0.04841,0,0,0.089484,0.028397,0.035000,0.045000,0.780000,0.180000,-0.191931,0.981408,0.000000,0.005664,0.000200,-0.989807,-0.142418,0.073439,1.194192,-0.048901,0.065707,0.117660,1.000000,0.000000,0.000000,0.000000,1.000000,0.000000,0.000000,0.000000,0.357106,0.400210,0.048827,0.000000,0.029008,1.020384
81,7,0,-0.88000,0.03218,0.14631,0,0,0.089484,0.028397,0.035000,0.045000,0.780000,0.180000,-0.191931,0.981408,0.000000,-0.002765,-0.008102,-0.113548,-0.993532,0.180000,1.019464,0.076289,0.187763,0.041343,1.000000,0.000000,0.000000,0.000000,1.000000,0.000000,0.000000,0.000000,0.098530,0.084943,0.001981,0.000000,0.105410,0.178555
81,8,0,-0.87781,-0.00257,0.12934,0,0,0.089484,0.028397,0.035000,0.045000,0.780000,0.180000,-0.191931,0.981408,0.000000,-0.002055,-0.001701,-0.666147,0.745820,0.163368,1.146909,0.069220,0.182878,0.106678,1.000000,0.000000,0.000000,0.000000,1.000000,0.000000,0.000000,0.000000,0.107805,0.006922,0.035979,0.000000,0.019959,0.243584
81,9,1,0.78644,0.16467,0.06411,0,0,0.089484,0.028397,0.035000,0.045000,0.780000,0.180000,-0.191931,0.981408,0.000000,0.000234,0.006688,-0.278184,0.960528,0.155511,0.951306,0.070150,0.183298,0.151591,1.000000,0.000000,0.000000,0.000000,1.000000,0.000000,0.000000,0.000000,0.096266,0.007015,0.017429,0.000000,0.012046,0.100690
81,10,0,-0.84814,-0.00211,0.13637,0,0,0.089484,0.028397,0.035000,0.045000,0.780000,0.180000,-0.191931,0.981408,0.000000,0.006418,-0.040939,-0.140904,-0.990023,0.178643,0.947604,0.089729,0.187693,0.048219,1.000000,0.000000,0.000000,0.000000,1.000000,0.000000,0.000000,0.000000,0.151471,0.072534,0.003358,0.000000,0.158482,0.227376
81,11,0,-0.72231,-0.00211,0.06077,0,0,0.089484,0.028397,0.035000,0.045000,0.780000,0.180000,-0.191931,0.981408,0.000000,-0.004739,-0.005550,0.522735,0.852495,0.180000,0.827250,-0.069148,0.170206,0.057544,1.000000,0.000000,0.000000,0.000000,1.000000,0.000000,0.000000,0.000000,0.251447,0.282003,0.022907,0.000000,0.103137,0.498012
82,0,0,-0.76052,0.00979,0.06265,0,0,0.053122,0.053998,0.038000,0.050000,0.340000,0.170000,-0.327641,0.944802,0.000000,0.033681,0.002174,-0.442123,0.896954,0.082771,1.021804,0.046689,0.100000,0.172289,0.000000,1.000000,0.000000,0.000000,1.000000,0.000000,0.000000,0.000000,0.149665,0.166669,0.036078,0.000000,0.060752,0.326328
82,1,0,-0.73069,0.01277,0.04833,0,0,0.053122,0.053998,0.038000,0.050000,0.340000,0.170000,-0.327641,0.944802,0.000000,0.006474,-0.002510,0.942989,0.332824,0.091880,0.938436,-0.006552,0.100000,0.081201,0.000000,1.000000,0.000000,0.000000,1.000000,0.000000,0.000000,0.000000,0.013004,0.162655,0.038646,0.000000,0.012498,0.388392
82,2,0,-0.32339,0.16111,0.11683,0,0,0.053122,0.053998,0.038000,0.050000,0.340000,0.170000,-0.327641,0.944802,0.000000,-0.003494,-0.008288,-0.985904,-0.167315,0.102117,1.105660,0.118121,0.100000,0.021174,0.000000,1.000000,0.000000,0.000000,1.000000,0.000000,0.000000,0.000000,0.116464,0.403477,0.043485,0.000000,0.016189,0.666372
82,3,1,0.86622,0.13060,0.02582,0,0,0.053122,0.053998,0.038000,0.050000,0.340000,0.170000,-0.327641,0.944802,0.000000,0.006772,0.001536,0.282649,0.959223,0.096775,0.876953,-0.065738,0.100000,0.032250,0.000000,1.000000,0.000000,0.000000,1.000000,0.000000,0.000000,0.000000,0.059555,0.276965,0.003074,0.000000,0.012500,0.491718
82,4,1,0.83912,0.14740,0.03882,0,0,0.053122,0.053998,0.038000,0.050000,0.340000,0.170000,-0.327641,0.944802,0.000000,-0.000507,-0.001757,0.926760,-0.375655,0.101095,0.827489,-0.001721,0.100000,0.010946,0.000000,1.000000,0.000000,0.000000,1.000000,0.000000,0.000000,0.000000,0.094054,0.368619,0.049966,0.000000,0.003291,0.625682
82,5,0,-0.88000,0.00979,0.14284,0,0,0.053122,0.053998,0.038000,0.050000,0.340000,0.170000,-0.327641,0.944802,0.000000,-0.022542,0.000588,0.956848,0.290587,0.082059,0.944427,-0.087057,0.100000,0.179405,0.000000,1.000000,0.000000,0.000000,1.000000,0.000000,0.000000,0.000000,0.137740,0.170706,0.040017,0.000000,0.040590,0.320397
82,6,0,-0.32120,0.14657,0.11578,0,0,0.053122,0.053998,0.038000,0.050000,0.340000,0.170000,-0.327641,0.944802,0.000000,0.004638,0.002836,-0.999658,-0.026165,0.109299,0.976610,0.107178,0.100000,0.092990,0.000000,1.000000,0.000000,0.000000,1.000000,0.000000,0.000000,0.000000,0.182231,0.565404,0.046539,0.000000,0.009785,0.833182
82,7,0,-0.72574,0.01008,0.04595,0,0,0.053122,0.053998,0.038000,0.050000,0.340000,0.170000,-0.327641,0.944802,0.000000,0.004151,0.005403,0.960622,-0.277859,0.095150,1.074604,0.004838,0.100000,0.048502,0.000000,1.000000,0.000000,0.000000,1.000000,0.000000,0.000000,0.000000,0.043080,0.233984,0.049889,0.000000,0.012264,0.466793
82,8,1,0.89775,0.16744,0.01068,0,0,0.053122,0.053998,0.038000,0.050000,0.340000,0.170000,-0.327641,0.944802,0.000000,0.001420,-0.001344,-0.696680,0.717382,0.115497,1.167915,-0.010622,0.100000,0.154968,0.000000,1.000000,0.000000,0.000000,1.000000,0.000000,0.000000,0.000000,0.238291,0.696439,0.044980,0.000000,0.008394,0.989393
82,9,1,0.88486,0.11320,0.01687,0,0,0.053122,0.053998,0.038000,0.050000,0.340000,0.170000,-0.327641,0.944802,0.000000,-0.006253,-0.002010,0.259418,0.965765,0.096626,1.105422,-0.029127,0.100000,0.033738,0.000000,1.000000,0.000000,0.000000,1.000000,0.000000,0.000000,0.000000,0.057427,0.269926,0.004278,0.000000,0.011822,0.490062
82,10,0,-0.88000,0.00979,0.13072,0,0,0.053122,0.053998,0.038000,0.050000,0.340000,0.170000,-0.327641,0.944802,0.000000,-0.027359,-0.012574,-0.821200,0.570640,0.083031,1.111696,-0.074230,0.100000,0.169687,0.000000,1.000000,0.000000,0.000000,1.000000,0.000000,0.000000,0.000000,0.140874,0.169423,0.048330,0.000000,0.054199,0.323128
82,11,0,-0.88000,0.00898,0.14649,0,0,0.053122,0.053998,0.038000,0.050000,0.340000,0.170000,-0.327641,0.944802,0.000000,-0.010477,0.004952,0.995453,0.095250,0.098442,0.848279,0.095226,0.100000,0.015584,0.000000,1.000000,0.000000,0.000000,1.000000,0.000000,0.000000,0.000000,0.084117,0.317746,0.045163,0.000000,0.020860,0.561931
83,0,0,-0.86383,-0.00222,0.11224,0,0,0.108786,0.025339,0.032000,0.045000,0.720000,0.160000,-0.494538,0.869156,0.000000,0.020195,0.010841,-0.238065,0.971249,0.180000,1.151323,0.082421,0.223137,0.193322,0.000000,0.000000,1.000000,0.000000,0.000000,0.000000,1.000000,0.000000,0.193297,0.008242,0.370147,0.000000,0.131257,0.415438
83,1,1,0.85365,0.16311,0.03185,0,0,0.108786,0.025339,0.032000,0.045000,0.720000,0.160000,-0.494538,0.869156,0.000000,0.002953,-0.001004,0.857365,0.514709,0.053221,1.184223,-0.033262,0.055748,0.045328,0.000000,0.000000,1.000000,0.000000,0.000000,0.000000,1.000000,0.000000,0.189933,0.072670,0.000000,0.000000,0.018936,0.172291
83,2,1,0.79645,0.15942,0.05930,0,0,0.108786,0.025339,0.032000,0.045000,0.720000,0.160000,-0.494538,0.869156,0.000000,0.003899,-0.006589,-0.934896,-0.354922,0.087085,1.196319,0.057499,0.083551,0.042298,0.000000,0.000000,1.000000,0.000000,0.000000,0.000000,1.000000,0.000000,0.283527,0.250345,0.000000,0.000000,0.033757,0.938085
83,3,0,-0.73621,-0.00211,0.06787,0,0,0.108786,0.025339,0.032000,0.045000,0.720000,0.160000,-0.494538,0.869156,0.000000,0.010463,0.009812,0.328072,0.944653,0.180000,1.094390,0.047199,0.181464,0.008065,0.000000,0.000000,1.000000,0.000000,0.000000,0.000000,1.000000,0.000000,0.209166,0.148590,0.287231,0.000000,0.115818,0.575749
83,4,0,-0.71757,-0.00211,0.05781,0,0,0.108786,0.025339,0.032000,0.045000,0.720000,0.160000,-0.494538,0.869156,0.000000,-0.005459,0.004492,0.958760,-0.284218,0.180000,1.052416,0.089044,0.192014,0.062570,0.000000,0.000000,1.000000,0.000000,0.000000,0.000000,1.000000,0.000000,0.133361,0.043764,0.000000,0.000000,0.102725,0.261882
83,5,0,-0.79763,-0.00211,0.09704,0,0,0.108786,0.025339,0.032000,0.045000,0.720000,0.160000,-0.494538,0.869156,0.000000,0.022235,0.027438,0.993791,-0.111265,0.144948,0.952059,0.018397,0.168955,0.142092,0.000000,0.000000,1.000000,0.000000,0.000000,0.000000,1.000000,0.000000,0.243441,0.001840,0.000000,0.000000,0.063570,0.223979
83,6,0,-0.84144,-0.00211,0.11606,0,0,0.108786,0.025339,0.032000,0.045000,0.720000,0.160000,-0.494538,0.869156,0.000000,0.001289,-0.002216,-0.987035,-0.160504,0.106203,0.996236,0.093068,0.123350,0.139009,0.000000,0.000000,1.000000,0.000000,0.000000,0.000000,1.000000,0.000000,0.203957,0.009307,0.000000,0.000000,0.004615,0.305525
83,7,0,-0.70748,-0.00211,0.05326,0,0,0.108786,0.025339,0.032000,0.045000,0.720000,0.160000,-0.494538,0.869156,0.000000,0.001105,0.001960,-0.992270,0.124094,0.171897,0.846438,-0.092883,0.170829,0.006249,0.000000,0.000000,1.000000,0.000000,0.000000,0.000000,1.000000,0.000000,0.210234,0.181785,0.000000,0.000000,0.057585,0.510439
83,8,0,-0.25800,0.16312,0.08544,0,0,0.108786,0.025339,0.032000,0.045000,0.720000,0.160000,-0.494538,0.869156,0.000000,-0.001797,-0.001246,-0.643263,0.765645,0.180000,1.062246,-0.086987,0.223145,0.193348,0.000000,0.000000,1.000000,0.000000,0.000000,0.000000,1.000000,0.000000,0.144134,0.008699,0.205972,0.000000,0.093937,0.277261
83,9,0,-0.88000,-0.00211,0.14621,0,0,0.108786,0.025339,0.032000,0.045000,0.720000,0.160000,-0.494538,0.869156,0.000000,0.000532,-0.011827,-0.321439,0.946930,0.180000,1.185971,0.084168,0.223227,0.193647,0.000000,0.000000,1.000000,0.000000,0.000000,0.000000,1.000000,0.000000,0.162110,0.008417,0.354263,0.000000,0.125593,0.387673
83,10,1,0.84628,0.15306,0.04524,0,0,0.108786,0.025339,0.032000,0.045000,0.720000,0.160000,-0.494538,0.869156,0.000000,-0.021799,0.008174,-0.696065,-0.717979,0.092608,0.853213,-0.030322,0.109532,0.154509,0.000000,0.000000,1.000000,0.000000,0.000000,0.000000,1.000000,0.000000,0.258095,0.003032,0.024992,0.000000,0.041906,0.251742
83,11,0,-0.74205,-0.00211,0.06960,0,0,0.108786,0.025339,0.032000,0.045000,0.720000,0.160000,-0.494538,0.869156,0.000000,-0.005996,-0.005212,-0.974474,0.224499,0.158034,0.954901,-0.093683,0.184601,0.143916,0.000000,0.000000,1.000000,0.000000,0.000000,0.000000,1.000000,0.000000,0.187813,0.009368,0.000000,0.000000,0.014300,0.201037
84,0,0,-0.51453,0.16222,0.04057,1,0,0.062335,0.042208,0.035000,0.045000,0.760000,0.160000,0.192012,0.981393,2.000000,0.013590,0.003509,0.266353,0.963876,0.125738,1.045477,-0.049627,0.130748,0.038322,1.000000,0.000000,0.000000,0.000000,0.000000,1.000000,0.000000,0.000000,0.065538,0.088319,0.081410,0.135684,0.025264,0.606099
84,1,0,-0.54032,0.16965,0.05295,1,0,0.062335,0.042208,0.035000,0.045000,0.760000,0.160000,0.192012,0.981393,2.000000,-0.007630,0.015214,0.998134,-0.061067,0.083570,1.134267,0.052044,0.100102,0.165155,1.000000,0.000000,0.000000,0.000000,0.000000,1.000000,0.000000,0.000000,0.114089,0.005204,0.600000,1.000000,0.030636,1.599096
84,2,0,-1.13430,-0.00211,0.07406,1,0,0.062335,0.042208,0.035000,0.045000,0.760000,0.160000,0.192012,0.981393,2.000000,-0.001881,-0.001612,-0.987259,0.159124,0.073826,0.851225,-0.025618,0.088533,0.166111,1.000000,0.000000,0.000000,0.000000,0.000000,1.000000,0.000000,0.000000,0.090322,0.002562,0.600000,1.000000,0.004458,1.585870
84,3,1,0.91119,0.16553,0.00423,0,0,0.062335,0.042208,0.035000,0.045000,0.760000,0.160000,0.192012,0.981393,2.000000,-0.004622,0.002450,-0.113266,0.993565,0.145957,1.211025,-0.003668,0.144339,0.011212,1.000000,0.000000,0.000000,0.000000,0.000000,1.000000,0.000000,0.000000,0.100105,0.182790,0.114997,0.191662,0.037480,0.948702
84,4,0,-1.12626,-0.00211,0.07423,1,0,0.062335,0.042208,0.035000,0.045000,0.760000,0.160000,0.192012,0.981393,2.000000,-0.000808,-0.002464,0.975233,-0.221182,0.078018,1.199650,0.039771,0.088095,0.114381,1.000000,0.000000,0.000000,0.000000,0.000000,1.000000,0.000000,0.000000,0.038789,0.003977,0.600000,1.000000,0.026475,1.596420
84,5,0,-0.59323,0.16695,0.07835,1,0,0.062335,0.042208,0.035000,0.045000,0.760000,0.160000,0.192012,0.981393,2.000000,-0.010188,0.032573,0.980201,0.198005,0.115337,1.144058,0.078780,0.125685,0.082332,1.000000,0.000000,0.000000,0.000000,0.000000,1.000000,0.000000,0.000000,0.060352,0.007878,0.600000,1.000000,0.061433,1.654226
84,6,0,-1.14378,-0.00550,0.07862,1,0,0.062335,0.042208,0.035000,0.045000,0.760000,0.160000,0.192012,0.981393,2.000000,-0.000540,0.008470,-0.989925,-0.141593,0.129551,0.987161,-0.118114,0.120736,0.073016,1.000000,0.000000,0.000000,0.000000,0.000000,1.000000,0.000000,0.000000,0.167444,0.317843,0.600000,1.000000,0.015277,1.980368
84,7,0,-0.54342,0.11317,0.05444,1,0,0.062335,0.042208,0.035000,0.045000,0.760000,0.160000,0.192012,0.981393,2.000000,-0.008602,0.000931,-0.544163,0.838980,0.144966,0.888053,-0.050762,0.148303,0.022498,1.000000,0.000000,0.000000,0.000000,0.000000,1.000000,0.000000,0.000000,0.072211,0.120079,0.600000,1.000000,0.015574,1.818894
84,8,0,-1.13025,-0.00211,0.07212,1,0,0.062335,0.042208,0.035000,0.045000,0.760000,0.160000,0.192012,0.981393,2.000000,0.006771,-0.000283,0.899562,-0.436794,0.102984,1.193642,-0.015506,0.113512,0.092744,1.000000,0.000000,0.000000,0.000000,0.000000,1.000000,0.000000,0.000000,0.024264,0.001551,0.600000,1.000000,0.030701,1.756396
84,9,0,-0.56135,0.16801,0.06305,1,0,0.062335,0.042208,0.035000,0.045000,0.760000,0.160000,0.192012,0.981393,2.000000,-0.008673,0.020011,-0.933758,0.357904,0.109706,0.924361,0.062522,0.104595,0.048856,1.000000,0.000000,0.000000,0.000000,0.000000,1.000000,0.000000,0.000000,0.165933,0.263965,0.600000,1.000000,0.039258,2.110509
84,10,0,-0.44148,0.16545,0.00551,1,0,0.062335,0.042208,0.035000,0.045000,0.760000,0.160000,0.192012,0.981393,2.000000,0.008518,0.001040,-0.080320,0.996769,0.148339,0.887522,0.006434,0.142842,0.038480,1.000000,0.000000,0.000000,0.000000,0.000000,1.000000,0.000000,0.000000,0.133069,0.237604,0.015822,0.026370,0.015446,0.651172
84,11,0,-0.48538,0.16158,0.02658,1,0,0.062335,0.042208,0.035000,0.045000,0.760000,0.160000,0.192012,0.981393,2.000000,-0.007639,-0.002703,-0.360912,-0.932600,0.150686,1.010988,-0.035928,0.137526,0.095689,1.000000,0.000000,0.000000,0.000000,0.000000,1.000000,0.000000,0.000000,0.189464,0.354970,0.112539,0.187565,0.014585,0.802993
85,0,1,0.90571,0.16497,0.00686,0,0,0.058661,0.041438,0.035000,0.045000,0.820000,0.160000,0.137108,0.990556,0.000000,0.015448,0.010549,0.113128,0.993580,0.126136,1.168026,0.016426,0.119292,0.057379,1.000000,0.000000,0.000000,0.000000,1.000000,0.000000,0.000000,0.000000,0.169180,0.276401,0.017499,0.000000,0.038086,0.409245
85,1,0,-0.32800,0.16549,0.11904,0,0,0.058661,0.041438,0.035000,0.045000,0.820000,0.160000,0.137108,0.990556,0.000000,-0.004575,0.001218,0.995769,-0.091896,0.085131,1.191312,-0.119353,0.088127,0.034000,1.000000,0.000000,0.000000,0.000000,1.000000,0.000000,0.000000,0.000000,0.054049,0.103936,0.046454,0.000000,0.025744,0.180060
85,2,1,0.89287,0.16555,0.01302,0,0,0.058661,0.041438,0.035000,0.045000,0.820000,0.160000,0.137108,0.990556,0.000000,-0.003222,0.005335,-0.987051,0.160406,0.078649,0.969565,0.012426,0.085616,0.081375,1.000000,0.000000,0.000000,0.000000,1.000000,0.000000,0.000000,0.000000,0.011970,0.001243,0.047619,0.000000,0.011218,0.153546
85,3,0,-0.32565,0.16548,0.11791,0,0,0.058661,0.041438,0.035000,0.045000,0.820000,0.160000,0.137108,0.990556,0.000000,0.007667,0.002059,0.464364,0.885645,0.146704,0.951387,0.115907,0.138452,0.059600,1.000000,0.000000,0.000000,0.000000,1.000000,0.000000,0.000000,0.000000,0.153096,0.290791,0.000599,0.000000,0.014290,0.532076
85,4,1,0.82298,0.16451,0.04657,0,0,0.058661,0.041438,0.035000,0.045000,0.820000,0.160000,0.137108,0.990556,0.000000,0.012053,0.002956,0.861198,-0.508270,0.113922,0.912544,0.050617,0.121689,0.063824,1.000000,0.000000,0.000000,0.000000,1.000000,0.000000,0.000000,0.000000,0.037272,0.037413,0.049903,0.000000,0.022338,0.330260
85,5,1,0.81078,0.16489,0.05243,0,0,0.058661,0.041438,0.035000,0.045000,0.820000,0.160000,0.137108,0.990556,0.000000,0.011688,-0.024851,0.995936,-0.090066,0.074882,0.944074,0.052214,0.088336,0.152296,1.000000,0.000000,0.000000,0.000000,1.000000,0.000000,0.000000,0.000000,0.118983,0.005221,0.046419,0.000000,0.049433,0.139502
85,6,1,0.72093,0.16433,0.09555,0,0,0.058661,0.041438,0.035000,0.045000,0.820000,0.160000,0.137108,0.990556,0.000000,-0.007183,-0.004646,-0.995979,-0.089582,0.115638,1.003733,-0.095108,0.107176,0.078954,1.000000,0.000000,0.000000,0.000000,1.000000,0.000000,0.000000,0.000000,0.173496,0.327419,0.042346,0.000000,0.015398,0.548907
85,7,1,0.73245,0.16543,0.09003,0,0,0.058661,0.041438,0.035000,0.045000,0.820000,0.160000,0.137108,0.990556,0.000000,-0.004554,0.002238,0.997027,-0.077049,0.101959,1.187856,-0.090269,0.089808,0.135307,1.000000,0.000000,0.000000,0.000000,1.000000,0.000000,0.000000,0.000000,0.223933,0.439641,0.046173,0.000000,0.024454,0.622798
85,8,1,0.82754,0.16546,0.04438,0,0,0.058661,0.041438,0.035000,0.045000,0.820000,0.160000,0.137108,0.990556,0.000000,0.008774,-0.002716,-0.816071,0.577952,0.112534,1.064016,-0.040926,0.127600,0.118067,1.000000,0.000000,0.000000,0.000000,1.000000,0.000000,0.000000,0.000000,0.053682,0.004093,0.049473,0.000000,0.016533,0.192802
85,9,1,0.75705,0.16515,0.07822,0,0,0.058661,0.041438,0.035000,0.045000,0.820000,0.160000,0.137108,0.990556,0.000000,0.006415,-0.012730,0.965068,0.261999,0.100659,0.879485,-0.079910,0.122220,0.176410,1.000000,0.000000,0.000000,0.000000,1.000000,0.000000,0.000000,0.000000,0.120645,0.007991,0.037057,0.000000,0.025660,0.109222
85,10,1,0.78687,0.16395,0.06390,0,0,0.058661,0.041438,0.035000,0.045000,0.820000,0.160000,0.137108,0.990556,0.000000,0.007751,-0.016274,0.410366,0.911921,0.133092,1.125117,-0.081049,0.135906,0.020707,1.000000,0.000000,0.000000,0.000000,1.000000,0.000000,0.000000,0.000000,0.089936,0.126690,0.002403,0.000000,0.032446,0.384780
85,11,1,0.75448,0.16542,0.07945,0,0,0.058661,0.041438,0.035000,0.045000,0.820000,0.160000,0.137108,0.990556,0.000000,-0.007936,-0.003023,0.729360,0.684130,0.145399,1.008998,0.081102,0.143340,0.014363,1.000000,0.000000,0.000000,0.000000,1.000000,0.000000,0.000000,0.000000,0.108799,0.196836,0.016978,0.000000,0.015286,0.394796
86,0,0,-0.32126,0.16473,0.11580,0,0,0.094410,0.028492,0.035000,0.045000,0.780000,0.180000,-0.591680,0.806173,0.000000,0.020123,-0.012574,-0.666871,0.745173,0.179949,1.092952,-0.112195,0.193446,0.069770,1.000000,0.000000,0.000000,0.000000,1.000000,0.000000,0.000000,0.000000,0.065074,0.031680,0.030525,0.000000,0.132482,0.177717
86,1,1,0.76204,0.16196,0.07582,0,0,0.094410,0.028492,0.035000,0.045000,0.780000,0.180000,-0.591680,0.806173,0.000000,0.002820,-0.002450,0.706569,0.707644,0.082436,1.219700,0.074307,0.085099,0.031291,1.000000,0.000000,0.000000,0.000000,1.000000,0.000000,0.000000,0.000000,0.203308,0.104850,0.037825,0.000000,0.039559,0.642226
86,2,1,0.83512,0.16472,0.04074,0,0,0.094410,0.028492,0.035000,0.045000,0.780000,0.180000,-0.591680,0.806173,0.000000,-0.001988,-0.010199,-0.766708,-0.641996,0.071251,1.194574,0.037330,0.068937,0.033568,1.000000,0.000000,0.000000,0.000000,1.000000,0.000000,0.000000,0.000000,0.280925,0.230869,0.040584,0.000000,0.037718,0.675415
86,3,0,-0.85144,-0.00215,0.10629,0,0,0.094410,0.028492,0.035000,0.045000,0.780000,0.180000,-0.591680,0.806173,0.000000,-0.007383,0.001534,-0.177516,0.984118,0.180000,0.942508,-0.053054,0.194662,0.075322,1.000000,0.000000,0.000000,0.000000,1.000000,0.000000,0.000000,0.000000,0.083373,0.014661,0.005247,0.000000,0.103574,0.125585
86,4,0,-0.75362,-0.00211,0.07575,0,0,0.094410,0.028492,0.035000,0.045000,0.780000,0.180000,-0.591680,0.806173,0.000000,-0.005450,-0.009919,0.994852,0.101334,0.134496,0.941147,-0.085176,0.144840,0.071417,1.000000,0.000000,0.000000,0.000000,1.000000,0.000000,0.000000,0.000000,0.157121,0.025683,0.049980,0.000000,0.020372,0.426510
86,5,0,-0.71784,-0.00211,0.05998,0,0,0.094410,0.028492,0.035000,0.045000,0.780000,0.180000,-0.591680,0.806173,0.000000,-0.003086,0.006045,0.989644,0.143545,0.142261,1.051484,0.014023,0.139017,0.023334,1.000000,0.000000,0.000000,0.000000,1.000000,0.000000,0.000000,0.000000,0.247285,0.208070,0.049875,0.000000,0.012216,0.632425
86,6,0,-0.30463,0.14449,0.11876,0,0,0.094410,0.028492,0.035000,0.045000,0.780000,0.180000,-0.591680,0.806173,0.000000,0.002873,0.002897,-0.979905,-0.199464,0.109292,0.924361,-0.119428,0.130855,0.164787,1.000000,0.000000,0.000000,0.000000,1.000000,0.000000,0.000000,0.000000,0.227921,0.011943,0.049594,0.000000,0.007343,0.217542
86,7,0,-0.74651,-0.00211,0.07214,0,0,0.094410,0.028492,0.035000,0.045000,0.780000,0.180000,-0.591680,0.806173,0.000000,-0.007509,0.012339,-0.006355,-0.999980,0.157098,1.031680,0.047720,0.185517,0.153185,1.000000,0.000000,0.000000,0.000000,1.000000,0.000000,0.000000,0.000000,0.187258,0.004772,0.003980,0.000000,0.025999,0.143922
86,8,1,0.78756,0.07045,0.06357,0,0,0.094410,0.028492,0.035000,0.045000,0.780000,0.180000,-0.591680,0.806173,0.000000,0.002913,0.008217,0.800687,-0.599084,0.180000,1.104527,0.007683,0.197231,0.087364,1.000000,0.000000,0.000000,0.000000,1.000000,0.000000,0.000000,0.000000,0.065839,0.000768,0.037732,0.000000,0.105692,0.115488
86,9,0,-0.72735,-0.00211,0.06283,0,0,0.094410,0.028492,0.035000,0.045000,0.780000,0.180000,-0.591680,0.806173,0.000000,0.005832,0.001242,0.175162,0.984540,0.161615,0.990896,0.081020,0.171541,0.057865,1.000000,0.000000,0.000000,0.000000,1.000000,0.000000,0.000000,0.000000,0.140833,0.052372,0.012341,0.000000,0.018000,0.241609
86,10,1,0.71997,0.15507,0.10209,0,0,0.094410,0.028492,0.035000,0.045000,0.780000,0.180000,-0.591680,0.806173,0.000000,0.020550,0.014674,0.952304,0.305152,0.106825,1.212915,-0.107855,0.113979,0.062762,1.000000,0.000000,0.000000,0.000000,1.000000,0.000000,0.000000,0.000000,0.202407,0.045262,0.048605,0.000000,0.074556,0.536663
86,11,0,-0.74770,-0.00211,0.07341,0,0,0.094410,0.028492,0.035000,0.045000,0.780000,0.180000,-0.591680,0.806173,0.000000,-0.000107,0.000908,0.964807,0.262959,0.121537,1.098450,-0.059124,0.120950,0.004850,1.000000,0.000000,0.000000,0.000000,1.000000,0.000000,0.000000,0.000000,0.226413,0.175612,0.049074,0.000000,0.001646,0.644526
87,0,0,-0.83427,0.00762,0.09805,0,0,0.051477,0.055037,0.038000,0.050000,0.340000,0.170000,0.595345,0.803470,0.000000,0.034946,0.011801,0.559674,0.828713,0.115425,1.140648,-0.058213,0.100000,0.154248,0.000000,1.000000,0.000000,0.000000,1.000000,0.000000,0.000000,0.000000,0.296953,0.699564,0.013633,0.000000,0.066393,1.003103
87,1,0,-0.82058,0.00979,0.09148,0,0,0.051477,0.055037,0.038000,0.050000,0.340000,0.170000,0.595345,0.803470,0.000000,-0.012643,-0.003295,0.789048,-0.614332,0.084110,1.100621,0.036424,0.100000,0.158903,0.000000,1.000000,0.000000,0.000000,1.000000,0.000000,0.000000,0.000000,0.101114,0.165642,0.047076,0.000000,0.023518,0.293927
87,2,0,-0.75682,0.01442,0.06088,0,0,0.051477,0.055037,0.038000,0.050000,0.340000,0.170000,0.595345,0.803470,0.000000,0.011464,0.003163,-0.776363,0.630286,0.103772,1.024294,0.023543,0.100000,0.037719,0.000000,1.000000,0.000000,0.000000,1.000000,0.000000,0.000000,0.000000,0.137936,0.431576,0.046723,0.000000,0.021407,0.696038
87,3,1,0.73250,0.07237,0.09000,0,0,0.051477,0.055037,0.038000,0.050000,0.340000,0.170000,0.595345,0.803470,0.000000,-0.010620,0.002773,0.432351,0.901705,0.102784,0.993854,0.117822,0.100000,0.027838,0.000000,1.000000,0.000000,0.000000,1.000000,0.000000,0.000000,0.000000,0.126497,0.418575,0.006445,0.000000,0.019756,0.649079
87,4,0,-0.88000,0.00979,0.13962,0,0,0.051477,0.055037,0.038000,0.050000,0.340000,0.170000,0.595345,0.803470,0.000000,0.014475,0.000017,0.949821,-0.312794,0.103617,1.067120,-0.081720,0.100000,0.036169,0.000000,1.000000,0.000000,0.000000,1.000000,0.000000,0.000000,0.000000,0.140776,0.433875,0.050000,0.000000,0.026054,0.704881
87,5,1,0.75954,0.07093,0.07702,0,0,0.051477,0.055037,0.038000,0.050000,0.340000,0.170000,0.595345,0.803470,0.000000,-0.008331,0.010665,0.986859,-0.161586,0.094525,0.847228,-0.073135,0.100000,0.054753,0.000000,1.000000,0.000000,0.000000,1.000000,0.000000,0.000000,0.000000,0.048253,0.226624,0.049396,0.000000,0.024360,0.459389
87,6,0,-0.88000,0.01365,0.13890,0,0,0.051477,0.055037,0.038000,0.050000,0.340000,0.170000,0.595345,0.803470,0.000000,0.003787,-0.005124,-0.999833,0.018279,0.093828,1.075882,0.089619,0.100000,0.061721,0.000000,1.000000,0.000000,0.000000,1.000000,0.000000,0.000000,0.000000,0.029111,0.212454,0.047773,0.000000,0.011470,0.453179
87,7,1,0.85851,0.16447,0.02951,0,0,0.051477,0.055037,0.038000,0.050000,0.340000,0.170000,0.595345,0.803470,0.000000,0.003016,-0.002796,-0.128866,0.991662,0.111935,1.059865,0.011433,0.100000,0.119354,0.000000,1.000000,0.000000,0.000000,1.000000,0.000000,0.000000,0.000000,0.206345,0.615676,0.021616,0.000000,0.007403,0.885656
87,8,0,-0.71205,0.04450,0.03938,0,0,0.051477,0.055037,0.038000,0.050000,0.340000,0.170000,0.595345,0.803470,0.000000,0.003634,-0.008567,0.581030,0.813882,0.105029,1.147392,0.001382,0.100000,0.050292,0.000000,1.000000,0.000000,0.000000,1.000000,0.000000,0.000000,0.000000,0.146113,0.457902,0.014879,0.000000,0.016751,0.711573
87,9,1,0.78061,0.15616,0.06691,0,0,0.051477,0.055037,0.038000,0.050000,0.340000,0.170000,0.595345,0.803470,0.000000,0.000492,0.005124,0.908648,-0.417564,0.095225,0.911695,0.073383,0.100000,0.047746,0.000000,1.000000,0.000000,0.000000,1.000000,0.000000,0.000000,0.000000,0.041005,0.242555,0.049682,0.000000,0.009266,0.472363
87,10,0,-0.68977,0.05099,0.02869,0,0,0.051477,0.055037,0.038000,0.050000,0.340000,0.170000,0.595345,0.803470,0.000000,-0.009386,0.001072,0.773645,-0.633619,0.102169,0.952231,-0.004675,0.100000,0.021694,0.000000,1.000000,0.000000,0.000000,1.000000,0.000000,0.000000,0.000000,0.117755,0.393314,0.046646,0.000000,0.017005,0.653403
87,11,1,0.86059,0.08797,0.02852,0,0,0.051477,0.055037,0.038000,0.050000,0.340000,0.170000,0.595345,0.803470,0.000000,0.006689,-0.007242,-0.614314,0.789062,0.099998,1.059065,-0.007802,0.100000,0.000024,0.000000,1.000000,0.000000,0.000000,1.000000,0.000000,0.000000,0.000000,0.096735,0.344326,0.041507,0.000000,0.017745,0.604589
88,0,0,-0.17433,0.16248,0.04528,0,0,0.121660,0.022108,0.032000,0.045000,0.720000,0.160000,-0.214770,0.976665,0.000000,-0.021071,0.014019,-0.195138,0.980776,0.180000,1.031441,0.055387,0.244157,0.262769,0.000000,0.000000,1.000000,0.000000,0.000000,0.000000,1.000000,0.000000,0.228802,0.005539,0.373161,0.000000,0.135555,0.469995
88,1,1,0.79172,0.15972,0.06158,0,0,0.121660,0.022108,0.032000,0.045000,0.720000,0.160000,-0.214770,0.976665,0.000000,0.008196,-0.001528,0.943702,0.330798,0.069992,1.101038,-0.063886,0.073190,0.043696,0.000000,0.000000,1.000000,0.000000,0.000000,0.000000,1.000000,0.000000,0.199386,0.078997,0.000000,0.000000,0.015007,0.868582
88,2,0,-0.30179,0.16262,0.10646,0,0,0.121660,0.022108,0.032000,0.045000,0.720000,0.160000,-0.214770,0.976665,0.000000,-0.007387,0.002497,-0.956565,-0.291519,0.056981,1.179354,0.108435,0.063366,0.100765,0.000000,0.000000,1.000000,0.000000,0.000000,0.000000,1.000000,0.000000,0.183549,0.010843,0.000000,0.000000,0.024680,0.833173
88,3,0,-0.10714,0.16281,0.01303,0,0,0.121660,0.022108,0.032000,0.045000,0.720000,0.160000,-0.214770,0.976665,0.000000,-0.000559,0.007675,-0.157028,0.987594,0.180000,0.946472,-0.005751,0.245496,0.266791,0.000000,0.000000,1.000000,0.000000,0.000000,0.000000,1.000000,0.000000,0.208685,0.000575,0.376936,0.000000,0.103852,0.449887
88,4,1,0.91333,0.16318,0.00320,0,0,0.121660,0.022108,0.032000,0.045000,0.720000,0.160000,-0.214770,0.976665,0.000000,0.001060,0.013819,0.977734,0.209850,0.044024,0.938727,0.003058,0.045440,0.031166,0.000000,0.000000,1.000000,0.000000,0.000000,0.000000,1.000000,0.000000,0.222394,0.097973,0.000000,0.000000,0.024948,0.253988
88,5,0,-0.72235,-0.00211,0.06137,0,0,0.121660,0.022108,0.032000,0.045000,0.720000,0.160000,-0.214770,0.976665,0.000000,-0.006534,0.006625,0.995261,-0.097239,0.132527,1.168958,-0.070022,0.117174,0.131024,0.000000,0.000000,1.000000,0.000000,0.000000,0.000000,1.000000,0.000000,0.369515,0.429050,0.000000,0.000000,0.021676,1.022632
88,6,1,0.87503,0.15773,0.02747,0,0,0.121660,0.022108,0.032000,0.045000,0.720000,0.160000,-0.214770,0.976665,0.000000,0.001711,0.002795,-0.994521,-0.104538,0.079683,0.863985,0.027310,0.071069,0.121209,0.000000,0.000000,1.000000,0.000000,0.000000,0.000000,1.000000,0.000000,0.355845,0.405149,0.000000,0.000000,0.005899,1.344105
88,7,0,-0.73279,-0.00211,0.06693,0,0,0.121660,0.022108,0.032000,0.045000,0.720000,0.160000,-0.214770,0.976665,0.000000,-0.005815,0.013637,-0.888424,0.459024,0.179889,0.922217,-0.034734,0.189517,0.050803,0.000000,0.000000,1.000000,0.000000,0.000000,0.000000,1.000000,0.000000,0.169766,0.061867,0.000000,0.000000,0.116185,0.337892
88,8,1,0.92989,0.15643,0.00556,0,0,0.121660,0.022108,0.032000,0.045000,0.720000,0.160000,-0.214770,0.976665,0.000000,-0.002627,-0.002692,-0.925924,-0.377710,0.087736,1.179445,-0.004899,0.084945,0.032862,0.000000,0.000000,1.000000,0.000000,0.000000,0.000000,1.000000,0.000000,0.267072,0.226214,0.000000,0.000000,0.017465,0.919298
88,9,0,-0.85765,-0.00211,0.10927,0,0,0.121660,0.022108,0.032000,0.045000,0.720000,0.160000,-0.214770,0.976665,0.000000,-0.001437,-0.000599,0.110149,0.993915,0.180000,0.918786,0.061393,0.244634,0.264207,0.000000,0.000000,1.000000,0.000000,0.000000,0.000000,1.000000,0.000000,0.235011,0.006139,0.362051,0.000000,0.092803,0.421089
88,10,0,-0.72908,-0.00211,0.06535,0,0,0.121660,0.022108,0.032000,0.045000,0.720000,0.160000,-0.214770,0.976665,0.000000,-0.002450,-0.013017,0.924923,-0.380154,0.180000,0.983806,0.004631,0.175006,0.028533,0.000000,0.000000,1.000000,0.000000,0.000000,0.000000,1.000000,0.000000,0.254305,0.217530,0.000000,0.000000,0.113842,0.540912
88,11,1,0.89726,0.16266,0.01092,0,0,0.121660,0.022108,0.032000,0.045000,0.720000,0.160000,-0.214770,0.976665,0.000000,0.008010,-0.009899,0.980445,0.196795,0.041206,0.834036,0.003343,0.048678,0.153497,0.000000,0.000000,1.000000,0.000000,0.000000,0.000000,1.000000,0.000000,0.245119,0.000334,0.000000,0.000000,0.022920,0.340268
89,0,0,-0.56609,0.15431,0.06532,1,0,0.060959,0.043772,0.035000,0.045000,0.760000,0.160000,-0.604321,0.796741,2.000000,0.018959,-0.000585,-0.625596,0.780147,0.120575,0.872871,0.056581,0.124235,0.029454,1.000000,0.000000,0.000000,0.000000,0.000000,1.000000,0.000000,0.000000,0.082792,0.106751,0.481919,0.803198,0.034143,1.515780
89,1,0,-0.57386,0.15528,0.06905,1,0,0.060959,0.043772,0.035000,0.045000,0.760000,0.160000,-0.604321,0.796741,2.000000,0.002660,0.021888,0.818771,0.574121,0.090721,0.952381,-0.079087,0.092039,0.014311,1.000000,0.000000,0.000000,0.000000,0.000000,1.000000,0.000000,0.000000,0.103172,0.139286,0.494232,0.823721,0.039688,1.678683
89,2,0,-1.23000,0.00604,0.15968,1,0,0.060959,0.043772,0.035000,0.045000,0.760000,0.160000,-0.604321,0.796741,2.000000,-0.002140,-0.001246,-0.756737,-0.653719,0.107005,1.106379,-0.088434,0.095112,0.125037,1.000000,0.000000,0.000000,0.000000,0.000000,1.000000,0.000000,0.000000,0.209247,0.418918,0.417521,0.695868,0.004458,2.032913
89,3,0,-0.80436,-0.00211,0.09279,0,0,0.060959,0.043772,0.035000,0.045000,0.760000,0.160000,-0.604321,0.796741,2.000000,0.000587,-0.006127,-0.094293,0.995545,0.144105,1.023226,0.064201,0.149742,0.037646,1.000000,0.000000,0.000000,0.000000,0.000000,1.000000,0.000000,0.000000,0.052817,0.091129,0.139806,0.233009,0.011078,0.906524
89,4,0,-1.18553,-0.00211,0.09865,1,0,0.060959,0.043772,0.035000,0.045000,0.760000,0.160000,-0.604321,0.796741,2.000000,-0.000510,0.000979,0.984015,-0.178088,0.143145,0.918459,-0.008263,0.149011,0.039363,1.000000,0.000000,0.000000,0.000000,0.000000,1.000000,0.000000,0.000000,0.042514,0.082101,0.579753,0.966255,0.001987,1.562728
89,5,0,-0.57389,0.16927,0.06907,1,0,0.060959,0.043772,0.035000,0.045000,0.760000,0.160000,-0.604321,0.796741,2.000000,0.004416,0.040472,0.987152,-0.159782,0.136625,1.058859,-0.066943,0.148651,0.080903,1.000000,0.000000,0.000000,0.000000,0.000000,1.000000,0.000000,0.000000,0.070114,0.006694,0.600000,1.000000,0.073283,1.713636
89,6,0,-1.19913,-0.00211,0.10518,1,0,0.060959,0.043772,0.035000,0.045000,0.760000,0.160000,-0.604321,0.796741,2.000000,0.003460,-0.002690,-0.993796,0.111215,0.151607,1.028058,-0.000141,0.147456,0.028153,1.000000,0.000000,0.000000,0.000000,0.000000,1.000000,0.000000,0.000000,0.115604,0.216320,0.514503,0.857506,0.007889,1.537427
89,7,0,-1.23000,-0.00389,0.13370,1,0,0.060959,0.043772,0.035000,0.045000,0.760000,0.160000,-0.604321,0.796741,2.000000,-0.001770,0.003535,-0.800693,-0.599075,0.080090,1.094321,-0.118193,0.088342,0.093411,1.000000,0.000000,0.000000,0.000000,0.000000,1.000000,0.000000,0.000000,0.020132,0.011819,0.532318,0.887196,0.007117,1.558886
89,8,0,-1.13010,-0.00211,0.08564,1,0,0.060959,0.043772,0.035000,0.045000,0.760000,0.160000,-0.604321,0.796741,2.000000,0.000069,-0.002062,-0.271723,-0.962376,0.137617,1.117055,-0.107621,0.143328,0.039843,1.000000,0.000000,0.000000,0.000000,0.000000,1.000000,0.000000,0.000000,0.043664,0.091077,0.006141,0.010235,0.003713,0.460012
89,9,0,-0.51842,0.12734,0.04244,1,0,0.060959,0.043772,0.035000,0.045000,0.760000,0.160000,-0.604321,0.796741,2.000000,-0.000463,0.014723,-0.798522,0.601965,0.129511,0.968439,-0.053611,0.141155,0.082493,1.000000,0.000000,0.000000,0.000000,0.000000,1.000000,0.000000,0.000000,0.027535,0.005361,0.600000,1.000000,0.026515,1.607540
89,10,0,-1.21688,-0.00211,0.14576,1,0,0.060959,0.043772,0.035000,0.045000,0.760000,0.160000,-0.604321,0.796741,2.000000,-0.030394,0.008476,0.968749,-0.248043,0.140366,1.085294,-0.046156,0.149916,0.063701,1.000000,0.000000,0.000000,0.000000,0.000000,1.000000,0.000000,0.000000,0.069941,0.037214,0.600000,1.000000,0.056797,1.605791
89,11,0,-0.48096,0.15552,0.02446,1,0,0.060959,0.043772,0.035000,0.045000,0.760000,0.160000,-0.604321,0.796741,2.000000,0.000710,-0.002464,0.602624,0.798025,0.112669,0.998002,-0.022168,0.117369,0.040044,1.000000,0.000000,0.000000,0.000000,0.000000,1.000000,0.000000,0.000000,0.044315,0.082128,0.281097,0.468495,0.004615,1.357980
90,0,1,0.84530,0.16506,0.03585,0,0,0.051719,0.042707,0.035000,0.045000,0.820000,0.160000,-0.316224,0.948684,0.000000,-0.023658,-0.004313,-0.235409,0.971896,0.119424,0.939645,0.025063,0.110248,0.083233,1.000000,0.000000,0.000000,0.000000,1.000000,0.000000,0.000000,0.000000,0.204115,0.328972,0.032543,0.000000,0.043287,0.689145
90,1,1,0.77317,0.16418,0.07048,0,0,0.051719,0.042707,0.035000,0.045000,0.820000,0.160000,-0.316224,0.948684,0.000000,0.005304,0.002447,0.857620,0.514283,0.118093,1.148082,-0.071814,0.105799,0.116208,1.000000,0.000000,0.000000,0.000000,1.000000,0.000000,0.000000,0.000000,0.206138,0.399598,0.026540,0.000000,0.010514,0.612145
90,2,1,0.71815,0.16522,0.09689,0,0,0.051719,0.042707,0.035000,0.045000,0.820000,0.160000,-0.316224,0.948684,0.000000,0.006723,-0.003490,-0.948235,-0.317569,0.079381,0.939207,0.094289,0.085560,0.072223,1.000000,0.000000,0.000000,0.000000,1.000000,0.000000,0.000000,0.000000,0.020655,0.024982,0.035041,0.000000,0.013636,0.100548
90,3,1,0.86919,0.15214,0.02439,0,0,0.051719,0.042707,0.035000,0.045000,0.820000,0.160000,-0.316224,0.948684,0.000000,0.007878,-0.008933,0.454034,0.890984,0.129027,1.003391,-0.035953,0.133437,0.033052,1.000000,0.000000,0.000000,0.000000,1.000000,0.000000,0.000000,0.000000,0.067196,0.097490,0.000010,0.000000,0.021440,0.282590
90,4,1,0.90147,0.16523,0.00890,0,0,0.051719,0.042707,0.035000,0.045000,0.820000,0.160000,-0.316224,0.948684,0.000000,-0.013123,0.015073,0.881666,-0.471874,0.154285,0.988014,-0.006379,0.133841,0.152754,1.000000,0.000000,0.000000,0.000000,1.000000,0.000000,0.000000,0.000000,0.266729,0.466145,0.049990,0.000000,0.035974,0.749772
90,5,1,0.77380,0.16371,0.07017,0,0,0.051719,0.042707,0.035000,0.045000,0.820000,0.160000,-0.316224,0.948684,0.000000,0.024114,0.022051,0.958233,0.285988,0.101680,1.078693,0.061843,0.088650,0.146979,1.000000,0.000000,0.000000,0.000000,1.000000,0.000000,0.000000,0.000000,0.282530,0.460143,0.036203,0.000000,0.058818,0.732879
90,6,1,0.89990,0.16559,0.00965,0,0,0.051719,0.042707,0.035000,0.045000,0.820000,0.160000,-0.316224,0.948684,0.000000,0.000614,0.004962,-0.985286,-0.170914,0.090473,1.168828,0.009668,0.099911,0.094465,1.000000,0.000000,0.000000,0.000000,1.000000,0.000000,0.000000,0.000000,0.022965,0.000967,0.040020,0.000000,0.013856,0.272463
90,7,1,0.77702,0.16434,0.06863,0,0,0.051719,0.042707,0.035000,0.045000,0.820000,0.160000,-0.316224,0.948684,0.000000,-0.003234,-0.001194,-0.794529,-0.607226,0.121490,1.132876,-0.068867,0.114381,0.062155,1.000000,0.000000,0.000000,0.000000,1.000000,0.000000,0.000000,0.000000,0.148015,0.291197,0.021620,0.000000,0.006204,0.443935
90,8,1,0.80019,0.16547,0.05751,0,0,0.051719,0.042707,0.035000,0.045000,0.820000,0.160000,-0.316224,0.948684,0.000000,-0.004463,-0.002053,0.412373,-0.911015,0.094309,1.038948,0.054029,0.111695,0.155658,1.000000,0.000000,0.000000,0.000000,1.000000,0.000000,0.000000,0.000000,0.084010,0.005403,0.039046,0.000000,0.008843,0.106375
90,9,1,0.76617,0.16531,0.07384,0,0,0.051719,0.042707,0.035000,0.045000,0.820000,0.160000,-0.316224,0.948684,0.000000,0.003983,-0.013501,-0.807098,0.590417,0.152381,1.037577,0.068831,0.133790,0.138952,1.000000,0.000000,0.000000,0.000000,1.000000,0.000000,0.000000,0.000000,0.242881,0.444787,0.049357,0.000000,0.025337,0.713811
90,10,1,0.84075,0.16306,0.03804,0,0,0.051719,0.042707,0.035000,0.045000,0.820000,0.160000,-0.316224,0.948684,0.000000,-0.006392,-0.000914,-0.957833,0.287327,0.146846,1.015600,-0.036391,0.129379,0.135009,1.000000,0.000000,0.000000,0.000000,1.000000,0.000000,0.000000,0.000000,0.225985,0.433657,0.049195,0.000000,0.011622,0.727961
90,11,1,0.77831,0.16546,0.06801,0,0,0.051719,0.042707,0.035000,0.045000,0.820000,0.160000,-0.316224,0.948684,0.000000,-0.006043,0.007111,0.992924,-0.118751,0.100923,1.056945,-0.068215,0.121381,0.168542,1.000000,0.000000,0.000000,0.000000,1.000000,0.000000,0.000000,0.000000,0.104407,0.006821,0.046933,0.000000,0.016798,0.143797
91,0,0,-0.87113,-0.00211,0.17626,0,0,0.090017,0.030432,0.035000,0.045000,0.780000,0.180000,-0.509934,0.860213,0.000000,-0.022529,-0.015235,-0.448295,0.893886,0.180000,0.966319,-0.018708,0.183863,0.021011,1.000000,0.000000,0.000000,0.000000,1.000000,0.000000,0.000000,0.000000,0.115753,0.119849,0.002518,0.000000,0.138955,0.257159
91,1,1,0.87148,0.16292,0.02329,0,0,0.090017,0.030432,0.035000,0.045000,0.780000,0.180000,-0.509934,0.860213,0.000000,-0.003222,-0.000356,0.929938,0.367717,0.085919,1.107508,-0.021789,0.088526,0.029453,1.000000,0.000000,0.000000,0.000000,1.000000,0.000000,0.000000,0.000000,0.204175,0.103273,0.049520,0.000000,0.005834,0.662353
91,2,1,0.87436,0.16495,0.02191,0,0,0.090017,0.030432,0.035000,0.045000,0.780000,0.180000,-0.509934,0.860213,0.000000,0.002054,-0.002091,-0.891122,-0.453763,0.071619,0.981096,0.020536,0.072275,0.009083,1.000000,0.000000,0.000000,0.000000,1.000000,0.000000,0.000000,0.000000,0.225592,0.143888,0.049951,0.000000,0.005276,0.808810
91,3,1,0.75297,0.16432,0.08017,0,0,0.090017,0.030432,0.035000,0.045000,0.780000,0.180000,-0.509934,0.860213,0.000000,-0.003043,0.014387,-0.568521,0.822669,0.160453,1.136818,0.088497,0.183832,0.127174,1.000000,0.000000,0.000000,0.000000,1.000000,0.000000,0.000000,0.000000,0.082603,0.008850,0.004468,0.000000,0.028508,0.093598
91,4,1,0.82827,0.16475,0.04403,0,0,0.090017,0.030432,0.035000,0.045000,0.780000,0.180000,-0.509934,0.860213,0.000000,-0.002138,0.001103,0.878845,0.477107,0.073683,1.136907,0.045102,0.067615,0.089753,1.000000,0.000000,0.000000,0.000000,1.000000,0.000000,0.000000,0.000000,0.323736,0.344016,0.049992,0.000000,0.004331,0.747382
91,5,0,-0.72769,-0.00211,0.06452,0,0,0.090017,0.030432,0.035000,0.045000,0.780000,0.180000,-0.509934,0.860213,0.000000,-0.011722,-0.005757,0.996625,0.082094,0.136232,0.991146,-0.000681,0.133509,0.020393,1.000000,0.000000,0.000000,0.000000,1.000000,0.000000,0.000000,0.000000,0.257470,0.200854,0.045385,0.000000,0.023507,0.647482
91,6,0,-0.71931,-0.00211,0.05894,0,0,0.090017,0.030432,0.035000,0.045000,0.780000,0.180000,-0.509934,0.860213,0.000000,-0.004257,-0.000317,-0.999779,0.021023,0.160715,1.028267,-0.084317,0.146733,0.095286,1.000000,0.000000,0.000000,0.000000,1.000000,0.000000,0.000000,0.000000,0.309939,0.359003,0.042981,0.000000,0.010901,0.809750
91,7,0,-0.74592,-0.00211,0.07246,0,0,0.090017,0.030432,0.035000,0.045000,0.780000,0.180000,-0.509934,0.860213,0.000000,0.002527,-0.011406,-0.995275,-0.097091,0.135253,1.025969,-0.070897,0.131458,0.028871,1.000000,0.000000,0.000000,0.000000,1.000000,0.000000,0.000000,0.000000,0.264580,0.224831,0.045695,0.000000,0.021029,0.681521
91,8,1,0.88930,0.16484,0.01473,0,0,0.090017,0.030432,0.035000,0.045000,0.780000,0.180000,-0.509934,0.860213,0.000000,-0.006131,0.004494,0.535502,-0.844534,0.180000,1.146285,-0.014328,0.181779,0.009788,1.000000,0.000000,0.000000,0.000000,1.000000,0.000000,0.000000,0.000000,0.087634,0.141857,0.002493,0.000000,0.103683,0.201199
91,9,1,0.85787,0.16448,0.02982,0,0,0.090017,0.030432,0.035000,0.045000,0.780000,0.180000,-0.509934,0.860213,0.000000,0.001634,-0.012107,-0.813809,-0.581132,0.063184,1.012143,-0.033856,0.075930,0.167868,1.000000,0.000000,0.000000,0.000000,1.000000,0.000000,0.000000,0.000000,0.258095,0.003386,0.049725,0.000000,0.021990,0.340242
91,10,0,-0.83424,-0.00211,0.11326,0,0,0.090017,0.030432,0.035000,0.045000,0.780000,0.180000,-0.509934,0.860213,0.000000,0.022083,0.027146,-0.965090,0.261917,0.172363,1.217897,0.034672,0.171563,0.004663,1.000000,0.000000,0.000000,0.000000,1.000000,0.000000,0.000000,0.000000,0.248646,0.172793,0.035537,0.000000,0.150465,0.508096
91,11,1,0.90387,0.16050,0.01057,0,0,0.090017,0.030432,0.035000,0.045000,0.780000,0.180000,-0.509934,0.860213,0.000000,-0.014448,0.004963,-0.703034,-0.711156,0.105939,1.204356,0.007812,0.104473,0.014037,1.000000,0.000000,0.000000,0.000000,1.000000,0.000000,0.000000,0.000000,0.265117,0.188856,0.048109,0.000000,0.051893,0.609185
92,0,0,-0.87782,0.00979,0.14311,0,0,0.051401,0.051302,0.038000,0.050000,0.340000,0.170000,0.291010,0.956720,0.000000,-0.015294,-0.022674,0.196652,0.980473,0.111218,0.934506,0.081299,0.100000,0.112176,0.000000,1.000000,0.000000,0.000000,1.000000,0.000000,0.000000,0.000000,0.238671,0.606370,0.033935,0.000000,0.049230,0.914041
92,1,1,0.85235,0.15738,0.03247,0,0,0.051401,0.051302,0.038000,0.050000,0.340000,0.170000,0.291010,0.956720,0.000000,0.003547,0.000254,0.978278,-0.207297,0.115285,1.184886,0.017220,0.100000,0.152853,0.000000,1.000000,0.000000,0.000000,1.000000,0.000000,0.000000,0.000000,0.238898,0.692299,0.036350,0.000000,0.021731,0.982777
92,2,0,-0.87732,0.00513,0.11871,0,0,0.051401,0.051302,0.038000,0.050000,0.340000,0.170000,0.291010,0.956720,0.000000,-0.003242,-0.001382,-0.995671,0.092944,0.087814,1.034065,0.071266,0.100000,0.121857,0.000000,1.000000,0.000000,0.000000,1.000000,0.000000,0.000000,0.000000,0.047849,0.169127,0.040071,0.000000,0.006344,0.290693
92,3,1,0.88426,0.16448,0.01716,0,0,0.051401,0.051302,0.038000,0.050000,0.340000,0.170000,0.291010,0.956720,0.000000,0.000219,-0.001431,-0.411425,0.911444,0.095297,0.954959,-0.001602,0.100000,0.047025,0.000000,1.000000,0.000000,0.000000,1.000000,0.000000,0.000000,0.000000,0.035437,0.237013,0.006186,0.000000,0.002607,0.448355
92,4,0,-0.74182,0.00958,0.05367,0,0,0.051401,0.051302,0.038000,0.050000,0.340000,0.170000,0.291010,0.956720,0.000000,0.011463,-0.001136,0.840782,0.541373,0.083391,1.101603,0.004510,0.100000,0.166094,0.000000,1.000000,0.000000,0.000000,1.000000,0.000000,0.000000,0.000000,0.105677,0.162451,0.049986,0.000000,0.020735,0.297226
92,5,0,-0.87965,0.00979,0.11983,0,0,0.051401,0.051302,0.038000,0.050000,0.340000,0.170000,0.291010,0.956720,0.000000,-0.019264,-0.004328,0.936356,0.351051,0.107135,1.066937,0.073374,0.100000,0.071352,0.000000,1.000000,0.000000,0.000000,1.000000,0.000000,0.000000,0.000000,0.184918,0.512907,0.049106,0.000000,0.035540,0.802959
92,6,1,0.71563,0.16666,0.09810,0,0,0.051401,0.051302,0.038000,0.050000,0.340000,0.170000,0.291010,0.956720,0.000000,-0.002566,-0.003620,-0.915313,-0.402743,0.091607,1.071246,-0.093776,0.100000,0.083930,0.000000,1.000000,0.000000,0.000000,1.000000,0.000000,0.000000,0.000000,0.011472,0.171378,0.049555,0.000000,0.007986,0.396697
92,7,0,-0.88000,0.00298,0.15052,0,0,0.051401,0.051302,0.038000,0.050000,0.340000,0.170000,0.291010,0.956720,0.000000,0.000972,0.012413,-0.939337,-0.342995,0.086361,1.054329,0.116504,0.100000,0.136388,0.000000,1.000000,0.000000,0.000000,1.000000,0.000000,0.000000,0.000000,0.077555,0.173650,0.049024,0.000000,0.022412,0.305344
92,8,1,0.85991,0.16760,0.02884,0,0,0.051401,0.051302,0.038000,0.050000,0.340000,0.170000,0.291010,0.956720,0.000000,-0.002801,-0.007416,0.940384,0.340115,0.108350,0.975326,0.029042,0.100000,0.083496,0.000000,1.000000,0.000000,0.000000,1.000000,0.000000,0.000000,0.000000,0.176973,0.536040,0.048993,0.000000,0.014270,0.819995
92,9,0,-0.83484,0.00480,0.09832,0,0,0.051401,0.051302,0.038000,0.050000,0.340000,0.170000,0.291010,0.956720,0.000000,0.005360,-0.005184,-0.649657,-0.760228,0.088262,0.939913,0.045176,0.100000,0.117377,0.000000,1.000000,0.000000,0.000000,1.000000,0.000000,0.000000,0.000000,0.050054,0.166518,0.047530,0.000000,0.013422,0.309707
92,10,1,0.80588,0.15490,0.05478,0,0,0.051401,0.051302,0.038000,0.050000,0.340000,0.170000,0.291010,0.956720,0.000000,-0.017327,0.000091,-0.147753,0.989024,0.104715,1.027675,0.019815,0.100000,0.047154,0.000000,1.000000,0.000000,0.000000,1.000000,0.000000,0.000000,0.000000,0.156609,0.452621,0.019460,0.000000,0.031188,0.709798
92,11,1,0.82708,0.11794,0.04460,0,0,0.051401,0.051302,0.038000,0.050000,0.340000,0.170000,0.291010,0.956720,0.000000,0.005291,0.000324,-0.843028,0.537870,0.110263,0.820471,0.050344,0.100000,0.102630,0.000000,1.000000,0.000000,0.000000,1.000000,0.000000,0.000000,0.000000,0.191641,0.581605,0.021966,0.000000,0.009541,0.843425
93,0,0,-0.30011,0.16306,0.10565,0,0,0.107313,0.022481,0.032000,0.045000,0.720000,0.160000,-0.128855,0.991663,0.000000,-0.000475,0.001605,-0.174549,0.984648,0.180000,1.040675,-0.104220,0.216474,0.168491,0.000000,0.000000,1.000000,0.000000,0.000000,0.000000,1.000000,0.000000,0.098268,0.010422,0.334225,0.000000,0.093012,0.336165
93,1,1,0.88091,0.16310,0.01876,0,0,0.107313,0.022481,0.032000,0.045000,0.720000,0.160000,-0.128855,0.991663,0.000000,0.003667,0.004442,0.988873,0.148765,0.052685,1.172639,0.018096,0.049268,0.069345,0.000000,0.000000,1.000000,0.000000,0.000000,0.000000,1.000000,0.000000,0.309107,0.300499,0.000000,0.000000,0.017320,0.387291
93,2,1,0.77440,0.16249,0.06989,0,0,0.107313,0.022481,0.032000,0.045000,0.720000,0.160000,-0.128855,0.991663,0.000000,0.009771,-0.002656,-0.995250,-0.097357,0.053154,0.832115,-0.070174,0.051743,0.027262,0.000000,0.000000,1.000000,0.000000,0.000000,0.000000,1.000000,0.000000,0.274400,0.221542,0.000000,0.000000,0.018226,0.519000
93,3,0,-0.86452,-0.00211,0.11854,0,0,0.107313,0.022481,0.032000,0.045000,0.720000,0.160000,-0.128855,0.991663,0.000000,-0.001136,-0.014291,0.024392,0.999702,0.180000,0.839278,-0.092411,0.218978,0.177998,0.000000,0.000000,1.000000,0.000000,0.000000,0.000000,1.000000,0.000000,0.145320,0.009241,0.374608,0.000000,0.115805,0.381300
93,4,1,0.75125,0.16147,0.08100,0,0,0.107313,0.022481,0.032000,0.045000,0.720000,0.160000,-0.128855,0.991663,0.000000,0.004783,-0.006455,0.999421,-0.034016,0.069622,0.944492,0.080975,0.079245,0.121429,0.000000,0.000000,1.000000,0.000000,0.000000,0.000000,1.000000,0.000000,0.203092,0.008097,0.000000,0.000000,0.014460,0.520708
93,5,0,-0.81494,-0.00211,0.10240,0,0,0.107313,0.022481,0.032000,0.045000,0.720000,0.160000,-0.128855,0.991663,0.000000,0.003033,0.036088,0.983322,-0.181871,0.092550,0.850923,0.101829,0.108694,0.148530,0.000000,0.000000,1.000000,0.000000,0.000000,0.000000,1.000000,0.000000,0.272849,0.010183,0.000000,0.000000,0.065187,0.339597
93,6,1,0.82618,0.15439,0.05418,0,0,0.107313,0.022481,0.032000,0.045000,0.720000,0.160000,-0.128855,0.991663,0.000000,0.002010,0.006239,-0.996355,0.085308,0.087689,1.124965,0.054189,0.089643,0.021794,0.000000,0.000000,1.000000,0.000000,0.000000,0.000000,1.000000,0.000000,0.215908,0.121832,0.000000,0.000000,0.011799,0.697435
93,7,0,-0.78912,-0.00211,0.09181,0,0,0.107313,0.022481,0.032000,0.045000,0.720000,0.160000,-0.128855,0.991663,0.000000,-0.006909,0.013400,0.337719,0.941247,0.180000,0.961194,0.063611,0.211503,0.148948,0.000000,0.000000,1.000000,0.000000,0.000000,0.000000,1.000000,0.000000,0.163006,0.006361,0.356719,0.000000,0.117137,0.384492
93,8,0,-0.88000,-0.00211,0.17150,0,0,0.107313,0.022481,0.032000,0.045000,0.720000,0.160000,-0.128855,0.991663,0.000000,-0.001840,-0.005889,-0.348488,0.937313,0.180000,1.081435,0.117238,0.219240,0.178980,0.000000,0.000000,1.000000,0.000000,0.000000,0.000000,1.000000,0.000000,0.143189,0.011724,0.265025,0.000000,0.101105,0.314163
93,9,0,-0.73620,-0.00211,0.06784,0,0,0.107313,0.022481,0.032000,0.045000,0.720000,0.160000,-0.128855,0.991663,0.000000,-0.007321,-0.009167,0.642303,0.766451,0.180000,1.001451,-0.053739,0.178445,0.008717,0.000000,0.000000,1.000000,0.000000,0.000000,0.000000,1.000000,0.000000,0.219017,0.182807,0.222328,0.000000,0.111117,0.542266
93,10,0,-0.80859,-0.00211,0.10048,0,0,0.107313,0.022481,0.032000,0.045000,0.720000,0.160000,-0.128855,0.991663,0.000000,-0.002602,-0.011730,0.419936,0.907553,0.180000,1.145441,-0.104395,0.205529,0.124210,0.000000,0.000000,1.000000,0.000000,0.000000,0.000000,1.000000,0.000000,0.144643,0.010439,0.333822,0.000000,0.111628,0.371224
93,11,0,-0.32571,0.15937,0.11848,0,0,0.107313,0.022481,0.032000,0.045000,0.720000,0.160000,-0.128855,0.991663,0.000000,0.003668,0.016798,0.922626,0.385696,0.083897,1.206119,0.119908,0.099947,0.160586,0.000000,0.000000,1.000000,0.000000,0.000000,0.000000,1.000000,0.000000,0.254512,0.011991,0.000000,0.000000,0.056315,0.282211
94,0,0,-0.50778,0.16519,0.03734,1,0,0.054462,0.041230,0.035000,0.045000,0.760000,0.160000,0.213206,0.977007,2.000000,-0.022739,0.004524,0.234576,0.972098,0.095737,0.843861,0.045252,0.110706,0.135216,1.000000,0.000000,0.000000,0.000000,0.000000,1.000000,0.000000,0.000000,0.094630,0.004525,0.000000,0.000000,0.041732,0.463069
94,1,0,-0.52183,0.16810,0.04408,1,0,0.054462,0.041230,0.035000,0.045000,0.760000,0.160000,0.213206,0.977007,2.000000,0.002906,0.021177,0.970816,-0.239826,0.092395,1.100485,-0.041069,0.085405,0.081841,1.000000,0.000000,0.000000,0.000000,0.000000,1.000000,0.000000,0.000000,0.198179,0.327789,0.600000,1.000000,0.038475,2.004850
94,2,0,-1.17236,0.00197,0.09233,1,0,0.054462,0.041230,0.035000,0.045000,0.760000,0.160000,0.213206,0.977007,2.000000,0.008781,-0.010272,-0.987505,0.157589,0.093966,0.870916,-0.077968,0.088490,0.061890,1.000000,0.000000,0.000000,0.000000,0.000000,1.000000,0.000000,0.000000,0.164863,0.291576,0.600000,1.000000,0.024324,1.910607
94,3,0,-0.52843,0.15877,0.04725,1,0,0.054462,0.041230,0.035000,0.045000,0.760000,0.160000,0.213206,0.977007,2.000000,-0.004067,0.005112,0.498178,0.867075,0.137536,1.026510,-0.054865,0.128734,0.068370,1.000000,0.000000,0.000000,0.000000,0.000000,1.000000,0.000000,0.000000,0.159475,0.302226,0.319811,0.533019,0.011758,1.274460
94,4,0,-1.12523,-0.00211,0.07336,1,0,0.054462,0.041230,0.035000,0.045000,0.760000,0.160000,0.213206,0.977007,2.000000,0.001551,-0.002344,0.908290,-0.418340,0.087176,1.047571,0.017198,0.103956,0.161418,1.000000,0.000000,0.000000,0.000000,0.000000,1.000000,0.000000,0.000000,0.086196,0.001720,0.600000,1.000000,0.005059,1.586828
94,5,0,-0.64087,0.16555,0.10122,1,0,0.054462,0.041230,0.035000,0.045000,0.760000,0.160000,0.213206,0.977007,2.000000,-0.026841,0.022725,0.979059,-0.203575,0.070411,0.896595,0.092992,0.083528,0.157039,1.000000,0.000000,0.000000,0.000000,0.000000,1.000000,0.000000,0.000000,0.136826,0.009299,0.573127,0.955212,0.063304,1.634840
94,6,0,-1.15502,-0.00162,0.08401,1,0,0.054462,0.041230,0.035000,0.045000,0.760000,0.160000,0.213206,0.977007,2.000000,0.004192,-0.001084,-0.908848,0.417127,0.100896,0.988577,-0.087282,0.103837,0.028324,1.000000,0.000000,0.000000,0.000000,0.000000,1.000000,0.000000,0.000000,0.059037,0.112080,0.600000,1.000000,0.007794,1.901500
94,7,0,-1.08862,-0.00211,0.06786,1,0,0.054462,0.041230,0.035000,0.045000,0.760000,0.160000,0.213206,0.977007,2.000000,-0.006958,-0.000095,-0.935328,0.353781,0.107481,0.961153,0.085351,0.097501,0.102357,1.000000,0.000000,0.000000,0.000000,0.000000,1.000000,0.000000,0.000000,0.194187,0.373248,0.600000,1.000000,0.012526,2.228346
94,8,0,-0.46298,0.16238,0.01583,1,0,0.054462,0.041230,0.035000,0.045000,0.760000,0.160000,0.213206,0.977007,2.000000,0.000645,-0.010948,-0.354807,-0.934939,0.100904,1.071666,-0.031786,0.119883,0.158315,1.000000,0.000000,0.000000,0.000000,0.000000,1.000000,0.000000,0.000000,0.096958,0.003179,0.119697,0.199494,0.019740,0.677500
94,9,0,-0.52280,0.09670,0.04454,1,0,0.054462,0.041230,0.035000,0.045000,0.760000,0.160000,0.213206,0.977007,2.000000,-0.000991,0.016880,-0.388688,0.921369,0.138266,1.083666,0.002783,0.136538,0.012660,1.000000,0.000000,0.000000,0.000000,0.000000,1.000000,0.000000,0.000000,0.121406,0.185599,0.270791,0.451318,0.030436,1.407725
94,10,0,-1.10509,0.00472,0.06276,1,0,0.054462,0.041230,0.035000,0.045000,0.760000,0.160000,0.213206,0.977007,2.000000,-0.032599,0.009609,0.991338,0.131333,0.106009,0.839450,0.040235,0.114555,0.074602,1.000000,0.000000,0.000000,0.000000,0.000000,1.000000,0.000000,0.000000,0.063174,0.014820,0.555692,0.926154,0.061174,1.653644
94,11,0,-0.47795,0.15311,0.02302,1,0,0.054462,0.041230,0.035000,0.045000,0.760000,0.160000,0.213206,0.977007,2.000000,0.000382,-0.007053,-0.447414,0.894327,0.157734,0.966259,-0.030479,0.136552,0.155125,1.000000,0.000000,0.000000,0.000000,0.000000,1.000000,0.000000,0.000000,0.247132,0.473297,0.406414,0.677357,0.012714,1.910757
95,0,0,-0.80978,-0.00211,0.10208,0,0,0.056837,0.040316,0.035000,0.045000,0.820000,0.160000,0.520690,0.853746,0.000000,0.004991,0.049718,0.339856,0.940478,0.125554,0.833739,0.116422,0.127477,0.015087,1.000000,0.000000,0.000000,0.000000,1.000000,0.000000,0.000000,0.000000,0.149859,0.141469,0.025282,0.000000,0.089943,0.329127
95,1,1,0.87759,0.16555,0.02036,0,0,0.056837,0.040316,0.035000,0.045000,0.820000,0.160000,0.520690,0.853746,0.000000,-0.002664,0.003326,0.892841,-0.450373,0.081239,0.920601,0.019916,0.089510,0.092401,1.000000,0.000000,0.000000,0.000000,1.000000,0.000000,0.000000,0.000000,0.019645,0.001992,0.039788,0.000000,0.007670,0.216517
95,2,1,0.76810,0.16524,0.07291,0,0,0.056837,0.040316,0.035000,0.045000,0.820000,0.160000,0.520690,0.853746,0.000000,0.007701,0.003690,-0.865399,0.501084,0.079890,1.050631,0.076719,0.083204,0.039828,1.000000,0.000000,0.000000,0.000000,1.000000,0.000000,0.000000,0.000000,0.054688,0.088015,0.037976,0.000000,0.015371,0.132310
95,3,1,0.74713,0.16542,0.08298,0,0,0.056837,0.040316,0.035000,0.045000,0.820000,0.160000,0.520690,0.853746,0.000000,-0.009347,0.002216,-0.124690,0.992196,0.141362,0.955477,0.085539,0.139151,0.015889,1.000000,0.000000,0.000000,0.000000,1.000000,0.000000,0.000000,0.000000,0.112221,0.200333,0.002916,0.000000,0.017292,0.400862
95,4,1,0.72898,0.16549,0.09169,0,0,0.056837,0.040316,0.035000,0.045000,0.820000,0.160000,0.520690,0.853746,0.000000,0.001098,-0.005216,0.994112,0.108353,0.123585,0.876252,0.091909,0.133241,0.072472,1.000000,0.000000,0.000000,0.000000,1.000000,0.000000,0.000000,0.000000,0.016590,0.024246,0.049860,0.000000,0.009595,0.197906
95,5,1,0.72278,0.16291,0.09466,0,0,0.056837,0.040316,0.035000,0.045000,0.820000,0.160000,0.520690,0.853746,0.000000,0.016122,-0.014987,0.999361,-0.035735,0.113890,1.123786,0.095002,0.125979,0.095959,1.000000,0.000000,0.000000,0.000000,1.000000,0.000000,0.000000,0.000000,0.053381,0.009500,0.048805,0.000000,0.039622,0.150265
95,6,1,0.84431,0.16542,0.03633,0,0,0.056837,0.040316,0.035000,0.045000,0.820000,0.160000,0.520690,0.853746,0.000000,0.005605,0.001593,-0.962068,0.272811,0.098080,1.006856,-0.034080,0.108150,0.093113,1.000000,0.000000,0.000000,0.000000,1.000000,0.000000,0.000000,0.000000,0.023020,0.003408,0.044810,0.000000,0.010489,0.164399
95,7,1,0.74637,0.16447,0.08334,0,0,0.056837,0.040316,0.035000,0.045000,0.820000,0.160000,0.520690,0.853746,0.000000,0.011573,0.011825,-0.953502,0.301386,0.106429,1.180482,0.087184,0.105480,0.009002,1.000000,0.000000,0.000000,0.000000,1.000000,0.000000,0.000000,0.000000,0.117130,0.186722,0.044128,0.000000,0.041048,0.421604
95,8,1,0.80497,0.16526,0.05521,0,0,0.056837,0.040316,0.035000,0.045000,0.820000,0.160000,0.520690,0.853746,0.000000,-0.010723,0.003663,0.392019,0.919957,0.104794,1.108428,0.062323,0.124121,0.155712,1.000000,0.000000,0.000000,0.000000,1.000000,0.000000,0.000000,0.000000,0.094974,0.006232,0.027660,0.000000,0.020396,0.104663
95,9,1,0.77780,0.16557,0.06825,0,0,0.056837,0.040316,0.035000,0.045000,0.820000,0.160000,0.520690,0.853746,0.000000,-0.002678,-0.000910,-0.797658,-0.603110,0.125629,1.030011,0.069455,0.135332,0.071696,1.000000,0.000000,0.000000,0.000000,1.000000,0.000000,0.000000,0.000000,0.013113,0.023554,0.044713,0.000000,0.005092,0.255245
95,10,1,0.89850,0.16276,0.01259,0,0,0.056837,0.040316,0.035000,0.045000,0.820000,0.160000,0.520690,0.853746,0.000000,-0.000254,0.014165,-0.980172,0.198150,0.131703,1.019198,-0.012050,0.114579,0.149450,1.000000,0.000000,0.000000,0.000000,1.000000,0.000000,0.000000,0.000000,0.253534,0.460105,0.046380,0.000000,0.025500,0.674004
95,11,0,-0.32719,0.16429,0.11865,0,0,0.056837,0.040316,0.035000,0.045000,0.820000,0.160000,0.520690,0.853746,0.000000,-0.004771,0.005622,-0.280124,0.959964,0.141613,0.876052,-0.113856,0.136170,0.039972,1.000000,0.000000,0.000000,0.000000,1.000000,0.000000,0.000000,0.000000,0.132507,0.251330,0.005019,0.000000,0.013273,0.475756
